study_accession	field	fold	none_found	chosen_pmcid	fulltext_source	is_full_text	paper_resolved	paper_url	paper_title	manual_pdf_present	manual_pdf_readable	supp_present	gate_status	n_blank	per_sample_method	zero_reason	n_whole_field	n_per_sample	n_escalation	remaining_est	escalation_status	resolution_state	recoverability	tag	disposition	disposition_reason
PRJDB10842	country	train,val	False	PMC10698200	europepmc_fulltext	True	True	https://doi.org/10.1038/s41467-023-43516-4	National genomic surveillance integrating standardized quant	False	False	False	not_gated	0			0	0	0	0	none	FILLED	not_gated	train	FILLED	already closed
PRJDB10842	collection_date	train,val	False	PMC10698200	europepmc_fulltext	True	True	https://doi.org/10.1038/s41467-023-43516-4	National genomic surveillance integrating standardized quant	False	False	False	not_gated	0			0	0	0	0	none	FILLED	not_gated	train	FILLED	already closed
PRJDB10842	isolation_source	train,val	False	PMC10698200	europepmc_fulltext	True	True	https://doi.org/10.1038/s41467-023-43516-4	National genomic surveillance integrating standardized quant	False	False	False	not_gated	0			0	0	0	0	none	FILLED	not_gated	train	FILLED	already closed
PRJDB10842	host	train,val	False	PMC10698200	europepmc_fulltext	True	True	https://doi.org/10.1038/s41467-023-43516-4	National genomic surveillance integrating standardized quant	False	False	False	not_gated	0			0	0	0	0	none	FILLED	not_gated	train	FILLED	already closed
PRJDB12075	country	train,val	False	PMC9465067	europepmc_fulltext	True	True	https://doi.org/10.1099/mgen.0.000827	Genomic epidemiology and temperature dependency of hypermuco	False	False	False	not_gated	0	abstained		0	0	0	0	none	FILLED	not_gated	train	FILLED	already closed
PRJDB12075	collection_date	train,val	False	PMC9465067	europepmc_fulltext	True	True	https://doi.org/10.1099/mgen.0.000827	Genomic epidemiology and temperature dependency of hypermuco	False	False	False	not_gated	0	abstained		0	0	0	0	none	FILLED	not_gated	train	FILLED	already closed
PRJDB12075	isolation_source	train,val	False	PMC9465067	europepmc_fulltext	True	True	https://doi.org/10.1099/mgen.0.000827	Genomic epidemiology and temperature dependency of hypermuco	False	False	False	residual_per_sample	184	abstained		0	0	184	0	applied	FILLED	per_sample_or_escalation	train	FILLED	already closed
PRJDB12075	host	train,val	False	PMC9465067	europepmc_fulltext	True	True	https://doi.org/10.1099/mgen.0.000827	Genomic epidemiology and temperature dependency of hypermuco	False	False	False	not_gated	0	abstained		0	0	0	0	none	FILLED	not_gated	train	FILLED	already closed
PRJDB12116	country	train,val	False	PMC11571079	europepmc_fulltext	True	True	https://doi.org/10.1099/mgen.0.001295	Evaluation of <i>Klebsiella pneumoniae</i> pathogenicity thr	False	False	False	not_gated	0	direct		0	0	0	0	none	FILLED	not_gated	train	FILLED	already closed
PRJDB12116	collection_date	train,val	False	PMC11571079	europepmc_fulltext	True	True	https://doi.org/10.1099/mgen.0.001295	Evaluation of <i>Klebsiella pneumoniae</i> pathogenicity thr	False	False	False	not_gated	0	direct		0	0	0	0	none	FILLED	not_gated	train	FILLED	already closed
PRJDB12116	isolation_source	train,val	False	PMC11571079	europepmc_fulltext	True	True	https://doi.org/10.1099/mgen.0.001295	Evaluation of <i>Klebsiella pneumoniae</i> pathogenicity thr	False	False	False	covered	154	direct		0	50	0	104	generated	FILLED	whole_field	train	FILLED	already closed
PRJDB12116	host	train,val	False	PMC11571079	europepmc_fulltext	True	True	https://doi.org/10.1099/mgen.0.001295	Evaluation of <i>Klebsiella pneumoniae</i> pathogenicity thr	False	False	False	not_gated	0	direct		0	0	0	0	none	FILLED	not_gated	train	FILLED	already closed
PRJDB14656	country	train,val	False	PMC11571079	europepmc_fulltext	True	True	https://doi.org/10.1099/mgen.0.001295	Evaluation of <i>Klebsiella pneumoniae</i> pathogenicity thr	False	False	False	not_gated	0			0	0	0	0	none	FILLED	not_gated	train	FILLED	already closed
PRJDB14656	collection_date	train,val	False	PMC11571079	europepmc_fulltext	True	True	https://doi.org/10.1099/mgen.0.001295	Evaluation of <i>Klebsiella pneumoniae</i> pathogenicity thr	False	False	False	not_gated	0			0	0	0	0	none	FILLED	not_gated	train	FILLED	already closed
PRJDB14656	isolation_source	train,val	False	PMC11571079	europepmc_fulltext	True	True	https://doi.org/10.1099/mgen.0.001295	Evaluation of <i>Klebsiella pneumoniae</i> pathogenicity thr	False	False	False	not_gated	0			0	0	0	0	none	FILLED	not_gated	train	FILLED	already closed
PRJDB14656	host	train,val	False	PMC11571079	europepmc_fulltext	True	True	https://doi.org/10.1099/mgen.0.001295	Evaluation of <i>Klebsiella pneumoniae</i> pathogenicity thr	False	False	False	not_gated	0			0	0	0	0	none	FILLED	not_gated	train	FILLED	already closed
PRJDB17849	country	train,val	False	PMC11571079	europepmc_fulltext	True	True	https://doi.org/10.1099/mgen.0.001295	Evaluation of <i>Klebsiella pneumoniae</i> pathogenicity thr	False	False	False	not_gated	0			0	0	0	0	none	FILLED	not_gated	train	FILLED	already closed
PRJDB17849	collection_date	train,val	False	PMC11571079	europepmc_fulltext	True	True	https://doi.org/10.1099/mgen.0.001295	Evaluation of <i>Klebsiella pneumoniae</i> pathogenicity thr	False	False	False	not_gated	0			0	0	0	0	none	FILLED	not_gated	train	FILLED	already closed
PRJDB17849	isolation_source	train,val	False	PMC11571079	europepmc_fulltext	True	True	https://doi.org/10.1099/mgen.0.001295	Evaluation of <i>Klebsiella pneumoniae</i> pathogenicity thr	False	False	False	not_gated	0			0	0	0	0	none	FILLED	not_gated	train	FILLED	already closed
PRJDB17849	host	train,val	False	PMC11571079	europepmc_fulltext	True	True	https://doi.org/10.1099/mgen.0.001295	Evaluation of <i>Klebsiella pneumoniae</i> pathogenicity thr	False	False	False	not_gated	0			0	0	0	0	none	FILLED	not_gated	train	FILLED	already closed
PRJDB5929	country	train,val	True		europepmc_fulltext	True	True			False	False	True	not_gated	0	abstained		0	0	0	0	none	FILLED	not_gated	train	FILLED	already closed
PRJDB5929	collection_date	train,val	True		europepmc_fulltext	True	True			False	False	True	not_gated	0	abstained		0	0	0	0	none	FILLED	not_gated	train	FILLED	already closed
PRJDB5929	isolation_source	train,val	True		europepmc_fulltext	True	True			False	False	True	residual_per_sample	631	abstained		0	0	0	631	generated	BLOCKED	needs_linkage	train	ACCEPTED	table has no ENA-mappable key (unanchored) or no per-isolate table exists
PRJDB5929	host	train,val	True		europepmc_fulltext	True	True			False	False	True	not_gated	0	abstained		0	0	0	0	none	FILLED	not_gated	train	FILLED	already closed
PRJEB12699	country	train,val	True		none	False	False			False	False	False	covered	141	NO_PMCID		141	0	0	141	none	FILLED	whole_field	train	FILLED	already closed
PRJEB12699	collection_date	train,val	True		none	False	False			False	False	False	residual_per_sample	141	NO_PMCID		0	0	141	0	applied	FILLED	per_sample_or_escalation	train	FILLED	already closed
PRJEB12699	isolation_source	train,val	True		none	False	False			False	False	False	residual_per_sample	141	NO_PMCID	NO_PMCID	0	0	0	141	generated	EXHAUSTED	no_paper_findable	train	EXHAUSTED	already closed
PRJEB12699	host	train,val	True		none	False	False			False	False	False	covered	141	NO_PMCID		141	0	0	141	none	FILLED	whole_field	train	FILLED	already closed
PRJEB15226	country	train,val	False	PMC5121380	europepmc_fulltext	True	True	https://doi.org/10.1128/jcm.01648-16	Whole-Genome Multilocus Sequence Typing of Extended-Spectrum	False	False	False	not_gated	0	abstained		0	0	0	0	none	FILLED	not_gated	train	FILLED	already closed
PRJEB15226	collection_date	train,val	False	PMC5121380	europepmc_fulltext	True	True	https://doi.org/10.1128/jcm.01648-16	Whole-Genome Multilocus Sequence Typing of Extended-Spectrum	False	False	False	residual_per_sample	288	abstained	no_supp	0	0	0	288	generated	ACTIONABLE	fetch_supp_table	train	ACCEPTED	requested supplement not in folder — unavailable (all fetchable fetched)
PRJEB15226	isolation_source	train,val	False	PMC5121380	europepmc_fulltext	True	True	https://doi.org/10.1128/jcm.01648-16	Whole-Genome Multilocus Sequence Typing of Extended-Spectrum	False	False	False	residual_per_sample	288	abstained	no_supp	0	0	0	288	generated	ACTIONABLE	fetch_supp_table	train	ACCEPTED	requested supplement not in folder — unavailable (all fetchable fetched)
PRJEB15226	host	train,val	False	PMC5121380	europepmc_fulltext	True	True	https://doi.org/10.1128/jcm.01648-16	Whole-Genome Multilocus Sequence Typing of Extended-Spectrum	False	False	False	not_gated	0	abstained		0	0	0	0	none	FILLED	not_gated	train	FILLED	already closed
PRJEB1563	country	train,val	False	PMC5615107	local_pdf	True	True	https://doi.org/10.1016/j.ijmm.2017.07.006	Molecular epidemiology of Klebsiella pneumoniae invasive inf	True	True	False	covered	198	abstained		198	0	0	198	none	FILLED	whole_field	train	FILLED	already closed
PRJEB1563	collection_date	train,val	False	PMC5615107	local_pdf	True	True	https://doi.org/10.1016/j.ijmm.2017.07.006	Molecular epidemiology of Klebsiella pneumoniae invasive inf	True	True	False	residual_per_sample	198	abstained		0	0	0	198	generated	BLOCKED	needs_linkage	train	ACCEPTED	table has no ENA-mappable key (unanchored) or no per-isolate table exists
PRJEB1563	isolation_source	train,val	False	PMC5615107	local_pdf	True	True	https://doi.org/10.1016/j.ijmm.2017.07.006	Molecular epidemiology of Klebsiella pneumoniae invasive inf	True	True	False	residual_per_sample	198	abstained		0	0	198	0	applied	FILLED	per_sample_or_escalation	train	FILLED	already closed
PRJEB1563	host	train,val	False	PMC5615107	local_pdf	True	True	https://doi.org/10.1016/j.ijmm.2017.07.006	Molecular epidemiology of Klebsiella pneumoniae invasive inf	True	True	False	covered	198	abstained		198	0	0	198	none	FILLED	whole_field	train	FILLED	already closed
PRJEB17615	country	train,val	False	PMC7264328	europepmc_fulltext	True	True	https://doi.org/10.1038/s41467-020-16322-5	Integrating whole-genome sequencing within the National Anti	False	False	False	covered	342	abstained		342	0	0	342	none	FILLED	whole_field	train	FILLED	already closed
PRJEB17615	collection_date	train,val	False	PMC7264328	europepmc_fulltext	True	True	https://doi.org/10.1038/s41467-020-16322-5	Integrating whole-genome sequencing within the National Anti	False	False	False	residual_per_sample	342	abstained	no_supp	0	0	0	342	generated	ACTIONABLE	fetch_supp_table	train	ACCEPTED	requested supplement not in folder — unavailable (all fetchable fetched)
PRJEB17615	isolation_source	train,val	False	PMC7264328	europepmc_fulltext	True	True	https://doi.org/10.1038/s41467-020-16322-5	Integrating whole-genome sequencing within the National Anti	False	False	False	residual_per_sample	342	abstained		0	0	342	0	applied	FILLED	per_sample_or_escalation	train	FILLED	already closed
PRJEB17615	host	train,val	False	PMC7264328	europepmc_fulltext	True	True	https://doi.org/10.1038/s41467-020-16322-5	Integrating whole-genome sequencing within the National Anti	False	False	False	covered	342	abstained		342	0	0	342	none	FILLED	whole_field	train	FILLED	already closed
PRJEB1800	country	train,val	False	PMC4364942	europepmc_fulltext	True	True	https://doi.org/10.15252/emmm.201404767	A high-resolution genomic analysis of multidrug-resistant ho	False	False	False	covered	31	abstained		31	0	0	31	none	FILLED	whole_field	train	FILLED	already closed
PRJEB1800	collection_date	train,val	False	PMC4364942	europepmc_fulltext	True	True	https://doi.org/10.15252/emmm.201404767	A high-resolution genomic analysis of multidrug-resistant ho	False	False	False	covered	31	abstained		31	0	0	31	none	FILLED	whole_field	train	FILLED	already closed
PRJEB1800	isolation_source	train,val	False	PMC4364942	europepmc_fulltext	True	True	https://doi.org/10.15252/emmm.201404767	A high-resolution genomic analysis of multidrug-resistant ho	False	False	False	residual_per_sample	31	abstained	no_supp	0	0	0	31	none	EXHAUSTED	no_supp	train	EXHAUSTED	already closed
PRJEB1800	host	train,val	False	PMC4364942	europepmc_fulltext	True	True	https://doi.org/10.15252/emmm.201404767	A high-resolution genomic analysis of multidrug-resistant ho	False	False	False	covered	31	abstained		31	0	0	31	none	FILLED	whole_field	train	FILLED	already closed
PRJEB19229	country	train,val	False	PMC10132065	europepmc_fulltext	True	True	https://doi.org/10.1099/mgen.0.000924	Dissemination of carbapenemase-producing <i>Enterobacterales	False	False	False	not_gated	0			0	0	0	0	none	FILLED	not_gated	train	FILLED	already closed
PRJEB19229	collection_date	train,val	False	PMC10132065	europepmc_fulltext	True	True	https://doi.org/10.1099/mgen.0.000924	Dissemination of carbapenemase-producing <i>Enterobacterales	False	False	False	not_gated	0			0	0	0	0	none	FILLED	not_gated	train	FILLED	already closed
PRJEB19229	isolation_source	train,val	False	PMC10132065	europepmc_fulltext	True	True	https://doi.org/10.1099/mgen.0.000924	Dissemination of carbapenemase-producing <i>Enterobacterales	False	False	False	not_gated	0			0	0	0	0	none	FILLED	not_gated	train	FILLED	already closed
PRJEB19229	host	train,val	False	PMC10132065	europepmc_fulltext	True	True	https://doi.org/10.1099/mgen.0.000924	Dissemination of carbapenemase-producing <i>Enterobacterales	False	False	False	not_gated	0			0	0	0	0	none	FILLED	not_gated	train	FILLED	already closed
PRJEB19322	country	train,val	False	PMC8743538	local_pdf	True	True	https://doi.org/10.1099/mgen.0.000703	Genomic investigation of a suspected &lt;i&gt;Klebsiella pne	True	True	False	covered	91	abstained		91	0	0	91	none	FILLED	whole_field	train	FILLED	already closed
PRJEB19322	collection_date	train,val	False	PMC8743538	local_pdf	True	True	https://doi.org/10.1099/mgen.0.000703	Genomic investigation of a suspected &lt;i&gt;Klebsiella pne	True	True	False	residual_per_sample	91	abstained	no_supp	0	0	0	91	generated	EXHAUSTED	paper_has_no_table	train	EXHAUSTED	already closed
PRJEB19322	isolation_source	train,val	False	PMC8743538	local_pdf	True	True	https://doi.org/10.1099/mgen.0.000703	Genomic investigation of a suspected &lt;i&gt;Klebsiella pne	True	True	False	residual_per_sample	91	abstained		0	0	91	0	applied	FILLED	per_sample_or_escalation	train	FILLED	already closed
PRJEB19322	host	train,val	False	PMC8743538	local_pdf	True	True	https://doi.org/10.1099/mgen.0.000703	Genomic investigation of a suspected &lt;i&gt;Klebsiella pne	True	True	False	covered	91	abstained		91	0	0	91	none	FILLED	whole_field	train	FILLED	already closed
PRJEB19435	country	train,val	False	PMC10132065	europepmc_fulltext	True	True	https://doi.org/10.1099/mgen.0.000924	Dissemination of carbapenemase-producing <i>Enterobacterales	False	False	False	not_gated	0			0	0	0	0	none	FILLED	not_gated	train	FILLED	already closed
PRJEB19435	collection_date	train,val	False	PMC10132065	europepmc_fulltext	True	True	https://doi.org/10.1099/mgen.0.000924	Dissemination of carbapenemase-producing <i>Enterobacterales	False	False	False	not_gated	0			0	0	0	0	none	FILLED	not_gated	train	FILLED	already closed
PRJEB19435	isolation_source	train,val	False	PMC10132065	europepmc_fulltext	True	True	https://doi.org/10.1099/mgen.0.000924	Dissemination of carbapenemase-producing <i>Enterobacterales	False	False	False	not_gated	0			0	0	0	0	none	FILLED	not_gated	train	FILLED	already closed
PRJEB19435	host	train,val	False	PMC10132065	europepmc_fulltext	True	True	https://doi.org/10.1099/mgen.0.000924	Dissemination of carbapenemase-producing <i>Enterobacterales	False	False	False	not_gated	0			0	0	0	0	none	FILLED	not_gated	train	FILLED	already closed
PRJEB20799	country	train,val	True		local_pdf	True	True			True	True	False	covered	46	NO_PMCID		46	0	0	46	none	FILLED	whole_field	train	FILLED	already closed
PRJEB20799	collection_date	train,val	True		local_pdf	True	True			True	True	False	covered	46	NO_PMCID		46	0	0	46	none	FILLED	whole_field	train	FILLED	already closed
PRJEB20799	isolation_source	train,val	True		local_pdf	True	True			True	True	False	residual_per_sample	46	NO_PMCID	NO_PMCID	0	0	0	46	none	ACTIONABLE	fetch_supp_table	train	ACCEPTED	requested supplement not in folder — unavailable (all fetchable fetched)
PRJEB20799	host	train,val	True		local_pdf	True	True			True	True	False	residual_per_sample	46	NO_PMCID	NO_PMCID	0	0	0	46	none	ACTIONABLE	fetch_supp_table	train	ACCEPTED	requested supplement not in folder — unavailable (all fetchable fetched)
PRJEB21277	country	train,val	True		local_pdf	True	True			True	True	False	covered	194	NO_PMCID		194	0	0	194	none	FILLED	whole_field	train	FILLED	already closed
PRJEB21277	collection_date	train,val	True		local_pdf	True	True			True	True	False	residual_per_sample	194	NO_PMCID	NO_PMCID	0	0	0	194	generated	ACTIONABLE	fetch_supp_table	train	ACCEPTED	requested supplement not in folder — unavailable (all fetchable fetched)
PRJEB21277	isolation_source	train,val	True		local_pdf	True	True			True	True	False	residual_per_sample	194	NO_PMCID	NO_PMCID	0	0	0	194	generated	ACTIONABLE	fetch_supp_table	train	ACCEPTED	requested supplement not in folder — unavailable (all fetchable fetched)
PRJEB21277	host	train,val	True		local_pdf	True	True			True	True	False	covered	194	NO_PMCID		194	0	0	194	none	FILLED	whole_field	train	FILLED	already closed
PRJEB21605	country	train,val	False	PMC6966826	europepmc_fulltext	True	True	https://doi.org/10.1186/s13073-019-0706-y	Genomic surveillance for hypervirulence and multi-drug resis	False	False	True	covered	149	direct		0	148	0	1	none	FILLED	whole_field	train	FILLED	already closed
PRJEB21605	collection_date	train,val	False	PMC6966826	europepmc_fulltext	True	True	https://doi.org/10.1186/s13073-019-0706-y	Genomic surveillance for hypervirulence and multi-drug resis	False	False	True	covered	149	direct		0	148	0	1	none	FILLED	whole_field	train	FILLED	already closed
PRJEB21605	isolation_source	train,val	False	PMC6966826	europepmc_fulltext	True	True	https://doi.org/10.1186/s13073-019-0706-y	Genomic surveillance for hypervirulence and multi-drug resis	False	False	True	covered	149	direct		1	148	0	1	none	FILLED	whole_field	train	FILLED	already closed
PRJEB21605	host	train,val	False	PMC6966826	europepmc_fulltext	True	True	https://doi.org/10.1186/s13073-019-0706-y	Genomic surveillance for hypervirulence and multi-drug resis	False	False	True	covered	149	direct		1	148	0	1	none	FILLED	whole_field	train	FILLED	already closed
PRJEB22252	country	train,val	False	PMC6894937	local_pdf	True	True	https://doi.org/10.1038/s41586-019-1560-1	Stunted microbiota and opportunistic pathogen colonization i	True	True	False	not_gated	0			0	0	0	0	none	FILLED	not_gated	train	FILLED	already closed
PRJEB22252	collection_date	train,val	False	PMC6894937	local_pdf	True	True	https://doi.org/10.1038/s41586-019-1560-1	Stunted microbiota and opportunistic pathogen colonization i	True	True	False	not_gated	0			0	0	0	0	none	FILLED	not_gated	train	FILLED	already closed
PRJEB22252	isolation_source	train,val	False	PMC6894937	local_pdf	True	True	https://doi.org/10.1038/s41586-019-1560-1	Stunted microbiota and opportunistic pathogen colonization i	True	True	False	not_gated	0			0	0	0	0	none	FILLED	not_gated	train	FILLED	already closed
PRJEB22252	host	train,val	False	PMC6894937	local_pdf	True	True	https://doi.org/10.1038/s41586-019-1560-1	Stunted microbiota and opportunistic pathogen colonization i	True	True	False	not_gated	0			0	0	0	0	none	FILLED	not_gated	train	FILLED	already closed
PRJEB22264	country	train,val	False	PMC10132065	europepmc_fulltext	True	True	https://doi.org/10.1099/mgen.0.000924	Dissemination of carbapenemase-producing <i>Enterobacterales	False	False	False	not_gated	0			0	0	0	0	none	FILLED	not_gated	train	FILLED	already closed
PRJEB22264	collection_date	train,val	False	PMC10132065	europepmc_fulltext	True	True	https://doi.org/10.1099/mgen.0.000924	Dissemination of carbapenemase-producing <i>Enterobacterales	False	False	False	not_gated	0			0	0	0	0	none	FILLED	not_gated	train	FILLED	already closed
PRJEB22264	isolation_source	train,val	False	PMC10132065	europepmc_fulltext	True	True	https://doi.org/10.1099/mgen.0.000924	Dissemination of carbapenemase-producing <i>Enterobacterales	False	False	False	not_gated	0			0	0	0	0	none	FILLED	not_gated	train	FILLED	already closed
PRJEB22264	host	train,val	False	PMC10132065	europepmc_fulltext	True	True	https://doi.org/10.1099/mgen.0.000924	Dissemination of carbapenemase-producing <i>Enterobacterales	False	False	False	not_gated	0			0	0	0	0	none	FILLED	not_gated	train	FILLED	already closed
PRJEB22890	country	train,val	True		local_pdf	True	True			True	True	False	not_gated	0	NO_PMCID		0	0	0	0	none	FILLED	not_gated	train	FILLED	already closed
PRJEB22890	collection_date	train,val	True		local_pdf	True	True			True	True	False	not_gated	0	NO_PMCID		0	0	0	0	none	FILLED	not_gated	train	FILLED	already closed
PRJEB22890	isolation_source	train,val	True		local_pdf	True	True			True	True	False	residual_per_sample	157	NO_PMCID		0	0	157	0	applied	FILLED	per_sample_or_escalation	train	FILLED	already closed
PRJEB22890	host	train,val	True		local_pdf	True	True			True	True	False	not_gated	0	NO_PMCID		0	0	0	0	none	FILLED	not_gated	train	FILLED	already closed
PRJEB22903	country	train,val	True		none	False	False			False	False	False	residual_per_sample	261	NO_PMCID		0	0	261	0	applied	FILLED	per_sample_or_escalation	train	FILLED	already closed
PRJEB22903	collection_date	train,val	True		none	False	False			False	False	False	not_gated	0	NO_PMCID		0	0	0	0	none	FILLED	not_gated	train	FILLED	already closed
PRJEB22903	isolation_source	train,val	True		none	False	False			False	False	False	residual_per_sample	261	NO_PMCID	NO_PMCID	0	0	0	261	generated	EXHAUSTED	no_paper_findable	train	EXHAUSTED	already closed
PRJEB22903	host	train,val	True		none	False	False			False	False	False	covered	261	NO_PMCID		261	0	261	0	applied	FILLED	whole_field	train	FILLED	already closed
PRJEB24082	country	train,val	False	PMC10132065	europepmc_fulltext	True	True	https://doi.org/10.1099/mgen.0.000924	Dissemination of carbapenemase-producing <i>Enterobacterales	True	True	False	covered	200	abstained		200	0	0	200	none	FILLED	whole_field	train	FILLED	already closed
PRJEB24082	collection_date	train,val	False	PMC10132065	europepmc_fulltext	True	True	https://doi.org/10.1099/mgen.0.000924	Dissemination of carbapenemase-producing <i>Enterobacterales	True	True	False	residual_per_sample	200	abstained	no_supp	0	0	0	200	generated	ACTIONABLE	fetch_supp_table	train	ACCEPTED	requested supplement not in folder — unavailable (all fetchable fetched)
PRJEB24082	isolation_source	train,val	False	PMC10132065	europepmc_fulltext	True	True	https://doi.org/10.1099/mgen.0.000924	Dissemination of carbapenemase-producing <i>Enterobacterales	True	True	False	residual_per_sample	200	abstained	no_supp	0	0	0	200	generated	ACTIONABLE	fetch_supp_table	train	ACCEPTED	requested supplement not in folder — unavailable (all fetchable fetched)
PRJEB24082	host	train,val	False	PMC10132065	europepmc_fulltext	True	True	https://doi.org/10.1099/mgen.0.000924	Dissemination of carbapenemase-producing <i>Enterobacterales	True	True	False	covered	200	abstained		200	0	0	200	none	FILLED	whole_field	train	FILLED	already closed
PRJEB24083	country	train,val	False	PMC10132065	europepmc_fulltext	True	True	https://doi.org/10.1099/mgen.0.000924	Dissemination of carbapenemase-producing <i>Enterobacterales	False	False	False	covered	5	abstained		5	0	0	5	none	FILLED	whole_field	train	FILLED	already closed
PRJEB24083	collection_date	train,val	False	PMC10132065	europepmc_fulltext	True	True	https://doi.org/10.1099/mgen.0.000924	Dissemination of carbapenemase-producing <i>Enterobacterales	False	False	False	residual_per_sample	5	abstained	no_supp	0	0	0	5	none	EXHAUSTED	no_supp	train	EXHAUSTED	already closed
PRJEB24083	isolation_source	train,val	False	PMC10132065	europepmc_fulltext	True	True	https://doi.org/10.1099/mgen.0.000924	Dissemination of carbapenemase-producing <i>Enterobacterales	False	False	False	residual_per_sample	5	abstained	no_supp	0	0	0	5	none	EXHAUSTED	no_supp	train	EXHAUSTED	already closed
PRJEB24083	host	train,val	False	PMC10132065	europepmc_fulltext	True	True	https://doi.org/10.1099/mgen.0.000924	Dissemination of carbapenemase-producing <i>Enterobacterales	False	False	False	covered	5	abstained		5	0	0	5	none	FILLED	whole_field	train	FILLED	already closed
PRJEB24084	country	train,val	False	PMC10132065	europepmc_fulltext	True	True	https://doi.org/10.1099/mgen.0.000924	Dissemination of carbapenemase-producing <i>Enterobacterales	False	False	False	covered	3	abstained		3	0	0	3	none	FILLED	whole_field	train	FILLED	already closed
PRJEB24084	collection_date	train,val	False	PMC10132065	europepmc_fulltext	True	True	https://doi.org/10.1099/mgen.0.000924	Dissemination of carbapenemase-producing <i>Enterobacterales	False	False	False	residual_per_sample	3	abstained	no_supp	0	0	0	3	none	EXHAUSTED	no_supp	train	EXHAUSTED	already closed
PRJEB24084	isolation_source	train,val	False	PMC10132065	europepmc_fulltext	True	True	https://doi.org/10.1099/mgen.0.000924	Dissemination of carbapenemase-producing <i>Enterobacterales	False	False	False	residual_per_sample	3	abstained	no_supp	0	0	0	3	none	EXHAUSTED	no_supp	train	EXHAUSTED	already closed
PRJEB24084	host	train,val	False	PMC10132065	europepmc_fulltext	True	True	https://doi.org/10.1099/mgen.0.000924	Dissemination of carbapenemase-producing <i>Enterobacterales	False	False	False	covered	3	abstained		3	0	0	3	none	FILLED	whole_field	train	FILLED	already closed
PRJEB24085	country	train,val	False	PMC10132065	europepmc_fulltext	True	True	https://doi.org/10.1099/mgen.0.000924	Dissemination of carbapenemase-producing <i>Enterobacterales	False	False	True	covered	104	direct		104	0	0	104	none	FILLED	whole_field	train	FILLED	already closed
PRJEB24085	collection_date	train,val	False	PMC10132065	europepmc_fulltext	True	True	https://doi.org/10.1099/mgen.0.000924	Dissemination of carbapenemase-producing <i>Enterobacterales	False	False	True	covered	104	direct		0	54	0	50	none	FILLED	whole_field	train	FILLED	already closed
PRJEB24085	isolation_source	train,val	False	PMC10132065	europepmc_fulltext	True	True	https://doi.org/10.1099/mgen.0.000924	Dissemination of carbapenemase-producing <i>Enterobacterales	False	False	True	covered	104	direct		0	53	0	51	generated	FILLED	whole_field	train	FILLED	already closed
PRJEB24085	host	train,val	False	PMC10132065	europepmc_fulltext	True	True	https://doi.org/10.1099/mgen.0.000924	Dissemination of carbapenemase-producing <i>Enterobacterales	False	False	True	covered	104	direct		0	50	0	54	none	FILLED	whole_field	train	FILLED	already closed
PRJEB24086	country	train,val	False	PMC10132065	europepmc_fulltext	True	True	https://doi.org/10.1099/mgen.0.000924	Dissemination of carbapenemase-producing <i>Enterobacterales	False	False	False	covered	3	abstained		3	0	0	3	none	FILLED	whole_field	train	FILLED	already closed
PRJEB24086	collection_date	train,val	False	PMC10132065	europepmc_fulltext	True	True	https://doi.org/10.1099/mgen.0.000924	Dissemination of carbapenemase-producing <i>Enterobacterales	False	False	False	residual_per_sample	3	abstained	no_supp	0	0	0	3	none	EXHAUSTED	no_supp	train	EXHAUSTED	already closed
PRJEB24086	isolation_source	train,val	False	PMC10132065	europepmc_fulltext	True	True	https://doi.org/10.1099/mgen.0.000924	Dissemination of carbapenemase-producing <i>Enterobacterales	False	False	False	residual_per_sample	3	abstained	no_supp	0	0	0	3	none	EXHAUSTED	no_supp	train	EXHAUSTED	already closed
PRJEB24086	host	train,val	False	PMC10132065	europepmc_fulltext	True	True	https://doi.org/10.1099/mgen.0.000924	Dissemination of carbapenemase-producing <i>Enterobacterales	False	False	False	covered	3	abstained		3	0	0	3	none	FILLED	whole_field	train	FILLED	already closed
PRJEB24087	country	train,val	False	PMC10132065	europepmc_fulltext	True	True	https://doi.org/10.1099/mgen.0.000924	Dissemination of carbapenemase-producing <i>Enterobacterales	False	False	False	covered	4	abstained		4	0	0	4	none	FILLED	whole_field	train	FILLED	already closed
PRJEB24087	collection_date	train,val	False	PMC10132065	europepmc_fulltext	True	True	https://doi.org/10.1099/mgen.0.000924	Dissemination of carbapenemase-producing <i>Enterobacterales	False	False	False	residual_per_sample	4	abstained	no_supp	0	0	0	4	none	EXHAUSTED	no_supp	train	EXHAUSTED	already closed
PRJEB24087	isolation_source	train,val	False	PMC10132065	europepmc_fulltext	True	True	https://doi.org/10.1099/mgen.0.000924	Dissemination of carbapenemase-producing <i>Enterobacterales	False	False	False	residual_per_sample	4	abstained	no_supp	0	0	0	4	none	EXHAUSTED	no_supp	train	EXHAUSTED	already closed
PRJEB24087	host	train,val	False	PMC10132065	europepmc_fulltext	True	True	https://doi.org/10.1099/mgen.0.000924	Dissemination of carbapenemase-producing <i>Enterobacterales	False	False	False	covered	4	abstained		4	0	0	4	none	FILLED	whole_field	train	FILLED	already closed
PRJEB24970	country	train,val	False	PMC6977969	europepmc_fulltext	True	True	https://doi.org/10.7554/elife.50468	Transmission dynamics and control of multidrug-resistant &lt	False	False	True	not_gated	0	abstained		0	0	0	0	none	FILLED	not_gated	train	FILLED	already closed
PRJEB24970	collection_date	train,val	False	PMC6977969	europepmc_fulltext	True	True	https://doi.org/10.7554/elife.50468	Transmission dynamics and control of multidrug-resistant &lt	False	False	True	not_gated	0	abstained		0	0	0	0	none	FILLED	not_gated	train	FILLED	already closed
PRJEB24970	isolation_source	train,val	False	PMC6977969	europepmc_fulltext	True	True	https://doi.org/10.7554/elife.50468	Transmission dynamics and control of multidrug-resistant &lt	False	False	True	not_gated	0	abstained		0	0	0	0	none	FILLED	not_gated	train	FILLED	already closed
PRJEB24970	host	train,val	False	PMC6977969	europepmc_fulltext	True	True	https://doi.org/10.7554/elife.50468	Transmission dynamics and control of multidrug-resistant &lt	False	False	True	not_gated	0	abstained		0	0	0	0	none	FILLED	not_gated	train	FILLED	already closed
PRJEB27256	country	train,val	False	PMC8865009	local_pdf	True	True	https://doi.org/10.1093/jac/dkab463	A nationwide genomic study of clinical Klebsiella pneumoniae	True	True	False	not_gated	0	abstained		0	0	0	0	none	FILLED	not_gated	train	FILLED	already closed
PRJEB27256	collection_date	train,val	False	PMC8865009	local_pdf	True	True	https://doi.org/10.1093/jac/dkab463	A nationwide genomic study of clinical Klebsiella pneumoniae	True	True	False	not_gated	0	abstained		0	0	0	0	none	FILLED	not_gated	train	FILLED	already closed
PRJEB27256	isolation_source	train,val	False	PMC8865009	local_pdf	True	True	https://doi.org/10.1093/jac/dkab463	A nationwide genomic study of clinical Klebsiella pneumoniae	True	True	False	not_gated	0	abstained		0	0	0	0	none	FILLED	not_gated	train	FILLED	already closed
PRJEB27256	host	train,val	False	PMC8865009	local_pdf	True	True	https://doi.org/10.1093/jac/dkab463	A nationwide genomic study of clinical Klebsiella pneumoniae	True	True	False	covered	959	abstained		959	0	0	959	none	FILLED	whole_field	train	FILLED	already closed
PRJEB28054	country	train,val	True		none	False	False			False	False	False	residual_per_sample	326	NO_PMCID	NO_PMCID	0	0	0	326	generated	EXHAUSTED	no_paper_findable	train	EXHAUSTED	already closed
PRJEB28054	collection_date	train,val	True		none	False	False			False	False	False	residual_per_sample	326	NO_PMCID	NO_PMCID	0	0	0	326	generated	EXHAUSTED	no_paper_findable	train	EXHAUSTED	already closed
PRJEB28054	isolation_source	train,val	True		none	False	False			False	False	False	residual_per_sample	326	NO_PMCID	NO_PMCID	0	0	0	326	generated	EXHAUSTED	no_paper_findable	train	EXHAUSTED	already closed
PRJEB28054	host	train,val	True		none	False	False			False	False	False	residual_per_sample	326	NO_PMCID		0	0	326	0	applied	FILLED	per_sample_or_escalation	train	FILLED	already closed
PRJEB28400	country	train,val	True		local_pdf	True	True			True	True	True	covered	827	direct		827	0	0	827	none	FILLED	whole_field	train	FILLED	already closed
PRJEB28400	collection_date	train,val	True		local_pdf	True	True			True	True	True	covered	827	direct		0	719	0	108	none	FILLED	whole_field	train	FILLED	already closed
PRJEB28400	isolation_source	train,val	True		local_pdf	True	True			True	True	True	covered	827	direct		0	716	0	111	none	FILLED	whole_field	train	FILLED	already closed
PRJEB28400	host	train,val	True		local_pdf	True	True			True	True	True	covered	827	direct		0	719	0	108	none	FILLED	whole_field	train	FILLED	already closed
PRJEB29143	country	train,val	False	PMC7527070	local_pdf	True	True	https://doi.org/10.1080/19490976.2020.1748257	<i>Klebsiella pneumoniae</i> carriage in low-income countrie	True	True	True	not_gated	0	direct		0	6	0	0	none	FILLED	not_gated	train	FILLED	already closed
PRJEB29143	collection_date	train,val	False	PMC7527070	local_pdf	True	True	https://doi.org/10.1080/19490976.2020.1748257	<i>Klebsiella pneumoniae</i> carriage in low-income countrie	True	True	True	covered	498	direct		0	489	0	9	none	FILLED	whole_field	train	FILLED	already closed
PRJEB29143	isolation_source	train,val	False	PMC7527070	local_pdf	True	True	https://doi.org/10.1080/19490976.2020.1748257	<i>Klebsiella pneumoniae</i> carriage in low-income countrie	True	True	True	residual_per_sample	498	direct		0	0	498	0	applied	FILLED	per_sample_or_escalation	train	FILLED	already closed
PRJEB29143	host	train,val	False	PMC7527070	local_pdf	True	True	https://doi.org/10.1080/19490976.2020.1748257	<i>Klebsiella pneumoniae</i> carriage in low-income countrie	True	True	True	covered	498	direct		498	0	0	498	none	FILLED	whole_field	train	FILLED	already closed
PRJEB29740	country	train,val	False	PMC11316559	europepmc_fulltext	True	True	https://doi.org/10.1099/mgen.0.001271	Geographical distribution, disease association and diversity	False	False	True	covered	930	direct		115	815	0	115	none	FILLED	whole_field	train	FILLED	already closed
PRJEB29740	collection_date	train,val	False	PMC11316559	europepmc_fulltext	True	True	https://doi.org/10.1099/mgen.0.001271	Geographical distribution, disease association and diversity	False	False	True	covered	930	direct	field_not_in_table	0	815	0	115	none	ACTIONABLE	escalate_big_decision	train	ACCEPTED	wide-mix — no single whole-field value applies
PRJEB29740	isolation_source	train,val	False	PMC11316559	europepmc_fulltext	True	True	https://doi.org/10.1099/mgen.0.001271	Geographical distribution, disease association and diversity	False	False	True	covered	930	direct	field_not_in_table	0	815	0	115	none	ACTIONABLE	escalate_big_decision	train	ACCEPTED	wide-mix — no single whole-field value applies
PRJEB29740	host	train,val	False	PMC11316559	europepmc_fulltext	True	True	https://doi.org/10.1099/mgen.0.001271	Geographical distribution, disease association and diversity	False	False	True	covered	930	direct		930	0	0	930	none	FILLED	whole_field	train	FILLED	already closed
PRJEB29742	country	train,val	False	PMC8634422	europepmc_fulltext	True	True	https://doi.org/10.1093/cid/ciab777	Complexity of Genomic Epidemiology of Carbapenem-Resistant K	False	False	False	covered	555	direct		555	0	0	555	none	FILLED	whole_field	train	FILLED	already closed
PRJEB29742	collection_date	train,val	False	PMC8634422	europepmc_fulltext	True	True	https://doi.org/10.1093/cid/ciab777	Complexity of Genomic Epidemiology of Carbapenem-Resistant K	False	False	False	covered	555	direct		0	425	0	130	none	FILLED	whole_field	train	FILLED	already closed
PRJEB29742	isolation_source	train,val	False	PMC8634422	europepmc_fulltext	True	True	https://doi.org/10.1093/cid/ciab777	Complexity of Genomic Epidemiology of Carbapenem-Resistant K	False	False	False	covered	555	direct		0	425	0	130	none	FILLED	whole_field	train	FILLED	already closed
PRJEB29742	host	train,val	False	PMC8634422	europepmc_fulltext	True	True	https://doi.org/10.1093/cid/ciab777	Complexity of Genomic Epidemiology of Carbapenem-Resistant K	False	False	False	covered	555	direct		555	0	0	555	none	FILLED	whole_field	train	FILLED	already closed
PRJEB30134	country	train,val	False	PMC10438816	europepmc_fulltext	True	True	https://doi.org/10.1099/mgen.0.001048	Long-read sequencing reveals genomic diversity and associate	False	False	False	covered	169	abstained		169	0	0	169	none	FILLED	whole_field	train	FILLED	already closed
PRJEB30134	collection_date	train,val	False	PMC10438816	europepmc_fulltext	True	True	https://doi.org/10.1099/mgen.0.001048	Long-read sequencing reveals genomic diversity and associate	False	False	False	residual_per_sample	169	abstained	abstained_other	0	0	0	169	generated	EXHAUSTED	abstained_other	train	EXHAUSTED	already closed
PRJEB30134	isolation_source	train,val	False	PMC10438816	europepmc_fulltext	True	True	https://doi.org/10.1099/mgen.0.001048	Long-read sequencing reveals genomic diversity and associate	False	False	False	residual_per_sample	169	abstained	abstained_other	0	0	0	169	generated	EXHAUSTED	abstained_other	train	EXHAUSTED	already closed
PRJEB30134	host	train,val	False	PMC10438816	europepmc_fulltext	True	True	https://doi.org/10.1099/mgen.0.001048	Long-read sequencing reveals genomic diversity and associate	False	False	False	covered	169	abstained		169	0	0	169	none	FILLED	whole_field	train	FILLED	already closed
PRJEB33565	country	train,val	False	PMC8007471	local_pdf	True	True	https://doi.org/10.1038/s41564-021-00870-7	Characterization of antimicrobial-resistant Gram-negative ba	True	True	False	not_gated	0	abstained		0	0	0	0	none	FILLED	not_gated	train	FILLED	already closed
PRJEB33565	collection_date	train,val	False	PMC8007471	local_pdf	True	True	https://doi.org/10.1038/s41564-021-00870-7	Characterization of antimicrobial-resistant Gram-negative ba	True	True	False	not_gated	0	abstained		0	0	0	0	none	FILLED	not_gated	train	FILLED	already closed
PRJEB33565	isolation_source	train,val	False	PMC8007471	local_pdf	True	True	https://doi.org/10.1038/s41564-021-00870-7	Characterization of antimicrobial-resistant Gram-negative ba	True	True	False	covered	400	abstained		400	0	0	400	none	FILLED	whole_field	train	FILLED	already closed
PRJEB33565	host	train,val	False	PMC8007471	local_pdf	True	True	https://doi.org/10.1038/s41564-021-00870-7	Characterization of antimicrobial-resistant Gram-negative ba	True	True	False	covered	400	abstained		400	0	0	400	none	FILLED	whole_field	train	FILLED	already closed
PRJEB35685	country	train,val	False		local_pdf	True	True	https://doi.org/10.1016/j.cmi.2020.01.027	Molecular characteristics of carbapenemase-producing Enterob	True	True	False	not_gated	0	NO_PMCID		0	0	0	0	none	FILLED	not_gated	train	FILLED	already closed
PRJEB35685	collection_date	train,val	False		local_pdf	True	True	https://doi.org/10.1016/j.cmi.2020.01.027	Molecular characteristics of carbapenemase-producing Enterob	True	True	False	residual_per_sample	412	NO_PMCID	NO_PMCID	0	0	0	412	generated	EXHAUSTED	paper_has_no_table	train	EXHAUSTED	already closed
PRJEB35685	isolation_source	train,val	False		local_pdf	True	True	https://doi.org/10.1016/j.cmi.2020.01.027	Molecular characteristics of carbapenemase-producing Enterob	True	True	False	residual_per_sample	412	NO_PMCID	NO_PMCID	0	0	0	412	generated	EXHAUSTED	paper_has_no_table	train	EXHAUSTED	already closed
PRJEB35685	host	train,val	False		local_pdf	True	True	https://doi.org/10.1016/j.cmi.2020.01.027	Molecular characteristics of carbapenemase-producing Enterob	True	True	False	covered	412	NO_PMCID		412	0	0	412	none	FILLED	whole_field	train	FILLED	already closed
PRJEB36486	country	train,val	False	PMC9519460	local_pdf	True	True	https://doi.org/10.1038/s41564-022-01216-7	Colonization dynamics of extended-spectrum beta-lactamase-pr	True	True	False	covered	221	abstained		221	0	0	221	none	FILLED	whole_field	train	FILLED	already closed
PRJEB36486	collection_date	train,val	False	PMC9519460	local_pdf	True	True	https://doi.org/10.1038/s41564-022-01216-7	Colonization dynamics of extended-spectrum beta-lactamase-pr	True	True	False	covered	221	abstained		221	0	221	0	applied	FILLED	whole_field	train	FILLED	already closed
PRJEB36486	isolation_source	train,val	False	PMC9519460	local_pdf	True	True	https://doi.org/10.1038/s41564-022-01216-7	Colonization dynamics of extended-spectrum beta-lactamase-pr	True	True	False	covered	221	abstained		221	0	0	221	none	FILLED	whole_field	train	FILLED	already closed
PRJEB36486	host	train,val	False	PMC9519460	local_pdf	True	True	https://doi.org/10.1038/s41564-022-01216-7	Colonization dynamics of extended-spectrum beta-lactamase-pr	True	True	False	covered	221	abstained		221	0	0	221	none	FILLED	whole_field	train	FILLED	already closed
PRJEB36683	country	train,val	False	PMC11025284	europepmc_fulltext	True	True	https://doi.org/10.1186/s13073-024-01332-5	The emergence of highly resistant and hypervirulent Klebsiel	False	False	False	not_gated	0	direct		0	0	0	0	none	FILLED	not_gated	train	FILLED	already closed
PRJEB36683	collection_date	train,val	False	PMC11025284	europepmc_fulltext	True	True	https://doi.org/10.1186/s13073-024-01332-5	The emergence of highly resistant and hypervirulent Klebsiel	False	False	False	not_gated	0	direct		0	0	0	0	none	FILLED	not_gated	train	FILLED	already closed
PRJEB36683	isolation_source	train,val	False	PMC11025284	europepmc_fulltext	True	True	https://doi.org/10.1186/s13073-024-01332-5	The emergence of highly resistant and hypervirulent Klebsiel	False	False	False	not_gated	0	direct		0	323	0	0	none	FILLED	not_gated	train	FILLED	already closed
PRJEB36683	host	train,val	False	PMC11025284	europepmc_fulltext	True	True	https://doi.org/10.1186/s13073-024-01332-5	The emergence of highly resistant and hypervirulent Klebsiel	False	False	False	covered	335	direct		335	0	0	335	none	FILLED	whole_field	train	FILLED	already closed
PRJEB37378	country	train,val	True		europepmc_fulltext	True	True			False	False	False	residual_per_sample	1681	abstained		0	0	1681	0	applied	FILLED	per_sample_or_escalation	train	FILLED	already closed
PRJEB37378	collection_date	train,val	True		europepmc_fulltext	True	True			False	False	False	residual_per_sample	1681	abstained		0	0	1681	0	applied	FILLED	per_sample_or_escalation	train	FILLED	already closed
PRJEB37378	isolation_source	train,val	True		europepmc_fulltext	True	True			False	False	False	residual_per_sample	1681	abstained		0	0	0	1681	generated	BLOCKED	needs_linkage	train	ACCEPTED	table has no ENA-mappable key (unanchored) or no per-isolate table exists
PRJEB37378	host	train,val	True		europepmc_fulltext	True	True			False	False	False	residual_per_sample	1681	abstained		0	0	0	1681	generated	BLOCKED	needs_linkage	train	ACCEPTED	table has no ENA-mappable key (unanchored) or no per-isolate table exists
PRJEB38289	country	train,val	False	PMC7985491	europepmc_fulltext	True	True	https://doi.org/10.1038/s41598-021-85724-2	Methylation analysis of Klebsiella pneumoniae from Portugues	False	False	False	not_gated	0	abstained		0	0	0	0	none	FILLED	not_gated	train	FILLED	already closed
PRJEB38289	collection_date	train,val	False	PMC7985491	europepmc_fulltext	True	True	https://doi.org/10.1038/s41598-021-85724-2	Methylation analysis of Klebsiella pneumoniae from Portugues	False	False	False	not_gated	0	abstained		0	0	0	0	none	FILLED	not_gated	train	FILLED	already closed
PRJEB38289	isolation_source	train,val	False	PMC7985491	europepmc_fulltext	True	True	https://doi.org/10.1038/s41598-021-85724-2	Methylation analysis of Klebsiella pneumoniae from Portugues	False	False	False	not_gated	0	abstained		0	0	0	0	none	FILLED	not_gated	train	FILLED	already closed
PRJEB38289	host	train,val	False	PMC7985491	europepmc_fulltext	True	True	https://doi.org/10.1038/s41598-021-85724-2	Methylation analysis of Klebsiella pneumoniae from Portugues	False	False	False	residual_per_sample	500	abstained		0	0	0	500	generated	BLOCKED	needs_linkage	train	ACCEPTED	table has no ENA-mappable key (unanchored) or no per-isolate table exists
PRJEB39293	country	train,val	False	PMC9417982	europepmc_fulltext	True	True	https://doi.org/10.1038/s41564-022-01184-y	Antibiotic resistance genes in the gut microbiota of mothers	False	False	False	not_gated	0	direct		0	0	0	0	none	FILLED	not_gated	train	FILLED	already closed
PRJEB39293	collection_date	train,val	False	PMC9417982	europepmc_fulltext	True	True	https://doi.org/10.1038/s41564-022-01184-y	Antibiotic resistance genes in the gut microbiota of mothers	False	False	False	not_gated	0	direct		0	0	0	0	none	FILLED	not_gated	train	FILLED	already closed
PRJEB39293	isolation_source	train,val	False	PMC9417982	europepmc_fulltext	True	True	https://doi.org/10.1038/s41564-022-01184-y	Antibiotic resistance genes in the gut microbiota of mothers	False	False	False	not_gated	0	direct		0	0	0	0	none	FILLED	not_gated	train	FILLED	already closed
PRJEB39293	host	train,val	False	PMC9417982	europepmc_fulltext	True	True	https://doi.org/10.1038/s41564-022-01184-y	Antibiotic resistance genes in the gut microbiota of mothers	False	False	False	covered	160	direct		2	158	0	2	none	FILLED	whole_field	train	FILLED	already closed
PRJEB39867	country	train,val	False	PMC9598256	europepmc_fulltext	True	True	https://doi.org/10.3390/antibiotics11101286	Surveillance and Genomic Analysis of Third-Generation Cephal	False	False	False	not_gated	0	abstained		0	0	0	0	none	FILLED	not_gated	train	FILLED	already closed
PRJEB39867	collection_date	train,val	False	PMC9598256	europepmc_fulltext	True	True	https://doi.org/10.3390/antibiotics11101286	Surveillance and Genomic Analysis of Third-Generation Cephal	False	False	False	residual_per_sample	286	abstained	no_supp	0	0	0	286	generated	ACTIONABLE	fetch_supp_table	train	ACCEPTED	requested supplement not in folder — unavailable (all fetchable fetched)
PRJEB39867	isolation_source	train,val	False	PMC9598256	europepmc_fulltext	True	True	https://doi.org/10.3390/antibiotics11101286	Surveillance and Genomic Analysis of Third-Generation Cephal	False	False	False	residual_per_sample	286	abstained	no_supp	0	0	0	286	generated	ACTIONABLE	fetch_supp_table	train	ACCEPTED	requested supplement not in folder — unavailable (all fetchable fetched)
PRJEB39867	host	train,val	False	PMC9598256	europepmc_fulltext	True	True	https://doi.org/10.3390/antibiotics11101286	Surveillance and Genomic Analysis of Third-Generation Cephal	False	False	False	not_gated	0	abstained		0	0	0	0	none	FILLED	not_gated	train	FILLED	already closed
PRJEB39943	country	train,val	False	PMC13259977	europepmc_fulltext	True	True	https://doi.org/10.1016/j.lanmic.2025.101320	Persistent spread of carbapenemase-producing Klebsiella pneu	False	False	False	covered	3257	direct	field_not_in_table	0	2903	0	354	none	ACTIONABLE	escalate_big_decision	train	ACCEPTED	wide-mix — no single whole-field value applies
PRJEB39943	collection_date	train,val	False	PMC13259977	europepmc_fulltext	True	True	https://doi.org/10.1016/j.lanmic.2025.101320	Persistent spread of carbapenemase-producing Klebsiella pneu	False	False	False	covered	3257	direct		0	2872	0	385	none	FILLED	whole_field	train	FILLED	already closed
PRJEB39943	isolation_source	train,val	False	PMC13259977	europepmc_fulltext	True	True	https://doi.org/10.1016/j.lanmic.2025.101320	Persistent spread of carbapenemase-producing Klebsiella pneu	False	False	False	covered	3257	direct	field_not_in_table	0	2861	0	396	none	ACTIONABLE	escalate_big_decision	train	ACCEPTED	wide-mix — no single whole-field value applies
PRJEB39943	host	train,val	False	PMC13259977	europepmc_fulltext	True	True	https://doi.org/10.1016/j.lanmic.2025.101320	Persistent spread of carbapenemase-producing Klebsiella pneu	False	False	False	covered	3257	direct		3257	0	0	3257	none	FILLED	whole_field	train	FILLED	already closed
PRJEB42331	country	train,val	False	PMC8209719	europepmc_fulltext	True	True	https://doi.org/10.1099/mgen.0.000512	<i>bla</i><sub>OXA-48</sub>-like genome architecture among c	False	False	False	not_gated	0	direct		0	0	0	0	none	FILLED	not_gated	train	FILLED	already closed
PRJEB42331	collection_date	train,val	False	PMC8209719	europepmc_fulltext	True	True	https://doi.org/10.1099/mgen.0.000512	<i>bla</i><sub>OXA-48</sub>-like genome architecture among c	False	False	False	covered	80	direct		0	80	0	0	none	FILLED	whole_field	train	FILLED	already closed
PRJEB42331	isolation_source	train,val	False	PMC8209719	europepmc_fulltext	True	True	https://doi.org/10.1099/mgen.0.000512	<i>bla</i><sub>OXA-48</sub>-like genome architecture among c	False	False	False	residual_per_sample	80	direct	field_not_in_table	0	0	0	80	generated	EXHAUSTED	field_not_in_table	train	EXHAUSTED	already closed
PRJEB42331	host	train,val	False	PMC8209719	europepmc_fulltext	True	True	https://doi.org/10.1099/mgen.0.000512	<i>bla</i><sub>OXA-48</sub>-like genome architecture among c	False	False	False	covered	80	direct		80	0	0	80	none	FILLED	whole_field	train	FILLED	already closed
PRJEB42462	country	train,val	True		pdf	True	True			False	False	True	residual_per_sample	1278	direct	field_not_in_table	0	0	0	1278	generated	EXHAUSTED	field_not_in_table	train	EXHAUSTED	already closed
PRJEB42462	collection_date	train,val	True		pdf	True	True			False	False	True	covered	1278	direct	field_not_in_table	0	1118	0	160	none	ACTIONABLE	escalate_big_decision	train	ACCEPTED	wide-mix — no single whole-field value applies
PRJEB42462	isolation_source	train,val	True		pdf	True	True			False	False	True	residual_per_sample	1278	direct		0	0	1278	0	applied	FILLED	per_sample_or_escalation	train	FILLED	already closed
PRJEB42462	host	train,val	True		pdf	True	True			False	False	True	covered	1278	direct		1278	0	0	1278	none	FILLED	whole_field	train	FILLED	already closed
PRJEB46513	country	train,val	False	PMC12885268	local_pdf	True	True	https://doi.org/10.1371/journal.pgph.0005965	Transmission dynamics of Klebsiella pneumoniae in a neonatal	True	True	False	covered	281	abstained		281	0	0	281	none	FILLED	whole_field	train	FILLED	already closed
PRJEB46513	collection_date	train,val	False	PMC12885268	local_pdf	True	True	https://doi.org/10.1371/journal.pgph.0005965	Transmission dynamics of Klebsiella pneumoniae in a neonatal	True	True	False	residual_per_sample	281	abstained		0	0	0	281	generated	BLOCKED	needs_linkage	train	ACCEPTED	table has no ENA-mappable key (unanchored) or no per-isolate table exists
PRJEB46513	isolation_source	train,val	False	PMC12885268	local_pdf	True	True	https://doi.org/10.1371/journal.pgph.0005965	Transmission dynamics of Klebsiella pneumoniae in a neonatal	True	True	False	covered	281	abstained		281	0	0	281	none	FILLED	whole_field	train	FILLED	already closed
PRJEB46513	host	train,val	False	PMC12885268	local_pdf	True	True	https://doi.org/10.1371/journal.pgph.0005965	Transmission dynamics of Klebsiella pneumoniae in a neonatal	True	True	False	covered	281	abstained		281	0	0	281	none	FILLED	whole_field	train	FILLED	already closed
PRJEB48990	country	train,val	False	PMC10272877	europepmc_fulltext	True	True	https://doi.org/10.1099/mgen.0.001016	Genomic surveillance of multidrug-resistant <i>Klebsiella</i	False	False	True	covered	500	direct		500	0	0	500	none	FILLED	whole_field	train	FILLED	already closed
PRJEB48990	collection_date	train,val	False	PMC10272877	europepmc_fulltext	True	True	https://doi.org/10.1099/mgen.0.001016	Genomic surveillance of multidrug-resistant <i>Klebsiella</i	False	False	True	covered	500	direct		0	516	0	0	none	FILLED	whole_field	train	FILLED	already closed
PRJEB48990	isolation_source	train,val	False	PMC10272877	europepmc_fulltext	True	True	https://doi.org/10.1099/mgen.0.001016	Genomic surveillance of multidrug-resistant <i>Klebsiella</i	False	False	True	covered	502	direct		0	496	0	6	none	FILLED	whole_field	train	FILLED	already closed
PRJEB48990	host	train,val	False	PMC10272877	europepmc_fulltext	True	True	https://doi.org/10.1099/mgen.0.001016	Genomic surveillance of multidrug-resistant <i>Klebsiella</i	False	False	True	covered	501	direct		0	535	0	0	none	FILLED	whole_field	train	FILLED	already closed
PRJEB50614	country	train,val	False	PMC11316559	europepmc_fulltext	True	True	https://doi.org/10.1099/mgen.0.001271	Geographical distribution, disease association and diversity	False	False	False	not_gated	0	direct		0	8	0	0	none	FILLED	not_gated	train	FILLED	already closed
PRJEB50614	collection_date	train,val	False	PMC11316559	europepmc_fulltext	True	True	https://doi.org/10.1099/mgen.0.001271	Geographical distribution, disease association and diversity	False	False	False	covered	400	direct		0	339	0	61	none	FILLED	whole_field	train	FILLED	already closed
PRJEB50614	isolation_source	train,val	False	PMC11316559	europepmc_fulltext	True	True	https://doi.org/10.1099/mgen.0.001271	Geographical distribution, disease association and diversity	False	False	False	not_gated	0	direct		0	11	0	0	none	FILLED	not_gated	train	FILLED	already closed
PRJEB50614	host	train,val	False	PMC11316559	europepmc_fulltext	True	True	https://doi.org/10.1099/mgen.0.001271	Geographical distribution, disease association and diversity	False	False	False	covered	400	direct		400	0	0	400	none	FILLED	whole_field	train	FILLED	already closed
PRJEB5065	country	train,val	False	PMC4971767	europepmc_fulltext	True	True	https://doi.org/10.1101/gr.205245.116	Recent independent emergence of multiple multidrug-resistant	False	False	False	not_gated	0			0	0	84	0	applied	FILLED	not_gated	train	FILLED	already closed
PRJEB5065	collection_date	train,val	False	PMC4971767	europepmc_fulltext	True	True	https://doi.org/10.1101/gr.205245.116	Recent independent emergence of multiple multidrug-resistant	False	False	False	not_gated	0			0	0	0	0	none	FILLED	not_gated	train	FILLED	already closed
PRJEB5065	isolation_source	train,val	False	PMC4971767	europepmc_fulltext	True	True	https://doi.org/10.1101/gr.205245.116	Recent independent emergence of multiple multidrug-resistant	False	False	False	not_gated	0			0	0	0	0	none	FILLED	not_gated	train	FILLED	already closed
PRJEB5065	host	train,val	False	PMC4971767	europepmc_fulltext	True	True	https://doi.org/10.1101/gr.205245.116	Recent independent emergence of multiple multidrug-resistant	False	False	False	not_gated	0			0	0	0	0	none	FILLED	not_gated	train	FILLED	already closed
PRJEB50822	country	train,val	False	PMC9279682	local_pdf	True	True	https://doi.org/10.3389/fmicb.2022.918362	CARB-ES-19 Multicenter Study of Carbapenemase-Producing <i>K	True	True	False	not_gated	0	abstained		0	0	0	0	none	FILLED	not_gated	train	FILLED	already closed
PRJEB50822	collection_date	train,val	False	PMC9279682	local_pdf	True	True	https://doi.org/10.3389/fmicb.2022.918362	CARB-ES-19 Multicenter Study of Carbapenemase-Producing <i>K	True	True	False	not_gated	0	abstained		0	0	0	0	none	FILLED	not_gated	train	FILLED	already closed
PRJEB50822	isolation_source	train,val	False	PMC9279682	local_pdf	True	True	https://doi.org/10.3389/fmicb.2022.918362	CARB-ES-19 Multicenter Study of Carbapenemase-Producing <i>K	True	True	False	not_gated	0	abstained		0	0	0	0	none	FILLED	not_gated	train	FILLED	already closed
PRJEB50822	host	train,val	False	PMC9279682	local_pdf	True	True	https://doi.org/10.3389/fmicb.2022.918362	CARB-ES-19 Multicenter Study of Carbapenemase-Producing <i>K	True	True	False	covered	376	abstained		376	0	0	376	none	FILLED	whole_field	train	FILLED	already closed
PRJEB58018	country	train,val	False	PMC12862290	europepmc_fulltext	True	True	https://doi.org/10.2807/1560-7917.es.2026.31.1.2500378	International spread or local outbreak? Epidemiologic analys	False	False	False	not_gated	0	abstained		0	0	0	0	none	FILLED	not_gated	train	FILLED	already closed
PRJEB58018	collection_date	train,val	False	PMC12862290	europepmc_fulltext	True	True	https://doi.org/10.2807/1560-7917.es.2026.31.1.2500378	International spread or local outbreak? Epidemiologic analys	False	False	False	not_gated	0	abstained		0	0	0	0	none	FILLED	not_gated	train	FILLED	already closed
PRJEB58018	isolation_source	train,val	False	PMC12862290	europepmc_fulltext	True	True	https://doi.org/10.2807/1560-7917.es.2026.31.1.2500378	International spread or local outbreak? Epidemiologic analys	False	False	False	not_gated	0	abstained		0	0	0	0	none	FILLED	not_gated	train	FILLED	already closed
PRJEB58018	host	train,val	False	PMC12862290	europepmc_fulltext	True	True	https://doi.org/10.2807/1560-7917.es.2026.31.1.2500378	International spread or local outbreak? Epidemiologic analys	False	False	False	covered	201	abstained		201	0	0	201	none	FILLED	whole_field	train	FILLED	already closed
PRJEB58136	country	train,val	False	PMC11652666	europepmc_fulltext	True	True	https://doi.org/10.1007/s44197-024-00323-4	Limited Evidence of Spillover of Antimicrobial-Resistant Kle	False	False	True	not_gated	0	direct		0	0	0	0	none	FILLED	not_gated	train	FILLED	already closed
PRJEB58136	collection_date	train,val	False	PMC11652666	europepmc_fulltext	True	True	https://doi.org/10.1007/s44197-024-00323-4	Limited Evidence of Spillover of Antimicrobial-Resistant Kle	False	False	True	not_gated	0	direct		0	0	0	0	none	FILLED	not_gated	train	FILLED	already closed
PRJEB58136	isolation_source	train,val	False	PMC11652666	europepmc_fulltext	True	True	https://doi.org/10.1007/s44197-024-00323-4	Limited Evidence of Spillover of Antimicrobial-Resistant Kle	False	False	True	not_gated	0	direct		0	0	0	0	none	FILLED	not_gated	train	FILLED	already closed
PRJEB58136	host	train,val	False	PMC11652666	europepmc_fulltext	True	True	https://doi.org/10.1007/s44197-024-00323-4	Limited Evidence of Spillover of Antimicrobial-Resistant Kle	False	False	True	covered	138	direct		0	138	0	0	none	FILLED	whole_field	train	FILLED	already closed
PRJEB58216	country	train,val	False	PMC10483420	europepmc_fulltext	True	True	https://doi.org/10.1099/mgen.0.001082	Three <i>Klebsiella pneumoniae</i> lineages causing bloodstr	False	False	False	not_gated	0	direct		0	0	0	0	none	FILLED	not_gated	train	FILLED	already closed
PRJEB58216	collection_date	train,val	False	PMC10483420	europepmc_fulltext	True	True	https://doi.org/10.1099/mgen.0.001082	Three <i>Klebsiella pneumoniae</i> lineages causing bloodstr	False	False	False	not_gated	0	direct		0	209	0	0	none	FILLED	not_gated	train	FILLED	already closed
PRJEB58216	isolation_source	train,val	False	PMC10483420	europepmc_fulltext	True	True	https://doi.org/10.1099/mgen.0.001082	Three <i>Klebsiella pneumoniae</i> lineages causing bloodstr	False	False	False	not_gated	0	direct		0	209	0	0	none	FILLED	not_gated	train	FILLED	already closed
PRJEB58216	host	train,val	False	PMC10483420	europepmc_fulltext	True	True	https://doi.org/10.1099/mgen.0.001082	Three <i>Klebsiella pneumoniae</i> lineages causing bloodstr	False	False	False	covered	209	direct		209	0	0	209	none	FILLED	whole_field	train	FILLED	already closed
PRJEB63361	country	train,val	False	PMC12810914	local_pdf	True	True	https://doi.org/10.1371/journal.ppat.1013859	Carbapenem resistant Klebsiella pneumoniae isolates at a ter	True	True	False	not_gated	0	direct		0	0	0	0	none	FILLED	not_gated	train	FILLED	already closed
PRJEB63361	collection_date	train,val	False	PMC12810914	local_pdf	True	True	https://doi.org/10.1371/journal.ppat.1013859	Carbapenem resistant Klebsiella pneumoniae isolates at a ter	True	True	False	not_gated	0	direct		0	413	0	0	none	FILLED	not_gated	train	FILLED	already closed
PRJEB63361	isolation_source	train,val	False	PMC12810914	local_pdf	True	True	https://doi.org/10.1371/journal.ppat.1013859	Carbapenem resistant Klebsiella pneumoniae isolates at a ter	True	True	False	not_gated	0	direct		0	413	0	0	none	FILLED	not_gated	train	FILLED	already closed
PRJEB63361	host	train,val	False	PMC12810914	local_pdf	True	True	https://doi.org/10.1371/journal.ppat.1013859	Carbapenem resistant Klebsiella pneumoniae isolates at a ter	True	True	False	covered	413	direct		1	413	0	0	none	FILLED	whole_field	train	FILLED	already closed
PRJEB64895	country	train,val	False	PMC10668257	europepmc_fulltext	True	True	https://doi.org/10.2807/1560-7917.es.2023.28.47.2300571	Emergence and persistent spread of carbapenemase-producing <	False	False	False	not_gated	0	abstained		0	0	0	0	none	FILLED	not_gated	train	FILLED	already closed
PRJEB64895	collection_date	train,val	False	PMC10668257	europepmc_fulltext	True	True	https://doi.org/10.2807/1560-7917.es.2023.28.47.2300571	Emergence and persistent spread of carbapenemase-producing <	False	False	False	not_gated	0	abstained		0	0	0	0	none	FILLED	not_gated	train	FILLED	already closed
PRJEB64895	isolation_source	train,val	False	PMC10668257	europepmc_fulltext	True	True	https://doi.org/10.2807/1560-7917.es.2023.28.47.2300571	Emergence and persistent spread of carbapenemase-producing <	False	False	False	residual_per_sample	142	abstained	no_supp	0	0	0	142	generated	EXHAUSTED	paper_has_no_table	train	EXHAUSTED	already closed
PRJEB64895	host	train,val	False	PMC10668257	europepmc_fulltext	True	True	https://doi.org/10.2807/1560-7917.es.2023.28.47.2300571	Emergence and persistent spread of carbapenemase-producing <	False	False	False	covered	142	abstained		142	0	0	142	none	FILLED	whole_field	train	FILLED	already closed
PRJEB6574	country	train,val	True		local_pdf	True	True			True	True	False	not_gated	0			0	0	0	0	none	FILLED	not_gated	train	FILLED	already closed
PRJEB6574	collection_date	train,val	True		local_pdf	True	True			True	True	False	not_gated	0			0	0	0	0	none	FILLED	not_gated	train	FILLED	already closed
PRJEB6574	isolation_source	train,val	True		local_pdf	True	True			True	True	False	not_gated	0			0	0	0	0	none	FILLED	not_gated	train	FILLED	already closed
PRJEB6574	host	train,val	True		local_pdf	True	True			True	True	False	not_gated	0			0	0	0	0	none	FILLED	not_gated	train	FILLED	already closed
PRJEB6891	country	train,val	False	PMC5850561	local_pdf	True	True	https://doi.org/10.1093/cid/cix270	Gastrointestinal Carriage Is a Major Reservoir of Klebsiella	True	True	True	covered	511	direct		511	0	0	511	none	FILLED	whole_field	train	FILLED	already closed
PRJEB6891	collection_date	train,val	False	PMC5850561	local_pdf	True	True	https://doi.org/10.1093/cid/cix270	Gastrointestinal Carriage Is a Major Reservoir of Klebsiella	True	True	True	covered	511	direct		0	85	511	0	applied	FILLED	whole_field	train	FILLED	already closed
PRJEB6891	isolation_source	train,val	False	PMC5850561	local_pdf	True	True	https://doi.org/10.1093/cid/cix270	Gastrointestinal Carriage Is a Major Reservoir of Klebsiella	True	True	True	covered	511	direct		0	84	0	427	generated	FILLED	whole_field	train	FILLED	already closed
PRJEB6891	host	train,val	False	PMC5850561	local_pdf	True	True	https://doi.org/10.1093/cid/cix270	Gastrointestinal Carriage Is a Major Reservoir of Klebsiella	True	True	True	covered	513	direct		513	0	0	513	none	FILLED	whole_field	train	FILLED	already closed
PRJEB74083	country	train,val	False	PMC11027475	europepmc_fulltext	True	True	https://doi.org/10.2807/1560-7917.es.2024.29.16.2400188	Emergence of OXA-48-producing <i>Klebsiella pneumoniae</i> i	False	False	False	not_gated	0	abstained		0	0	0	0	none	FILLED	not_gated	train	FILLED	already closed
PRJEB74083	collection_date	train,val	False	PMC11027475	europepmc_fulltext	True	True	https://doi.org/10.2807/1560-7917.es.2024.29.16.2400188	Emergence of OXA-48-producing <i>Klebsiella pneumoniae</i> i	False	False	False	not_gated	0	abstained		0	0	0	0	none	FILLED	not_gated	train	FILLED	already closed
PRJEB74083	isolation_source	train,val	False	PMC11027475	europepmc_fulltext	True	True	https://doi.org/10.2807/1560-7917.es.2024.29.16.2400188	Emergence of OXA-48-producing <i>Klebsiella pneumoniae</i> i	False	False	False	residual_per_sample	106	abstained	no_supp	0	0	0	106	generated	EXHAUSTED	paper_has_no_table	train	EXHAUSTED	already closed
PRJEB74083	host	train,val	False	PMC11027475	europepmc_fulltext	True	True	https://doi.org/10.2807/1560-7917.es.2024.29.16.2400188	Emergence of OXA-48-producing <i>Klebsiella pneumoniae</i> i	False	False	False	covered	106	abstained		106	0	0	106	none	FILLED	whole_field	train	FILLED	already closed
PRJEB74192	country	train,val	False	PMC12039103	europepmc_fulltext	True	True	https://doi.org/10.1186/s13073-025-01466-0	A genome-wide One Health study of Klebsiella pneumoniae in N	False	False	False	not_gated	0			0	0	0	0	none	FILLED	not_gated	train	FILLED	already closed
PRJEB74192	collection_date	train,val	False	PMC12039103	europepmc_fulltext	True	True	https://doi.org/10.1186/s13073-025-01466-0	A genome-wide One Health study of Klebsiella pneumoniae in N	False	False	False	not_gated	0			0	0	0	0	none	FILLED	not_gated	train	FILLED	already closed
PRJEB74192	isolation_source	train,val	False	PMC12039103	europepmc_fulltext	True	True	https://doi.org/10.1186/s13073-025-01466-0	A genome-wide One Health study of Klebsiella pneumoniae in N	False	False	False	not_gated	0			0	0	0	0	none	FILLED	not_gated	train	FILLED	already closed
PRJEB74192	host	train,val	False	PMC12039103	europepmc_fulltext	True	True	https://doi.org/10.1186/s13073-025-01466-0	A genome-wide One Health study of Klebsiella pneumoniae in N	False	False	False	not_gated	0			0	0	0	0	none	FILLED	not_gated	train	FILLED	already closed
PRJNA1028672	country	train,val	False	PMC10914598	local_pdf	True	True	https://doi.org/10.1038/s41564-024-01612-1	Carbapenem-resistant Klebsiella pneumoniae capsular types, a	True	True	False	not_gated	0			0	0	0	0	none	FILLED	not_gated	train	FILLED	already closed
PRJNA1028672	collection_date	train,val	False	PMC10914598	local_pdf	True	True	https://doi.org/10.1038/s41564-024-01612-1	Carbapenem-resistant Klebsiella pneumoniae capsular types, a	True	True	False	not_gated	0			0	0	0	0	none	FILLED	not_gated	train	FILLED	already closed
PRJNA1028672	isolation_source	train,val	False	PMC10914598	local_pdf	True	True	https://doi.org/10.1038/s41564-024-01612-1	Carbapenem-resistant Klebsiella pneumoniae capsular types, a	True	True	False	not_gated	0			0	0	0	0	none	FILLED	not_gated	train	FILLED	already closed
PRJNA1028672	host	train,val	False	PMC10914598	local_pdf	True	True	https://doi.org/10.1038/s41564-024-01612-1	Carbapenem-resistant Klebsiella pneumoniae capsular types, a	True	True	False	not_gated	0			0	0	0	0	none	FILLED	not_gated	train	FILLED	already closed
PRJNA1048341	country	train,val	False	PMC10917868	europepmc_fulltext	True	True	https://doi.org/10.1007/s10096-023-04735-1	Activity of imipenem/relebactam and comparators against KPC-	False	False	False	not_gated	0	abstained		0	0	0	0	none	FILLED	not_gated	train	FILLED	already closed
PRJNA1048341	collection_date	train,val	False	PMC10917868	europepmc_fulltext	True	True	https://doi.org/10.1007/s10096-023-04735-1	Activity of imipenem/relebactam and comparators against KPC-	False	False	False	not_gated	0	abstained		0	0	0	0	none	FILLED	not_gated	train	FILLED	already closed
PRJNA1048341	isolation_source	train,val	False	PMC10917868	europepmc_fulltext	True	True	https://doi.org/10.1007/s10096-023-04735-1	Activity of imipenem/relebactam and comparators against KPC-	False	False	False	not_gated	0	abstained		0	0	0	0	none	FILLED	not_gated	train	FILLED	already closed
PRJNA1048341	host	train,val	False	PMC10917868	europepmc_fulltext	True	True	https://doi.org/10.1007/s10096-023-04735-1	Activity of imipenem/relebactam and comparators against KPC-	False	False	False	covered	177	abstained		177	0	0	177	none	FILLED	whole_field	train	FILLED	already closed
PRJNA1052047	country	train,val	False	PMC11256802	europepmc_fulltext	True	True	https://doi.org/10.1128/mra.00132-24	Draft genome sequences of 148 <i>Klebsiella pneumoniae</i> s	False	False	False	not_gated	0			0	0	0	0	none	FILLED	not_gated	train	FILLED	already closed
PRJNA1052047	collection_date	train,val	False	PMC11256802	europepmc_fulltext	True	True	https://doi.org/10.1128/mra.00132-24	Draft genome sequences of 148 <i>Klebsiella pneumoniae</i> s	False	False	False	not_gated	0			0	0	0	0	none	FILLED	not_gated	train	FILLED	already closed
PRJNA1052047	isolation_source	train,val	False	PMC11256802	europepmc_fulltext	True	True	https://doi.org/10.1128/mra.00132-24	Draft genome sequences of 148 <i>Klebsiella pneumoniae</i> s	False	False	False	not_gated	0			0	0	0	0	none	FILLED	not_gated	train	FILLED	already closed
PRJNA1052047	host	train,val	False	PMC11256802	europepmc_fulltext	True	True	https://doi.org/10.1128/mra.00132-24	Draft genome sequences of 148 <i>Klebsiella pneumoniae</i> s	False	False	False	not_gated	0			0	0	0	0	none	FILLED	not_gated	train	FILLED	already closed
PRJNA1054115	country	train,val	False	PMC11322185	europepmc_fulltext	True	True	https://doi.org/10.1038/s41467-024-51374-x	Clonal background and routes of plasmid transmission underli	False	False	False	not_gated	0			0	0	0	0	none	FILLED	not_gated	train	FILLED	already closed
PRJNA1054115	collection_date	train,val	False	PMC11322185	europepmc_fulltext	True	True	https://doi.org/10.1038/s41467-024-51374-x	Clonal background and routes of plasmid transmission underli	False	False	False	not_gated	0			0	0	0	0	none	FILLED	not_gated	train	FILLED	already closed
PRJNA1054115	isolation_source	train,val	False	PMC11322185	europepmc_fulltext	True	True	https://doi.org/10.1038/s41467-024-51374-x	Clonal background and routes of plasmid transmission underli	False	False	False	not_gated	0			0	0	0	0	none	FILLED	not_gated	train	FILLED	already closed
PRJNA1054115	host	train,val	False	PMC11322185	europepmc_fulltext	True	True	https://doi.org/10.1038/s41467-024-51374-x	Clonal background and routes of plasmid transmission underli	False	False	False	not_gated	0			0	0	0	0	none	FILLED	not_gated	train	FILLED	already closed
PRJNA1087366	country	train,val	False	PMC11087563	europepmc_fulltext	True	True	https://doi.org/10.1038/s41467-024-48296-z	Assessment of three antibiotic combination regimens against 	False	False	False	residual_per_sample	135	abstained		0	0	0	135	generated	BLOCKED	needs_linkage	train	ACCEPTED	table has no ENA-mappable key (unanchored) or no per-isolate table exists
PRJNA1087366	collection_date	train,val	False	PMC11087563	europepmc_fulltext	True	True	https://doi.org/10.1038/s41467-024-48296-z	Assessment of three antibiotic combination regimens against 	False	False	False	residual_per_sample	135	abstained		0	0	0	135	generated	BLOCKED	needs_linkage	train	ACCEPTED	table has no ENA-mappable key (unanchored) or no per-isolate table exists
PRJNA1087366	isolation_source	train,val	False	PMC11087563	europepmc_fulltext	True	True	https://doi.org/10.1038/s41467-024-48296-z	Assessment of three antibiotic combination regimens against 	False	False	False	residual_per_sample	135	abstained		0	0	135	0	applied	FILLED	per_sample_or_escalation	train	FILLED	already closed
PRJNA1087366	host	train,val	False	PMC11087563	europepmc_fulltext	True	True	https://doi.org/10.1038/s41467-024-48296-z	Assessment of three antibiotic combination regimens against 	False	False	False	covered	135	abstained		135	0	0	135	none	FILLED	whole_field	train	FILLED	already closed
PRJNA1133624	country	train,val	False	PMC12077086	local_pdf	True	True	https://doi.org/10.1128/jcm.01105-24	Rapid prediction of carbapenemases in &lt;i&gt;Pseudomonas a	True	True	False	not_gated	0			0	0	0	0	none	FILLED	not_gated	train	FILLED	already closed
PRJNA1133624	collection_date	train,val	False	PMC12077086	local_pdf	True	True	https://doi.org/10.1128/jcm.01105-24	Rapid prediction of carbapenemases in &lt;i&gt;Pseudomonas a	True	True	False	not_gated	0			0	0	0	0	none	FILLED	not_gated	train	FILLED	already closed
PRJNA1133624	isolation_source	train,val	False	PMC12077086	local_pdf	True	True	https://doi.org/10.1128/jcm.01105-24	Rapid prediction of carbapenemases in &lt;i&gt;Pseudomonas a	True	True	False	not_gated	0			0	0	0	0	none	FILLED	not_gated	train	FILLED	already closed
PRJNA1133624	host	train,val	False	PMC12077086	local_pdf	True	True	https://doi.org/10.1128/jcm.01105-24	Rapid prediction of carbapenemases in &lt;i&gt;Pseudomonas a	True	True	False	not_gated	0			0	0	0	0	none	FILLED	not_gated	train	FILLED	already closed
PRJNA246471	country	train,val	False	PMC4879409	europepmc_fulltext	True	True	https://doi.org/10.1128/aac.00464-16	Nested Russian Doll-Like Genetic Mobility Drives Rapid Disse	False	False	False	not_gated	0			0	0	0	0	none	FILLED	not_gated	train	FILLED	already closed
PRJNA246471	collection_date	train,val	False	PMC4879409	europepmc_fulltext	True	True	https://doi.org/10.1128/aac.00464-16	Nested Russian Doll-Like Genetic Mobility Drives Rapid Disse	False	False	False	not_gated	0			0	0	0	0	none	FILLED	not_gated	train	FILLED	already closed
PRJNA246471	isolation_source	train,val	False	PMC4879409	europepmc_fulltext	True	True	https://doi.org/10.1128/aac.00464-16	Nested Russian Doll-Like Genetic Mobility Drives Rapid Disse	False	False	False	not_gated	0			0	0	0	0	none	FILLED	not_gated	train	FILLED	already closed
PRJNA246471	host	train,val	False	PMC4879409	europepmc_fulltext	True	True	https://doi.org/10.1128/aac.00464-16	Nested Russian Doll-Like Genetic Mobility Drives Rapid Disse	False	False	False	not_gated	0			0	0	0	0	none	FILLED	not_gated	train	FILLED	already closed
PRJNA271899	country	train,val	False	PMC8981930	europepmc_fulltext	True	True	https://doi.org/10.1186/s13073-022-01040-y	Inter-species geographic signatures for tracing horizontal g	False	False	False	not_gated	0	direct		0	53	0	0	none	FILLED	not_gated	train	FILLED	already closed
PRJNA271899	collection_date	train,val	False	PMC8981930	europepmc_fulltext	True	True	https://doi.org/10.1186/s13073-022-01040-y	Inter-species geographic signatures for tracing horizontal g	False	False	False	not_gated	0	direct		0	3	0	0	none	FILLED	not_gated	train	FILLED	already closed
PRJNA271899	isolation_source	train,val	False	PMC8981930	europepmc_fulltext	True	True	https://doi.org/10.1186/s13073-022-01040-y	Inter-species geographic signatures for tracing horizontal g	False	False	False	covered	254	direct		0	101	0	153	generated	FILLED	whole_field	train	FILLED	already closed
PRJNA271899	host	train,val	False	PMC8981930	europepmc_fulltext	True	True	https://doi.org/10.1186/s13073-022-01040-y	Inter-species geographic signatures for tracing horizontal g	False	False	False	not_gated	0	direct		0	0	0	0	none	FILLED	not_gated	train	FILLED	already closed
PRJNA278886	country	train,val	False	PMC6355588	europepmc_fulltext	True	True	https://doi.org/10.1128/aac.02040-18	Diverse Vectors and Mechanisms Spread New Delhi Metallo-β-La	False	False	False	not_gated	0			0	0	0	0	none	FILLED	not_gated	train	FILLED	already closed
PRJNA278886	collection_date	train,val	False	PMC6355588	europepmc_fulltext	True	True	https://doi.org/10.1128/aac.02040-18	Diverse Vectors and Mechanisms Spread New Delhi Metallo-β-La	False	False	False	not_gated	0			0	0	0	0	none	FILLED	not_gated	train	FILLED	already closed
PRJNA278886	isolation_source	train,val	False	PMC6355588	europepmc_fulltext	True	True	https://doi.org/10.1128/aac.02040-18	Diverse Vectors and Mechanisms Spread New Delhi Metallo-β-La	False	False	False	not_gated	0			0	0	0	0	none	FILLED	not_gated	train	FILLED	already closed
PRJNA278886	host	train,val	False	PMC6355588	europepmc_fulltext	True	True	https://doi.org/10.1128/aac.02040-18	Diverse Vectors and Mechanisms Spread New Delhi Metallo-β-La	False	False	False	not_gated	0			0	0	0	0	none	FILLED	not_gated	train	FILLED	already closed
PRJNA325243	country	train,val	False	PMC12247286	europepmc_fulltext	True	True	https://doi.org/10.1186/s12917-025-04686-z	Genomic snapshot of Klebsiella spp. isolates from clinically	False	False	False	not_gated	0	abstained		0	0	0	0	none	FILLED	not_gated	train	FILLED	already closed
PRJNA325243	collection_date	train,val	False	PMC12247286	europepmc_fulltext	True	True	https://doi.org/10.1186/s12917-025-04686-z	Genomic snapshot of Klebsiella spp. isolates from clinically	False	False	False	not_gated	0	abstained		0	0	0	0	none	FILLED	not_gated	train	FILLED	already closed
PRJNA325243	isolation_source	train,val	False	PMC12247286	europepmc_fulltext	True	True	https://doi.org/10.1186/s12917-025-04686-z	Genomic snapshot of Klebsiella spp. isolates from clinically	False	False	False	not_gated	0	abstained		0	0	0	0	none	FILLED	not_gated	train	FILLED	already closed
PRJNA325243	host	train,val	False	PMC12247286	europepmc_fulltext	True	True	https://doi.org/10.1186/s12917-025-04686-z	Genomic snapshot of Klebsiella spp. isolates from clinically	False	False	False	residual_per_sample	241	abstained		0	0	241	0	applied	FILLED	per_sample_or_escalation	train	FILLED	already closed
PRJNA341927	country	train,val	False		local_pdf	True	True	https://doi.org/10.1093/jac/dkx135	Evolution and dissemination of the Klebsiella pneumoniae clo	True	True	False	not_gated	0	NO_PMCID		0	0	0	0	none	FILLED	not_gated	train	FILLED	already closed
PRJNA341927	collection_date	train,val	False		local_pdf	True	True	https://doi.org/10.1093/jac/dkx135	Evolution and dissemination of the Klebsiella pneumoniae clo	True	True	False	not_gated	0	NO_PMCID		0	0	0	0	none	FILLED	not_gated	train	FILLED	already closed
PRJNA341927	isolation_source	train,val	False		local_pdf	True	True	https://doi.org/10.1093/jac/dkx135	Evolution and dissemination of the Klebsiella pneumoniae clo	True	True	False	covered	244	NO_PMCID		244	0	0	244	none	FILLED	whole_field	train	FILLED	already closed
PRJNA341927	host	train,val	False		local_pdf	True	True	https://doi.org/10.1093/jac/dkx135	Evolution and dissemination of the Klebsiella pneumoniae clo	True	True	False	not_gated	0	NO_PMCID		0	0	0	0	none	FILLED	not_gated	train	FILLED	already closed
PRJNA351909	country	train,val	True		local_pdf	True	True			True	True	False	not_gated	0			0	0	0	0	none	FILLED	not_gated	train	FILLED	already closed
PRJNA351909	collection_date	train,val	True		local_pdf	True	True			True	True	False	not_gated	0			0	0	0	0	none	FILLED	not_gated	train	FILLED	already closed
PRJNA351909	isolation_source	train,val	True		local_pdf	True	True			True	True	False	not_gated	0			0	0	0	0	none	FILLED	not_gated	train	FILLED	already closed
PRJNA351909	host	train,val	True		local_pdf	True	True			True	True	False	not_gated	0			0	0	0	0	none	FILLED	not_gated	train	FILLED	already closed
PRJNA395086	country	train,val	False	PMC8547452	local_pdf	True	True	https://doi.org/10.1128/msystems.00194-21	Genomic Features Associated with the Degree of Phenotypic Re	True	True	False	not_gated	0			0	0	0	0	none	FILLED	not_gated	train	FILLED	already closed
PRJNA395086	collection_date	train,val	False	PMC8547452	local_pdf	True	True	https://doi.org/10.1128/msystems.00194-21	Genomic Features Associated with the Degree of Phenotypic Re	True	True	False	not_gated	0			0	0	0	0	none	FILLED	not_gated	train	FILLED	already closed
PRJNA395086	isolation_source	train,val	False	PMC8547452	local_pdf	True	True	https://doi.org/10.1128/msystems.00194-21	Genomic Features Associated with the Degree of Phenotypic Re	True	True	False	not_gated	0			0	0	0	0	none	FILLED	not_gated	train	FILLED	already closed
PRJNA395086	host	train,val	False	PMC8547452	local_pdf	True	True	https://doi.org/10.1128/msystems.00194-21	Genomic Features Associated with the Degree of Phenotypic Re	True	True	False	not_gated	0			0	0	0	0	none	FILLED	not_gated	train	FILLED	already closed
PRJNA396774	country	train,val	False	PMC5765115	local_pdf	True	True	https://doi.org/10.1038/s41598-017-18972-w	Developing an in silico minimum inhibitory concentration pan	True	True	False	not_gated	0			0	0	0	0	none	FILLED	not_gated	train	FILLED	already closed
PRJNA396774	collection_date	train,val	False	PMC5765115	local_pdf	True	True	https://doi.org/10.1038/s41598-017-18972-w	Developing an in silico minimum inhibitory concentration pan	True	True	False	not_gated	0			0	0	0	0	none	FILLED	not_gated	train	FILLED	already closed
PRJNA396774	isolation_source	train,val	False	PMC5765115	local_pdf	True	True	https://doi.org/10.1038/s41598-017-18972-w	Developing an in silico minimum inhibitory concentration pan	True	True	False	not_gated	0			0	0	0	0	none	FILLED	not_gated	train	FILLED	already closed
PRJNA396774	host	train,val	False	PMC5765115	local_pdf	True	True	https://doi.org/10.1038/s41598-017-18972-w	Developing an in silico minimum inhibitory concentration pan	True	True	False	not_gated	0			0	0	0	0	none	FILLED	not_gated	train	FILLED	already closed
PRJNA398288	country	train,val	True		local_pdf	True	True			True	True	False	not_gated	0			0	0	0	0	none	FILLED	not_gated	train	FILLED	already closed
PRJNA398288	collection_date	train,val	True		local_pdf	True	True			True	True	False	not_gated	0			0	0	0	0	none	FILLED	not_gated	train	FILLED	already closed
PRJNA398288	isolation_source	train,val	True		local_pdf	True	True			True	True	False	not_gated	0			0	0	0	0	none	FILLED	not_gated	train	FILLED	already closed
PRJNA398288	host	train,val	True		local_pdf	True	True			True	True	False	not_gated	0			0	0	0	0	none	FILLED	not_gated	train	FILLED	already closed
PRJNA415194	country	train,val	False	PMC6811406	local_pdf	True	True	https://doi.org/10.1128/aac.01622-19	Whole-Genome Sequencing To Identify Drivers of Carbapenem-Re	True	True	False	not_gated	0			0	0	0	0	none	FILLED	not_gated	train	FILLED	already closed
PRJNA415194	collection_date	train,val	False	PMC6811406	local_pdf	True	True	https://doi.org/10.1128/aac.01622-19	Whole-Genome Sequencing To Identify Drivers of Carbapenem-Re	True	True	False	not_gated	0			0	0	0	0	none	FILLED	not_gated	train	FILLED	already closed
PRJNA415194	isolation_source	train,val	False	PMC6811406	local_pdf	True	True	https://doi.org/10.1128/aac.01622-19	Whole-Genome Sequencing To Identify Drivers of Carbapenem-Re	True	True	False	not_gated	0			0	0	0	0	none	FILLED	not_gated	train	FILLED	already closed
PRJNA415194	host	train,val	False	PMC6811406	local_pdf	True	True	https://doi.org/10.1128/aac.01622-19	Whole-Genome Sequencing To Identify Drivers of Carbapenem-Re	True	True	False	not_gated	0			0	0	0	0	none	FILLED	not_gated	train	FILLED	already closed
PRJNA475751	country	train,val	False		local_pdf	True	True	https://doi.org/10.1101/2024.02.16.24302955	Methods for cost-efficient, whole genome sequencing surveill	True	True	False	not_gated	0			0	0	0	0	none	FILLED	not_gated	train	FILLED	already closed
PRJNA475751	collection_date	train,val	False		local_pdf	True	True	https://doi.org/10.1101/2024.02.16.24302955	Methods for cost-efficient, whole genome sequencing surveill	True	True	False	not_gated	0			0	0	0	0	none	FILLED	not_gated	train	FILLED	already closed
PRJNA475751	isolation_source	train,val	False		local_pdf	True	True	https://doi.org/10.1101/2024.02.16.24302955	Methods for cost-efficient, whole genome sequencing surveill	True	True	False	not_gated	0			0	0	0	0	none	FILLED	not_gated	train	FILLED	already closed
PRJNA475751	host	train,val	False		local_pdf	True	True	https://doi.org/10.1101/2024.02.16.24302955	Methods for cost-efficient, whole genome sequencing surveill	True	True	False	not_gated	0			0	0	0	0	none	FILLED	not_gated	train	FILLED	already closed
PRJNA544438	country	train,val	False	PMC7546912	local_pdf	True	True	https://doi.org/10.1371/journal.pone.0239924	Clinical and molecular characteristics of carbapenem non-sus	True	True	False	not_gated	0			0	0	0	0	none	FILLED	not_gated	train	FILLED	already closed
PRJNA544438	collection_date	train,val	False	PMC7546912	local_pdf	True	True	https://doi.org/10.1371/journal.pone.0239924	Clinical and molecular characteristics of carbapenem non-sus	True	True	False	not_gated	0			0	0	0	0	none	FILLED	not_gated	train	FILLED	already closed
PRJNA544438	isolation_source	train,val	False	PMC7546912	local_pdf	True	True	https://doi.org/10.1371/journal.pone.0239924	Clinical and molecular characteristics of carbapenem non-sus	True	True	False	not_gated	0			0	0	0	0	none	FILLED	not_gated	train	FILLED	already closed
PRJNA544438	host	train,val	False	PMC7546912	local_pdf	True	True	https://doi.org/10.1371/journal.pone.0239924	Clinical and molecular characteristics of carbapenem non-sus	True	True	False	not_gated	0			0	0	0	0	none	FILLED	not_gated	train	FILLED	already closed
PRJNA549322	country	train,val	True		pdf	True	True			False	False	False	residual_per_sample	146	abstained		0	0	146	0	applied	FILLED	per_sample_or_escalation	train	FILLED	already closed
PRJNA549322	collection_date	train,val	True		pdf	True	True			False	False	False	residual_per_sample	148	abstained	no_supp	0	0	0	148	generated	EXHAUSTED	paper_has_no_table	train	EXHAUSTED	already closed
PRJNA549322	isolation_source	train,val	True		pdf	True	True			False	False	False	residual_per_sample	148	abstained		0	0	148	0	applied	FILLED	per_sample_or_escalation	train	FILLED	already closed
PRJNA549322	host	train,val	True		pdf	True	True			False	False	False	not_gated	0	abstained		0	0	0	0	none	FILLED	not_gated	train	FILLED	already closed
PRJNA557275	country	train,val	False	PMC7201408	local_pdf	True	True	https://doi.org/10.1093/cid/ciz623	Emergence of Polymyxin Resistance in Clinical Klebsiella pne	True	True	False	not_gated	0			0	0	0	0	none	FILLED	not_gated	train	FILLED	already closed
PRJNA557275	collection_date	train,val	False	PMC7201408	local_pdf	True	True	https://doi.org/10.1093/cid/ciz623	Emergence of Polymyxin Resistance in Clinical Klebsiella pne	True	True	False	not_gated	0			0	0	0	0	none	FILLED	not_gated	train	FILLED	already closed
PRJNA557275	isolation_source	train,val	False	PMC7201408	local_pdf	True	True	https://doi.org/10.1093/cid/ciz623	Emergence of Polymyxin Resistance in Clinical Klebsiella pne	True	True	False	not_gated	0			0	0	0	0	none	FILLED	not_gated	train	FILLED	already closed
PRJNA557275	host	train,val	False	PMC7201408	local_pdf	True	True	https://doi.org/10.1093/cid/ciz623	Emergence of Polymyxin Resistance in Clinical Klebsiella pne	True	True	False	not_gated	0			0	0	0	0	none	FILLED	not_gated	train	FILLED	already closed
PRJNA564424	country	train,val	False	PMC7179641	pdf	True	True	https://doi.org/10.1128/aac.02244-19	Genomic Epidemiology of Complex, Multispecies, Plasmid-Borne	False	False	True	not_gated	0	abstained		0	0	0	0	none	FILLED	not_gated	train	FILLED	already closed
PRJNA564424	collection_date	train,val	False	PMC7179641	pdf	True	True	https://doi.org/10.1128/aac.02244-19	Genomic Epidemiology of Complex, Multispecies, Plasmid-Borne	False	False	True	not_gated	0	abstained		0	0	0	0	none	FILLED	not_gated	train	FILLED	already closed
PRJNA564424	isolation_source	train,val	False	PMC7179641	pdf	True	True	https://doi.org/10.1128/aac.02244-19	Genomic Epidemiology of Complex, Multispecies, Plasmid-Borne	False	False	True	not_gated	0	abstained		0	0	0	0	none	FILLED	not_gated	train	FILLED	already closed
PRJNA564424	host	train,val	False	PMC7179641	pdf	True	True	https://doi.org/10.1128/aac.02244-19	Genomic Epidemiology of Complex, Multispecies, Plasmid-Borne	False	False	True	not_gated	0	abstained		0	0	0	0	none	FILLED	not_gated	train	FILLED	already closed
PRJNA564992	country	train,val	False		local_pdf	True	True	https://doi.org/10.1093/jac/dkab268	Comparison of phenotypic antimicrobial susceptibility testin	True	True	False	not_gated	0			0	0	0	0	none	FILLED	not_gated	train	FILLED	already closed
PRJNA564992	collection_date	train,val	False		local_pdf	True	True	https://doi.org/10.1093/jac/dkab268	Comparison of phenotypic antimicrobial susceptibility testin	True	True	False	not_gated	0			0	0	0	0	none	FILLED	not_gated	train	FILLED	already closed
PRJNA564992	isolation_source	train,val	False		local_pdf	True	True	https://doi.org/10.1093/jac/dkab268	Comparison of phenotypic antimicrobial susceptibility testin	True	True	False	not_gated	0			0	0	0	0	none	FILLED	not_gated	train	FILLED	already closed
PRJNA564992	host	train,val	False		local_pdf	True	True	https://doi.org/10.1093/jac/dkab268	Comparison of phenotypic antimicrobial susceptibility testin	True	True	False	not_gated	0			0	0	0	0	none	FILLED	not_gated	train	FILLED	already closed
PRJNA565795	country	train,val	False	PMC9019234	europepmc_fulltext	True	True	https://doi.org/10.1016/j.lanwpc.2022.100446	Multi-site implementation of whole genome sequencing for hos	False	False	False	not_gated	0			0	0	0	0	none	FILLED	not_gated	train	FILLED	already closed
PRJNA565795	collection_date	train,val	False	PMC9019234	europepmc_fulltext	True	True	https://doi.org/10.1016/j.lanwpc.2022.100446	Multi-site implementation of whole genome sequencing for hos	False	False	False	not_gated	0			0	0	0	0	none	FILLED	not_gated	train	FILLED	already closed
PRJNA565795	isolation_source	train,val	False	PMC9019234	europepmc_fulltext	True	True	https://doi.org/10.1016/j.lanwpc.2022.100446	Multi-site implementation of whole genome sequencing for hos	False	False	False	not_gated	0			0	0	0	0	none	FILLED	not_gated	train	FILLED	already closed
PRJNA565795	host	train,val	False	PMC9019234	europepmc_fulltext	True	True	https://doi.org/10.1016/j.lanwpc.2022.100446	Multi-site implementation of whole genome sequencing for hos	False	False	False	not_gated	0			0	0	0	0	none	FILLED	not_gated	train	FILLED	already closed
PRJNA603790	country	train,val	False	PMC9869340	local_pdf	True	True	https://doi.org/10.1016/s2666-5247(22)00115-x	Threshold-free genomic cluster detection to track transmissi	True	True	False	not_gated	0	abstained		0	0	0	0	none	FILLED	not_gated	train	FILLED	already closed
PRJNA603790	collection_date	train,val	False	PMC9869340	local_pdf	True	True	https://doi.org/10.1016/s2666-5247(22)00115-x	Threshold-free genomic cluster detection to track transmissi	True	True	False	not_gated	0	abstained		0	0	0	0	none	FILLED	not_gated	train	FILLED	already closed
PRJNA603790	isolation_source	train,val	False	PMC9869340	local_pdf	True	True	https://doi.org/10.1016/s2666-5247(22)00115-x	Threshold-free genomic cluster detection to track transmissi	True	True	False	covered	462	abstained		462	0	0	462	none	FILLED	whole_field	train	FILLED	already closed
PRJNA603790	host	train,val	False	PMC9869340	local_pdf	True	True	https://doi.org/10.1016/s2666-5247(22)00115-x	Threshold-free genomic cluster detection to track transmissi	True	True	False	not_gated	0	abstained		0	0	0	0	none	FILLED	not_gated	train	FILLED	already closed
PRJNA604910	country	train,val	False	PMC7478627	europepmc_fulltext	True	True	https://doi.org/10.1099/mgen.0.000391	Genomic surveillance of <i>Escherichia coli</i> and <i>Klebs	False	False	False	not_gated	0	abstained		0	0	0	0	none	FILLED	not_gated	train	FILLED	already closed
PRJNA604910	collection_date	train,val	False	PMC7478627	europepmc_fulltext	True	True	https://doi.org/10.1099/mgen.0.000391	Genomic surveillance of <i>Escherichia coli</i> and <i>Klebs	False	False	False	not_gated	0	abstained		0	0	0	0	none	FILLED	not_gated	train	FILLED	already closed
PRJNA604910	isolation_source	train,val	False	PMC7478627	europepmc_fulltext	True	True	https://doi.org/10.1099/mgen.0.000391	Genomic surveillance of <i>Escherichia coli</i> and <i>Klebs	False	False	False	not_gated	0	abstained		0	0	0	0	none	FILLED	not_gated	train	FILLED	already closed
PRJNA604910	host	train,val	False	PMC7478627	europepmc_fulltext	True	True	https://doi.org/10.1099/mgen.0.000391	Genomic surveillance of <i>Escherichia coli</i> and <i>Klebs	False	False	False	covered	259	abstained		259	0	0	259	none	FILLED	whole_field	train	FILLED	already closed
PRJNA604975	country	train,val	False	PMC8414751	europepmc_fulltext	True	True	https://doi.org/10.1186/s13073-021-00947-2	Ten-year longitudinal molecular epidemiology study of Escher	False	False	False	covered	11	abstained		11	0	0	11	none	FILLED	whole_field	train	FILLED	already closed
PRJNA604975	collection_date	train,val	False	PMC8414751	europepmc_fulltext	True	True	https://doi.org/10.1186/s13073-021-00947-2	Ten-year longitudinal molecular epidemiology study of Escher	False	False	False	residual_per_sample	11	abstained	unanchored	0	0	0	11	none	ACTIONABLE	escalate_big_decision	train	ACCEPTED	wide-mix — no single whole-field value applies
PRJNA604975	isolation_source	train,val	False	PMC8414751	europepmc_fulltext	True	True	https://doi.org/10.1186/s13073-021-00947-2	Ten-year longitudinal molecular epidemiology study of Escher	False	False	False	covered	11	abstained		11	0	0	11	none	FILLED	whole_field	train	FILLED	already closed
PRJNA604975	host	train,val	False	PMC8414751	europepmc_fulltext	True	True	https://doi.org/10.1186/s13073-021-00947-2	Ten-year longitudinal molecular epidemiology study of Escher	False	False	False	covered	11	abstained		11	0	0	11	none	FILLED	whole_field	train	FILLED	already closed
PRJNA626430	country	train,val	False	PMC7610705	europepmc_fulltext	True	True	https://doi.org/10.1038/s41564-021-00879-y	Pervasive transmission of a carbapenem resistance plasmid in	False	False	False	not_gated	0			0	0	0	0	none	FILLED	not_gated	train	FILLED	already closed
PRJNA626430	collection_date	train,val	False	PMC7610705	europepmc_fulltext	True	True	https://doi.org/10.1038/s41564-021-00879-y	Pervasive transmission of a carbapenem resistance plasmid in	False	False	False	not_gated	0			0	0	0	0	none	FILLED	not_gated	train	FILLED	already closed
PRJNA626430	isolation_source	train,val	False	PMC7610705	europepmc_fulltext	True	True	https://doi.org/10.1038/s41564-021-00879-y	Pervasive transmission of a carbapenem resistance plasmid in	False	False	False	not_gated	0			0	0	0	0	none	FILLED	not_gated	train	FILLED	already closed
PRJNA626430	host	train,val	False	PMC7610705	europepmc_fulltext	True	True	https://doi.org/10.1038/s41564-021-00879-y	Pervasive transmission of a carbapenem resistance plasmid in	False	False	False	not_gated	0			0	0	0	0	none	FILLED	not_gated	train	FILLED	already closed
PRJNA634885	country	train,val	False	PMC7546619	local_pdf	True	True	https://doi.org/10.1038/s41598-020-73440-2	Plasmid diversity among genetically related Klebsiella pneum	True	True	False	not_gated	0	direct		0	0	0	0	none	FILLED	not_gated	train	FILLED	already closed
PRJNA634885	collection_date	train,val	False	PMC7546619	local_pdf	True	True	https://doi.org/10.1038/s41598-020-73440-2	Plasmid diversity among genetically related Klebsiella pneum	True	True	False	covered	144	direct		0	144	0	0	none	FILLED	whole_field	train	FILLED	already closed
PRJNA634885	isolation_source	train,val	False	PMC7546619	local_pdf	True	True	https://doi.org/10.1038/s41598-020-73440-2	Plasmid diversity among genetically related Klebsiella pneum	True	True	False	residual_per_sample	144	direct	field_not_in_table	0	0	0	144	generated	EXHAUSTED	paper_has_no_table	train	EXHAUSTED	already closed
PRJNA634885	host	train,val	False	PMC7546619	local_pdf	True	True	https://doi.org/10.1038/s41598-020-73440-2	Plasmid diversity among genetically related Klebsiella pneum	True	True	False	not_gated	0	direct		0	0	0	0	none	FILLED	not_gated	train	FILLED	already closed
PRJNA641987	country	train,val	False	PMC8743538	europepmc_fulltext	True	True	https://doi.org/10.1099/mgen.0.000703	Genomic investigation of a suspected &lt;i&gt;Klebsiella pne	False	False	False	not_gated	0	abstained		0	0	0	0	none	FILLED	not_gated	train	FILLED	already closed
PRJNA641987	collection_date	train,val	False	PMC8743538	europepmc_fulltext	True	True	https://doi.org/10.1099/mgen.0.000703	Genomic investigation of a suspected &lt;i&gt;Klebsiella pne	False	False	False	not_gated	0	abstained		0	0	0	0	none	FILLED	not_gated	train	FILLED	already closed
PRJNA641987	isolation_source	train,val	False	PMC8743538	europepmc_fulltext	True	True	https://doi.org/10.1099/mgen.0.000703	Genomic investigation of a suspected &lt;i&gt;Klebsiella pne	False	False	False	covered	16	abstained		16	0	0	16	none	FILLED	whole_field	train	FILLED	already closed
PRJNA641987	host	train,val	False	PMC8743538	europepmc_fulltext	True	True	https://doi.org/10.1099/mgen.0.000703	Genomic investigation of a suspected &lt;i&gt;Klebsiella pne	False	False	False	not_gated	0	abstained		0	0	0	0	none	FILLED	not_gated	train	FILLED	already closed
PRJNA646358	country	train,val	False	PMC8208697	europepmc_fulltext	True	True	https://doi.org/10.1099/mgen.0.000514	Colonization with <i>Staphylococcus aureus</i> and <i>Klebsi	False	False	False	not_gated	0			0	0	0	0	none	FILLED	not_gated	train	FILLED	already closed
PRJNA646358	collection_date	train,val	False	PMC8208697	europepmc_fulltext	True	True	https://doi.org/10.1099/mgen.0.000514	Colonization with <i>Staphylococcus aureus</i> and <i>Klebsi	False	False	False	not_gated	0			0	0	0	0	none	FILLED	not_gated	train	FILLED	already closed
PRJNA646358	isolation_source	train,val	False	PMC8208697	europepmc_fulltext	True	True	https://doi.org/10.1099/mgen.0.000514	Colonization with <i>Staphylococcus aureus</i> and <i>Klebsi	False	False	False	not_gated	0			0	0	0	0	none	FILLED	not_gated	train	FILLED	already closed
PRJNA646358	host	train,val	False	PMC8208697	europepmc_fulltext	True	True	https://doi.org/10.1099/mgen.0.000514	Colonization with <i>Staphylococcus aureus</i> and <i>Klebsi	False	False	False	not_gated	0			0	0	0	0	none	FILLED	not_gated	train	FILLED	already closed
PRJNA648389	country	train,val	False	PMC10926705	europepmc_fulltext	True	True	https://doi.org/10.1099/mgen.0.001201	Identification of a novel CG307 sub-clade in third-generatio	False	False	False	not_gated	0			0	0	0	0	none	FILLED	not_gated	train	FILLED	already closed
PRJNA648389	collection_date	train,val	False	PMC10926705	europepmc_fulltext	True	True	https://doi.org/10.1099/mgen.0.001201	Identification of a novel CG307 sub-clade in third-generatio	False	False	False	not_gated	0			0	0	0	0	none	FILLED	not_gated	train	FILLED	already closed
PRJNA648389	isolation_source	train,val	False	PMC10926705	europepmc_fulltext	True	True	https://doi.org/10.1099/mgen.0.001201	Identification of a novel CG307 sub-clade in third-generatio	False	False	False	not_gated	0			0	0	0	0	none	FILLED	not_gated	train	FILLED	already closed
PRJNA648389	host	train,val	False	PMC10926705	europepmc_fulltext	True	True	https://doi.org/10.1099/mgen.0.001201	Identification of a novel CG307 sub-clade in third-generatio	False	False	False	not_gated	0			0	0	0	0	none	FILLED	not_gated	train	FILLED	already closed
PRJNA686897	country	train,val	False	PMC8528401	local_pdf	True	True	https://doi.org/10.1093/cid/ciab457	Regional Spread of blaNDM-1-Containing Klebsiella pneumoniae	True	True	False	not_gated	0			0	0	0	0	none	FILLED	not_gated	train	FILLED	already closed
PRJNA686897	collection_date	train,val	False	PMC8528401	local_pdf	True	True	https://doi.org/10.1093/cid/ciab457	Regional Spread of blaNDM-1-Containing Klebsiella pneumoniae	True	True	False	not_gated	0			0	0	0	0	none	FILLED	not_gated	train	FILLED	already closed
PRJNA686897	isolation_source	train,val	False	PMC8528401	local_pdf	True	True	https://doi.org/10.1093/cid/ciab457	Regional Spread of blaNDM-1-Containing Klebsiella pneumoniae	True	True	False	not_gated	0			0	0	0	0	none	FILLED	not_gated	train	FILLED	already closed
PRJNA686897	host	train,val	False	PMC8528401	local_pdf	True	True	https://doi.org/10.1093/cid/ciab457	Regional Spread of blaNDM-1-Containing Klebsiella pneumoniae	True	True	False	not_gated	0			0	0	0	0	none	FILLED	not_gated	train	FILLED	already closed
PRJNA765801	country	train,val	False	PMC12569050	local_pdf	True	True	https://doi.org/10.1038/s41467-025-64515-7	Plasmid dynamics driving carbapenemase gene dissemination in	True	True	False	not_gated	0	abstained		0	0	0	0	none	FILLED	not_gated	train	FILLED	already closed
PRJNA765801	collection_date	train,val	False	PMC12569050	local_pdf	True	True	https://doi.org/10.1038/s41467-025-64515-7	Plasmid dynamics driving carbapenemase gene dissemination in	True	True	False	residual_per_sample	219	abstained	abstained_other	0	0	0	219	generated	EXHAUSTED	abstained_other	train	EXHAUSTED	already closed
PRJNA765801	isolation_source	train,val	False	PMC12569050	local_pdf	True	True	https://doi.org/10.1038/s41467-025-64515-7	Plasmid dynamics driving carbapenemase gene dissemination in	True	True	False	residual_per_sample	219	abstained	abstained_other	0	0	0	219	generated	EXHAUSTED	abstained_other	train	EXHAUSTED	already closed
PRJNA765801	host	train,val	False	PMC12569050	local_pdf	True	True	https://doi.org/10.1038/s41467-025-64515-7	Plasmid dynamics driving carbapenemase gene dissemination in	True	True	False	covered	219	abstained		219	0	0	219	none	FILLED	whole_field	train	FILLED	already closed
PRJNA767944	country	train,val	False	PMC9241541	europepmc_fulltext	True	True	https://doi.org/10.1128/msphere.00143-22	Sequence-Based Genomic Analysis Reveals Transmission of Anti	False	False	False	not_gated	0	abstained		0	0	0	0	none	FILLED	not_gated	train	FILLED	already closed
PRJNA767944	collection_date	train,val	False	PMC9241541	europepmc_fulltext	True	True	https://doi.org/10.1128/msphere.00143-22	Sequence-Based Genomic Analysis Reveals Transmission of Anti	False	False	False	covered	173	abstained		173	0	0	173	none	FILLED	whole_field	train	FILLED	already closed
PRJNA767944	isolation_source	train,val	False	PMC9241541	europepmc_fulltext	True	True	https://doi.org/10.1128/msphere.00143-22	Sequence-Based Genomic Analysis Reveals Transmission of Anti	False	False	False	residual_per_sample	173	abstained		0	0	0	173	generated	BLOCKED	needs_linkage	train	ACCEPTED	table has no ENA-mappable key (unanchored) or no per-isolate table exists
PRJNA767944	host	train,val	False	PMC9241541	europepmc_fulltext	True	True	https://doi.org/10.1128/msphere.00143-22	Sequence-Based Genomic Analysis Reveals Transmission of Anti	False	False	False	not_gated	0	abstained		0	0	0	0	none	FILLED	not_gated	train	FILLED	already closed
PRJNA768622	country	train,val	False	PMC11369815	pdf	True	True	https://doi.org/10.1093/jacamr/dlae140	Genomic epidemiology and longitudinal sampling of ward waste	False	False	False	not_gated	0			0	0	0	0	none	FILLED	not_gated	train	FILLED	already closed
PRJNA768622	collection_date	train,val	False	PMC11369815	pdf	True	True	https://doi.org/10.1093/jacamr/dlae140	Genomic epidemiology and longitudinal sampling of ward waste	False	False	False	not_gated	0			0	0	0	0	none	FILLED	not_gated	train	FILLED	already closed
PRJNA768622	isolation_source	train,val	False	PMC11369815	pdf	True	True	https://doi.org/10.1093/jacamr/dlae140	Genomic epidemiology and longitudinal sampling of ward waste	False	False	False	not_gated	0			0	0	0	0	none	FILLED	not_gated	train	FILLED	already closed
PRJNA768622	host	train,val	False	PMC11369815	pdf	True	True	https://doi.org/10.1093/jacamr/dlae140	Genomic epidemiology and longitudinal sampling of ward waste	False	False	False	not_gated	0			0	0	0	0	none	FILLED	not_gated	train	FILLED	already closed
PRJNA777643	country	train,val	False	PMC10564454	europepmc_fulltext	True	True	https://doi.org/10.7554/elife.87406	Bactabolize is a tool for high-throughput generation of bact	False	False	False	not_gated	0			0	0	0	0	none	FILLED	not_gated	train	FILLED	already closed
PRJNA777643	collection_date	train,val	False	PMC10564454	europepmc_fulltext	True	True	https://doi.org/10.7554/elife.87406	Bactabolize is a tool for high-throughput generation of bact	False	False	False	not_gated	0			0	0	0	0	none	FILLED	not_gated	train	FILLED	already closed
PRJNA777643	isolation_source	train,val	False	PMC10564454	europepmc_fulltext	True	True	https://doi.org/10.7554/elife.87406	Bactabolize is a tool for high-throughput generation of bact	False	False	False	not_gated	0			0	0	0	0	none	FILLED	not_gated	train	FILLED	already closed
PRJNA777643	host	train,val	False	PMC10564454	europepmc_fulltext	True	True	https://doi.org/10.7554/elife.87406	Bactabolize is a tool for high-throughput generation of bact	False	False	False	not_gated	0			0	0	0	0	none	FILLED	not_gated	train	FILLED	already closed
PRJNA787062	country	train,val	False	PMC9380574	local_pdf	True	True	https://doi.org/10.1128/aac.00534-22	Genomic Epidemiology of Carbapenemase-Producing and Colistin	True	True	False	not_gated	0			0	0	0	0	none	FILLED	not_gated	train	FILLED	already closed
PRJNA787062	collection_date	train,val	False	PMC9380574	local_pdf	True	True	https://doi.org/10.1128/aac.00534-22	Genomic Epidemiology of Carbapenemase-Producing and Colistin	True	True	False	not_gated	0			0	0	0	0	none	FILLED	not_gated	train	FILLED	already closed
PRJNA787062	isolation_source	train,val	False	PMC9380574	local_pdf	True	True	https://doi.org/10.1128/aac.00534-22	Genomic Epidemiology of Carbapenemase-Producing and Colistin	True	True	False	not_gated	0			0	0	0	0	none	FILLED	not_gated	train	FILLED	already closed
PRJNA787062	host	train,val	False	PMC9380574	local_pdf	True	True	https://doi.org/10.1128/aac.00534-22	Genomic Epidemiology of Carbapenemase-Producing and Colistin	True	True	False	not_gated	0			0	0	0	0	none	FILLED	not_gated	train	FILLED	already closed
PRJNA789336	country	train,val	True		local_pdf	True	True			True	True	False	not_gated	0			0	0	0	0	none	FILLED	not_gated	train	FILLED	already closed
PRJNA789336	collection_date	train,val	True		local_pdf	True	True			True	True	False	not_gated	0			0	0	0	0	none	FILLED	not_gated	train	FILLED	already closed
PRJNA789336	isolation_source	train,val	True		local_pdf	True	True			True	True	False	not_gated	0			0	0	0	0	none	FILLED	not_gated	train	FILLED	already closed
PRJNA789336	host	train,val	True		local_pdf	True	True			True	True	False	not_gated	0			0	0	0	0	none	FILLED	not_gated	train	FILLED	already closed
PRJNA789565	country	train,val	False	PMC9343666	local_pdf	True	True	https://doi.org/10.1038/s41467-022-31990-1	Combined comparative genomics and clinical modeling reveals 	True	True	False	not_gated	0			0	0	0	0	none	FILLED	not_gated	train	FILLED	already closed
PRJNA789565	collection_date	train,val	False	PMC9343666	local_pdf	True	True	https://doi.org/10.1038/s41467-022-31990-1	Combined comparative genomics and clinical modeling reveals 	True	True	False	not_gated	0			0	0	0	0	none	FILLED	not_gated	train	FILLED	already closed
PRJNA789565	isolation_source	train,val	False	PMC9343666	local_pdf	True	True	https://doi.org/10.1038/s41467-022-31990-1	Combined comparative genomics and clinical modeling reveals 	True	True	False	not_gated	0			0	0	0	0	none	FILLED	not_gated	train	FILLED	already closed
PRJNA789565	host	train,val	False	PMC9343666	local_pdf	True	True	https://doi.org/10.1038/s41467-022-31990-1	Combined comparative genomics and clinical modeling reveals 	True	True	False	not_gated	0			0	0	0	0	none	FILLED	not_gated	train	FILLED	already closed
PRJNA804332	country	train,val	False	PMC9452910	europepmc_fulltext	True	True	https://doi.org/10.3389/fcimb.2022.892126	Genomic transmission analysis of multidrug-resistant Gram-ne	False	False	False	not_gated	0	abstained		0	0	0	0	none	FILLED	not_gated	train	FILLED	already closed
PRJNA804332	collection_date	train,val	False	PMC9452910	europepmc_fulltext	True	True	https://doi.org/10.3389/fcimb.2022.892126	Genomic transmission analysis of multidrug-resistant Gram-ne	False	False	False	not_gated	0	abstained		0	0	0	0	none	FILLED	not_gated	train	FILLED	already closed
PRJNA804332	isolation_source	train,val	False	PMC9452910	europepmc_fulltext	True	True	https://doi.org/10.3389/fcimb.2022.892126	Genomic transmission analysis of multidrug-resistant Gram-ne	False	False	False	residual_per_sample	138	abstained		0	0	0	138	generated	BLOCKED	needs_linkage	train	ACCEPTED	table has no ENA-mappable key (unanchored) or no per-isolate table exists
PRJNA804332	host	train,val	False	PMC9452910	europepmc_fulltext	True	True	https://doi.org/10.3389/fcimb.2022.892126	Genomic transmission analysis of multidrug-resistant Gram-ne	False	False	False	not_gated	0	abstained		0	0	0	0	none	FILLED	not_gated	train	FILLED	already closed
PRJNA820335	country	train,val	True		none	False	False			False	False	False	not_gated	0			0	0	0	0	none	FILLED	not_gated	train	FILLED	already closed
PRJNA820335	collection_date	train,val	True		none	False	False			False	False	False	not_gated	0			0	0	0	0	none	FILLED	not_gated	train	FILLED	already closed
PRJNA820335	isolation_source	train,val	True		none	False	False			False	False	False	not_gated	0			0	0	0	0	none	FILLED	not_gated	train	FILLED	already closed
PRJNA820335	host	train,val	True		none	False	False			False	False	False	not_gated	0			0	0	0	0	none	FILLED	not_gated	train	FILLED	already closed
PRJNA835677	country	train,val	False	PMC9997749	europepmc_fulltext	True	True	https://doi.org/10.1099/mgen.0.000960	Highly conserved composite transposon harbouring aerobactin 	False	False	False	not_gated	0			0	0	0	0	none	FILLED	not_gated	train	FILLED	already closed
PRJNA835677	collection_date	train,val	False	PMC9997749	europepmc_fulltext	True	True	https://doi.org/10.1099/mgen.0.000960	Highly conserved composite transposon harbouring aerobactin 	False	False	False	not_gated	0			0	0	0	0	none	FILLED	not_gated	train	FILLED	already closed
PRJNA835677	isolation_source	train,val	False	PMC9997749	europepmc_fulltext	True	True	https://doi.org/10.1099/mgen.0.000960	Highly conserved composite transposon harbouring aerobactin 	False	False	False	not_gated	0			0	0	0	0	none	FILLED	not_gated	train	FILLED	already closed
PRJNA835677	host	train,val	False	PMC9997749	europepmc_fulltext	True	True	https://doi.org/10.1099/mgen.0.000960	Highly conserved composite transposon harbouring aerobactin 	False	False	False	not_gated	0			0	0	0	0	none	FILLED	not_gated	train	FILLED	already closed
PRJNA845975	country	train,val	True		pdf	True	True			False	False	False	not_gated	0	NO_PMCID		0	0	0	0	none	FILLED	not_gated	train	FILLED	already closed
PRJNA845975	collection_date	train,val	True		pdf	True	True			False	False	False	not_gated	0	NO_PMCID		0	0	0	0	none	FILLED	not_gated	train	FILLED	already closed
PRJNA845975	isolation_source	train,val	True		pdf	True	True			False	False	False	residual_per_sample	567	NO_PMCID		0	0	567	0	applied	FILLED	per_sample_or_escalation	train	FILLED	already closed
PRJNA845975	host	train,val	True		pdf	True	True			False	False	False	not_gated	0	NO_PMCID		0	0	0	0	none	FILLED	not_gated	train	FILLED	already closed
PRJNA855907	country	train,val	False	PMC9430190	europepmc_fulltext	True	True	https://doi.org/10.1128/spectrum.00975-22	Characterization of Extensively Drug-Resistant (XDR) Carbape	False	False	False	not_gated	0	abstained		0	0	0	0	none	FILLED	not_gated	train	FILLED	already closed
PRJNA855907	collection_date	train,val	False	PMC9430190	europepmc_fulltext	True	True	https://doi.org/10.1128/spectrum.00975-22	Characterization of Extensively Drug-Resistant (XDR) Carbape	False	False	False	not_gated	0	abstained		0	0	0	0	none	FILLED	not_gated	train	FILLED	already closed
PRJNA855907	isolation_source	train,val	False	PMC9430190	europepmc_fulltext	True	True	https://doi.org/10.1128/spectrum.00975-22	Characterization of Extensively Drug-Resistant (XDR) Carbape	False	False	False	residual_per_sample	126	abstained	no_supp	0	0	0	126	generated	ACTIONABLE	fetch_supp_table	train	ACCEPTED	requested supplement not in folder — unavailable (all fetchable fetched)
PRJNA855907	host	train,val	False	PMC9430190	europepmc_fulltext	True	True	https://doi.org/10.1128/spectrum.00975-22	Characterization of Extensively Drug-Resistant (XDR) Carbape	False	False	False	not_gated	0	abstained		0	0	0	0	none	FILLED	not_gated	train	FILLED	already closed
PRJNA857686	country	train,val	False	PMC9934365	local_pdf	True	True	https://doi.org/10.1371/journal.pone.0277575	GAMBIT (Genomic Approximation Method for Bacterial Identific	True	True	False	covered	83	abstained		83	0	0	83	none	FILLED	whole_field	train	FILLED	already closed
PRJNA857686	collection_date	train,val	False	PMC9934365	local_pdf	True	True	https://doi.org/10.1371/journal.pone.0277575	GAMBIT (Genomic Approximation Method for Bacterial Identific	True	True	False	not_gated	0	abstained		0	0	0	0	none	FILLED	not_gated	train	FILLED	already closed
PRJNA857686	isolation_source	train,val	False	PMC9934365	local_pdf	True	True	https://doi.org/10.1371/journal.pone.0277575	GAMBIT (Genomic Approximation Method for Bacterial Identific	True	True	False	not_gated	0	abstained		0	0	0	0	none	FILLED	not_gated	train	FILLED	already closed
PRJNA857686	host	train,val	False	PMC9934365	local_pdf	True	True	https://doi.org/10.1371/journal.pone.0277575	GAMBIT (Genomic Approximation Method for Bacterial Identific	True	True	False	not_gated	0	abstained		0	0	0	0	none	FILLED	not_gated	train	FILLED	already closed
PRJNA885285	country	train,val	False	PMC10265595	europepmc_fulltext	True	True	https://doi.org/10.1093/jacamr/dlad067	Whole genome sequencing of multidrug resistant Enterobactera	False	False	False	not_gated	0			0	0	0	0	none	FILLED	not_gated	train	FILLED	already closed
PRJNA885285	collection_date	train,val	False	PMC10265595	europepmc_fulltext	True	True	https://doi.org/10.1093/jacamr/dlad067	Whole genome sequencing of multidrug resistant Enterobactera	False	False	False	not_gated	0			0	0	0	0	none	FILLED	not_gated	train	FILLED	already closed
PRJNA885285	isolation_source	train,val	False	PMC10265595	europepmc_fulltext	True	True	https://doi.org/10.1093/jacamr/dlad067	Whole genome sequencing of multidrug resistant Enterobactera	False	False	False	not_gated	0			0	0	0	0	none	FILLED	not_gated	train	FILLED	already closed
PRJNA885285	host	train,val	False	PMC10265595	europepmc_fulltext	True	True	https://doi.org/10.1093/jacamr/dlad067	Whole genome sequencing of multidrug resistant Enterobactera	False	False	False	not_gated	0			0	0	0	0	none	FILLED	not_gated	train	FILLED	already closed
PRJNA978102	country	train,val	False	PMC10810715	pdf	True	True	https://doi.org/10.1093/cid/ciad507	Clinical and Genomic Characterization of a Cohort of Patient	False	False	False	not_gated	0			0	0	0	0	none	FILLED	not_gated	train	FILLED	already closed
PRJNA978102	collection_date	train,val	False	PMC10810715	pdf	True	True	https://doi.org/10.1093/cid/ciad507	Clinical and Genomic Characterization of a Cohort of Patient	False	False	False	not_gated	0			0	0	0	0	none	FILLED	not_gated	train	FILLED	already closed
PRJNA978102	isolation_source	train,val	False	PMC10810715	pdf	True	True	https://doi.org/10.1093/cid/ciad507	Clinical and Genomic Characterization of a Cohort of Patient	False	False	False	not_gated	0			0	0	0	0	none	FILLED	not_gated	train	FILLED	already closed
PRJNA978102	host	train,val	False	PMC10810715	pdf	True	True	https://doi.org/10.1093/cid/ciad507	Clinical and Genomic Characterization of a Cohort of Patient	False	False	False	not_gated	0			0	0	0	0	none	FILLED	not_gated	train	FILLED	already closed
PRJNA982859	country	train,val	True		europepmc_fulltext	True	True			False	False	False	not_gated	0	abstained		0	0	0	0	none	FILLED	not_gated	train	FILLED	already closed
PRJNA982859	collection_date	train,val	True		europepmc_fulltext	True	True			False	False	False	not_gated	0	abstained		0	0	0	0	none	FILLED	not_gated	train	FILLED	already closed
PRJNA982859	isolation_source	train,val	True		europepmc_fulltext	True	True			False	False	False	not_gated	0	abstained		0	0	0	0	none	FILLED	not_gated	train	FILLED	already closed
PRJNA982859	host	train,val	True		europepmc_fulltext	True	True			False	False	False	covered	183	abstained		183	0	0	183	none	FILLED	whole_field	train	FILLED	already closed
PRJNA996149	country	train,val	False	PMC10720542	pdf	True	True	https://doi.org/10.1128/aac.00735-23	<i>In vitro</i> activity of cefiderocol, a siderophore cepha	False	False	False	not_gated	0	abstained		0	0	0	0	none	FILLED	not_gated	train	FILLED	already closed
PRJNA996149	collection_date	train,val	False	PMC10720542	pdf	True	True	https://doi.org/10.1128/aac.00735-23	<i>In vitro</i> activity of cefiderocol, a siderophore cepha	False	False	False	residual_per_sample	319	abstained	no_supp	0	0	0	319	generated	ACTIONABLE	fetch_supp_table	train	ACCEPTED	requested supplement not in folder — unavailable (all fetchable fetched)
PRJNA996149	isolation_source	train,val	False	PMC10720542	pdf	True	True	https://doi.org/10.1128/aac.00735-23	<i>In vitro</i> activity of cefiderocol, a siderophore cepha	False	False	False	residual_per_sample	319	abstained	no_supp	0	0	0	319	generated	ACTIONABLE	fetch_supp_table	train	ACCEPTED	requested supplement not in folder — unavailable (all fetchable fetched)
PRJNA996149	host	train,val	False	PMC10720542	pdf	True	True	https://doi.org/10.1128/aac.00735-23	<i>In vitro</i> activity of cefiderocol, a siderophore cepha	False	False	False	not_gated	0	abstained		0	0	0	0	none	FILLED	not_gated	train	FILLED	already closed
PRJEB10018	country	test	False	PMC7244338	europepmc_fulltext	True	True	https://doi.org/10.1038/s41564-019-0492-8	Epidemic of carbapenem-resistant Klebsiella pneumoniae in Eu	False	False	True	not_gated	0	abstained		0	0	0	0	generated	FILLED	not_gated	test	FILLED	already closed
PRJEB10018	collection_date	test	False	PMC7244338	europepmc_fulltext	True	True	https://doi.org/10.1038/s41564-019-0492-8	Epidemic of carbapenem-resistant Klebsiella pneumoniae in Eu	False	False	True	not_gated	0	abstained		0	0	0	0	none	FILLED	not_gated	test	FILLED	already closed
PRJEB10018	isolation_source	test	False	PMC7244338	europepmc_fulltext	True	True	https://doi.org/10.1038/s41564-019-0492-8	Epidemic of carbapenem-resistant Klebsiella pneumoniae in Eu	False	False	True	not_gated	0	abstained		0	0	0	0	generated	FILLED	not_gated	test	FILLED	already closed
PRJEB10018	host	test	False	PMC7244338	europepmc_fulltext	True	True	https://doi.org/10.1038/s41564-019-0492-8	Epidemic of carbapenem-resistant Klebsiella pneumoniae in Eu	False	False	True	not_gated	0	abstained		0	0	0	0	none	FILLED	not_gated	test	FILLED	already closed
PRJEB1271	country	test	False	PMC6717969	europepmc_fulltext	True	True	https://doi.org/10.1186/s13059-019-1785-1	Contrasting patterns of longitudinal population dynamics and	False	False	True	residual_per_sample	59	direct		0	0	59	0	applied	FILLED	per_sample_or_escalation	test	FILLED	already closed
PRJEB1271	collection_date	test	False	PMC6717969	europepmc_fulltext	True	True	https://doi.org/10.1186/s13059-019-1785-1	Contrasting patterns of longitudinal population dynamics and	False	False	True	covered	59	direct		0	1	0	58	generated	FILLED	whole_field	test	FILLED	already closed
PRJEB1271	isolation_source	test	False	PMC6717969	europepmc_fulltext	True	True	https://doi.org/10.1186/s13059-019-1785-1	Contrasting patterns of longitudinal population dynamics and	False	False	True	covered	224	direct		0	162	0	62	generated	FILLED	whole_field	test	FILLED	already closed
PRJEB1271	host	test	False	PMC6717969	europepmc_fulltext	True	True	https://doi.org/10.1186/s13059-019-1785-1	Contrasting patterns of longitudinal population dynamics and	False	False	True	covered	59	direct		59	0	0	59	none	FILLED	whole_field	test	FILLED	already closed
PRJEB1272	country	test	False	PMC4790626	pdf	True	True	https://doi.org/10.1093/jac/dkv458	Phylogeny, resistome and mobile genetic elements of emergent	False	False	False	covered	48	abstained		48	0	0	48	none	FILLED	whole_field	test	FILLED	already closed
PRJEB1272	collection_date	test	False	PMC4790626	pdf	True	True	https://doi.org/10.1093/jac/dkv458	Phylogeny, resistome and mobile genetic elements of emergent	False	False	False	residual_per_sample	48	abstained	no_supp	0	0	0	48	none	EXHAUSTED	curator_accepted	test	EXHAUSTED	already closed
PRJEB1272	isolation_source	test	False	PMC4790626	pdf	True	True	https://doi.org/10.1093/jac/dkv458	Phylogeny, resistome and mobile genetic elements of emergent	False	False	False	residual_per_sample	49	abstained	no_supp	0	0	0	49	none	EXHAUSTED	curator_accepted	test	EXHAUSTED	already closed
PRJEB1272	host	test	False	PMC4790626	pdf	True	True	https://doi.org/10.1093/jac/dkv458	Phylogeny, resistome and mobile genetic elements of emergent	False	False	False	covered	48	abstained		48	0	0	48	none	FILLED	whole_field	test	FILLED	already closed
PRJEB19226	country	test	True		none	False	False			False	False	False	not_gated	0	NO_PMCID		0	0	0	0	none	FILLED	not_gated	test	FILLED	already closed
PRJEB19226	collection_date	test	True		none	False	False			False	False	False	not_gated	0	NO_PMCID		0	0	0	0	none	FILLED	not_gated	test	FILLED	already closed
PRJEB19226	isolation_source	test	True		none	False	False			False	False	False	residual_per_sample	184	NO_PMCID	NO_PMCID	0	0	0	184	generated	EXHAUSTED	no_paper_findable	test	EXHAUSTED	already closed
PRJEB19226	host	test	True		none	False	False			False	False	False	not_gated	0	NO_PMCID		0	0	0	0	none	FILLED	not_gated	test	FILLED	already closed
PRJEB1963	country	test	False	PMC3772739	europepmc_fulltext	True	True	https://doi.org/10.1093/jac/dkt180	Predicting antimicrobial susceptibilities for Escherichia co	False	False	False	covered	69	abstained		69	0	0	69	none	FILLED	whole_field	test	FILLED	already closed
PRJEB1963	collection_date	test	False	PMC3772739	europepmc_fulltext	True	True	https://doi.org/10.1093/jac/dkt180	Predicting antimicrobial susceptibilities for Escherichia co	False	False	False	residual_per_sample	69	abstained		0	0	69	0	applied	FILLED	per_sample_or_escalation	test	FILLED	already closed
PRJEB1963	isolation_source	test	False	PMC3772739	europepmc_fulltext	True	True	https://doi.org/10.1093/jac/dkt180	Predicting antimicrobial susceptibilities for Escherichia co	False	False	False	covered	69	abstained		69	0	0	69	none	FILLED	whole_field	test	FILLED	already closed
PRJEB1963	host	test	False	PMC3772739	europepmc_fulltext	True	True	https://doi.org/10.1093/jac/dkt180	Predicting antimicrobial susceptibilities for Escherichia co	False	False	False	covered	69	abstained		69	0	0	69	none	FILLED	whole_field	test	FILLED	already closed
PRJEB21081	country	test	True		none	False	False			False	False	False	covered	913	NO_PMCID		913	0	0	913	none	FILLED	whole_field	test	FILLED	already closed
PRJEB21081	collection_date	test	True		none	False	False			False	False	False	residual_per_sample	913	NO_PMCID	NO_PMCID	0	0	0	913	generated	EXHAUSTED	no_paper_findable	test	EXHAUSTED	already closed
PRJEB21081	isolation_source	test	True		none	False	False			False	False	False	residual_per_sample	913	NO_PMCID	NO_PMCID	0	0	0	913	generated	EXHAUSTED	no_paper_findable	test	EXHAUSTED	already closed
PRJEB21081	host	test	True		none	False	False			False	False	False	covered	913	NO_PMCID		913	0	913	0	applied	FILLED	whole_field	test	FILLED	already closed
PRJEB2111	country	test	False	PMC4500264	pdf	True	True	https://doi.org/10.1073/pnas.1501049112	Genomic analysis of diversity, population structure, virulen	False	False	False	not_gated	0			0	0	0	0	none	FILLED	not_gated	test	FILLED	already closed
PRJEB2111	collection_date	test	False	PMC4500264	pdf	True	True	https://doi.org/10.1073/pnas.1501049112	Genomic analysis of diversity, population structure, virulen	False	False	False	not_gated	0			0	0	0	0	none	FILLED	not_gated	test	FILLED	already closed
PRJEB2111	isolation_source	test	False	PMC4500264	pdf	True	True	https://doi.org/10.1073/pnas.1501049112	Genomic analysis of diversity, population structure, virulen	False	False	False	not_gated	0			0	0	0	0	none	FILLED	not_gated	test	FILLED	already closed
PRJEB2111	host	test	False	PMC4500264	pdf	True	True	https://doi.org/10.1073/pnas.1501049112	Genomic analysis of diversity, population structure, virulen	False	False	False	not_gated	0			0	0	0	0	none	FILLED	not_gated	test	FILLED	already closed
PRJEB27342	country	test	False	PMC9712112	local_pdf	True	True	https://doi.org/10.1038/s41564-022-01263-0	A large-scale genomic snapshot of Klebsiella spp. isolates i	True	True	True	residual_per_sample	5413	direct		0	0	5413	0	applied	FILLED	per_sample_or_escalation	test	FILLED	already closed
PRJEB27342	collection_date	test	False	PMC9712112	local_pdf	True	True	https://doi.org/10.1038/s41564-022-01263-0	A large-scale genomic snapshot of Klebsiella spp. isolates i	True	True	True	covered	5413	direct		0	3227	5413	0	applied	FILLED	whole_field	test	FILLED	already closed
PRJEB27342	isolation_source	test	False	PMC9712112	local_pdf	True	True	https://doi.org/10.1038/s41564-022-01263-0	A large-scale genomic snapshot of Klebsiella spp. isolates i	True	True	True	covered	5413	direct		0	3227	0	2186	generated	FILLED	whole_field	test	FILLED	already closed
PRJEB27342	host	test	False	PMC9712112	local_pdf	True	True	https://doi.org/10.1038/s41564-022-01263-0	A large-scale genomic snapshot of Klebsiella spp. isolates i	True	True	True	covered	5413	direct		0	2472	0	2941	generated	FILLED	whole_field	test	FILLED	already closed
PRJEB29424	country	test	True		local_pdf	True	True			True	True	False	covered	853	NO_PMCID		853	0	0	853	none	FILLED	whole_field	test	FILLED	already closed
PRJEB29424	collection_date	test	True		local_pdf	True	True			True	True	False	covered	853	NO_PMCID		853	0	0	853	none	FILLED	whole_field	test	FILLED	already closed
PRJEB29424	isolation_source	test	True		local_pdf	True	True			True	True	False	residual_per_sample	853	NO_PMCID	NO_PMCID	0	0	0	853	generated	ACTIONABLE	fetch_supp_table	test	ACCEPTED	requested supplement not in folder — unavailable (all fetchable fetched)
PRJEB29424	host	test	True		local_pdf	True	True			True	True	False	residual_per_sample	853	NO_PMCID	NO_PMCID	0	0	0	853	generated	ACTIONABLE	fetch_supp_table	test	ACCEPTED	requested supplement not in folder — unavailable (all fetchable fetched)
PRJEB29738	country	test	False	PMC8634409	local_pdf	True	True	https://doi.org/10.1093/cid/ciab776	Genome Sequencing Identifies Previously Unrecognized Klebsie	True	True	True	covered	862	direct		0	147	862	0	applied	FILLED	whole_field	test	FILLED	already closed
PRJEB29738	collection_date	test	False	PMC8634409	local_pdf	True	True	https://doi.org/10.1093/cid/ciab776	Genome Sequencing Identifies Previously Unrecognized Klebsie	True	True	True	covered	862	direct		0	147	862	0	applied	FILLED	whole_field	test	FILLED	already closed
PRJEB29738	isolation_source	test	False	PMC8634409	local_pdf	True	True	https://doi.org/10.1093/cid/ciab776	Genome Sequencing Identifies Previously Unrecognized Klebsie	True	True	True	covered	862	direct		0	147	0	715	generated	FILLED	whole_field	test	FILLED	already closed
PRJEB29738	host	test	False	PMC8634409	local_pdf	True	True	https://doi.org/10.1093/cid/ciab776	Genome Sequencing Identifies Previously Unrecognized Klebsie	True	True	True	covered	862	direct		862	0	0	862	none	FILLED	whole_field	test	FILLED	already closed
PRJEB29739	country	test	True		europepmc_fulltext	True	True			False	False	False	covered	787	direct		787	0	0	787	none	FILLED	whole_field	test	FILLED	already closed
PRJEB29739	collection_date	test	True		europepmc_fulltext	True	True			False	False	False	covered	787	direct		0	91	787	0	applied	FILLED	whole_field	test	FILLED	already closed
PRJEB29739	isolation_source	test	True		europepmc_fulltext	True	True			False	False	False	covered	787	direct		0	134	0	653	generated	FILLED	whole_field	test	FILLED	already closed
PRJEB29739	host	test	True		europepmc_fulltext	True	True			False	False	False	covered	787	direct		653	134	0	653	none	FILLED	whole_field	test	FILLED	already closed
PRJEB32655	country	test	True		local_pdf	True	True			True	True	False	covered	288	NO_PMCID		288	0	0	288	none	FILLED	whole_field	test	FILLED	already closed
PRJEB32655	collection_date	test	True		local_pdf	True	True			True	True	False	residual_per_sample	288	NO_PMCID		0	0	288	0	applied	FILLED	per_sample_or_escalation	test	FILLED	already closed
PRJEB32655	isolation_source	test	True		local_pdf	True	True			True	True	False	residual_per_sample	288	NO_PMCID	NO_PMCID	0	0	0	288	generated	EXHAUSTED	curator_accepted	test	EXHAUSTED	already closed
PRJEB32655	host	test	True		local_pdf	True	True			True	True	False	covered	288	NO_PMCID		288	0	0	288	none	FILLED	whole_field	test	FILLED	already closed
PRJEB34643	country	test	False	PMC8865463	europepmc_fulltext	True	True	https://doi.org/10.1128/spectrum.02376-21	High Prevalence of Klebsiella pneumoniae in European Food Pr	False	False	False	not_gated	0	direct		0	0	0	0	none	FILLED	not_gated	test	FILLED	already closed
PRJEB34643	collection_date	test	False	PMC8865463	europepmc_fulltext	True	True	https://doi.org/10.1128/spectrum.02376-21	High Prevalence of Klebsiella pneumoniae in European Food Pr	False	False	False	not_gated	0	direct		0	105	0	0	none	FILLED	not_gated	test	FILLED	already closed
PRJEB34643	isolation_source	test	False	PMC8865463	europepmc_fulltext	True	True	https://doi.org/10.1128/spectrum.02376-21	High Prevalence of Klebsiella pneumoniae in European Food Pr	False	False	False	covered	74	direct		0	105	0	0	generated	FILLED	whole_field	test	FILLED	already closed
PRJEB34643	host	test	False	PMC8865463	europepmc_fulltext	True	True	https://doi.org/10.1128/spectrum.02376-21	High Prevalence of Klebsiella pneumoniae in European Food Pr	False	False	False	covered	205	direct		0	105	0	100	generated	FILLED	whole_field	test	FILLED	already closed
PRJEB37504	country	test	False	PMC12060429	europepmc_fulltext	True	True	https://doi.org/10.1186/s13756-025-01553-2	Genomic surveillance reveals different transmission patterns	False	False	False	not_gated	0	direct		0	0	0	0	none	FILLED	not_gated	test	FILLED	already closed
PRJEB37504	collection_date	test	False	PMC12060429	europepmc_fulltext	True	True	https://doi.org/10.1186/s13756-025-01553-2	Genomic surveillance reveals different transmission patterns	False	False	False	not_gated	0	direct		0	82	0	0	none	FILLED	not_gated	test	FILLED	already closed
PRJEB37504	isolation_source	test	False	PMC12060429	europepmc_fulltext	True	True	https://doi.org/10.1186/s13756-025-01553-2	Genomic surveillance reveals different transmission patterns	False	False	False	not_gated	0	direct		0	57	0	0	none	FILLED	not_gated	test	FILLED	already closed
PRJEB37504	host	test	False	PMC12060429	europepmc_fulltext	True	True	https://doi.org/10.1186/s13756-025-01553-2	Genomic surveillance reveals different transmission patterns	False	False	False	covered	347	direct		24	339	0	8	none	FILLED	whole_field	test	FILLED	already closed
PRJEB37711	country	test	False	PMC8836320	europepmc_fulltext	True	True	https://doi.org/10.1371/journal.pone.0261999	One Day in Denmark: Nationwide point-prevalence survey of hu	False	False	False	not_gated	0	direct		0	0	0	0	none	FILLED	not_gated	test	FILLED	already closed
PRJEB37711	collection_date	test	False	PMC8836320	europepmc_fulltext	True	True	https://doi.org/10.1371/journal.pone.0261999	One Day in Denmark: Nationwide point-prevalence survey of hu	False	False	False	not_gated	0	direct		0	0	0	0	none	FILLED	not_gated	test	FILLED	already closed
PRJEB37711	isolation_source	test	False	PMC8836320	europepmc_fulltext	True	True	https://doi.org/10.1371/journal.pone.0261999	One Day in Denmark: Nationwide point-prevalence survey of hu	False	False	False	covered	142	direct		0	141	0	1	none	FILLED	whole_field	test	FILLED	already closed
PRJEB37711	host	test	False	PMC8836320	europepmc_fulltext	True	True	https://doi.org/10.1371/journal.pone.0261999	One Day in Denmark: Nationwide point-prevalence survey of hu	False	False	False	covered	155	direct		9	146	0	9	none	FILLED	whole_field	test	FILLED	already closed
PRJEB38540	country	test	False	PMC8283727	local_pdf	True	True	https://doi.org/10.1093/jac/dkab118	Characterization of Klebsiella pneumoniae complex isolates f	True	True	False	not_gated	0	abstained		0	0	0	0	none	FILLED	not_gated	test	FILLED	already closed
PRJEB38540	collection_date	test	False	PMC8283727	local_pdf	True	True	https://doi.org/10.1093/jac/dkab118	Characterization of Klebsiella pneumoniae complex isolates f	True	True	False	not_gated	0	abstained		0	0	0	0	none	FILLED	not_gated	test	FILLED	already closed
PRJEB38540	isolation_source	test	False	PMC8283727	local_pdf	True	True	https://doi.org/10.1093/jac/dkab118	Characterization of Klebsiella pneumoniae complex isolates f	True	True	False	not_gated	0	abstained		0	0	0	0	none	FILLED	not_gated	test	FILLED	already closed
PRJEB38540	host	test	False	PMC8283727	local_pdf	True	True	https://doi.org/10.1093/jac/dkab118	Characterization of Klebsiella pneumoniae complex isolates f	True	True	False	residual_per_sample	253	abstained	no_supp	0	0	0	253	generated	EXHAUSTED	curator_accepted	test	EXHAUSTED	already closed
PRJEB42350	country	test	False	PMC8244762	europepmc_fulltext	True	True	https://doi.org/10.1080/19490976.2021.1939599	Gastrointestinal carriage of Klebsiella pneumoniae in a gene	False	False	False	not_gated	0	abstained		0	0	0	0	none	FILLED	not_gated	test	FILLED	already closed
PRJEB42350	collection_date	test	False	PMC8244762	europepmc_fulltext	True	True	https://doi.org/10.1080/19490976.2021.1939599	Gastrointestinal carriage of Klebsiella pneumoniae in a gene	False	False	False	not_gated	0	abstained		0	0	0	0	none	FILLED	not_gated	test	FILLED	already closed
PRJEB42350	isolation_source	test	False	PMC8244762	europepmc_fulltext	True	True	https://doi.org/10.1080/19490976.2021.1939599	Gastrointestinal carriage of Klebsiella pneumoniae in a gene	False	False	False	not_gated	0	abstained		0	0	0	0	none	FILLED	not_gated	test	FILLED	already closed
PRJEB42350	host	test	False	PMC8244762	europepmc_fulltext	True	True	https://doi.org/10.1080/19490976.2021.1939599	Gastrointestinal carriage of Klebsiella pneumoniae in a gene	False	False	False	covered	484	abstained		484	0	0	484	none	FILLED	whole_field	test	FILLED	already closed
PRJEB43870	country	test	True		europepmc_fulltext	True	True			False	False	False	not_gated	0	direct		0	0	0	0	none	FILLED	not_gated	test	FILLED	already closed
PRJEB43870	collection_date	test	True		europepmc_fulltext	True	True			False	False	False	not_gated	0	direct		0	0	0	0	none	FILLED	not_gated	test	FILLED	already closed
PRJEB43870	isolation_source	test	True		europepmc_fulltext	True	True			False	False	False	not_gated	0	direct		0	0	0	0	none	FILLED	not_gated	test	FILLED	already closed
PRJEB43870	host	test	True		europepmc_fulltext	True	True			False	False	False	covered	203	direct		0	203	0	0	none	FILLED	whole_field	test	FILLED	already closed
PRJEB48268	country	test	False	PMC12039103	local_pdf	True	True	https://doi.org/10.1186/s13073-025-01466-0	A genome-wide One Health study of Klebsiella pneumoniae in N	True	True	False	not_gated	0	direct		0	0	0	0	none	FILLED	not_gated	test	FILLED	already closed
PRJEB48268	collection_date	test	False	PMC12039103	local_pdf	True	True	https://doi.org/10.1186/s13073-025-01466-0	A genome-wide One Health study of Klebsiella pneumoniae in N	True	True	False	not_gated	0	direct		0	0	0	0	none	FILLED	not_gated	test	FILLED	already closed
PRJEB48268	isolation_source	test	False	PMC12039103	local_pdf	True	True	https://doi.org/10.1186/s13073-025-01466-0	A genome-wide One Health study of Klebsiella pneumoniae in N	True	True	False	not_gated	0	direct		0	0	0	0	none	FILLED	not_gated	test	FILLED	already closed
PRJEB48268	host	test	False	PMC12039103	local_pdf	True	True	https://doi.org/10.1186/s13073-025-01466-0	A genome-wide One Health study of Klebsiella pneumoniae in N	True	True	False	covered	1104	direct		0	1104	0	0	none	FILLED	whole_field	test	FILLED	already closed
PRJEB53835	country	test	True		none	False	False			False	False	False	residual_per_sample	363	NO_PMCID	NO_PMCID	0	0	0	363	generated	EXHAUSTED	no_paper_findable	test	EXHAUSTED	already closed
PRJEB53835	collection_date	test	True		none	False	False			False	False	False	covered	363	NO_PMCID		363	0	363	0	applied	FILLED	whole_field	test	FILLED	already closed
PRJEB53835	isolation_source	test	True		none	False	False			False	False	False	residual_per_sample	363	NO_PMCID		0	0	363	0	applied	FILLED	per_sample_or_escalation	test	FILLED	already closed
PRJEB53835	host	test	True		none	False	False			False	False	False	covered	363	NO_PMCID		363	0	0	363	none	FILLED	whole_field	test	FILLED	already closed
PRJEB56146	country	test	False	PMC10370044	europepmc_fulltext	True	True	https://doi.org/10.2807/1560-7917.es.2023.28.27.2200774	Nationwide, population-based observational study of the mole	False	False	False	not_gated	0	direct		0	0	0	0	none	FILLED	not_gated	test	FILLED	already closed
PRJEB56146	collection_date	test	False	PMC10370044	europepmc_fulltext	True	True	https://doi.org/10.2807/1560-7917.es.2023.28.27.2200774	Nationwide, population-based observational study of the mole	False	False	False	not_gated	0	direct		0	0	0	0	none	FILLED	not_gated	test	FILLED	already closed
PRJEB56146	isolation_source	test	False	PMC10370044	europepmc_fulltext	True	True	https://doi.org/10.2807/1560-7917.es.2023.28.27.2200774	Nationwide, population-based observational study of the mole	False	False	False	not_gated	0	direct		0	1	0	0	none	FILLED	not_gated	test	FILLED	already closed
PRJEB56146	host	test	False	PMC10370044	europepmc_fulltext	True	True	https://doi.org/10.2807/1560-7917.es.2023.28.27.2200774	Nationwide, population-based observational study of the mole	False	False	False	covered	156	direct		156	0	0	156	none	FILLED	whole_field	test	FILLED	already closed
PRJEB57159	country	test	True		europepmc_fulltext	True	True			False	False	False	not_gated	0	direct		0	0	0	0	none	FILLED	not_gated	test	FILLED	already closed
PRJEB57159	collection_date	test	True		europepmc_fulltext	True	True			False	False	False	not_gated	0	direct		0	0	0	0	none	FILLED	not_gated	test	FILLED	already closed
PRJEB57159	isolation_source	test	True		europepmc_fulltext	True	True			False	False	False	not_gated	0	direct		0	0	0	0	none	FILLED	not_gated	test	FILLED	already closed
PRJEB57159	host	test	True		europepmc_fulltext	True	True			False	False	False	covered	30	direct		0	5	0	25	none	FILLED	whole_field	test	FILLED	already closed
PRJEB63349	country	test	False	PMC11178878	local_pdf	True	True	https://doi.org/10.1038/s41467-024-49349-z	International and regional spread of carbapenem-resistant Kl	True	True	False	not_gated	0	direct		0	0	0	0	none	FILLED	not_gated	test	FILLED	already closed
PRJEB63349	collection_date	test	False	PMC11178878	local_pdf	True	True	https://doi.org/10.1038/s41467-024-49349-z	International and regional spread of carbapenem-resistant Kl	True	True	False	not_gated	0	direct		0	0	0	0	none	FILLED	not_gated	test	FILLED	already closed
PRJEB63349	isolation_source	test	False	PMC11178878	local_pdf	True	True	https://doi.org/10.1038/s41467-024-49349-z	International and regional spread of carbapenem-resistant Kl	True	True	False	not_gated	0	direct		0	687	0	0	none	FILLED	not_gated	test	FILLED	already closed
PRJEB63349	host	test	False	PMC11178878	local_pdf	True	True	https://doi.org/10.1038/s41467-024-49349-z	International and regional spread of carbapenem-resistant Kl	True	True	False	covered	687	direct		687	0	0	687	none	FILLED	whole_field	test	FILLED	already closed
PRJNA1133668	country	test	False	PMC11610580	europepmc_fulltext	True	True	https://doi.org/10.1101/gr.279355.124	Genomic epidemiology of carbapenem-resistant Enterobacterale	False	False	False	not_gated	0			0	0	0	0	none	FILLED	not_gated	test	FILLED	already closed
PRJNA1133668	collection_date	test	False	PMC11610580	europepmc_fulltext	True	True	https://doi.org/10.1101/gr.279355.124	Genomic epidemiology of carbapenem-resistant Enterobacterale	False	False	False	not_gated	0			0	0	0	0	none	FILLED	not_gated	test	FILLED	already closed
PRJNA1133668	isolation_source	test	False	PMC11610580	europepmc_fulltext	True	True	https://doi.org/10.1101/gr.279355.124	Genomic epidemiology of carbapenem-resistant Enterobacterale	False	False	False	not_gated	0			0	0	0	0	none	FILLED	not_gated	test	FILLED	already closed
PRJNA1133668	host	test	False	PMC11610580	europepmc_fulltext	True	True	https://doi.org/10.1101/gr.279355.124	Genomic epidemiology of carbapenem-resistant Enterobacterale	False	False	False	not_gated	0			0	0	0	0	none	FILLED	not_gated	test	FILLED	already closed
PRJNA252957	country	test	False	PMC4510304	europepmc_fulltext	True	True	https://doi.org/10.1371/journal.pone.0133727	Genomic Analysis of the Emergence and Rapid Global Dissemina	False	False	False	not_gated	0	abstained		0	0	0	0	none	FILLED	not_gated	test	FILLED	already closed
PRJNA252957	collection_date	test	False	PMC4510304	europepmc_fulltext	True	True	https://doi.org/10.1371/journal.pone.0133727	Genomic Analysis of the Emergence and Rapid Global Dissemina	False	False	False	not_gated	0	abstained		0	0	0	0	none	FILLED	not_gated	test	FILLED	already closed
PRJNA252957	isolation_source	test	False	PMC4510304	europepmc_fulltext	True	True	https://doi.org/10.1371/journal.pone.0133727	Genomic Analysis of the Emergence and Rapid Global Dissemina	False	False	False	residual_per_sample	167	abstained	abstained_other	0	0	0	167	generated	EXHAUSTED	curator_accepted	test	EXHAUSTED	already closed
PRJNA252957	host	test	False	PMC4510304	europepmc_fulltext	True	True	https://doi.org/10.1371/journal.pone.0133727	Genomic Analysis of the Emergence and Rapid Global Dissemina	False	False	False	not_gated	0	abstained		0	0	0	0	none	FILLED	not_gated	test	FILLED	already closed
PRJNA288601	country	test	True		europepmc_fulltext	True	True			False	False	False	not_gated	0			0	0	0	0	none	FILLED	not_gated	test	FILLED	already closed
PRJNA288601	collection_date	test	True		europepmc_fulltext	True	True			False	False	False	not_gated	0			0	0	353	0	applied	FILLED	not_gated	test	FILLED	already closed
PRJNA288601	isolation_source	test	True		europepmc_fulltext	True	True			False	False	False	not_gated	0			0	0	0	0	generated	FILLED	not_gated	test	FILLED	already closed
PRJNA288601	host	test	True		europepmc_fulltext	True	True			False	False	False	not_gated	0			0	0	0	0	none	FILLED	not_gated	test	FILLED	already closed
PRJNA306133	country	test	False	PMC5049680	local_pdf	True	True	https://doi.org/10.1038/nmicrobiol.2016.41	Identifying lineage effects when controlling for population 	True	True	False	not_gated	0			0	0	0	0	none	FILLED	not_gated	test	FILLED	already closed
PRJNA306133	collection_date	test	False	PMC5049680	local_pdf	True	True	https://doi.org/10.1038/nmicrobiol.2016.41	Identifying lineage effects when controlling for population 	True	True	False	not_gated	0			0	0	0	0	none	FILLED	not_gated	test	FILLED	already closed
PRJNA306133	isolation_source	test	False	PMC5049680	local_pdf	True	True	https://doi.org/10.1038/nmicrobiol.2016.41	Identifying lineage effects when controlling for population 	True	True	False	not_gated	0			0	0	0	0	none	FILLED	not_gated	test	FILLED	already closed
PRJNA306133	host	test	False	PMC5049680	local_pdf	True	True	https://doi.org/10.1038/nmicrobiol.2016.41	Identifying lineage effects when controlling for population 	True	True	False	not_gated	0			0	0	0	0	none	FILLED	not_gated	test	FILLED	already closed
PRJNA339843	country	test	True		pdf	True	True			False	False	False	not_gated	0			0	0	0	0	none	FILLED	not_gated	test	FILLED	already closed
PRJNA339843	collection_date	test	True		pdf	True	True			False	False	False	not_gated	0			0	0	0	0	none	FILLED	not_gated	test	FILLED	already closed
PRJNA339843	isolation_source	test	True		pdf	True	True			False	False	False	not_gated	0			0	0	0	0	none	FILLED	not_gated	test	FILLED	already closed
PRJNA339843	host	test	True		pdf	True	True			False	False	False	not_gated	0			0	0	0	0	none	FILLED	not_gated	test	FILLED	already closed
PRJNA376414	country	test	False	PMC5433097	europepmc_fulltext	True	True	https://doi.org/10.1128/mbio.00489-17	Population Genomic Analysis of 1,777 Extended-Spectrum Beta-	False	False	False	not_gated	0			0	0	0	0	none	FILLED	not_gated	test	FILLED	already closed
PRJNA376414	collection_date	test	False	PMC5433097	europepmc_fulltext	True	True	https://doi.org/10.1128/mbio.00489-17	Population Genomic Analysis of 1,777 Extended-Spectrum Beta-	False	False	False	not_gated	0			0	0	0	0	none	FILLED	not_gated	test	FILLED	already closed
PRJNA376414	isolation_source	test	False	PMC5433097	europepmc_fulltext	True	True	https://doi.org/10.1128/mbio.00489-17	Population Genomic Analysis of 1,777 Extended-Spectrum Beta-	False	False	False	not_gated	0			0	0	0	0	none	FILLED	not_gated	test	FILLED	already closed
PRJNA376414	host	test	False	PMC5433097	europepmc_fulltext	True	True	https://doi.org/10.1128/mbio.00489-17	Population Genomic Analysis of 1,777 Extended-Spectrum Beta-	False	False	False	not_gated	0			0	0	0	0	none	FILLED	not_gated	test	FILLED	already closed
PRJNA433394	country	test	True		pdf	True	True			False	False	False	not_gated	0			0	0	0	0	none	FILLED	not_gated	test	FILLED	already closed
PRJNA433394	collection_date	test	True		pdf	True	True			False	False	False	not_gated	0			0	0	0	0	none	FILLED	not_gated	test	FILLED	already closed
PRJNA433394	isolation_source	test	True		pdf	True	True			False	False	False	not_gated	0			0	0	0	0	none	FILLED	not_gated	test	FILLED	already closed
PRJNA433394	host	test	True		pdf	True	True			False	False	False	not_gated	0			0	0	0	0	none	FILLED	not_gated	test	FILLED	already closed
PRJNA514908	country	test	True		local_pdf	True	True			True	True	True	not_gated	0			0	0	0	0	none	FILLED	not_gated	test	FILLED	already closed
PRJNA514908	collection_date	test	True		local_pdf	True	True			True	True	True	not_gated	0			0	0	0	0	none	FILLED	not_gated	test	FILLED	already closed
PRJNA514908	isolation_source	test	True		local_pdf	True	True			True	True	True	not_gated	0			0	0	0	0	none	FILLED	not_gated	test	FILLED	already closed
PRJNA514908	host	test	True		local_pdf	True	True			True	True	True	not_gated	0			0	0	0	0	none	FILLED	not_gated	test	FILLED	already closed
PRJNA529744	country	test	False	PMC6711911	europepmc_fulltext	True	True	https://doi.org/10.1128/jcm.00573-19	Genomics for Molecular Epidemiology and Detecting Transmissi	False	False	False	not_gated	0	abstained		0	0	0	0	none	FILLED	not_gated	test	FILLED	already closed
PRJNA529744	collection_date	test	False	PMC6711911	europepmc_fulltext	True	True	https://doi.org/10.1128/jcm.00573-19	Genomics for Molecular Epidemiology and Detecting Transmissi	False	False	False	not_gated	0	abstained		0	0	0	0	none	FILLED	not_gated	test	FILLED	already closed
PRJNA529744	isolation_source	test	False	PMC6711911	europepmc_fulltext	True	True	https://doi.org/10.1128/jcm.00573-19	Genomics for Molecular Epidemiology and Detecting Transmissi	False	False	False	residual_per_sample	205	abstained	unanchored	0	0	0	205	generated	EXHAUSTED	curator_accepted	test	EXHAUSTED	already closed
PRJNA529744	host	test	False	PMC6711911	europepmc_fulltext	True	True	https://doi.org/10.1128/jcm.00573-19	Genomics for Molecular Epidemiology and Detecting Transmissi	False	False	False	not_gated	0	abstained		0	0	0	0	none	FILLED	not_gated	test	FILLED	already closed
PRJNA532291	country	test	True		local_pdf	True	True			True	True	False	not_gated	0			0	0	0	0	none	FILLED	not_gated	test	FILLED	already closed
PRJNA532291	collection_date	test	True		local_pdf	True	True			True	True	False	not_gated	0			0	0	0	0	none	FILLED	not_gated	test	FILLED	already closed
PRJNA532291	isolation_source	test	True		local_pdf	True	True			True	True	False	not_gated	0			0	0	0	0	none	FILLED	not_gated	test	FILLED	already closed
PRJNA532291	host	test	True		local_pdf	True	True			True	True	False	not_gated	0			0	0	0	0	none	FILLED	not_gated	test	FILLED	already closed
PRJNA543274	country	test	False	PMC8438989	local_pdf	True	True	https://doi.org/10.1186/s13073-021-00960-5	Whole-genome sequence-informed MALDI-TOF MS diagnostics reve	True	True	False	not_gated	0	abstained		0	0	0	0	none	FILLED	not_gated	test	FILLED	already closed
PRJNA543274	collection_date	test	False	PMC8438989	local_pdf	True	True	https://doi.org/10.1186/s13073-021-00960-5	Whole-genome sequence-informed MALDI-TOF MS diagnostics reve	True	True	False	not_gated	0	abstained		0	0	0	0	none	FILLED	not_gated	test	FILLED	already closed
PRJNA543274	isolation_source	test	False	PMC8438989	local_pdf	True	True	https://doi.org/10.1186/s13073-021-00960-5	Whole-genome sequence-informed MALDI-TOF MS diagnostics reve	True	True	False	residual_per_sample	94	abstained	abstained_other	0	0	0	94	generated	EXHAUSTED	abstained_other	test	EXHAUSTED	already closed
PRJNA543274	host	test	False	PMC8438989	local_pdf	True	True	https://doi.org/10.1186/s13073-021-00960-5	Whole-genome sequence-informed MALDI-TOF MS diagnostics reve	True	True	False	not_gated	0	abstained		0	0	0	0	none	FILLED	not_gated	test	FILLED	already closed
PRJNA547865	country	test	True		local_pdf	True	True			True	True	False	not_gated	0			0	0	0	0	none	FILLED	not_gated	test	FILLED	already closed
PRJNA547865	collection_date	test	True		local_pdf	True	True			True	True	False	not_gated	0			0	0	0	0	none	FILLED	not_gated	test	FILLED	already closed
PRJNA547865	isolation_source	test	True		local_pdf	True	True			True	True	False	not_gated	0			0	0	0	0	none	FILLED	not_gated	test	FILLED	already closed
PRJNA547865	host	test	True		local_pdf	True	True			True	True	False	not_gated	0			0	0	0	0	none	FILLED	not_gated	test	FILLED	already closed
PRJNA548120	country	test	False	PMC7845606	local_pdf	True	True	https://doi.org/10.1128/msphere.01156-20	OXA-181-Like Carbapenemases in Klebsiella pneumoniae ST14, S	True	True	True	not_gated	0	abstained		0	0	0	0	none	FILLED	not_gated	test	FILLED	already closed
PRJNA548120	collection_date	test	False	PMC7845606	local_pdf	True	True	https://doi.org/10.1128/msphere.01156-20	OXA-181-Like Carbapenemases in Klebsiella pneumoniae ST14, S	True	True	True	not_gated	0	abstained		0	0	0	0	none	FILLED	not_gated	test	FILLED	already closed
PRJNA548120	isolation_source	test	False	PMC7845606	local_pdf	True	True	https://doi.org/10.1128/msphere.01156-20	OXA-181-Like Carbapenemases in Klebsiella pneumoniae ST14, S	True	True	True	not_gated	0	abstained		0	0	0	0	none	FILLED	not_gated	test	FILLED	already closed
PRJNA548120	host	test	False	PMC7845606	local_pdf	True	True	https://doi.org/10.1128/msphere.01156-20	OXA-181-Like Carbapenemases in Klebsiella pneumoniae ST14, S	True	True	True	not_gated	0	abstained		0	0	0	0	none	FILLED	not_gated	test	FILLED	already closed
PRJNA577535	country	test	False	PMC9602435	europepmc_fulltext	True	True	https://doi.org/10.1128/spectrum.00957-22	Genomic Surveillance of Carbapenem-Resistant Klebsiella pneu	False	False	False	not_gated	0			0	0	0	0	none	FILLED	not_gated	test	FILLED	already closed
PRJNA577535	collection_date	test	False	PMC9602435	europepmc_fulltext	True	True	https://doi.org/10.1128/spectrum.00957-22	Genomic Surveillance of Carbapenem-Resistant Klebsiella pneu	False	False	False	not_gated	0			0	0	0	0	none	FILLED	not_gated	test	FILLED	already closed
PRJNA577535	isolation_source	test	False	PMC9602435	europepmc_fulltext	True	True	https://doi.org/10.1128/spectrum.00957-22	Genomic Surveillance of Carbapenem-Resistant Klebsiella pneu	False	False	False	not_gated	0			0	0	0	0	none	FILLED	not_gated	test	FILLED	already closed
PRJNA577535	host	test	False	PMC9602435	europepmc_fulltext	True	True	https://doi.org/10.1128/spectrum.00957-22	Genomic Surveillance of Carbapenem-Resistant Klebsiella pneu	False	False	False	not_gated	0			0	0	0	0	none	FILLED	not_gated	test	FILLED	already closed
PRJNA594602	country	test	True		local_pdf	True	True			True	True	False	not_gated	0			0	0	0	0	none	FILLED	not_gated	test	FILLED	already closed
PRJNA594602	collection_date	test	True		local_pdf	True	True			True	True	False	not_gated	0			0	0	0	0	none	FILLED	not_gated	test	FILLED	already closed
PRJNA594602	isolation_source	test	True		local_pdf	True	True			True	True	False	not_gated	0			0	0	0	0	none	FILLED	not_gated	test	FILLED	already closed
PRJNA594602	host	test	True		local_pdf	True	True			True	True	False	not_gated	0			0	0	0	0	none	FILLED	not_gated	test	FILLED	already closed
PRJNA633565	country	test	False	PMC10434059	europepmc_fulltext	True	True	https://doi.org/10.1128/spectrum.01775-23	Clinical and Bacterial Characteristics Associated with Glove	False	False	True	not_gated	0	direct		0	0	0	0	none	FILLED	not_gated	test	FILLED	already closed
PRJNA633565	collection_date	test	False	PMC10434059	europepmc_fulltext	True	True	https://doi.org/10.1128/spectrum.01775-23	Clinical and Bacterial Characteristics Associated with Glove	False	False	True	not_gated	0	direct		0	0	0	0	none	FILLED	not_gated	test	FILLED	already closed
PRJNA633565	isolation_source	test	False	PMC10434059	europepmc_fulltext	True	True	https://doi.org/10.1128/spectrum.01775-23	Clinical and Bacterial Characteristics Associated with Glove	False	False	True	covered	176	direct		0	166	0	10	none	FILLED	whole_field	test	FILLED	already closed
PRJNA633565	host	test	False	PMC10434059	europepmc_fulltext	True	True	https://doi.org/10.1128/spectrum.01775-23	Clinical and Bacterial Characteristics Associated with Glove	False	False	True	not_gated	0	direct		0	0	0	0	none	FILLED	not_gated	test	FILLED	already closed
PRJNA658369	country	test	False	PMC7473597	local_pdf	True	True	https://doi.org/10.1016/s1473-3099(19)30755-8	Molecular and clinical epidemiology of carbapenem-resistant 	True	True	False	not_gated	0			0	0	0	0	none	FILLED	not_gated	test	FILLED	already closed
PRJNA658369	collection_date	test	False	PMC7473597	local_pdf	True	True	https://doi.org/10.1016/s1473-3099(19)30755-8	Molecular and clinical epidemiology of carbapenem-resistant 	True	True	False	not_gated	0			0	0	0	0	none	FILLED	not_gated	test	FILLED	already closed
PRJNA658369	isolation_source	test	False	PMC7473597	local_pdf	True	True	https://doi.org/10.1016/s1473-3099(19)30755-8	Molecular and clinical epidemiology of carbapenem-resistant 	True	True	False	not_gated	0			0	0	0	0	none	FILLED	not_gated	test	FILLED	already closed
PRJNA658369	host	test	False	PMC7473597	local_pdf	True	True	https://doi.org/10.1016/s1473-3099(19)30755-8	Molecular and clinical epidemiology of carbapenem-resistant 	True	True	False	not_gated	0			0	0	0	0	none	FILLED	not_gated	test	FILLED	already closed
PRJNA684006	country	test	False	PMC10101084	local_pdf	True	True	https://doi.org/10.1128/spectrum.04121-22	Hypervirulent &lt;i&gt;Klebsiella pneumoniae&lt;/i&gt; Causi	True	True	True	not_gated	0	abstained		0	0	0	0	none	FILLED	not_gated	test	FILLED	already closed
PRJNA684006	collection_date	test	False	PMC10101084	local_pdf	True	True	https://doi.org/10.1128/spectrum.04121-22	Hypervirulent &lt;i&gt;Klebsiella pneumoniae&lt;/i&gt; Causi	True	True	True	not_gated	0	abstained		0	0	0	0	none	FILLED	not_gated	test	FILLED	already closed
PRJNA684006	isolation_source	test	False	PMC10101084	local_pdf	True	True	https://doi.org/10.1128/spectrum.04121-22	Hypervirulent &lt;i&gt;Klebsiella pneumoniae&lt;/i&gt; Causi	True	True	True	not_gated	0	abstained		0	0	0	0	none	FILLED	not_gated	test	FILLED	already closed
PRJNA684006	host	test	False	PMC10101084	local_pdf	True	True	https://doi.org/10.1128/spectrum.04121-22	Hypervirulent &lt;i&gt;Klebsiella pneumoniae&lt;/i&gt; Causi	True	True	True	not_gated	0	abstained		0	0	0	0	none	FILLED	not_gated	test	FILLED	already closed
PRJNA757551	country	test	False	PMC9160272	local_pdf	True	True	https://doi.org/10.1038/s41467-022-30637-5	Whole genome sequencing reveals hidden transmission of carba	True	True	False	not_gated	0	direct		0	0	0	0	none	FILLED	not_gated	test	FILLED	already closed
PRJNA757551	collection_date	test	False	PMC9160272	local_pdf	True	True	https://doi.org/10.1038/s41467-022-30637-5	Whole genome sequencing reveals hidden transmission of carba	True	True	False	residual_per_sample	377	direct	field_not_in_table	0	0	0	377	generated	EXHAUSTED	curator_accepted	test	EXHAUSTED	already closed
PRJNA757551	isolation_source	test	False	PMC9160272	local_pdf	True	True	https://doi.org/10.1038/s41467-022-30637-5	Whole genome sequencing reveals hidden transmission of carba	True	True	False	covered	377	direct		0	333	0	44	none	FILLED	whole_field	test	FILLED	already closed
PRJNA757551	host	test	False	PMC9160272	local_pdf	True	True	https://doi.org/10.1038/s41467-022-30637-5	Whole genome sequencing reveals hidden transmission of carba	True	True	False	covered	377	direct		377	0	0	377	none	FILLED	whole_field	test	FILLED	already closed
PRJNA778230	country	test	False	PMC9603589	europepmc_fulltext	True	True	https://doi.org/10.1128/spectrum.01242-22	Limited Transmission of Klebsiella pneumoniae among Humans, 	False	False	True	not_gated	0	abstained		0	0	0	0	none	FILLED	not_gated	test	FILLED	already closed
PRJNA778230	collection_date	test	False	PMC9603589	europepmc_fulltext	True	True	https://doi.org/10.1128/spectrum.01242-22	Limited Transmission of Klebsiella pneumoniae among Humans, 	False	False	True	not_gated	0	abstained		0	0	0	0	none	FILLED	not_gated	test	FILLED	already closed
PRJNA778230	isolation_source	test	False	PMC9603589	europepmc_fulltext	True	True	https://doi.org/10.1128/spectrum.01242-22	Limited Transmission of Klebsiella pneumoniae among Humans, 	False	False	True	not_gated	0	abstained		0	0	0	0	none	FILLED	not_gated	test	FILLED	already closed
PRJNA778230	host	test	False	PMC9603589	europepmc_fulltext	True	True	https://doi.org/10.1128/spectrum.01242-22	Limited Transmission of Klebsiella pneumoniae among Humans, 	False	False	True	not_gated	0	abstained		0	0	0	0	none	FILLED	not_gated	test	FILLED	already closed
PRJNA810752	country	test	True		none	False	False			False	False	False	not_gated	0			0	0	0	0	none	FILLED	not_gated	test	FILLED	already closed
PRJNA810752	collection_date	test	True		none	False	False			False	False	False	not_gated	0			0	0	0	0	none	FILLED	not_gated	test	FILLED	already closed
PRJNA810752	isolation_source	test	True		none	False	False			False	False	False	not_gated	0			0	0	0	0	none	FILLED	not_gated	test	FILLED	already closed
PRJNA810752	host	test	True		none	False	False			False	False	False	not_gated	0			0	0	0	0	none	FILLED	not_gated	test	FILLED	already closed
PRJNA825705	country	test	False	PMC9393496	europepmc_fulltext	True	True	https://doi.org/10.3389/fmicb.2022.973605	Automated antimicrobial susceptibility testing and antimicro	False	False	False	not_gated	0	abstained		0	0	0	0	none	FILLED	not_gated	test	FILLED	already closed
PRJNA825705	collection_date	test	False	PMC9393496	europepmc_fulltext	True	True	https://doi.org/10.3389/fmicb.2022.973605	Automated antimicrobial susceptibility testing and antimicro	False	False	False	residual_per_sample	155	abstained		0	0	155	0	applied	FILLED	per_sample_or_escalation	test	FILLED	already closed
PRJNA825705	isolation_source	test	False	PMC9393496	europepmc_fulltext	True	True	https://doi.org/10.3389/fmicb.2022.973605	Automated antimicrobial susceptibility testing and antimicro	False	False	False	not_gated	0	abstained		0	0	0	0	none	FILLED	not_gated	test	FILLED	already closed
PRJNA825705	host	test	False	PMC9393496	europepmc_fulltext	True	True	https://doi.org/10.3389/fmicb.2022.973605	Automated antimicrobial susceptibility testing and antimicro	False	False	False	not_gated	0	abstained		0	0	0	0	none	FILLED	not_gated	test	FILLED	already closed
PRJNA839691	country	test	False	PMC9764986	europepmc_fulltext	True	True	https://doi.org/10.1128/msystems.00799-22	Competitive Transmission of Carbapenem-Resistant Klebsiella 	False	False	False	not_gated	0	direct		0	0	0	0	none	FILLED	not_gated	test	FILLED	already closed
PRJNA839691	collection_date	test	False	PMC9764986	europepmc_fulltext	True	True	https://doi.org/10.1128/msystems.00799-22	Competitive Transmission of Carbapenem-Resistant Klebsiella 	False	False	False	not_gated	0	direct		0	0	0	0	none	FILLED	not_gated	test	FILLED	already closed
PRJNA839691	isolation_source	test	False	PMC9764986	europepmc_fulltext	True	True	https://doi.org/10.1128/msystems.00799-22	Competitive Transmission of Carbapenem-Resistant Klebsiella 	False	False	False	not_gated	0	direct		0	143	0	0	none	FILLED	not_gated	test	FILLED	already closed
PRJNA839691	host	test	False	PMC9764986	europepmc_fulltext	True	True	https://doi.org/10.1128/msystems.00799-22	Competitive Transmission of Carbapenem-Resistant Klebsiella 	False	False	False	covered	98	direct		0	98	0	0	none	FILLED	whole_field	test	FILLED	already closed
PRJNA922900	country	test	True		europepmc_fulltext	True	True			False	False	False	not_gated	0	direct		0	0	0	0	none	FILLED	not_gated	test	FILLED	already closed
PRJNA922900	collection_date	test	True		europepmc_fulltext	True	True			False	False	False	not_gated	0	direct		0	0	0	0	none	FILLED	not_gated	test	FILLED	already closed
PRJNA922900	isolation_source	test	True		europepmc_fulltext	True	True			False	False	False	not_gated	0	direct		0	0	0	0	none	FILLED	not_gated	test	FILLED	already closed
PRJNA922900	host	test	True		europepmc_fulltext	True	True			False	False	False	covered	111	direct		0	111	0	0	none	FILLED	whole_field	test	FILLED	already closed
PRJDB11378	country	tail100	True		none	False	False			False	False	False	not_gated	0	NO_PMCID		0	0	0	0	none	FILLED	not_gated	tail100	FILLED	already closed
PRJDB11378	collection_date	tail100	True		none	False	False			False	False	False	not_gated	0	NO_PMCID		0	0	0	0	none	FILLED	not_gated	tail100	FILLED	already closed
PRJDB11378	isolation_source	tail100	True		none	False	False			False	False	False	residual_per_sample	129	NO_PMCID	NO_PMCID	0	0	0	129	generated	EXHAUSTED	no_paper_findable	tail100	EXHAUSTED	already closed
PRJDB11378	host	tail100	True		none	False	False			False	False	False	not_gated	0	NO_PMCID		0	0	0	0	none	FILLED	not_gated	tail100	FILLED	already closed
PRJDB16680	country	tail100	True		none	False	False			False	False	False	not_gated	0			0	0	0	0	none	FILLED	not_gated	tail100	FILLED	already closed
PRJDB16680	collection_date	tail100	True		none	False	False			False	False	False	not_gated	0			0	0	0	0	none	FILLED	not_gated	tail100	FILLED	already closed
PRJDB16680	isolation_source	tail100	True		none	False	False			False	False	False	not_gated	0			0	0	0	0	none	FILLED	not_gated	tail100	FILLED	already closed
PRJDB16680	host	tail100	True		none	False	False			False	False	False	not_gated	0			0	0	0	0	none	FILLED	not_gated	tail100	FILLED	already closed
PRJDB6407	country	tail100	False	PMC8318238	europepmc_fulltext	True	True	https://doi.org/10.1371/journal.pone.0231119	Plasmid analysis of NDM metallo-β-lactamase-producing Entero	False	False	True	not_gated	0	abstained		0	0	0	0	none	FILLED	not_gated	tail100	FILLED	already closed
PRJDB6407	collection_date	tail100	False	PMC8318238	europepmc_fulltext	True	True	https://doi.org/10.1371/journal.pone.0231119	Plasmid analysis of NDM metallo-β-lactamase-producing Entero	False	False	True	not_gated	0	abstained		0	0	0	0	none	FILLED	not_gated	tail100	FILLED	already closed
PRJDB6407	isolation_source	tail100	False	PMC8318238	europepmc_fulltext	True	True	https://doi.org/10.1371/journal.pone.0231119	Plasmid analysis of NDM metallo-β-lactamase-producing Entero	False	False	True	residual_per_sample	141	abstained	no_supp	0	0	0	141	generated	EXHAUSTED	no_supp	tail100	EXHAUSTED	already closed
PRJDB6407	host	tail100	False	PMC8318238	europepmc_fulltext	True	True	https://doi.org/10.1371/journal.pone.0231119	Plasmid analysis of NDM metallo-β-lactamase-producing Entero	False	False	True	not_gated	0	abstained		0	0	0	0	none	FILLED	not_gated	tail100	FILLED	already closed
PRJEB12888	country	tail100	True		none	False	False			False	False	False	residual_per_sample	318	NO_PMCID	NO_PMCID	0	0	0	318	generated	EXHAUSTED	no_paper_findable	tail100	EXHAUSTED	already closed
PRJEB12888	collection_date	tail100	True		none	False	False			False	False	False	residual_per_sample	318	NO_PMCID	NO_PMCID	0	0	0	318	generated	EXHAUSTED	no_paper_findable	tail100	EXHAUSTED	already closed
PRJEB12888	isolation_source	tail100	True		none	False	False			False	False	False	residual_per_sample	318	NO_PMCID	NO_PMCID	0	0	0	318	generated	EXHAUSTED	no_paper_findable	tail100	EXHAUSTED	already closed
PRJEB12888	host	tail100	True		none	False	False			False	False	False	covered	318	NO_PMCID		318	0	0	318	none	FILLED	whole_field	tail100	FILLED	already closed
PRJEB18621	country	tail100	False	PMC5930415	europepmc_fulltext	True	True	https://doi.org/10.1186/s13756-018-0352-y	Genome-based analysis of Carbapenemase-producing <i>Klebsiel	False	False	False	not_gated	0			0	0	0	0	none	FILLED	not_gated	tail100	FILLED	already closed
PRJEB18621	collection_date	tail100	False	PMC5930415	europepmc_fulltext	True	True	https://doi.org/10.1186/s13756-018-0352-y	Genome-based analysis of Carbapenemase-producing <i>Klebsiel	False	False	False	not_gated	0			0	0	0	0	none	FILLED	not_gated	tail100	FILLED	already closed
PRJEB18621	isolation_source	tail100	False	PMC5930415	europepmc_fulltext	True	True	https://doi.org/10.1186/s13756-018-0352-y	Genome-based analysis of Carbapenemase-producing <i>Klebsiel	False	False	False	not_gated	0			0	0	0	0	none	FILLED	not_gated	tail100	FILLED	already closed
PRJEB18621	host	tail100	False	PMC5930415	europepmc_fulltext	True	True	https://doi.org/10.1186/s13756-018-0352-y	Genome-based analysis of Carbapenemase-producing <i>Klebsiel	False	False	False	not_gated	0			0	0	0	0	none	FILLED	not_gated	tail100	FILLED	already closed
PRJEB18814	country	tail100	False	PMC6938978	europepmc_fulltext	True	True	https://doi.org/10.1093/cid/ciz174	A One Health Study of the Genetic Relatedness of Klebsiella 	False	False	False	not_gated	0			0	0	0	0	none	FILLED	not_gated	tail100	FILLED	already closed
PRJEB18814	collection_date	tail100	False	PMC6938978	europepmc_fulltext	True	True	https://doi.org/10.1093/cid/ciz174	A One Health Study of the Genetic Relatedness of Klebsiella 	False	False	False	not_gated	0			0	0	0	0	none	FILLED	not_gated	tail100	FILLED	already closed
PRJEB18814	isolation_source	tail100	False	PMC6938978	europepmc_fulltext	True	True	https://doi.org/10.1093/cid/ciz174	A One Health Study of the Genetic Relatedness of Klebsiella 	False	False	False	not_gated	0			0	0	0	0	none	FILLED	not_gated	tail100	FILLED	already closed
PRJEB18814	host	tail100	False	PMC6938978	europepmc_fulltext	True	True	https://doi.org/10.1093/cid/ciz174	A One Health Study of the Genetic Relatedness of Klebsiella 	False	False	False	not_gated	0			0	0	0	0	none	FILLED	not_gated	tail100	FILLED	already closed
PRJEB20234	country	tail100	False		local_pdf	True	True	https://doi.org/10.1016/j.ajic.2017.07.022	Stalking a lethal superbug by whole-genome sequencing and ph	True	True	False	not_gated	0			0	0	0	0	none	FILLED	not_gated	tail100	FILLED	already closed
PRJEB20234	collection_date	tail100	False		local_pdf	True	True	https://doi.org/10.1016/j.ajic.2017.07.022	Stalking a lethal superbug by whole-genome sequencing and ph	True	True	False	not_gated	0			0	0	0	0	none	FILLED	not_gated	tail100	FILLED	already closed
PRJEB20234	isolation_source	tail100	False		local_pdf	True	True	https://doi.org/10.1016/j.ajic.2017.07.022	Stalking a lethal superbug by whole-genome sequencing and ph	True	True	False	not_gated	0			0	0	0	0	none	FILLED	not_gated	tail100	FILLED	already closed
PRJEB20234	host	tail100	False		local_pdf	True	True	https://doi.org/10.1016/j.ajic.2017.07.022	Stalking a lethal superbug by whole-genome sequencing and ph	True	True	False	not_gated	0			0	0	0	0	none	FILLED	not_gated	tail100	FILLED	already closed
PRJEB20809	country	tail100	False	PMC13148723	europepmc_fulltext	True	True	https://doi.org/10.1099/mgen.0.001654	Whole-genome sequencing to investigate the prevalence and tr	False	False	False	covered	111	abstained		111	0	0	111	none	FILLED	whole_field	tail100	FILLED	already closed
PRJEB20809	collection_date	tail100	False	PMC13148723	europepmc_fulltext	True	True	https://doi.org/10.1099/mgen.0.001654	Whole-genome sequencing to investigate the prevalence and tr	False	False	False	residual_per_sample	111	abstained	no_supp	0	0	0	111	generated	ACTIONABLE	fetch_supp_table	tail100	ACCEPTED	requested supplement not in folder — unavailable (all fetchable fetched)
PRJEB20809	isolation_source	tail100	False	PMC13148723	europepmc_fulltext	True	True	https://doi.org/10.1099/mgen.0.001654	Whole-genome sequencing to investigate the prevalence and tr	False	False	False	residual_per_sample	111	abstained	no_supp	0	0	0	111	generated	ACTIONABLE	fetch_supp_table	tail100	ACCEPTED	requested supplement not in folder — unavailable (all fetchable fetched)
PRJEB20809	host	tail100	False	PMC13148723	europepmc_fulltext	True	True	https://doi.org/10.1099/mgen.0.001654	Whole-genome sequencing to investigate the prevalence and tr	False	False	False	covered	111	abstained		111	0	0	111	none	FILLED	whole_field	tail100	FILLED	already closed
PRJEB21132	country	tail100	False		none	False	False		Report on the 2nd proficiency test trial for the Global Micr	False	False	False	not_gated	0	NO_PMCID		0	0	0	0	none	FILLED	not_gated	tail100	FILLED	already closed
PRJEB21132	collection_date	tail100	False		none	False	False		Report on the 2nd proficiency test trial for the Global Micr	False	False	False	residual_per_sample	130	NO_PMCID	NO_PMCID	0	0	0	130	generated	EXHAUSTED	no_paper_findable	tail100	EXHAUSTED	already closed
PRJEB21132	isolation_source	tail100	False		none	False	False		Report on the 2nd proficiency test trial for the Global Micr	False	False	False	residual_per_sample	130	NO_PMCID	NO_PMCID	0	0	0	130	generated	EXHAUSTED	no_paper_findable	tail100	EXHAUSTED	already closed
PRJEB21132	host	tail100	False		none	False	False		Report on the 2nd proficiency test trial for the Global Micr	False	False	False	residual_per_sample	130	NO_PMCID	NO_PMCID	0	0	0	130	generated	EXHAUSTED	no_paper_findable	tail100	EXHAUSTED	already closed
PRJEB30913	country	tail100	False	PMC6966826	europepmc_fulltext	True	True	https://doi.org/10.1186/s13073-019-0706-y	Genomic surveillance for hypervirulence and multi-drug resis	False	False	False	not_gated	0	abstained		0	0	0	0	none	FILLED	not_gated	tail100	FILLED	already closed
PRJEB30913	collection_date	tail100	False	PMC6966826	europepmc_fulltext	True	True	https://doi.org/10.1186/s13073-019-0706-y	Genomic surveillance for hypervirulence and multi-drug resis	False	False	False	not_gated	0	abstained		0	0	0	0	none	FILLED	not_gated	tail100	FILLED	already closed
PRJEB30913	isolation_source	tail100	False	PMC6966826	europepmc_fulltext	True	True	https://doi.org/10.1186/s13073-019-0706-y	Genomic surveillance for hypervirulence and multi-drug resis	False	False	False	not_gated	0	abstained		0	0	0	0	none	FILLED	not_gated	tail100	FILLED	already closed
PRJEB30913	host	tail100	False	PMC6966826	europepmc_fulltext	True	True	https://doi.org/10.1186/s13073-019-0706-y	Genomic surveillance for hypervirulence and multi-drug resis	False	False	False	covered	129	abstained		129	0	0	129	none	FILLED	whole_field	tail100	FILLED	already closed
PRJEB36370	country	tail100	False		local_pdf	True	True	https://doi.org/10.1016/j.ijantimicag.2020.105931	Investigation of possible clonal transmission of carbapenema	True	True	False	covered	103	NO_PMCID		103	0	0	103	none	FILLED	whole_field	tail100	FILLED	already closed
PRJEB36370	collection_date	tail100	False		local_pdf	True	True	https://doi.org/10.1016/j.ijantimicag.2020.105931	Investigation of possible clonal transmission of carbapenema	True	True	False	residual_per_sample	103	NO_PMCID	NO_PMCID	0	0	0	103	generated	ACTIONABLE	fetch_supp_table	tail100	ACCEPTED	requested supplement not in folder — unavailable (all fetchable fetched)
PRJEB36370	isolation_source	tail100	False		local_pdf	True	True	https://doi.org/10.1016/j.ijantimicag.2020.105931	Investigation of possible clonal transmission of carbapenema	True	True	False	residual_per_sample	103	NO_PMCID	NO_PMCID	0	0	0	103	generated	ACTIONABLE	fetch_supp_table	tail100	ACCEPTED	requested supplement not in folder — unavailable (all fetchable fetched)
PRJEB36370	host	tail100	False		local_pdf	True	True	https://doi.org/10.1016/j.ijantimicag.2020.105931	Investigation of possible clonal transmission of carbapenema	True	True	False	covered	103	NO_PMCID		103	0	0	103	none	FILLED	whole_field	tail100	FILLED	already closed
PRJEB39567	country	tail100	False	PMC12647771	europepmc_fulltext	True	True	https://doi.org/10.1038/s41467-025-66088-x	High frequency body site translocation of nosocomial Pseudom	False	False	True	covered	250	abstained		250	0	0	250	none	FILLED	whole_field	tail100	FILLED	already closed
PRJEB39567	collection_date	tail100	False	PMC12647771	europepmc_fulltext	True	True	https://doi.org/10.1038/s41467-025-66088-x	High frequency body site translocation of nosocomial Pseudom	False	False	True	covered	250	abstained		250	0	0	250	none	FILLED	whole_field	tail100	FILLED	already closed
PRJEB39567	isolation_source	tail100	False	PMC12647771	europepmc_fulltext	True	True	https://doi.org/10.1038/s41467-025-66088-x	High frequency body site translocation of nosocomial Pseudom	False	False	True	residual_per_sample	250	abstained		0	0	0	250	generated	BLOCKED	needs_linkage	tail100	ACCEPTED	table has no ENA-mappable key (unanchored) or no per-isolate table exists
PRJEB39567	host	tail100	False	PMC12647771	europepmc_fulltext	True	True	https://doi.org/10.1038/s41467-025-66088-x	High frequency body site translocation of nosocomial Pseudom	False	False	True	covered	250	abstained		250	0	0	250	none	FILLED	whole_field	tail100	FILLED	already closed
PRJEB40861	country	tail100	True		none	False	False			False	False	False	not_gated	0	NO_PMCID		0	0	0	0	none	FILLED	not_gated	tail100	FILLED	already closed
PRJEB40861	collection_date	tail100	True		none	False	False			False	False	False	not_gated	0	NO_PMCID		0	0	0	0	none	FILLED	not_gated	tail100	FILLED	already closed
PRJEB40861	isolation_source	tail100	True		none	False	False			False	False	False	residual_per_sample	109	NO_PMCID	NO_PMCID	0	0	0	109	generated	EXHAUSTED	no_paper_findable	tail100	EXHAUSTED	already closed
PRJEB40861	host	tail100	True		none	False	False			False	False	False	residual_per_sample	109	NO_PMCID	NO_PMCID	0	0	0	109	generated	EXHAUSTED	no_paper_findable	tail100	EXHAUSTED	already closed
PRJEB49326	country	tail100	True		none	False	False			False	False	False	not_gated	0	NO_PMCID		0	0	0	0	none	FILLED	not_gated	tail100	FILLED	already closed
PRJEB49326	collection_date	tail100	True		none	False	False			False	False	False	not_gated	0	NO_PMCID		0	0	0	0	none	FILLED	not_gated	tail100	FILLED	already closed
PRJEB49326	isolation_source	tail100	True		none	False	False			False	False	False	not_gated	0	NO_PMCID		0	0	0	0	none	FILLED	not_gated	tail100	FILLED	already closed
PRJEB49326	host	tail100	True		none	False	False			False	False	False	covered	127	NO_PMCID		127	0	0	127	none	FILLED	whole_field	tail100	FILLED	already closed
PRJEB49683	country	tail100	False	PMC7994358	europepmc_fulltext	True	True	https://doi.org/10.3389/fmicb.2021.620002	AMRmap: An Interactive Web Platform for Analysis of Antimicr	False	False	False	not_gated	0	abstained		0	0	0	0	none	FILLED	not_gated	tail100	FILLED	already closed
PRJEB49683	collection_date	tail100	False	PMC7994358	europepmc_fulltext	True	True	https://doi.org/10.3389/fmicb.2021.620002	AMRmap: An Interactive Web Platform for Analysis of Antimicr	False	False	False	not_gated	0	abstained		0	0	0	0	none	FILLED	not_gated	tail100	FILLED	already closed
PRJEB49683	isolation_source	tail100	False	PMC7994358	europepmc_fulltext	True	True	https://doi.org/10.3389/fmicb.2021.620002	AMRmap: An Interactive Web Platform for Analysis of Antimicr	False	False	False	not_gated	0	abstained		0	0	0	0	none	FILLED	not_gated	tail100	FILLED	already closed
PRJEB49683	host	tail100	False	PMC7994358	europepmc_fulltext	True	True	https://doi.org/10.3389/fmicb.2021.620002	AMRmap: An Interactive Web Platform for Analysis of Antimicr	False	False	False	covered	121	abstained		121	0	0	121	none	FILLED	whole_field	tail100	FILLED	already closed
PRJEB50545	country	tail100	False	PMC12779062	europepmc_fulltext	True	True	https://doi.org/10.1371/journal.pone.0337346	Extended-spectrum beta-lactamase-producing Escherichia coli 	False	False	False	covered	100	direct		0	48	0	52	generated	FILLED	whole_field	tail100	FILLED	already closed
PRJEB50545	collection_date	tail100	False	PMC12779062	europepmc_fulltext	True	True	https://doi.org/10.1371/journal.pone.0337346	Extended-spectrum beta-lactamase-producing Escherichia coli 	False	False	False	covered	100	direct		0	48	0	52	none	FILLED	whole_field	tail100	FILLED	already closed
PRJEB50545	isolation_source	tail100	False	PMC12779062	europepmc_fulltext	True	True	https://doi.org/10.1371/journal.pone.0337346	Extended-spectrum beta-lactamase-producing Escherichia coli 	False	False	False	residual_per_sample	100	direct	field_not_in_table	0	0	0	100	generated	EXHAUSTED	field_not_in_table	tail100	EXHAUSTED	already closed
PRJEB50545	host	tail100	False	PMC12779062	europepmc_fulltext	True	True	https://doi.org/10.1371/journal.pone.0337346	Extended-spectrum beta-lactamase-producing Escherichia coli 	False	False	False	covered	100	direct		0	48	0	52	generated	FILLED	whole_field	tail100	FILLED	already closed
PRJEB54810	country	tail100	False	PMC9376106	europepmc_fulltext	True	True	https://doi.org/10.1038/s41467-022-32504-9	Adaptation to novel spatially-structured environments is dri	False	False	False	residual_per_sample	165	abstained		0	0	0	165	generated	BLOCKED	needs_linkage	tail100	ACCEPTED	table has no ENA-mappable key (unanchored) or no per-isolate table exists
PRJEB54810	collection_date	tail100	False	PMC9376106	europepmc_fulltext	True	True	https://doi.org/10.1038/s41467-022-32504-9	Adaptation to novel spatially-structured environments is dri	False	False	False	residual_per_sample	165	abstained		0	0	0	165	generated	BLOCKED	needs_linkage	tail100	ACCEPTED	table has no ENA-mappable key (unanchored) or no per-isolate table exists
PRJEB54810	isolation_source	tail100	False	PMC9376106	europepmc_fulltext	True	True	https://doi.org/10.1038/s41467-022-32504-9	Adaptation to novel spatially-structured environments is dri	False	False	False	residual_per_sample	165	abstained		0	0	0	165	generated	BLOCKED	needs_linkage	tail100	ACCEPTED	table has no ENA-mappable key (unanchored) or no per-isolate table exists
PRJEB54810	host	tail100	False	PMC9376106	europepmc_fulltext	True	True	https://doi.org/10.1038/s41467-022-32504-9	Adaptation to novel spatially-structured environments is dri	False	False	False	residual_per_sample	165	abstained		0	0	0	165	generated	BLOCKED	needs_linkage	tail100	ACCEPTED	table has no ENA-mappable key (unanchored) or no per-isolate table exists
PRJEB55414	country	tail100	False	PMC10434048	europepmc_fulltext	True	True	https://doi.org/10.1128/spectrum.04716-22	Widespread Detection of Yersiniabactin Gene Cluster and Its 	False	False	False	not_gated	0	abstained		0	0	0	0	none	FILLED	not_gated	tail100	FILLED	already closed
PRJEB55414	collection_date	tail100	False	PMC10434048	europepmc_fulltext	True	True	https://doi.org/10.1128/spectrum.04716-22	Widespread Detection of Yersiniabactin Gene Cluster and Its 	False	False	False	residual_per_sample	75	abstained		0	0	0	75	generated	BLOCKED	needs_linkage	tail100	ACCEPTED	table has no ENA-mappable key (unanchored) or no per-isolate table exists
PRJEB55414	isolation_source	tail100	False	PMC10434048	europepmc_fulltext	True	True	https://doi.org/10.1128/spectrum.04716-22	Widespread Detection of Yersiniabactin Gene Cluster and Its 	False	False	False	residual_per_sample	114	abstained		0	0	0	114	generated	BLOCKED	needs_linkage	tail100	ACCEPTED	table has no ENA-mappable key (unanchored) or no per-isolate table exists
PRJEB55414	host	tail100	False	PMC10434048	europepmc_fulltext	True	True	https://doi.org/10.1128/spectrum.04716-22	Widespread Detection of Yersiniabactin Gene Cluster and Its 	False	False	False	covered	114	abstained		114	0	0	114	none	FILLED	whole_field	tail100	FILLED	already closed
PRJEB56918	country	tail100	False	PMC10505216	europepmc_fulltext	True	True	https://doi.org/10.1038/s41597-023-02502-7	Whole genomes from bacteria collected at diagnostic units ar	False	False	False	not_gated	0	abstained		0	0	0	0	none	FILLED	not_gated	tail100	FILLED	already closed
PRJEB56918	collection_date	tail100	False	PMC10505216	europepmc_fulltext	True	True	https://doi.org/10.1038/s41597-023-02502-7	Whole genomes from bacteria collected at diagnostic units ar	False	False	False	not_gated	0	abstained		0	0	0	0	none	FILLED	not_gated	tail100	FILLED	already closed
PRJEB56918	isolation_source	tail100	False	PMC10505216	europepmc_fulltext	True	True	https://doi.org/10.1038/s41597-023-02502-7	Whole genomes from bacteria collected at diagnostic units ar	False	False	False	not_gated	0	abstained		0	0	0	0	none	FILLED	not_gated	tail100	FILLED	already closed
PRJEB56918	host	tail100	False	PMC10505216	europepmc_fulltext	True	True	https://doi.org/10.1038/s41597-023-02502-7	Whole genomes from bacteria collected at diagnostic units ar	False	False	False	covered	465	abstained		465	0	0	465	none	FILLED	whole_field	tail100	FILLED	already closed
PRJEB63210	country	tail100	False	PMC11790497	europepmc_fulltext	True	True	https://doi.org/10.1038/s41564-024-01891-8	ESKAPE pathogens rapidly develop resistance against antibiot	False	False	False	not_gated	0	abstained		0	0	0	0	none	FILLED	not_gated	tail100	FILLED	already closed
PRJEB63210	collection_date	tail100	False	PMC11790497	europepmc_fulltext	True	True	https://doi.org/10.1038/s41564-024-01891-8	ESKAPE pathogens rapidly develop resistance against antibiot	False	False	False	not_gated	0	abstained		0	0	0	0	none	FILLED	not_gated	tail100	FILLED	already closed
PRJEB63210	isolation_source	tail100	False	PMC11790497	europepmc_fulltext	True	True	https://doi.org/10.1038/s41564-024-01891-8	ESKAPE pathogens rapidly develop resistance against antibiot	False	False	False	residual_per_sample	162	abstained	no_supp	0	0	0	162	generated	EXHAUSTED	paper_has_no_table	tail100	EXHAUSTED	already closed
PRJEB63210	host	tail100	False	PMC11790497	europepmc_fulltext	True	True	https://doi.org/10.1038/s41564-024-01891-8	ESKAPE pathogens rapidly develop resistance against antibiot	False	False	False	residual_per_sample	162	abstained	no_supp	0	0	0	162	generated	EXHAUSTED	paper_has_no_table	tail100	EXHAUSTED	already closed
PRJEB8666	country	tail100	False	PMC8330565	europepmc_fulltext	True	True	https://doi.org/10.1136/bmjgh-2021-005659	The genomic epidemiology of multi-drug resistant invasive no	False	False	False	residual_per_sample	106	abstained		0	0	0	106	generated	BLOCKED	needs_linkage	tail100	ACCEPTED	table has no ENA-mappable key (unanchored) or no per-isolate table exists
PRJEB8666	collection_date	tail100	False	PMC8330565	europepmc_fulltext	True	True	https://doi.org/10.1136/bmjgh-2021-005659	The genomic epidemiology of multi-drug resistant invasive no	False	False	False	residual_per_sample	106	abstained		0	0	0	106	generated	BLOCKED	needs_linkage	tail100	ACCEPTED	table has no ENA-mappable key (unanchored) or no per-isolate table exists
PRJEB8666	isolation_source	tail100	False	PMC8330565	europepmc_fulltext	True	True	https://doi.org/10.1136/bmjgh-2021-005659	The genomic epidemiology of multi-drug resistant invasive no	False	False	False	covered	106	abstained		106	0	0	106	none	FILLED	whole_field	tail100	FILLED	already closed
PRJEB8666	host	tail100	False	PMC8330565	europepmc_fulltext	True	True	https://doi.org/10.1136/bmjgh-2021-005659	The genomic epidemiology of multi-drug resistant invasive no	False	False	False	covered	106	abstained		106	0	0	106	none	FILLED	whole_field	tail100	FILLED	already closed
PRJEB8667	country	tail100	True		none	False	False			False	False	False	covered	184	NO_PMCID		184	0	0	184	none	FILLED	whole_field	tail100	FILLED	already closed
PRJEB8667	collection_date	tail100	True		none	False	False			False	False	False	residual_per_sample	184	NO_PMCID	NO_PMCID	0	0	0	184	generated	EXHAUSTED	no_paper_findable	tail100	EXHAUSTED	already closed
PRJEB8667	isolation_source	tail100	True		none	False	False			False	False	False	residual_per_sample	184	NO_PMCID	NO_PMCID	0	0	0	184	generated	EXHAUSTED	no_paper_findable	tail100	EXHAUSTED	already closed
PRJEB8667	host	tail100	True		none	False	False			False	False	False	residual_per_sample	184	NO_PMCID		0	0	184	0	applied	FILLED	per_sample_or_escalation	tail100	FILLED	already closed
PRJNA1052100	country	tail100	False	PMC11215549	europepmc_fulltext	True	True	https://doi.org/10.1093/jac/dkae123	Genomic diversity and antimicrobial resistance in clinical K	False	False	False	not_gated	0			0	0	0	0	none	FILLED	not_gated	tail100	FILLED	already closed
PRJNA1052100	collection_date	tail100	False	PMC11215549	europepmc_fulltext	True	True	https://doi.org/10.1093/jac/dkae123	Genomic diversity and antimicrobial resistance in clinical K	False	False	False	not_gated	0			0	0	0	0	none	FILLED	not_gated	tail100	FILLED	already closed
PRJNA1052100	isolation_source	tail100	False	PMC11215549	europepmc_fulltext	True	True	https://doi.org/10.1093/jac/dkae123	Genomic diversity and antimicrobial resistance in clinical K	False	False	False	not_gated	0			0	0	0	0	none	FILLED	not_gated	tail100	FILLED	already closed
PRJNA1052100	host	tail100	False	PMC11215549	europepmc_fulltext	True	True	https://doi.org/10.1093/jac/dkae123	Genomic diversity and antimicrobial resistance in clinical K	False	False	False	not_gated	0			0	0	0	0	none	FILLED	not_gated	tail100	FILLED	already closed
PRJNA1076808	country	tail100	False	PMC11587635	europepmc_fulltext	True	True	https://doi.org/10.1186/s13073-024-01412-6	Genomic surveillance of multidrug-resistant organisms based 	False	False	True	not_gated	0	abstained		0	0	0	0	none	FILLED	not_gated	tail100	FILLED	already closed
PRJNA1076808	collection_date	tail100	False	PMC11587635	europepmc_fulltext	True	True	https://doi.org/10.1186/s13073-024-01412-6	Genomic surveillance of multidrug-resistant organisms based 	False	False	True	not_gated	0	abstained		0	0	0	0	none	FILLED	not_gated	tail100	FILLED	already closed
PRJNA1076808	isolation_source	tail100	False	PMC11587635	europepmc_fulltext	True	True	https://doi.org/10.1186/s13073-024-01412-6	Genomic surveillance of multidrug-resistant organisms based 	False	False	True	residual_per_sample	104	abstained		0	0	0	104	generated	BLOCKED	needs_linkage	tail100	ACCEPTED	table has no ENA-mappable key (unanchored) or no per-isolate table exists
PRJNA1076808	host	tail100	False	PMC11587635	europepmc_fulltext	True	True	https://doi.org/10.1186/s13073-024-01412-6	Genomic surveillance of multidrug-resistant organisms based 	False	False	True	not_gated	0	abstained		0	0	0	0	none	FILLED	not_gated	tail100	FILLED	already closed
PRJNA267549	country	tail100	False	PMC4521703	europepmc_fulltext	True	True	https://doi.org/10.1371/journal.pgen.1005413	A Year of Infection in the Intensive Care Unit: Prospective 	False	False	False	not_gated	0	direct		0	0	0	0	none	FILLED	not_gated	tail100	FILLED	already closed
PRJNA267549	collection_date	tail100	False	PMC4521703	europepmc_fulltext	True	True	https://doi.org/10.1371/journal.pgen.1005413	A Year of Infection in the Intensive Care Unit: Prospective 	False	False	False	covered	114	direct		114	0	0	114	none	FILLED	whole_field	tail100	FILLED	already closed
PRJNA267549	isolation_source	tail100	False	PMC4521703	europepmc_fulltext	True	True	https://doi.org/10.1371/journal.pgen.1005413	A Year of Infection in the Intensive Care Unit: Prospective 	False	False	False	covered	114	direct		0	110	0	4	none	FILLED	whole_field	tail100	FILLED	already closed
PRJNA267549	host	tail100	False	PMC4521703	europepmc_fulltext	True	True	https://doi.org/10.1371/journal.pgen.1005413	A Year of Infection in the Intensive Care Unit: Prospective 	False	False	False	not_gated	0	direct		0	0	0	0	none	FILLED	not_gated	tail100	FILLED	already closed
PRJNA269675	country	tail100	True		none	False	False			False	False	False	not_gated	0			0	0	0	0	none	FILLED	not_gated	tail100	FILLED	already closed
PRJNA269675	collection_date	tail100	True		none	False	False			False	False	False	not_gated	0			0	0	0	0	none	FILLED	not_gated	tail100	FILLED	already closed
PRJNA269675	isolation_source	tail100	True		none	False	False			False	False	False	not_gated	0			0	0	0	0	none	FILLED	not_gated	tail100	FILLED	already closed
PRJNA269675	host	tail100	True		none	False	False			False	False	False	not_gated	0			0	0	0	0	none	FILLED	not_gated	tail100	FILLED	already closed
PRJNA353728	country	tail100	True		none	False	False			False	False	False	not_gated	0	NO_PMCID		0	0	0	0	none	FILLED	not_gated	tail100	FILLED	already closed
PRJNA353728	collection_date	tail100	True		none	False	False			False	False	False	not_gated	0	NO_PMCID		0	0	0	0	none	FILLED	not_gated	tail100	FILLED	already closed
PRJNA353728	isolation_source	tail100	True		none	False	False			False	False	False	residual_per_sample	441	NO_PMCID	NO_PMCID	0	0	0	441	generated	EXHAUSTED	no_paper_findable	tail100	EXHAUSTED	already closed
PRJNA353728	host	tail100	True		none	False	False			False	False	False	not_gated	0	NO_PMCID		0	0	0	0	none	FILLED	not_gated	tail100	FILLED	already closed
PRJNA397262	country	tail100	False	PMC5756455	europepmc_fulltext	True	True	https://doi.org/10.7717/peerj.4210	Translating genomics into practice for real-time surveillanc	False	False	False	not_gated	0			0	0	0	0	none	FILLED	not_gated	tail100	FILLED	already closed
PRJNA397262	collection_date	tail100	False	PMC5756455	europepmc_fulltext	True	True	https://doi.org/10.7717/peerj.4210	Translating genomics into practice for real-time surveillanc	False	False	False	not_gated	0			0	0	0	0	none	FILLED	not_gated	tail100	FILLED	already closed
PRJNA397262	isolation_source	tail100	False	PMC5756455	europepmc_fulltext	True	True	https://doi.org/10.7717/peerj.4210	Translating genomics into practice for real-time surveillanc	False	False	False	not_gated	0			0	0	0	0	none	FILLED	not_gated	tail100	FILLED	already closed
PRJNA397262	host	tail100	False	PMC5756455	europepmc_fulltext	True	True	https://doi.org/10.7717/peerj.4210	Translating genomics into practice for real-time surveillanc	False	False	False	not_gated	0			0	0	0	0	none	FILLED	not_gated	tail100	FILLED	already closed
PRJNA411762	country	tail100	False	PMC6535554	europepmc_fulltext	True	True	https://doi.org/10.1128/aac.02513-18	<i>Klebsiella quasipneumoniae</i> Provides a Window into Car	False	False	False	not_gated	0	abstained		0	0	0	0	none	FILLED	not_gated	tail100	FILLED	already closed
PRJNA411762	collection_date	tail100	False	PMC6535554	europepmc_fulltext	True	True	https://doi.org/10.1128/aac.02513-18	<i>Klebsiella quasipneumoniae</i> Provides a Window into Car	False	False	False	not_gated	0	abstained		0	0	0	0	none	FILLED	not_gated	tail100	FILLED	already closed
PRJNA411762	isolation_source	tail100	False	PMC6535554	europepmc_fulltext	True	True	https://doi.org/10.1128/aac.02513-18	<i>Klebsiella quasipneumoniae</i> Provides a Window into Car	False	False	False	not_gated	0	abstained		0	0	0	0	none	FILLED	not_gated	tail100	FILLED	already closed
PRJNA411762	host	tail100	False	PMC6535554	europepmc_fulltext	True	True	https://doi.org/10.1128/aac.02513-18	<i>Klebsiella quasipneumoniae</i> Provides a Window into Car	False	False	False	residual_per_sample	93	abstained		0	0	0	93	generated	BLOCKED	needs_linkage	tail100	ACCEPTED	table has no ENA-mappable key (unanchored) or no per-isolate table exists
PRJNA473122	country	tail100	False	PMC6299229	europepmc_fulltext	True	True	https://doi.org/10.1128/mbio.02481-18	Population Structure, Antibiotic Resistance, and Uropathogen	False	False	False	not_gated	0			0	0	0	0	none	FILLED	not_gated	tail100	FILLED	already closed
PRJNA473122	collection_date	tail100	False	PMC6299229	europepmc_fulltext	True	True	https://doi.org/10.1128/mbio.02481-18	Population Structure, Antibiotic Resistance, and Uropathogen	False	False	False	not_gated	0			0	0	0	0	none	FILLED	not_gated	tail100	FILLED	already closed
PRJNA473122	isolation_source	tail100	False	PMC6299229	europepmc_fulltext	True	True	https://doi.org/10.1128/mbio.02481-18	Population Structure, Antibiotic Resistance, and Uropathogen	False	False	False	not_gated	0			0	0	0	0	none	FILLED	not_gated	tail100	FILLED	already closed
PRJNA473122	host	tail100	False	PMC6299229	europepmc_fulltext	True	True	https://doi.org/10.1128/mbio.02481-18	Population Structure, Antibiotic Resistance, and Uropathogen	False	False	False	not_gated	0			0	0	0	0	none	FILLED	not_gated	tail100	FILLED	already closed
PRJNA503964	country	tail100	False	PMC7364214	europepmc_fulltext	True	True	https://doi.org/10.1128/msphere.00428-20	Horizontal Plasmid Transfer among Klebsiella pneumoniae Isol	False	False	False	not_gated	0			0	0	0	0	none	FILLED	not_gated	tail100	FILLED	already closed
PRJNA503964	collection_date	tail100	False	PMC7364214	europepmc_fulltext	True	True	https://doi.org/10.1128/msphere.00428-20	Horizontal Plasmid Transfer among Klebsiella pneumoniae Isol	False	False	False	not_gated	0			0	0	0	0	none	FILLED	not_gated	tail100	FILLED	already closed
PRJNA503964	isolation_source	tail100	False	PMC7364214	europepmc_fulltext	True	True	https://doi.org/10.1128/msphere.00428-20	Horizontal Plasmid Transfer among Klebsiella pneumoniae Isol	False	False	False	not_gated	0			0	0	0	0	none	FILLED	not_gated	tail100	FILLED	already closed
PRJNA503964	host	tail100	False	PMC7364214	europepmc_fulltext	True	True	https://doi.org/10.1128/msphere.00428-20	Horizontal Plasmid Transfer among Klebsiella pneumoniae Isol	False	False	False	not_gated	0			0	0	0	0	none	FILLED	not_gated	tail100	FILLED	already closed
PRJNA508760	country	tail100	False	PMC6521586	europepmc_fulltext	True	True	https://doi.org/10.1099/mgen.0.000263	Rapid phenotypic evolution in multidrug-resistant Klebsiella	False	False	False	not_gated	0			0	0	0	0	none	FILLED	not_gated	tail100	FILLED	already closed
PRJNA508760	collection_date	tail100	False	PMC6521586	europepmc_fulltext	True	True	https://doi.org/10.1099/mgen.0.000263	Rapid phenotypic evolution in multidrug-resistant Klebsiella	False	False	False	not_gated	0			0	0	0	0	none	FILLED	not_gated	tail100	FILLED	already closed
PRJNA508760	isolation_source	tail100	False	PMC6521586	europepmc_fulltext	True	True	https://doi.org/10.1099/mgen.0.000263	Rapid phenotypic evolution in multidrug-resistant Klebsiella	False	False	False	not_gated	0			0	0	0	0	none	FILLED	not_gated	tail100	FILLED	already closed
PRJNA508760	host	tail100	False	PMC6521586	europepmc_fulltext	True	True	https://doi.org/10.1099/mgen.0.000263	Rapid phenotypic evolution in multidrug-resistant Klebsiella	False	False	False	not_gated	0			0	0	0	0	none	FILLED	not_gated	tail100	FILLED	already closed
PRJNA532924	country	tail100	False	PMC8115898	europepmc_fulltext	True	True	https://doi.org/10.1099/mgen.0.000500	Identifying novel β-lactamase substrate activity through <i>	False	False	False	not_gated	0	abstained		0	0	0	0	none	FILLED	not_gated	tail100	FILLED	already closed
PRJNA532924	collection_date	tail100	False	PMC8115898	europepmc_fulltext	True	True	https://doi.org/10.1099/mgen.0.000500	Identifying novel β-lactamase substrate activity through <i>	False	False	False	not_gated	0	abstained		0	0	0	0	none	FILLED	not_gated	tail100	FILLED	already closed
PRJNA532924	isolation_source	tail100	False	PMC8115898	europepmc_fulltext	True	True	https://doi.org/10.1099/mgen.0.000500	Identifying novel β-lactamase substrate activity through <i>	False	False	False	residual_per_sample	106	abstained	no_supp	0	0	0	106	generated	EXHAUSTED	paper_has_no_table	tail100	EXHAUSTED	already closed
PRJNA532924	host	tail100	False	PMC8115898	europepmc_fulltext	True	True	https://doi.org/10.1099/mgen.0.000500	Identifying novel β-lactamase substrate activity through <i>	False	False	False	not_gated	0	abstained		0	0	0	0	none	FILLED	not_gated	tail100	FILLED	already closed
PRJNA553678	country	tail100	False	PMC7315026	europepmc_fulltext	True	True	https://doi.org/10.1128/jcm.00273-20	Species Identification and Antibiotic Resistance Prediction 	False	False	False	not_gated	0			0	0	0	0	none	FILLED	not_gated	tail100	FILLED	already closed
PRJNA553678	collection_date	tail100	False	PMC7315026	europepmc_fulltext	True	True	https://doi.org/10.1128/jcm.00273-20	Species Identification and Antibiotic Resistance Prediction 	False	False	False	not_gated	0			0	0	0	0	none	FILLED	not_gated	tail100	FILLED	already closed
PRJNA553678	isolation_source	tail100	False	PMC7315026	europepmc_fulltext	True	True	https://doi.org/10.1128/jcm.00273-20	Species Identification and Antibiotic Resistance Prediction 	False	False	False	not_gated	0			0	0	0	0	none	FILLED	not_gated	tail100	FILLED	already closed
PRJNA553678	host	tail100	False	PMC7315026	europepmc_fulltext	True	True	https://doi.org/10.1128/jcm.00273-20	Species Identification and Antibiotic Resistance Prediction 	False	False	False	not_gated	0			0	0	0	0	none	FILLED	not_gated	tail100	FILLED	already closed
PRJNA606666	country	tail100	False	PMC8120268	europepmc_fulltext	True	True	https://doi.org/10.3389/fmicb.2021.640408	Genotypic Characterization of Clinical <i>Klebsiella</i> spp	False	False	False	not_gated	0			0	0	0	0	none	FILLED	not_gated	tail100	FILLED	already closed
PRJNA606666	collection_date	tail100	False	PMC8120268	europepmc_fulltext	True	True	https://doi.org/10.3389/fmicb.2021.640408	Genotypic Characterization of Clinical <i>Klebsiella</i> spp	False	False	False	not_gated	0			0	0	0	0	none	FILLED	not_gated	tail100	FILLED	already closed
PRJNA606666	isolation_source	tail100	False	PMC8120268	europepmc_fulltext	True	True	https://doi.org/10.3389/fmicb.2021.640408	Genotypic Characterization of Clinical <i>Klebsiella</i> spp	False	False	False	not_gated	0			0	0	0	0	none	FILLED	not_gated	tail100	FILLED	already closed
PRJNA606666	host	tail100	False	PMC8120268	europepmc_fulltext	True	True	https://doi.org/10.3389/fmicb.2021.640408	Genotypic Characterization of Clinical <i>Klebsiella</i> spp	False	False	False	not_gated	0			0	0	0	0	none	FILLED	not_gated	tail100	FILLED	already closed
PRJNA611540	country	tail100	False	PMC7688209	europepmc_fulltext	True	True	https://doi.org/10.1128/aem.01715-20	Risk Factors Associated with Carbapenemase-Producing <i>Ente	False	False	False	not_gated	0	abstained		0	0	0	0	none	FILLED	not_gated	tail100	FILLED	already closed
PRJNA611540	collection_date	tail100	False	PMC7688209	europepmc_fulltext	True	True	https://doi.org/10.1128/aem.01715-20	Risk Factors Associated with Carbapenemase-Producing <i>Ente	False	False	False	not_gated	0	abstained		0	0	0	0	none	FILLED	not_gated	tail100	FILLED	already closed
PRJNA611540	isolation_source	tail100	False	PMC7688209	europepmc_fulltext	True	True	https://doi.org/10.1128/aem.01715-20	Risk Factors Associated with Carbapenemase-Producing <i>Ente	False	False	False	not_gated	0	abstained		0	0	0	0	none	FILLED	not_gated	tail100	FILLED	already closed
PRJNA611540	host	tail100	False	PMC7688209	europepmc_fulltext	True	True	https://doi.org/10.1128/aem.01715-20	Risk Factors Associated with Carbapenemase-Producing <i>Ente	False	False	False	residual_per_sample	112	abstained		0	0	0	112	generated	BLOCKED	needs_linkage	tail100	ACCEPTED	table has no ENA-mappable key (unanchored) or no per-isolate table exists
PRJNA646855	country	tail100	False		europepmc_fulltext	True	True	https://doi.org/10.1111/1462-2920.16047	Transmission of Klebsiella strains and plasmids within and b	False	False	False	not_gated	0	abstained		0	0	0	0	none	FILLED	not_gated	tail100	FILLED	already closed
PRJNA646855	collection_date	tail100	False		europepmc_fulltext	True	True	https://doi.org/10.1111/1462-2920.16047	Transmission of Klebsiella strains and plasmids within and b	False	False	False	covered	45	abstained		45	0	0	45	none	FILLED	whole_field	tail100	FILLED	already closed
PRJNA646855	isolation_source	tail100	False		europepmc_fulltext	True	True	https://doi.org/10.1111/1462-2920.16047	Transmission of Klebsiella strains and plasmids within and b	False	False	False	not_gated	0	abstained		0	0	0	0	none	FILLED	not_gated	tail100	FILLED	already closed
PRJNA646855	host	tail100	False		europepmc_fulltext	True	True	https://doi.org/10.1111/1462-2920.16047	Transmission of Klebsiella strains and plasmids within and b	False	False	False	residual_per_sample	105	abstained	no_supp	0	0	0	105	generated	ACTIONABLE	fetch_supp_table	tail100	ACCEPTED	requested supplement not in folder — unavailable (all fetchable fetched)
PRJNA656934	country	tail100	False	PMC10353355	pdf	True	True	https://doi.org/10.1128/aac.00030-23	Genomic Epidemiology of Carbapenem-Resistant <i>Klebsiella</	False	False	False	not_gated	0			0	0	0	0	none	FILLED	not_gated	tail100	FILLED	already closed
PRJNA656934	collection_date	tail100	False	PMC10353355	pdf	True	True	https://doi.org/10.1128/aac.00030-23	Genomic Epidemiology of Carbapenem-Resistant <i>Klebsiella</	False	False	False	not_gated	0			0	0	0	0	none	FILLED	not_gated	tail100	FILLED	already closed
PRJNA656934	isolation_source	tail100	False	PMC10353355	pdf	True	True	https://doi.org/10.1128/aac.00030-23	Genomic Epidemiology of Carbapenem-Resistant <i>Klebsiella</	False	False	False	not_gated	0			0	0	0	0	none	FILLED	not_gated	tail100	FILLED	already closed
PRJNA656934	host	tail100	False	PMC10353355	pdf	True	True	https://doi.org/10.1128/aac.00030-23	Genomic Epidemiology of Carbapenem-Resistant <i>Klebsiella</	False	False	False	not_gated	0			0	0	0	0	none	FILLED	not_gated	tail100	FILLED	already closed
PRJNA674942	country	tail100	False	PMC8284465	europepmc_fulltext	True	True	https://doi.org/10.1128/aac.02584-20	Epidemiology and Transmission of Carbapenemase-Producing <i>	False	False	False	not_gated	0			0	0	0	0	none	FILLED	not_gated	tail100	FILLED	already closed
PRJNA674942	collection_date	tail100	False	PMC8284465	europepmc_fulltext	True	True	https://doi.org/10.1128/aac.02584-20	Epidemiology and Transmission of Carbapenemase-Producing <i>	False	False	False	not_gated	0			0	0	0	0	none	FILLED	not_gated	tail100	FILLED	already closed
PRJNA674942	isolation_source	tail100	False	PMC8284465	europepmc_fulltext	True	True	https://doi.org/10.1128/aac.02584-20	Epidemiology and Transmission of Carbapenemase-Producing <i>	False	False	False	not_gated	0			0	0	0	0	none	FILLED	not_gated	tail100	FILLED	already closed
PRJNA674942	host	tail100	False	PMC8284465	europepmc_fulltext	True	True	https://doi.org/10.1128/aac.02584-20	Epidemiology and Transmission of Carbapenemase-Producing <i>	False	False	False	not_gated	0			0	0	0	0	none	FILLED	not_gated	tail100	FILLED	already closed
PRJNA674961	country	tail100	False	PMC9156735	europepmc_fulltext	True	True	https://doi.org/10.1038/s41467-022-30717-6	Genomic dissection of Klebsiella pneumoniae infections in ho	False	False	False	not_gated	0			0	0	0	0	none	FILLED	not_gated	tail100	FILLED	already closed
PRJNA674961	collection_date	tail100	False	PMC9156735	europepmc_fulltext	True	True	https://doi.org/10.1038/s41467-022-30717-6	Genomic dissection of Klebsiella pneumoniae infections in ho	False	False	False	not_gated	0			0	0	0	0	none	FILLED	not_gated	tail100	FILLED	already closed
PRJNA674961	isolation_source	tail100	False	PMC9156735	europepmc_fulltext	True	True	https://doi.org/10.1038/s41467-022-30717-6	Genomic dissection of Klebsiella pneumoniae infections in ho	False	False	False	not_gated	0			0	0	0	0	none	FILLED	not_gated	tail100	FILLED	already closed
PRJNA674961	host	tail100	False	PMC9156735	europepmc_fulltext	True	True	https://doi.org/10.1038/s41467-022-30717-6	Genomic dissection of Klebsiella pneumoniae infections in ho	False	False	False	not_gated	0			0	0	0	0	none	FILLED	not_gated	tail100	FILLED	already closed
PRJNA675776	country	tail100	False	PMC9047677	europepmc_fulltext	True	True	https://doi.org/10.1093/jac/dkac041	Comparative phylogenomics of ESBL-, AmpC- and carbapenemase-	False	False	True	not_gated	0	direct		0	0	0	0	none	FILLED	not_gated	tail100	FILLED	already closed
PRJNA675776	collection_date	tail100	False	PMC9047677	europepmc_fulltext	True	True	https://doi.org/10.1093/jac/dkac041	Comparative phylogenomics of ESBL-, AmpC- and carbapenemase-	False	False	True	not_gated	0	direct		0	105	0	0	none	FILLED	not_gated	tail100	FILLED	already closed
PRJNA675776	isolation_source	tail100	False	PMC9047677	europepmc_fulltext	True	True	https://doi.org/10.1093/jac/dkac041	Comparative phylogenomics of ESBL-, AmpC- and carbapenemase-	False	False	True	covered	105	direct		0	105	0	0	none	FILLED	whole_field	tail100	FILLED	already closed
PRJNA675776	host	tail100	False	PMC9047677	europepmc_fulltext	True	True	https://doi.org/10.1093/jac/dkac041	Comparative phylogenomics of ESBL-, AmpC- and carbapenemase-	False	False	True	not_gated	0	direct		0	0	0	0	none	FILLED	not_gated	tail100	FILLED	already closed
PRJNA686978	country	tail100	False	PMC10214462	europepmc_fulltext	True	True	https://doi.org/10.1093/jacamr/dlad061	Multicentre genetic diversity study of carbapenem-resistant 	False	False	False	not_gated	0			0	0	0	0	none	FILLED	not_gated	tail100	FILLED	already closed
PRJNA686978	collection_date	tail100	False	PMC10214462	europepmc_fulltext	True	True	https://doi.org/10.1093/jacamr/dlad061	Multicentre genetic diversity study of carbapenem-resistant 	False	False	False	not_gated	0			0	0	0	0	none	FILLED	not_gated	tail100	FILLED	already closed
PRJNA686978	isolation_source	tail100	False	PMC10214462	europepmc_fulltext	True	True	https://doi.org/10.1093/jacamr/dlad061	Multicentre genetic diversity study of carbapenem-resistant 	False	False	False	not_gated	0			0	0	0	0	none	FILLED	not_gated	tail100	FILLED	already closed
PRJNA686978	host	tail100	False	PMC10214462	europepmc_fulltext	True	True	https://doi.org/10.1093/jacamr/dlad061	Multicentre genetic diversity study of carbapenem-resistant 	False	False	False	not_gated	0			0	0	0	0	none	FILLED	not_gated	tail100	FILLED	already closed
PRJNA717739	country	tail100	False	PMC10272860	europepmc_fulltext	True	True	https://doi.org/10.1099/mgen.0.000967	A panel of diverse <i>Klebsiella pneumoniae</i> clinical iso	False	False	False	not_gated	0			0	0	0	0	none	FILLED	not_gated	tail100	FILLED	already closed
PRJNA717739	collection_date	tail100	False	PMC10272860	europepmc_fulltext	True	True	https://doi.org/10.1099/mgen.0.000967	A panel of diverse <i>Klebsiella pneumoniae</i> clinical iso	False	False	False	not_gated	0			0	0	0	0	none	FILLED	not_gated	tail100	FILLED	already closed
PRJNA717739	isolation_source	tail100	False	PMC10272860	europepmc_fulltext	True	True	https://doi.org/10.1099/mgen.0.000967	A panel of diverse <i>Klebsiella pneumoniae</i> clinical iso	False	False	False	not_gated	0			0	0	0	0	none	FILLED	not_gated	tail100	FILLED	already closed
PRJNA717739	host	tail100	False	PMC10272860	europepmc_fulltext	True	True	https://doi.org/10.1099/mgen.0.000967	A panel of diverse <i>Klebsiella pneumoniae</i> clinical iso	False	False	False	not_gated	0			0	0	0	0	none	FILLED	not_gated	tail100	FILLED	already closed
PRJNA725484	country	tail100	False	PMC8640832	europepmc_fulltext	True	True	https://doi.org/10.1073/pnas.2110227118	Anatomy of an extensively drug-resistant <i>Klebsiella pneum	False	False	False	not_gated	0	direct		0	11	0	0	none	FILLED	not_gated	tail100	FILLED	already closed
PRJNA725484	collection_date	tail100	False	PMC8640832	europepmc_fulltext	True	True	https://doi.org/10.1073/pnas.2110227118	Anatomy of an extensively drug-resistant <i>Klebsiella pneum	False	False	False	not_gated	0	direct		0	0	0	0	none	FILLED	not_gated	tail100	FILLED	already closed
PRJNA725484	isolation_source	tail100	False	PMC8640832	europepmc_fulltext	True	True	https://doi.org/10.1073/pnas.2110227118	Anatomy of an extensively drug-resistant <i>Klebsiella pneum	False	False	False	covered	98	direct		0	88	0	10	none	FILLED	whole_field	tail100	FILLED	already closed
PRJNA725484	host	tail100	False	PMC8640832	europepmc_fulltext	True	True	https://doi.org/10.1073/pnas.2110227118	Anatomy of an extensively drug-resistant <i>Klebsiella pneum	False	False	False	not_gated	0	direct		0	0	0	0	none	FILLED	not_gated	tail100	FILLED	already closed
PRJNA788733	country	tail100	False	PMC11925198	europepmc_fulltext	True	True	https://doi.org/10.1099/mgen.0.001361	Plasmid conjugation drives within-patient plasmid diversity.	False	False	False	not_gated	0	abstained		0	0	0	0	none	FILLED	not_gated	tail100	FILLED	already closed
PRJNA788733	collection_date	tail100	False	PMC11925198	europepmc_fulltext	True	True	https://doi.org/10.1099/mgen.0.001361	Plasmid conjugation drives within-patient plasmid diversity.	False	False	False	not_gated	0	abstained		0	0	0	0	none	FILLED	not_gated	tail100	FILLED	already closed
PRJNA788733	isolation_source	tail100	False	PMC11925198	europepmc_fulltext	True	True	https://doi.org/10.1099/mgen.0.001361	Plasmid conjugation drives within-patient plasmid diversity.	False	False	False	residual_per_sample	1488	abstained	no_supp	0	0	0	1488	generated	EXHAUSTED	paper_has_no_table	tail100	EXHAUSTED	already closed
PRJNA788733	host	tail100	False	PMC11925198	europepmc_fulltext	True	True	https://doi.org/10.1099/mgen.0.001361	Plasmid conjugation drives within-patient plasmid diversity.	False	False	False	not_gated	0	abstained		0	0	0	0	none	FILLED	not_gated	tail100	FILLED	already closed
PRJNA797179	country	tail100	False		local_pdf	True	True	https://doi.org/10.1093/cid/ciac726	Clinical Implementation of Routine Whole-genome Sequencing f	True	True	False	not_gated	0			0	0	0	0	none	FILLED	not_gated	tail100	FILLED	already closed
PRJNA797179	collection_date	tail100	False		local_pdf	True	True	https://doi.org/10.1093/cid/ciac726	Clinical Implementation of Routine Whole-genome Sequencing f	True	True	False	not_gated	0			0	0	0	0	none	FILLED	not_gated	tail100	FILLED	already closed
PRJNA797179	isolation_source	tail100	False		local_pdf	True	True	https://doi.org/10.1093/cid/ciac726	Clinical Implementation of Routine Whole-genome Sequencing f	True	True	False	not_gated	0			0	0	0	0	none	FILLED	not_gated	tail100	FILLED	already closed
PRJNA797179	host	tail100	False		local_pdf	True	True	https://doi.org/10.1093/cid/ciac726	Clinical Implementation of Routine Whole-genome Sequencing f	True	True	False	not_gated	0			0	0	0	0	none	FILLED	not_gated	tail100	FILLED	already closed
PRJNA814829	country	tail100	False	PMC9386987	europepmc_fulltext	True	True	https://doi.org/10.1186/s12879-022-07678-8	Molecular characterization of multidrug-resistant ESKAPEE pa	False	False	False	not_gated	0			0	0	0	0	none	FILLED	not_gated	tail100	FILLED	already closed
PRJNA814829	collection_date	tail100	False	PMC9386987	europepmc_fulltext	True	True	https://doi.org/10.1186/s12879-022-07678-8	Molecular characterization of multidrug-resistant ESKAPEE pa	False	False	False	not_gated	0			0	0	0	0	none	FILLED	not_gated	tail100	FILLED	already closed
PRJNA814829	isolation_source	tail100	False	PMC9386987	europepmc_fulltext	True	True	https://doi.org/10.1186/s12879-022-07678-8	Molecular characterization of multidrug-resistant ESKAPEE pa	False	False	False	not_gated	0			0	0	0	0	none	FILLED	not_gated	tail100	FILLED	already closed
PRJNA814829	host	tail100	False	PMC9386987	europepmc_fulltext	True	True	https://doi.org/10.1186/s12879-022-07678-8	Molecular characterization of multidrug-resistant ESKAPEE pa	False	False	False	not_gated	0			0	0	0	0	none	FILLED	not_gated	tail100	FILLED	already closed
PRJNA857533	country	tail100	False	PMC9813266	europepmc_fulltext	True	True	https://doi.org/10.1038/s41467-022-35713-4	An ISO-certified genomics workflow for identification and su	False	False	False	not_gated	0	abstained		0	0	0	0	none	FILLED	not_gated	tail100	FILLED	already closed
PRJNA857533	collection_date	tail100	False	PMC9813266	europepmc_fulltext	True	True	https://doi.org/10.1038/s41467-022-35713-4	An ISO-certified genomics workflow for identification and su	False	False	False	not_gated	0	abstained		0	0	0	0	none	FILLED	not_gated	tail100	FILLED	already closed
PRJNA857533	isolation_source	tail100	False	PMC9813266	europepmc_fulltext	True	True	https://doi.org/10.1038/s41467-022-35713-4	An ISO-certified genomics workflow for identification and su	False	False	False	residual_per_sample	113	abstained		0	0	0	113	generated	BLOCKED	needs_linkage	tail100	ACCEPTED	table has no ENA-mappable key (unanchored) or no per-isolate table exists
PRJNA857533	host	tail100	False	PMC9813266	europepmc_fulltext	True	True	https://doi.org/10.1038/s41467-022-35713-4	An ISO-certified genomics workflow for identification and su	False	False	False	not_gated	0	abstained		0	0	0	0	none	FILLED	not_gated	tail100	FILLED	already closed
PRJNA878595	country	tail100	False		local_pdf	True	True	https://doi.org/10.1016/j.jmii.2023.10.014	Multicenter comparative genomic study of Klebsiella oxytoca 	True	True	False	not_gated	0			0	0	0	0	none	FILLED	not_gated	tail100	FILLED	already closed
PRJNA878595	collection_date	tail100	False		local_pdf	True	True	https://doi.org/10.1016/j.jmii.2023.10.014	Multicenter comparative genomic study of Klebsiella oxytoca 	True	True	False	not_gated	0			0	0	0	0	none	FILLED	not_gated	tail100	FILLED	already closed
PRJNA878595	isolation_source	tail100	False		local_pdf	True	True	https://doi.org/10.1016/j.jmii.2023.10.014	Multicenter comparative genomic study of Klebsiella oxytoca 	True	True	False	not_gated	0			0	0	0	0	none	FILLED	not_gated	tail100	FILLED	already closed
PRJNA878595	host	tail100	False		local_pdf	True	True	https://doi.org/10.1016/j.jmii.2023.10.014	Multicenter comparative genomic study of Klebsiella oxytoca 	True	True	False	not_gated	0			0	0	0	0	none	FILLED	not_gated	tail100	FILLED	already closed
PRJNA949653	country	tail100	True		none	False	False			False	False	False	not_gated	0	NO_PMCID		0	0	0	0	none	FILLED	not_gated	tail100	FILLED	already closed
PRJNA949653	collection_date	tail100	True		none	False	False			False	False	False	not_gated	0	NO_PMCID		0	0	0	0	none	FILLED	not_gated	tail100	FILLED	already closed
PRJNA949653	isolation_source	tail100	True		none	False	False			False	False	False	not_gated	0	NO_PMCID		0	0	0	0	none	FILLED	not_gated	tail100	FILLED	already closed
PRJNA949653	host	tail100	True		none	False	False			False	False	False	covered	135	NO_PMCID		135	0	0	135	none	FILLED	whole_field	tail100	FILLED	already closed
PRJDB16654	country	tail50_99	True		none	False	False			False	False	False	not_gated	0			0	0	0	0	none	FILLED	not_gated	tail50_99	FILLED	already closed
PRJDB16654	collection_date	tail50_99	True		none	False	False			False	False	False	not_gated	0			0	0	0	0	none	FILLED	not_gated	tail50_99	FILLED	already closed
PRJDB16654	isolation_source	tail50_99	True		none	False	False			False	False	False	not_gated	0			0	0	0	0	none	FILLED	not_gated	tail50_99	FILLED	already closed
PRJDB16654	host	tail50_99	True		none	False	False			False	False	False	not_gated	0			0	0	0	0	none	FILLED	not_gated	tail50_99	FILLED	already closed
PRJDB4948	country	tail50_99	True		none	False	False			False	False	False	not_gated	0	NO_PMCID		0	0	0	0	none	FILLED	not_gated	tail50_99	FILLED	already closed
PRJDB4948	collection_date	tail50_99	True		none	False	False			False	False	False	not_gated	0	NO_PMCID		0	0	0	0	none	FILLED	not_gated	tail50_99	FILLED	already closed
PRJDB4948	isolation_source	tail50_99	True		none	False	False			False	False	False	residual_per_sample	69	NO_PMCID	NO_PMCID	0	0	0	69	generated	EXHAUSTED	no_paper_findable	tail50_99	EXHAUSTED	already closed
PRJDB4948	host	tail50_99	True		none	False	False			False	False	False	not_gated	0	NO_PMCID		0	0	0	0	none	FILLED	not_gated	tail50_99	FILLED	already closed
PRJDB6962	country	tail50_99	False	PMC6147131	europepmc_fulltext	True	True	https://doi.org/10.1128/msphere.00314-18	Complete Genome Sequence of a <i>bla</i><sub>KPC-2</sub>-Pos	False	False	False	not_gated	0	abstained		0	0	0	0	none	FILLED	not_gated	tail50_99	FILLED	already closed
PRJDB6962	collection_date	tail50_99	False	PMC6147131	europepmc_fulltext	True	True	https://doi.org/10.1128/msphere.00314-18	Complete Genome Sequence of a <i>bla</i><sub>KPC-2</sub>-Pos	False	False	False	not_gated	0	abstained		0	0	0	0	none	FILLED	not_gated	tail50_99	FILLED	already closed
PRJDB6962	isolation_source	tail50_99	False	PMC6147131	europepmc_fulltext	True	True	https://doi.org/10.1128/msphere.00314-18	Complete Genome Sequence of a <i>bla</i><sub>KPC-2</sub>-Pos	False	False	False	covered	55	abstained		55	0	0	55	none	FILLED	whole_field	tail50_99	FILLED	already closed
PRJDB6962	host	tail50_99	False	PMC6147131	europepmc_fulltext	True	True	https://doi.org/10.1128/msphere.00314-18	Complete Genome Sequence of a <i>bla</i><sub>KPC-2</sub>-Pos	False	False	False	covered	55	abstained		55	0	0	55	none	FILLED	whole_field	tail50_99	FILLED	already closed
PRJDB8311	country	tail50_99	False		local_pdf	True	True	https://doi.org/10.1093/jac/dkz501	Comparison between IMP carbapenemase-producing Enterobacteri	True	True	False	not_gated	0	NO_PMCID		0	0	0	0	none	FILLED	not_gated	tail50_99	FILLED	already closed
PRJDB8311	collection_date	tail50_99	False		local_pdf	True	True	https://doi.org/10.1093/jac/dkz501	Comparison between IMP carbapenemase-producing Enterobacteri	True	True	False	not_gated	0	NO_PMCID		0	0	0	0	none	FILLED	not_gated	tail50_99	FILLED	already closed
PRJDB8311	isolation_source	tail50_99	False		local_pdf	True	True	https://doi.org/10.1093/jac/dkz501	Comparison between IMP carbapenemase-producing Enterobacteri	True	True	False	residual_per_sample	50	NO_PMCID	NO_PMCID	0	0	0	50	none	EXHAUSTED	NO_PMCID	tail50_99	EXHAUSTED	already closed
PRJDB8311	host	tail50_99	False		local_pdf	True	True	https://doi.org/10.1093/jac/dkz501	Comparison between IMP carbapenemase-producing Enterobacteri	True	True	False	not_gated	0	NO_PMCID		0	0	0	0	none	FILLED	not_gated	tail50_99	FILLED	already closed
PRJEB11403	country	tail50_99	False	PMC5588602	europepmc_fulltext	True	True	https://doi.org/10.1186/s13073-017-0471-8	Whole genome sequencing of ESBL-producing Escherichia coli i	False	False	False	not_gated	0			0	0	0	0	none	FILLED	not_gated	tail50_99	FILLED	already closed
PRJEB11403	collection_date	tail50_99	False	PMC5588602	europepmc_fulltext	True	True	https://doi.org/10.1186/s13073-017-0471-8	Whole genome sequencing of ESBL-producing Escherichia coli i	False	False	False	not_gated	0			0	0	0	0	none	FILLED	not_gated	tail50_99	FILLED	already closed
PRJEB11403	isolation_source	tail50_99	False	PMC5588602	europepmc_fulltext	True	True	https://doi.org/10.1186/s13073-017-0471-8	Whole genome sequencing of ESBL-producing Escherichia coli i	False	False	False	not_gated	0			0	0	0	0	none	FILLED	not_gated	tail50_99	FILLED	already closed
PRJEB11403	host	tail50_99	False	PMC5588602	europepmc_fulltext	True	True	https://doi.org/10.1186/s13073-017-0471-8	Whole genome sequencing of ESBL-producing Escherichia coli i	False	False	False	not_gated	0			0	0	0	0	none	FILLED	not_gated	tail50_99	FILLED	already closed
PRJEB18059	country	tail50_99	False	PMC5829066	europepmc_fulltext	True	True	https://doi.org/10.3389/fmicb.2018.00322	Whole Genome Sequence Analysis of CTX-M-15 Producing <i>Kleb	False	False	False	not_gated	0			0	0	0	0	none	FILLED	not_gated	tail50_99	FILLED	already closed
PRJEB18059	collection_date	tail50_99	False	PMC5829066	europepmc_fulltext	True	True	https://doi.org/10.3389/fmicb.2018.00322	Whole Genome Sequence Analysis of CTX-M-15 Producing <i>Kleb	False	False	False	not_gated	0			0	0	0	0	none	FILLED	not_gated	tail50_99	FILLED	already closed
PRJEB18059	isolation_source	tail50_99	False	PMC5829066	europepmc_fulltext	True	True	https://doi.org/10.3389/fmicb.2018.00322	Whole Genome Sequence Analysis of CTX-M-15 Producing <i>Kleb	False	False	False	not_gated	0			0	0	0	0	none	FILLED	not_gated	tail50_99	FILLED	already closed
PRJEB18059	host	tail50_99	False	PMC5829066	europepmc_fulltext	True	True	https://doi.org/10.3389/fmicb.2018.00322	Whole Genome Sequence Analysis of CTX-M-15 Producing <i>Kleb	False	False	False	not_gated	0			0	0	0	0	none	FILLED	not_gated	tail50_99	FILLED	already closed
PRJEB19918	country	tail50_99	False	PMC8410606	europepmc_fulltext	True	True	https://doi.org/10.1016/s2666-5247(21)00117-8	Defining nosocomial transmission of <i>Escherichia coli</i> 	False	False	False	not_gated	0	abstained		0	0	0	0	none	FILLED	not_gated	tail50_99	FILLED	already closed
PRJEB19918	collection_date	tail50_99	False	PMC8410606	europepmc_fulltext	True	True	https://doi.org/10.1016/s2666-5247(21)00117-8	Defining nosocomial transmission of <i>Escherichia coli</i> 	False	False	False	not_gated	0	abstained		0	0	0	0	none	FILLED	not_gated	tail50_99	FILLED	already closed
PRJEB19918	isolation_source	tail50_99	False	PMC8410606	europepmc_fulltext	True	True	https://doi.org/10.1016/s2666-5247(21)00117-8	Defining nosocomial transmission of <i>Escherichia coli</i> 	False	False	False	not_gated	0	abstained		0	0	0	0	none	FILLED	not_gated	tail50_99	FILLED	already closed
PRJEB19918	host	tail50_99	False	PMC8410606	europepmc_fulltext	True	True	https://doi.org/10.1016/s2666-5247(21)00117-8	Defining nosocomial transmission of <i>Escherichia coli</i> 	False	False	False	covered	29	abstained		29	0	0	29	none	FILLED	whole_field	tail50_99	FILLED	already closed
PRJEB26075	country	tail50_99	True		none	False	False			False	False	False	residual_per_sample	65	NO_PMCID	NO_PMCID	0	0	0	65	generated	EXHAUSTED	no_paper_findable	tail50_99	EXHAUSTED	already closed
PRJEB26075	collection_date	tail50_99	True		none	False	False			False	False	False	residual_per_sample	65	NO_PMCID	NO_PMCID	0	0	0	65	generated	EXHAUSTED	no_paper_findable	tail50_99	EXHAUSTED	already closed
PRJEB26075	isolation_source	tail50_99	True		none	False	False			False	False	False	covered	65	NO_PMCID		65	0	0	65	none	FILLED	whole_field	tail50_99	FILLED	already closed
PRJEB26075	host	tail50_99	True		none	False	False			False	False	False	covered	65	NO_PMCID		65	0	0	65	none	FILLED	whole_field	tail50_99	FILLED	already closed
PRJEB2655	country	tail50_99	False	PMC3613582	europepmc_fulltext	True	True	https://doi.org/10.1101/gr.147710.112	A genomic portrait of the emergence, evolution, and global s	False	False	False	residual_per_sample	50	abstained	no_supp	0	0	0	50	none	ACTIONABLE	fetch_supp_table	tail50_99	ACCEPTED	requested supplement not in folder — unavailable (all fetchable fetched)
PRJEB2655	collection_date	tail50_99	False	PMC3613582	europepmc_fulltext	True	True	https://doi.org/10.1101/gr.147710.112	A genomic portrait of the emergence, evolution, and global s	False	False	False	residual_per_sample	50	abstained	no_supp	0	0	0	50	none	ACTIONABLE	fetch_supp_table	tail50_99	ACCEPTED	requested supplement not in folder — unavailable (all fetchable fetched)
PRJEB2655	isolation_source	tail50_99	False	PMC3613582	europepmc_fulltext	True	True	https://doi.org/10.1101/gr.147710.112	A genomic portrait of the emergence, evolution, and global s	False	False	False	residual_per_sample	50	abstained	no_supp	0	0	0	50	none	ACTIONABLE	fetch_supp_table	tail50_99	ACCEPTED	requested supplement not in folder — unavailable (all fetchable fetched)
PRJEB2655	host	tail50_99	False	PMC3613582	europepmc_fulltext	True	True	https://doi.org/10.1101/gr.147710.112	A genomic portrait of the emergence, evolution, and global s	False	False	False	residual_per_sample	50	abstained	no_supp	0	0	0	50	none	ACTIONABLE	fetch_supp_table	tail50_99	ACCEPTED	requested supplement not in folder — unavailable (all fetchable fetched)
PRJEB26814	country	tail50_99	False	PMC11101633	europepmc_fulltext	True	True	https://www.ncbi.nlm.nih.gov/pmc/articles/PMC11101633/	Genomic insights unveil the plasmid transfer mechanism and e	False	False	False	not_gated	0			0	0	0	0	none	FILLED	not_gated	tail50_99	FILLED	already closed
PRJEB26814	collection_date	tail50_99	False	PMC11101633	europepmc_fulltext	True	True	https://www.ncbi.nlm.nih.gov/pmc/articles/PMC11101633/	Genomic insights unveil the plasmid transfer mechanism and e	False	False	False	not_gated	0			0	0	0	0	none	FILLED	not_gated	tail50_99	FILLED	already closed
PRJEB26814	isolation_source	tail50_99	False	PMC11101633	europepmc_fulltext	True	True	https://www.ncbi.nlm.nih.gov/pmc/articles/PMC11101633/	Genomic insights unveil the plasmid transfer mechanism and e	False	False	False	not_gated	0			0	0	0	0	none	FILLED	not_gated	tail50_99	FILLED	already closed
PRJEB26814	host	tail50_99	False	PMC11101633	europepmc_fulltext	True	True	https://www.ncbi.nlm.nih.gov/pmc/articles/PMC11101633/	Genomic insights unveil the plasmid transfer mechanism and e	False	False	False	not_gated	0			0	0	0	0	none	FILLED	not_gated	tail50_99	FILLED	already closed
PRJEB28115	country	tail50_99	True		none	False	False			False	False	False	covered	50	NO_PMCID		50	0	0	50	none	FILLED	whole_field	tail50_99	FILLED	already closed
PRJEB28115	collection_date	tail50_99	True		none	False	False			False	False	False	residual_per_sample	50	NO_PMCID	NO_PMCID	0	0	0	50	none	EXHAUSTED	no_paper_findable	tail50_99	EXHAUSTED	already closed
PRJEB28115	isolation_source	tail50_99	True		none	False	False			False	False	False	covered	50	NO_PMCID		50	0	0	50	none	FILLED	whole_field	tail50_99	FILLED	already closed
PRJEB28115	host	tail50_99	True		none	False	False			False	False	False	covered	50	NO_PMCID		50	0	0	50	none	FILLED	whole_field	tail50_99	FILLED	already closed
PRJEB28660	country	tail50_99	False		pdf	True	True	https://doi.org/10.1101/456897	Resolving structural diversity of Carbapenemase-producing gr	False	False	False	not_gated	0			0	0	0	0	none	FILLED	not_gated	tail50_99	FILLED	already closed
PRJEB28660	collection_date	tail50_99	False		pdf	True	True	https://doi.org/10.1101/456897	Resolving structural diversity of Carbapenemase-producing gr	False	False	False	not_gated	0			0	0	0	0	none	FILLED	not_gated	tail50_99	FILLED	already closed
PRJEB28660	isolation_source	tail50_99	False		pdf	True	True	https://doi.org/10.1101/456897	Resolving structural diversity of Carbapenemase-producing gr	False	False	False	not_gated	0			0	0	0	0	none	FILLED	not_gated	tail50_99	FILLED	already closed
PRJEB28660	host	tail50_99	False		pdf	True	True	https://doi.org/10.1101/456897	Resolving structural diversity of Carbapenemase-producing gr	False	False	False	not_gated	0			0	0	0	0	none	FILLED	not_gated	tail50_99	FILLED	already closed
PRJEB30771	country	tail50_99	False		abstract	False	False	https://doi.org/10.1093/jac/dkz366	Emergence of NDM-producing Klebsiella pneumoniae and Escheri	False	False	False	not_gated	0	NO_PMCID		0	0	0	0	none	FILLED	not_gated	tail50_99	FILLED	already closed
PRJEB30771	collection_date	tail50_99	False		abstract	False	False	https://doi.org/10.1093/jac/dkz366	Emergence of NDM-producing Klebsiella pneumoniae and Escheri	False	False	False	not_gated	0	NO_PMCID		0	0	0	0	none	FILLED	not_gated	tail50_99	FILLED	already closed
PRJEB30771	isolation_source	tail50_99	False		abstract	False	False	https://doi.org/10.1093/jac/dkz366	Emergence of NDM-producing Klebsiella pneumoniae and Escheri	False	False	False	not_gated	0	NO_PMCID		0	0	0	0	none	FILLED	not_gated	tail50_99	FILLED	already closed
PRJEB30771	host	tail50_99	False		abstract	False	False	https://doi.org/10.1093/jac/dkz366	Emergence of NDM-producing Klebsiella pneumoniae and Escheri	False	False	False	covered	59	NO_PMCID		59	0	0	59	none	FILLED	whole_field	tail50_99	FILLED	already closed
PRJEB34380	country	tail50_99	False	PMC7374196	europepmc_fulltext	True	True	https://doi.org/10.3389/fmicb.2020.01563	Carbapenemase-Producing <i>Klebsiella pneumoniae</i> From Tr	False	False	False	not_gated	0	direct		0	0	0	0	none	FILLED	not_gated	tail50_99	FILLED	already closed
PRJEB34380	collection_date	tail50_99	False	PMC7374196	europepmc_fulltext	True	True	https://doi.org/10.3389/fmicb.2020.01563	Carbapenemase-Producing <i>Klebsiella pneumoniae</i> From Tr	False	False	False	not_gated	0	direct		0	0	0	0	none	FILLED	not_gated	tail50_99	FILLED	already closed
PRJEB34380	isolation_source	tail50_99	False	PMC7374196	europepmc_fulltext	True	True	https://doi.org/10.3389/fmicb.2020.01563	Carbapenemase-Producing <i>Klebsiella pneumoniae</i> From Tr	False	False	False	covered	80	direct		0	80	0	0	none	FILLED	whole_field	tail50_99	FILLED	already closed
PRJEB34380	host	tail50_99	False	PMC7374196	europepmc_fulltext	True	True	https://doi.org/10.3389/fmicb.2020.01563	Carbapenemase-Producing <i>Klebsiella pneumoniae</i> From Tr	False	False	False	covered	80	direct		80	0	0	80	none	FILLED	whole_field	tail50_99	FILLED	already closed
PRJEB35890	country	tail50_99	False	PMC7262493	europepmc_fulltext	True	True	https://doi.org/10.2807/1560-7917.es.2020.25.20.2000627	Cross-border spread of <i>bla</i><sub>NDM-1</sub>- and <i>bl	False	False	False	not_gated	0	abstained		0	0	0	0	none	FILLED	not_gated	tail50_99	FILLED	already closed
PRJEB35890	collection_date	tail50_99	False	PMC7262493	europepmc_fulltext	True	True	https://doi.org/10.2807/1560-7917.es.2020.25.20.2000627	Cross-border spread of <i>bla</i><sub>NDM-1</sub>- and <i>bl	False	False	False	not_gated	0	abstained		0	0	0	0	none	FILLED	not_gated	tail50_99	FILLED	already closed
PRJEB35890	isolation_source	tail50_99	False	PMC7262493	europepmc_fulltext	True	True	https://doi.org/10.2807/1560-7917.es.2020.25.20.2000627	Cross-border spread of <i>bla</i><sub>NDM-1</sub>- and <i>bl	False	False	False	residual_per_sample	96	abstained	no_supp	0	0	0	96	generated	EXHAUSTED	paper_has_no_table	tail50_99	EXHAUSTED	already closed
PRJEB35890	host	tail50_99	False	PMC7262493	europepmc_fulltext	True	True	https://doi.org/10.2807/1560-7917.es.2020.25.20.2000627	Cross-border spread of <i>bla</i><sub>NDM-1</sub>- and <i>bl	False	False	False	covered	96	abstained		96	0	0	96	none	FILLED	whole_field	tail50_99	FILLED	already closed
PRJEB36392	country	tail50_99	False	PMC10272876	europepmc_fulltext	True	True	https://doi.org/10.1099/mgen.0.001005	Within-patient and global evolutionary dynamics of <i>Klebsi	False	False	False	not_gated	0	direct		0	0	0	0	none	FILLED	not_gated	tail50_99	FILLED	already closed
PRJEB36392	collection_date	tail50_99	False	PMC10272876	europepmc_fulltext	True	True	https://doi.org/10.1099/mgen.0.001005	Within-patient and global evolutionary dynamics of <i>Klebsi	False	False	False	not_gated	0	direct		0	0	0	0	none	FILLED	not_gated	tail50_99	FILLED	already closed
PRJEB36392	isolation_source	tail50_99	False	PMC10272876	europepmc_fulltext	True	True	https://doi.org/10.1099/mgen.0.001005	Within-patient and global evolutionary dynamics of <i>Klebsi	False	False	False	not_gated	0	direct		0	0	0	0	none	FILLED	not_gated	tail50_99	FILLED	already closed
PRJEB36392	host	tail50_99	False	PMC10272876	europepmc_fulltext	True	True	https://doi.org/10.1099/mgen.0.001005	Within-patient and global evolutionary dynamics of <i>Klebsi	False	False	False	covered	91	direct		46	45	0	46	none	FILLED	whole_field	tail50_99	FILLED	already closed
PRJEB37933	country	tail50_99	False	PMC7724794	europepmc_fulltext	True	True	https://doi.org/10.1186/s13073-020-00814-6	A Klebsiella pneumoniae ST307 outbreak clone from Germany de	False	False	False	not_gated	0	abstained		0	0	0	0	none	FILLED	not_gated	tail50_99	FILLED	already closed
PRJEB37933	collection_date	tail50_99	False	PMC7724794	europepmc_fulltext	True	True	https://doi.org/10.1186/s13073-020-00814-6	A Klebsiella pneumoniae ST307 outbreak clone from Germany de	False	False	False	not_gated	0	abstained		0	0	0	0	none	FILLED	not_gated	tail50_99	FILLED	already closed
PRJEB37933	isolation_source	tail50_99	False	PMC7724794	europepmc_fulltext	True	True	https://doi.org/10.1186/s13073-020-00814-6	A Klebsiella pneumoniae ST307 outbreak clone from Germany de	False	False	False	not_gated	0	abstained		0	0	0	0	none	FILLED	not_gated	tail50_99	FILLED	already closed
PRJEB37933	host	tail50_99	False	PMC7724794	europepmc_fulltext	True	True	https://doi.org/10.1186/s13073-020-00814-6	A Klebsiella pneumoniae ST307 outbreak clone from Germany de	False	False	False	covered	53	abstained		53	0	0	53	none	FILLED	whole_field	tail50_99	FILLED	already closed
PRJEB39942	country	tail50_99	False	PMC8190614	europepmc_fulltext	True	True	https://doi.org/10.1099/mgen.0.000509	A high prevalence of <i>bla</i><sub>OXA-48</sub> in <i>Klebs	False	False	False	not_gated	0	direct		0	0	0	0	none	FILLED	not_gated	tail50_99	FILLED	already closed
PRJEB39942	collection_date	tail50_99	False	PMC8190614	europepmc_fulltext	True	True	https://doi.org/10.1099/mgen.0.000509	A high prevalence of <i>bla</i><sub>OXA-48</sub> in <i>Klebs	False	False	False	not_gated	0	direct		0	1	0	0	none	FILLED	not_gated	tail50_99	FILLED	already closed
PRJEB39942	isolation_source	tail50_99	False	PMC8190614	europepmc_fulltext	True	True	https://doi.org/10.1099/mgen.0.000509	A high prevalence of <i>bla</i><sub>OXA-48</sub> in <i>Klebs	False	False	False	covered	95	direct		0	95	0	0	none	FILLED	whole_field	tail50_99	FILLED	already closed
PRJEB39942	host	tail50_99	False	PMC8190614	europepmc_fulltext	True	True	https://doi.org/10.1099/mgen.0.000509	A high prevalence of <i>bla</i><sub>OXA-48</sub> in <i>Klebs	False	False	False	covered	95	direct		0	95	0	0	none	FILLED	whole_field	tail50_99	FILLED	already closed
PRJEB42526	country	tail50_99	False	PMC8772961	europepmc_fulltext	True	True	https://doi.org/10.3390/antibiotics11010042	One Health Genomic Study of Human and Animal <i>Klebsiella p	False	False	True	covered	83	direct		83	0	0	83	none	FILLED	whole_field	tail50_99	FILLED	already closed
PRJEB42526	collection_date	tail50_99	False	PMC8772961	europepmc_fulltext	True	True	https://doi.org/10.3390/antibiotics11010042	One Health Genomic Study of Human and Animal <i>Klebsiella p	False	False	True	residual_per_sample	83	direct	field_not_in_table	0	0	0	83	generated	EXHAUSTED	field_not_in_table	tail50_99	EXHAUSTED	already closed
PRJEB42526	isolation_source	tail50_99	False	PMC8772961	europepmc_fulltext	True	True	https://doi.org/10.3390/antibiotics11010042	One Health Genomic Study of Human and Animal <i>Klebsiella p	False	False	True	covered	83	direct		0	6	0	77	generated	FILLED	whole_field	tail50_99	FILLED	already closed
PRJEB42526	host	tail50_99	False	PMC8772961	europepmc_fulltext	True	True	https://doi.org/10.3390/antibiotics11010042	One Health Genomic Study of Human and Animal <i>Klebsiella p	False	False	True	covered	83	direct		0	6	0	77	generated	FILLED	whole_field	tail50_99	FILLED	already closed
PRJEB43945	country	tail50_99	False		local_pdf	True	True	https://doi.org/10.1016/S2666-5247(24)00113-7	Pan-pathogen deep sequencing of nosocomial bacterial pathoge	True	True	False	covered	68	NO_PMCID		68	0	0	68	none	FILLED	whole_field	tail50_99	FILLED	already closed
PRJEB43945	collection_date	tail50_99	False		local_pdf	True	True	https://doi.org/10.1016/S2666-5247(24)00113-7	Pan-pathogen deep sequencing of nosocomial bacterial pathoge	True	True	False	residual_per_sample	68	NO_PMCID	NO_PMCID	0	0	0	68	generated	ACTIONABLE	fetch_supp_table	tail50_99	ACCEPTED	requested supplement not in folder — unavailable (all fetchable fetched)
PRJEB43945	isolation_source	tail50_99	False		local_pdf	True	True	https://doi.org/10.1016/S2666-5247(24)00113-7	Pan-pathogen deep sequencing of nosocomial bacterial pathoge	True	True	False	residual_per_sample	68	NO_PMCID	NO_PMCID	0	0	0	68	generated	ACTIONABLE	fetch_supp_table	tail50_99	ACCEPTED	requested supplement not in folder — unavailable (all fetchable fetched)
PRJEB43945	host	tail50_99	False		local_pdf	True	True	https://doi.org/10.1016/S2666-5247(24)00113-7	Pan-pathogen deep sequencing of nosocomial bacterial pathoge	True	True	False	covered	68	NO_PMCID		68	0	0	68	none	FILLED	whole_field	tail50_99	FILLED	already closed
PRJEB45369	country	tail50_99	True		none	False	False			False	False	False	not_gated	0	NO_PMCID		0	0	0	0	none	FILLED	not_gated	tail50_99	FILLED	already closed
PRJEB45369	collection_date	tail50_99	True		none	False	False			False	False	False	not_gated	0	NO_PMCID		0	0	0	0	none	FILLED	not_gated	tail50_99	FILLED	already closed
PRJEB45369	isolation_source	tail50_99	True		none	False	False			False	False	False	not_gated	0	NO_PMCID		0	0	0	0	none	FILLED	not_gated	tail50_99	FILLED	already closed
PRJEB45369	host	tail50_99	True		none	False	False			False	False	False	residual_per_sample	84	NO_PMCID	NO_PMCID	0	0	0	84	generated	EXHAUSTED	no_paper_findable	tail50_99	EXHAUSTED	already closed
PRJEB46655	country	tail50_99	False	PMC9200643	europepmc_fulltext	True	True	https://doi.org/10.1016/j.jgar.2022.03.001	Mortality associated with third-generation cephalosporin res	False	False	False	covered	61	direct		61	0	0	61	none	FILLED	whole_field	tail50_99	FILLED	already closed
PRJEB46655	collection_date	tail50_99	False	PMC9200643	europepmc_fulltext	True	True	https://doi.org/10.1016/j.jgar.2022.03.001	Mortality associated with third-generation cephalosporin res	False	False	False	covered	61	direct		0	61	0	0	none	FILLED	whole_field	tail50_99	FILLED	already closed
PRJEB46655	isolation_source	tail50_99	False	PMC9200643	europepmc_fulltext	True	True	https://doi.org/10.1016/j.jgar.2022.03.001	Mortality associated with third-generation cephalosporin res	False	False	False	covered	61	direct		0	61	0	0	none	FILLED	whole_field	tail50_99	FILLED	already closed
PRJEB46655	host	tail50_99	False	PMC9200643	europepmc_fulltext	True	True	https://doi.org/10.1016/j.jgar.2022.03.001	Mortality associated with third-generation cephalosporin res	False	False	False	covered	61	direct		0	61	0	0	none	FILLED	whole_field	tail50_99	FILLED	already closed
PRJEB49056	country	tail50_99	False		pdf	True	True	https://doi.org/10.1101/2022.05.03.490393	Carbapenem heteroresistance of KPC-producing Klebsiella pneu	False	False	False	not_gated	0	NO_PMCID		0	0	0	0	none	FILLED	not_gated	tail50_99	FILLED	already closed
PRJEB49056	collection_date	tail50_99	False		pdf	True	True	https://doi.org/10.1101/2022.05.03.490393	Carbapenem heteroresistance of KPC-producing Klebsiella pneu	False	False	False	not_gated	0	NO_PMCID		0	0	0	0	none	FILLED	not_gated	tail50_99	FILLED	already closed
PRJEB49056	isolation_source	tail50_99	False		pdf	True	True	https://doi.org/10.1101/2022.05.03.490393	Carbapenem heteroresistance of KPC-producing Klebsiella pneu	False	False	False	residual_per_sample	23	NO_PMCID	NO_PMCID	0	0	0	23	none	EXHAUSTED	NO_PMCID	tail50_99	EXHAUSTED	already closed
PRJEB49056	host	tail50_99	False		pdf	True	True	https://doi.org/10.1101/2022.05.03.490393	Carbapenem heteroresistance of KPC-producing Klebsiella pneu	False	False	False	covered	80	NO_PMCID		80	0	0	80	none	FILLED	whole_field	tail50_99	FILLED	already closed
PRJEB49334	country	tail50_99	False	PMC9519440	europepmc_fulltext	True	True	https://doi.org/10.1038/s41564-022-01221-w	Long-term ecological and evolutionary dynamics in the gut mi	False	False	False	covered	62	abstained		62	0	0	62	none	FILLED	whole_field	tail50_99	FILLED	already closed
PRJEB49334	collection_date	tail50_99	False	PMC9519440	europepmc_fulltext	True	True	https://doi.org/10.1038/s41564-022-01221-w	Long-term ecological and evolutionary dynamics in the gut mi	False	False	False	covered	62	abstained		62	0	0	62	none	FILLED	whole_field	tail50_99	FILLED	already closed
PRJEB49334	isolation_source	tail50_99	False	PMC9519440	europepmc_fulltext	True	True	https://doi.org/10.1038/s41564-022-01221-w	Long-term ecological and evolutionary dynamics in the gut mi	False	False	False	covered	23	abstained		23	0	0	23	none	FILLED	whole_field	tail50_99	FILLED	already closed
PRJEB49334	host	tail50_99	False	PMC9519440	europepmc_fulltext	True	True	https://doi.org/10.1038/s41564-022-01221-w	Long-term ecological and evolutionary dynamics in the gut mi	False	False	False	covered	62	abstained		62	0	0	62	none	FILLED	whole_field	tail50_99	FILLED	already closed
PRJEB50277	country	tail50_99	False		local_pdf	True	True	https://doi.org/10.1016/j.ijid.2022.04.034	The first nationwide surveillance of carbapenem-resistant En	True	True	False	not_gated	0	NO_PMCID		0	0	0	0	none	FILLED	not_gated	tail50_99	FILLED	already closed
PRJEB50277	collection_date	tail50_99	False		local_pdf	True	True	https://doi.org/10.1016/j.ijid.2022.04.034	The first nationwide surveillance of carbapenem-resistant En	True	True	False	covered	96	NO_PMCID		96	0	0	96	none	FILLED	whole_field	tail50_99	FILLED	already closed
PRJEB50277	isolation_source	tail50_99	False		local_pdf	True	True	https://doi.org/10.1016/j.ijid.2022.04.034	The first nationwide surveillance of carbapenem-resistant En	True	True	False	residual_per_sample	96	NO_PMCID	NO_PMCID	0	0	0	96	generated	EXHAUSTED	paper_has_no_table	tail50_99	EXHAUSTED	already closed
PRJEB50277	host	tail50_99	False		local_pdf	True	True	https://doi.org/10.1016/j.ijid.2022.04.034	The first nationwide surveillance of carbapenem-resistant En	True	True	False	covered	96	NO_PMCID		96	0	0	96	none	FILLED	whole_field	tail50_99	FILLED	already closed
PRJEB50346	country	tail50_99	True		none	False	False			False	False	False	not_gated	0	NO_PMCID		0	0	0	0	none	FILLED	not_gated	tail50_99	FILLED	already closed
PRJEB50346	collection_date	tail50_99	True		none	False	False			False	False	False	residual_per_sample	70	NO_PMCID	NO_PMCID	0	0	0	70	generated	EXHAUSTED	no_paper_findable	tail50_99	EXHAUSTED	already closed
PRJEB50346	isolation_source	tail50_99	True		none	False	False			False	False	False	not_gated	0	NO_PMCID		0	0	0	0	none	FILLED	not_gated	tail50_99	FILLED	already closed
PRJEB50346	host	tail50_99	True		none	False	False			False	False	False	covered	70	NO_PMCID		70	0	0	70	none	FILLED	whole_field	tail50_99	FILLED	already closed
PRJEB50837	country	tail50_99	False	PMC9744880	europepmc_fulltext	True	True	https://doi.org/10.1038/s41467-022-34970-7	Dynamics of extended-spectrum cephalosporin resistance genes	False	False	False	not_gated	0	direct		0	0	0	0	none	FILLED	not_gated	tail50_99	FILLED	already closed
PRJEB50837	collection_date	tail50_99	False	PMC9744880	europepmc_fulltext	True	True	https://doi.org/10.1038/s41467-022-34970-7	Dynamics of extended-spectrum cephalosporin resistance genes	False	False	False	not_gated	0	direct		0	0	0	0	none	FILLED	not_gated	tail50_99	FILLED	already closed
PRJEB50837	isolation_source	tail50_99	False	PMC9744880	europepmc_fulltext	True	True	https://doi.org/10.1038/s41467-022-34970-7	Dynamics of extended-spectrum cephalosporin resistance genes	False	False	False	not_gated	0	direct		0	0	0	0	none	FILLED	not_gated	tail50_99	FILLED	already closed
PRJEB50837	host	tail50_99	False	PMC9744880	europepmc_fulltext	True	True	https://doi.org/10.1038/s41467-022-34970-7	Dynamics of extended-spectrum cephalosporin resistance genes	False	False	False	covered	52	direct		0	51	0	1	none	FILLED	whole_field	tail50_99	FILLED	already closed
PRJEB51224	country	tail50_99	False	PMC13259977	europepmc_fulltext	True	True	https://doi.org/10.1016/j.lanmic.2025.101320	Persistent spread of carbapenemase-producing Klebsiella pneu	False	False	False	covered	76	direct		0	70	0	6	none	FILLED	whole_field	tail50_99	FILLED	already closed
PRJEB51224	collection_date	tail50_99	False	PMC13259977	europepmc_fulltext	True	True	https://doi.org/10.1016/j.lanmic.2025.101320	Persistent spread of carbapenemase-producing Klebsiella pneu	False	False	False	covered	76	direct		6	70	0	6	none	FILLED	whole_field	tail50_99	FILLED	already closed
PRJEB51224	isolation_source	tail50_99	False	PMC13259977	europepmc_fulltext	True	True	https://doi.org/10.1016/j.lanmic.2025.101320	Persistent spread of carbapenemase-producing Klebsiella pneu	False	False	False	covered	76	direct		0	70	0	6	none	FILLED	whole_field	tail50_99	FILLED	already closed
PRJEB51224	host	tail50_99	False	PMC13259977	europepmc_fulltext	True	True	https://doi.org/10.1016/j.lanmic.2025.101320	Persistent spread of carbapenemase-producing Klebsiella pneu	False	False	False	covered	76	direct		76	0	0	76	none	FILLED	whole_field	tail50_99	FILLED	already closed
PRJEB51225	country	tail50_99	False	PMC10569728	europepmc_fulltext	True	True	https://doi.org/10.1099/mgen.0.001104	Clonal expansion and rapid characterization of <i>Klebsiella	False	False	False	covered	51	direct		0	51	0	0	none	FILLED	whole_field	tail50_99	FILLED	already closed
PRJEB51225	collection_date	tail50_99	False	PMC10569728	europepmc_fulltext	True	True	https://doi.org/10.1099/mgen.0.001104	Clonal expansion and rapid characterization of <i>Klebsiella	False	False	False	covered	51	direct		0	51	0	0	none	FILLED	whole_field	tail50_99	FILLED	already closed
PRJEB51225	isolation_source	tail50_99	False	PMC10569728	europepmc_fulltext	True	True	https://doi.org/10.1099/mgen.0.001104	Clonal expansion and rapid characterization of <i>Klebsiella	False	False	False	covered	51	direct		0	51	0	0	none	FILLED	whole_field	tail50_99	FILLED	already closed
PRJEB51225	host	tail50_99	False	PMC10569728	europepmc_fulltext	True	True	https://doi.org/10.1099/mgen.0.001104	Clonal expansion and rapid characterization of <i>Klebsiella	False	False	False	covered	51	direct		0	51	0	0	none	FILLED	whole_field	tail50_99	FILLED	already closed
PRJEB51676	country	tail50_99	False	PMC9218594	europepmc_fulltext	True	True	https://doi.org/10.3389/fmicb.2022.897161	Evaluation of Fourier Transform Infrared Spectroscopy as a F	False	False	False	not_gated	0	abstained		0	0	0	0	none	FILLED	not_gated	tail50_99	FILLED	already closed
PRJEB51676	collection_date	tail50_99	False	PMC9218594	europepmc_fulltext	True	True	https://doi.org/10.3389/fmicb.2022.897161	Evaluation of Fourier Transform Infrared Spectroscopy as a F	False	False	False	not_gated	0	abstained		0	0	0	0	none	FILLED	not_gated	tail50_99	FILLED	already closed
PRJEB51676	isolation_source	tail50_99	False	PMC9218594	europepmc_fulltext	True	True	https://doi.org/10.3389/fmicb.2022.897161	Evaluation of Fourier Transform Infrared Spectroscopy as a F	False	False	False	not_gated	0	abstained		0	0	0	0	none	FILLED	not_gated	tail50_99	FILLED	already closed
PRJEB51676	host	tail50_99	False	PMC9218594	europepmc_fulltext	True	True	https://doi.org/10.3389/fmicb.2022.897161	Evaluation of Fourier Transform Infrared Spectroscopy as a F	False	False	False	covered	63	abstained		63	0	63	0	applied	FILLED	whole_field	tail50_99	FILLED	already closed
PRJEB51966	country	tail50_99	False	PMC11025145	europepmc_fulltext	True	True	https://doi.org/10.1186/s12864-024-10276-4	Respiratory carriage of hypervirulent Klebsiella pneumoniae 	False	False	False	not_gated	0	abstained		0	0	0	0	none	FILLED	not_gated	tail50_99	FILLED	already closed
PRJEB51966	collection_date	tail50_99	False	PMC11025145	europepmc_fulltext	True	True	https://doi.org/10.1186/s12864-024-10276-4	Respiratory carriage of hypervirulent Klebsiella pneumoniae 	False	False	False	not_gated	0	abstained		0	0	0	0	none	FILLED	not_gated	tail50_99	FILLED	already closed
PRJEB51966	isolation_source	tail50_99	False	PMC11025145	europepmc_fulltext	True	True	https://doi.org/10.1186/s12864-024-10276-4	Respiratory carriage of hypervirulent Klebsiella pneumoniae 	False	False	False	not_gated	0	abstained		0	0	0	0	none	FILLED	not_gated	tail50_99	FILLED	already closed
PRJEB51966	host	tail50_99	False	PMC11025145	europepmc_fulltext	True	True	https://doi.org/10.1186/s12864-024-10276-4	Respiratory carriage of hypervirulent Klebsiella pneumoniae 	False	False	False	covered	59	abstained		59	0	0	59	none	FILLED	whole_field	tail50_99	FILLED	already closed
PRJEB53419	country	tail50_99	False		abstract	False	False	https://doi.org/10.1093/jac/dkad001	Molecular features and transmission of NDM-producing Enterob	False	False	False	not_gated	0	NO_PMCID		0	0	0	0	none	FILLED	not_gated	tail50_99	FILLED	already closed
PRJEB53419	collection_date	tail50_99	False		abstract	False	False	https://doi.org/10.1093/jac/dkad001	Molecular features and transmission of NDM-producing Enterob	False	False	False	not_gated	0	NO_PMCID		0	0	0	0	none	FILLED	not_gated	tail50_99	FILLED	already closed
PRJEB53419	isolation_source	tail50_99	False		abstract	False	False	https://doi.org/10.1093/jac/dkad001	Molecular features and transmission of NDM-producing Enterob	False	False	False	not_gated	0	NO_PMCID		0	0	0	0	none	FILLED	not_gated	tail50_99	FILLED	already closed
PRJEB53419	host	tail50_99	False		abstract	False	False	https://doi.org/10.1093/jac/dkad001	Molecular features and transmission of NDM-producing Enterob	False	False	False	covered	84	NO_PMCID		84	0	0	84	none	FILLED	whole_field	tail50_99	FILLED	already closed
PRJEB5495	country	tail50_99	True		none	False	False			False	False	False	residual_per_sample	87	NO_PMCID	NO_PMCID	0	0	0	87	generated	EXHAUSTED	no_paper_findable	tail50_99	EXHAUSTED	already closed
PRJEB5495	collection_date	tail50_99	True		none	False	False			False	False	False	residual_per_sample	87	NO_PMCID	NO_PMCID	0	0	0	87	generated	EXHAUSTED	no_paper_findable	tail50_99	EXHAUSTED	already closed
PRJEB5495	isolation_source	tail50_99	True		none	False	False			False	False	False	residual_per_sample	87	NO_PMCID	NO_PMCID	0	0	0	87	generated	EXHAUSTED	no_paper_findable	tail50_99	EXHAUSTED	already closed
PRJEB5495	host	tail50_99	True		none	False	False			False	False	False	residual_per_sample	87	NO_PMCID		0	0	87	0	applied	FILLED	per_sample_or_escalation	tail50_99	FILLED	already closed
PRJEB56668	country	tail50_99	False	PMC10326032	europepmc_fulltext	True	True	https://doi.org/10.1038/s41598-023-37821-7	Genomic features of Klebsiella isolates from artisanal ready	False	False	False	not_gated	0	direct		0	0	0	0	none	FILLED	not_gated	tail50_99	FILLED	already closed
PRJEB56668	collection_date	tail50_99	False	PMC10326032	europepmc_fulltext	True	True	https://doi.org/10.1038/s41598-023-37821-7	Genomic features of Klebsiella isolates from artisanal ready	False	False	False	not_gated	0	direct		0	0	0	0	none	FILLED	not_gated	tail50_99	FILLED	already closed
PRJEB56668	isolation_source	tail50_99	False	PMC10326032	europepmc_fulltext	True	True	https://doi.org/10.1038/s41598-023-37821-7	Genomic features of Klebsiella isolates from artisanal ready	False	False	False	not_gated	0	direct		0	73	0	0	none	FILLED	not_gated	tail50_99	FILLED	already closed
PRJEB56668	host	tail50_99	False	PMC10326032	europepmc_fulltext	True	True	https://doi.org/10.1038/s41598-023-37821-7	Genomic features of Klebsiella isolates from artisanal ready	False	False	False	covered	73	direct		62	11	0	62	none	FILLED	whole_field	tail50_99	FILLED	already closed
PRJEB57245	country	tail50_99	False	PMC9854421	europepmc_fulltext	True	True	https://doi.org/10.3390/antibiotics12010107	Carbapenemase-Producing <i>Klebsiella pneumoniae</i> in COVI	False	False	False	not_gated	0	abstained		0	0	0	0	none	FILLED	not_gated	tail50_99	FILLED	already closed
PRJEB57245	collection_date	tail50_99	False	PMC9854421	europepmc_fulltext	True	True	https://doi.org/10.3390/antibiotics12010107	Carbapenemase-Producing <i>Klebsiella pneumoniae</i> in COVI	False	False	False	not_gated	0	abstained		0	0	0	0	none	FILLED	not_gated	tail50_99	FILLED	already closed
PRJEB57245	isolation_source	tail50_99	False	PMC9854421	europepmc_fulltext	True	True	https://doi.org/10.3390/antibiotics12010107	Carbapenemase-Producing <i>Klebsiella pneumoniae</i> in COVI	False	False	False	not_gated	0	abstained		0	0	0	0	none	FILLED	not_gated	tail50_99	FILLED	already closed
PRJEB57245	host	tail50_99	False	PMC9854421	europepmc_fulltext	True	True	https://doi.org/10.3390/antibiotics12010107	Carbapenemase-Producing <i>Klebsiella pneumoniae</i> in COVI	False	False	False	covered	85	abstained		85	0	0	85	none	FILLED	whole_field	tail50_99	FILLED	already closed
PRJEB59403	country	tail50_99	False		local_pdf	True	True	https://doi.org/10.1016/j.scitotenv.2023.164179	Carbapenemase-producing Gram-negative bacteria in hospital w	True	True	False	not_gated	0	NO_PMCID		0	0	0	0	none	FILLED	not_gated	tail50_99	FILLED	already closed
PRJEB59403	collection_date	tail50_99	False		local_pdf	True	True	https://doi.org/10.1016/j.scitotenv.2023.164179	Carbapenemase-producing Gram-negative bacteria in hospital w	True	True	False	not_gated	0	NO_PMCID		0	0	0	0	none	FILLED	not_gated	tail50_99	FILLED	already closed
PRJEB59403	isolation_source	tail50_99	False		local_pdf	True	True	https://doi.org/10.1016/j.scitotenv.2023.164179	Carbapenemase-producing Gram-negative bacteria in hospital w	True	True	False	not_gated	0	NO_PMCID		0	0	0	0	none	FILLED	not_gated	tail50_99	FILLED	already closed
PRJEB59403	host	tail50_99	False		local_pdf	True	True	https://doi.org/10.1016/j.scitotenv.2023.164179	Carbapenemase-producing Gram-negative bacteria in hospital w	True	True	False	residual_per_sample	59	NO_PMCID		0	0	59	0	applied	FILLED	per_sample_or_escalation	tail50_99	FILLED	already closed
PRJEB59975	country	tail50_99	False	PMC10464136	europepmc_fulltext	True	True	https://doi.org/10.1186/s12929-023-00960-0	Various arrangements of mobile genetic elements among CC147 	False	False	False	not_gated	0	direct		0	0	0	0	none	FILLED	not_gated	tail50_99	FILLED	already closed
PRJEB59975	collection_date	tail50_99	False	PMC10464136	europepmc_fulltext	True	True	https://doi.org/10.1186/s12929-023-00960-0	Various arrangements of mobile genetic elements among CC147 	False	False	False	not_gated	0	direct		0	0	0	0	none	FILLED	not_gated	tail50_99	FILLED	already closed
PRJEB59975	isolation_source	tail50_99	False	PMC10464136	europepmc_fulltext	True	True	https://doi.org/10.1186/s12929-023-00960-0	Various arrangements of mobile genetic elements among CC147 	False	False	False	not_gated	0	direct		0	0	0	0	none	FILLED	not_gated	tail50_99	FILLED	already closed
PRJEB59975	host	tail50_99	False	PMC10464136	europepmc_fulltext	True	True	https://doi.org/10.1186/s12929-023-00960-0	Various arrangements of mobile genetic elements among CC147 	False	False	False	covered	54	direct		0	54	0	0	none	FILLED	whole_field	tail50_99	FILLED	already closed
PRJEB64408	country	tail50_99	False	PMC11101633	europepmc_fulltext	True	True	https://www.ncbi.nlm.nih.gov/pmc/articles/PMC11101633/	Genomic insights unveil the plasmid transfer mechanism and e	False	False	False	not_gated	0	direct		0	0	0	0	none	FILLED	not_gated	tail50_99	FILLED	already closed
PRJEB64408	collection_date	tail50_99	False	PMC11101633	europepmc_fulltext	True	True	https://www.ncbi.nlm.nih.gov/pmc/articles/PMC11101633/	Genomic insights unveil the plasmid transfer mechanism and e	False	False	False	not_gated	0	direct		0	0	0	0	none	FILLED	not_gated	tail50_99	FILLED	already closed
PRJEB64408	isolation_source	tail50_99	False	PMC11101633	europepmc_fulltext	True	True	https://www.ncbi.nlm.nih.gov/pmc/articles/PMC11101633/	Genomic insights unveil the plasmid transfer mechanism and e	False	False	False	not_gated	0	direct		0	0	0	0	none	FILLED	not_gated	tail50_99	FILLED	already closed
PRJEB64408	host	tail50_99	False	PMC11101633	europepmc_fulltext	True	True	https://www.ncbi.nlm.nih.gov/pmc/articles/PMC11101633/	Genomic insights unveil the plasmid transfer mechanism and e	False	False	False	covered	95	direct		1	94	0	1	none	FILLED	whole_field	tail50_99	FILLED	already closed
PRJEB64702	country	tail50_99	False	PMC11223429	europepmc_fulltext	True	True	https://doi.org/10.1186/s13756-024-01429-x	Genomic characterization of Klebsiella pneumoniae carbapenem	False	False	False	not_gated	0	abstained		0	0	0	0	none	FILLED	not_gated	tail50_99	FILLED	already closed
PRJEB64702	collection_date	tail50_99	False	PMC11223429	europepmc_fulltext	True	True	https://doi.org/10.1186/s13756-024-01429-x	Genomic characterization of Klebsiella pneumoniae carbapenem	False	False	False	not_gated	0	abstained		0	0	0	0	none	FILLED	not_gated	tail50_99	FILLED	already closed
PRJEB64702	isolation_source	tail50_99	False	PMC11223429	europepmc_fulltext	True	True	https://doi.org/10.1186/s13756-024-01429-x	Genomic characterization of Klebsiella pneumoniae carbapenem	False	False	False	not_gated	0	abstained		0	0	0	0	none	FILLED	not_gated	tail50_99	FILLED	already closed
PRJEB64702	host	tail50_99	False	PMC11223429	europepmc_fulltext	True	True	https://doi.org/10.1186/s13756-024-01429-x	Genomic characterization of Klebsiella pneumoniae carbapenem	False	False	False	covered	87	abstained		87	0	0	87	none	FILLED	whole_field	tail50_99	FILLED	already closed
PRJEB66360	country	tail50_99	False	PMC10714954	europepmc_fulltext	True	True	https://doi.org/10.1128/spectrum.02238-23	Heteroresistance to colistin in wild-type &lt;i&gt;Klebsiell	False	False	False	not_gated	0	abstained		0	0	0	0	none	FILLED	not_gated	tail50_99	FILLED	already closed
PRJEB66360	collection_date	tail50_99	False	PMC10714954	europepmc_fulltext	True	True	https://doi.org/10.1128/spectrum.02238-23	Heteroresistance to colistin in wild-type &lt;i&gt;Klebsiell	False	False	False	not_gated	0	abstained		0	0	0	0	none	FILLED	not_gated	tail50_99	FILLED	already closed
PRJEB66360	isolation_source	tail50_99	False	PMC10714954	europepmc_fulltext	True	True	https://doi.org/10.1128/spectrum.02238-23	Heteroresistance to colistin in wild-type &lt;i&gt;Klebsiell	False	False	False	not_gated	0	abstained		0	0	0	0	none	FILLED	not_gated	tail50_99	FILLED	already closed
PRJEB66360	host	tail50_99	False	PMC10714954	europepmc_fulltext	True	True	https://doi.org/10.1128/spectrum.02238-23	Heteroresistance to colistin in wild-type &lt;i&gt;Klebsiell	False	False	False	covered	60	abstained		60	0	0	60	none	FILLED	whole_field	tail50_99	FILLED	already closed
PRJEB78367	country	tail50_99	False	PMC12753507	europepmc_fulltext	True	True	https://doi.org/10.3389/fpubh.2025.1716498	SeqAfrica: empowering Africa's fight against antimicrobial r	False	False	False	covered	64	abstained		64	0	0	64	none	FILLED	whole_field	tail50_99	FILLED	already closed
PRJEB78367	collection_date	tail50_99	False	PMC12753507	europepmc_fulltext	True	True	https://doi.org/10.3389/fpubh.2025.1716498	SeqAfrica: empowering Africa's fight against antimicrobial r	False	False	False	covered	64	abstained		64	0	0	64	none	FILLED	whole_field	tail50_99	FILLED	already closed
PRJEB78367	isolation_source	tail50_99	False	PMC12753507	europepmc_fulltext	True	True	https://doi.org/10.3389/fpubh.2025.1716498	SeqAfrica: empowering Africa's fight against antimicrobial r	False	False	False	residual_per_sample	64	abstained		0	0	0	64	generated	BLOCKED	needs_linkage	tail50_99	ACCEPTED	table has no ENA-mappable key (unanchored) or no per-isolate table exists
PRJEB78367	host	tail50_99	False	PMC12753507	europepmc_fulltext	True	True	https://doi.org/10.3389/fpubh.2025.1716498	SeqAfrica: empowering Africa's fight against antimicrobial r	False	False	False	covered	64	abstained		64	0	0	64	none	FILLED	whole_field	tail50_99	FILLED	already closed
PRJEB7967	country	tail50_99	False	PMC4513082	europepmc_fulltext	True	True	https://doi.org/10.1128/mbio.00630-15	Mapping the Evolution of Hypervirulent Klebsiella pneumoniae	False	False	False	residual_per_sample	69	abstained		0	0	0	69	generated	BLOCKED	needs_linkage	tail50_99	ACCEPTED	table has no ENA-mappable key (unanchored) or no per-isolate table exists
PRJEB7967	collection_date	tail50_99	False	PMC4513082	europepmc_fulltext	True	True	https://doi.org/10.1128/mbio.00630-15	Mapping the Evolution of Hypervirulent Klebsiella pneumoniae	False	False	False	residual_per_sample	69	abstained		0	0	0	69	generated	BLOCKED	needs_linkage	tail50_99	ACCEPTED	table has no ENA-mappable key (unanchored) or no per-isolate table exists
PRJEB7967	isolation_source	tail50_99	False	PMC4513082	europepmc_fulltext	True	True	https://doi.org/10.1128/mbio.00630-15	Mapping the Evolution of Hypervirulent Klebsiella pneumoniae	False	False	False	residual_per_sample	69	abstained		0	0	0	69	generated	BLOCKED	needs_linkage	tail50_99	ACCEPTED	table has no ENA-mappable key (unanchored) or no per-isolate table exists
PRJEB7967	host	tail50_99	False	PMC4513082	europepmc_fulltext	True	True	https://doi.org/10.1128/mbio.00630-15	Mapping the Evolution of Hypervirulent Klebsiella pneumoniae	False	False	False	covered	69	abstained		69	0	0	69	none	FILLED	whole_field	tail50_99	FILLED	already closed
PRJEB8265	country	tail50_99	False	PMC11489765	europepmc_fulltext	True	True	https://doi.org/10.1038/s41467-024-53391-2	Molecular mechanisms of re-emerging chloramphenicol suscepti	False	False	False	covered	91	abstained		91	0	0	91	none	FILLED	whole_field	tail50_99	FILLED	already closed
PRJEB8265	collection_date	tail50_99	False	PMC11489765	europepmc_fulltext	True	True	https://doi.org/10.1038/s41467-024-53391-2	Molecular mechanisms of re-emerging chloramphenicol suscepti	False	False	False	residual_per_sample	91	abstained		0	0	0	91	generated	BLOCKED	needs_linkage	tail50_99	ACCEPTED	table has no ENA-mappable key (unanchored) or no per-isolate table exists
PRJEB8265	isolation_source	tail50_99	False	PMC11489765	europepmc_fulltext	True	True	https://doi.org/10.1038/s41467-024-53391-2	Molecular mechanisms of re-emerging chloramphenicol suscepti	False	False	False	covered	91	abstained		91	0	0	91	none	FILLED	whole_field	tail50_99	FILLED	already closed
PRJEB8265	host	tail50_99	False	PMC11489765	europepmc_fulltext	True	True	https://doi.org/10.1038/s41467-024-53391-2	Molecular mechanisms of re-emerging chloramphenicol suscepti	False	False	False	covered	91	abstained		91	0	0	91	none	FILLED	whole_field	tail50_99	FILLED	already closed
PRJEB9325	country	tail50_99	False	PMC8549359	europepmc_fulltext	True	True	https://doi.org/10.1099/mgen.0.000613	Genomic insights into the diversity, virulence and resistanc	False	False	False	covered	93	direct		93	0	0	93	none	FILLED	whole_field	tail50_99	FILLED	already closed
PRJEB9325	collection_date	tail50_99	False	PMC8549359	europepmc_fulltext	True	True	https://doi.org/10.1099/mgen.0.000613	Genomic insights into the diversity, virulence and resistanc	False	False	False	covered	93	direct		0	70	0	23	none	FILLED	whole_field	tail50_99	FILLED	already closed
PRJEB9325	isolation_source	tail50_99	False	PMC8549359	europepmc_fulltext	True	True	https://doi.org/10.1099/mgen.0.000613	Genomic insights into the diversity, virulence and resistanc	False	False	False	covered	93	direct		0	70	0	23	none	FILLED	whole_field	tail50_99	FILLED	already closed
PRJEB9325	host	tail50_99	False	PMC8549359	europepmc_fulltext	True	True	https://doi.org/10.1099/mgen.0.000613	Genomic insights into the diversity, virulence and resistanc	False	False	False	covered	93	direct		93	0	0	93	none	FILLED	whole_field	tail50_99	FILLED	already closed
PRJNA1004324	country	tail50_99	True		none	False	False			False	False	False	not_gated	0			0	0	0	0	none	FILLED	not_gated	tail50_99	FILLED	already closed
PRJNA1004324	collection_date	tail50_99	True		none	False	False			False	False	False	not_gated	0			0	0	0	0	none	FILLED	not_gated	tail50_99	FILLED	already closed
PRJNA1004324	isolation_source	tail50_99	True		none	False	False			False	False	False	not_gated	0			0	0	0	0	none	FILLED	not_gated	tail50_99	FILLED	already closed
PRJNA1004324	host	tail50_99	True		none	False	False			False	False	False	not_gated	0			0	0	0	0	none	FILLED	not_gated	tail50_99	FILLED	already closed
PRJNA1026096	country	tail50_99	True		none	False	False			False	False	False	not_gated	0	NO_PMCID		0	0	0	0	none	FILLED	not_gated	tail50_99	FILLED	already closed
PRJNA1026096	collection_date	tail50_99	True		none	False	False			False	False	False	not_gated	0	NO_PMCID		0	0	0	0	none	FILLED	not_gated	tail50_99	FILLED	already closed
PRJNA1026096	isolation_source	tail50_99	True		none	False	False			False	False	False	residual_per_sample	88	NO_PMCID	NO_PMCID	0	0	0	88	generated	EXHAUSTED	no_paper_findable	tail50_99	EXHAUSTED	already closed
PRJNA1026096	host	tail50_99	True		none	False	False			False	False	False	not_gated	0	NO_PMCID		0	0	0	0	none	FILLED	not_gated	tail50_99	FILLED	already closed
PRJNA1050414	country	tail50_99	False	PMC11784837	europepmc_fulltext	True	True	https://doi.org/10.1126/sciadv.ado9097	The pivotal role of IncFIB(Mar) plasmid in the emergence and	False	False	False	not_gated	0	abstained		0	0	0	0	none	FILLED	not_gated	tail50_99	FILLED	already closed
PRJNA1050414	collection_date	tail50_99	False	PMC11784837	europepmc_fulltext	True	True	https://doi.org/10.1126/sciadv.ado9097	The pivotal role of IncFIB(Mar) plasmid in the emergence and	False	False	False	not_gated	0	abstained		0	0	0	0	none	FILLED	not_gated	tail50_99	FILLED	already closed
PRJNA1050414	isolation_source	tail50_99	False	PMC11784837	europepmc_fulltext	True	True	https://doi.org/10.1126/sciadv.ado9097	The pivotal role of IncFIB(Mar) plasmid in the emergence and	False	False	False	residual_per_sample	72	abstained		0	0	0	72	generated	BLOCKED	needs_linkage	tail50_99	ACCEPTED	table has no ENA-mappable key (unanchored) or no per-isolate table exists
PRJNA1050414	host	tail50_99	False	PMC11784837	europepmc_fulltext	True	True	https://doi.org/10.1126/sciadv.ado9097	The pivotal role of IncFIB(Mar) plasmid in the emergence and	False	False	False	not_gated	0	abstained		0	0	0	0	none	FILLED	not_gated	tail50_99	FILLED	already closed
PRJNA1061342	country	tail50_99	False		local_pdf	True	True	https://doi.org/10.1016/j.drup.2024.101083	Expansion and transmission dynamics of high risk carbapenem-	True	True	False	not_gated	0	NO_PMCID		0	0	0	0	none	FILLED	not_gated	tail50_99	FILLED	already closed
PRJNA1061342	collection_date	tail50_99	False		local_pdf	True	True	https://doi.org/10.1016/j.drup.2024.101083	Expansion and transmission dynamics of high risk carbapenem-	True	True	False	not_gated	0	NO_PMCID		0	0	0	0	none	FILLED	not_gated	tail50_99	FILLED	already closed
PRJNA1061342	isolation_source	tail50_99	False		local_pdf	True	True	https://doi.org/10.1016/j.drup.2024.101083	Expansion and transmission dynamics of high risk carbapenem-	True	True	False	residual_per_sample	71	NO_PMCID	NO_PMCID	0	0	0	71	generated	ACTIONABLE	fetch_supp_table	tail50_99	ACCEPTED	requested supplement not in folder — unavailable (all fetchable fetched)
PRJNA1061342	host	tail50_99	False		local_pdf	True	True	https://doi.org/10.1016/j.drup.2024.101083	Expansion and transmission dynamics of high risk carbapenem-	True	True	False	not_gated	0	NO_PMCID		0	0	0	0	none	FILLED	not_gated	tail50_99	FILLED	already closed
PRJNA1095184	country	tail50_99	True		none	False	False			False	False	False	not_gated	0	NO_PMCID		0	0	0	0	none	FILLED	not_gated	tail50_99	FILLED	already closed
PRJNA1095184	collection_date	tail50_99	True		none	False	False			False	False	False	not_gated	0	NO_PMCID		0	0	0	0	none	FILLED	not_gated	tail50_99	FILLED	already closed
PRJNA1095184	isolation_source	tail50_99	True		none	False	False			False	False	False	covered	78	NO_PMCID		78	0	0	78	none	FILLED	whole_field	tail50_99	FILLED	already closed
PRJNA1095184	host	tail50_99	True		none	False	False			False	False	False	not_gated	0	NO_PMCID		0	0	0	0	none	FILLED	not_gated	tail50_99	FILLED	already closed
PRJNA1135353	country	tail50_99	False	PMC11893277	europepmc_fulltext	True	True	https://doi.org/10.1099/mgen.0.001337	Ecological insights into the microbiology of food using meta	False	False	False	not_gated	0	abstained		0	0	0	0	none	FILLED	not_gated	tail50_99	FILLED	already closed
PRJNA1135353	collection_date	tail50_99	False	PMC11893277	europepmc_fulltext	True	True	https://doi.org/10.1099/mgen.0.001337	Ecological insights into the microbiology of food using meta	False	False	False	not_gated	0	abstained		0	0	0	0	none	FILLED	not_gated	tail50_99	FILLED	already closed
PRJNA1135353	isolation_source	tail50_99	False	PMC11893277	europepmc_fulltext	True	True	https://doi.org/10.1099/mgen.0.001337	Ecological insights into the microbiology of food using meta	False	False	False	not_gated	0	abstained		0	0	0	0	none	FILLED	not_gated	tail50_99	FILLED	already closed
PRJNA1135353	host	tail50_99	False	PMC11893277	europepmc_fulltext	True	True	https://doi.org/10.1099/mgen.0.001337	Ecological insights into the microbiology of food using meta	False	False	False	covered	55	abstained		55	0	0	55	none	FILLED	whole_field	tail50_99	FILLED	already closed
PRJNA231221	country	tail50_99	False	PMC6658474	europepmc_fulltext	True	True	https://doi.org/10.1038/s41467-019-11306-6	FDA-ARGOS is a database with public quality-controlled refer	False	False	False	not_gated	0	abstained		0	0	0	0	none	FILLED	not_gated	tail50_99	FILLED	already closed
PRJNA231221	collection_date	tail50_99	False	PMC6658474	europepmc_fulltext	True	True	https://doi.org/10.1038/s41467-019-11306-6	FDA-ARGOS is a database with public quality-controlled refer	False	False	False	residual_per_sample	51	abstained		0	0	0	51	generated	BLOCKED	needs_linkage	tail50_99	ACCEPTED	table has no ENA-mappable key (unanchored) or no per-isolate table exists
PRJNA231221	isolation_source	tail50_99	False	PMC6658474	europepmc_fulltext	True	True	https://doi.org/10.1038/s41467-019-11306-6	FDA-ARGOS is a database with public quality-controlled refer	False	False	False	residual_per_sample	37	abstained		0	0	0	37	none	BLOCKED	needs_linkage	tail50_99	ACCEPTED	table has no ENA-mappable key (unanchored) or no per-isolate table exists
PRJNA231221	host	tail50_99	False	PMC6658474	europepmc_fulltext	True	True	https://doi.org/10.1038/s41467-019-11306-6	FDA-ARGOS is a database with public quality-controlled refer	False	False	False	not_gated	0	abstained		0	0	0	0	none	FILLED	not_gated	tail50_99	FILLED	already closed
PRJNA237670	country	tail50_99	False	PMC3977278	pdf	True	True	https://doi.org/10.1073/pnas.1321364111	Molecular dissection of the evolution of carbapenem-resistan	False	False	False	not_gated	0	abstained		0	0	0	0	none	FILLED	not_gated	tail50_99	FILLED	already closed
PRJNA237670	collection_date	tail50_99	False	PMC3977278	pdf	True	True	https://doi.org/10.1073/pnas.1321364111	Molecular dissection of the evolution of carbapenem-resistan	False	False	False	not_gated	0	abstained		0	0	0	0	none	FILLED	not_gated	tail50_99	FILLED	already closed
PRJNA237670	isolation_source	tail50_99	False	PMC3977278	pdf	True	True	https://doi.org/10.1073/pnas.1321364111	Molecular dissection of the evolution of carbapenem-resistan	False	False	False	residual_per_sample	51	abstained	no_supp	0	0	0	51	generated	ACTIONABLE	fetch_supp_table	tail50_99	ACCEPTED	requested supplement not in folder — unavailable (all fetchable fetched)
PRJNA237670	host	tail50_99	False	PMC3977278	pdf	True	True	https://doi.org/10.1073/pnas.1321364111	Molecular dissection of the evolution of carbapenem-resistan	False	False	False	not_gated	0	abstained		0	0	0	0	none	FILLED	not_gated	tail50_99	FILLED	already closed
PRJNA253300	country	tail50_99	False	PMC4249533	europepmc_fulltext	True	True	https://doi.org/10.1128/aac.03900-14	Genome sequencing of an extended series of NDM-producing Kle	False	False	False	not_gated	0			0	0	0	0	none	FILLED	not_gated	tail50_99	FILLED	already closed
PRJNA253300	collection_date	tail50_99	False	PMC4249533	europepmc_fulltext	True	True	https://doi.org/10.1128/aac.03900-14	Genome sequencing of an extended series of NDM-producing Kle	False	False	False	not_gated	0			0	0	0	0	none	FILLED	not_gated	tail50_99	FILLED	already closed
PRJNA253300	isolation_source	tail50_99	False	PMC4249533	europepmc_fulltext	True	True	https://doi.org/10.1128/aac.03900-14	Genome sequencing of an extended series of NDM-producing Kle	False	False	False	not_gated	0			0	0	0	0	none	FILLED	not_gated	tail50_99	FILLED	already closed
PRJNA253300	host	tail50_99	False	PMC4249533	europepmc_fulltext	True	True	https://doi.org/10.1128/aac.03900-14	Genome sequencing of an extended series of NDM-producing Kle	False	False	False	not_gated	0			0	0	0	0	none	FILLED	not_gated	tail50_99	FILLED	already closed
PRJNA259658	country	tail50_99	False	PMC5156309	europepmc_fulltext	True	True	https://doi.org/10.1128/mbio.02093-16	Comprehensive Genome Analysis of Carbapenemase-Producing Ent	False	False	False	not_gated	0	abstained		0	0	0	0	none	FILLED	not_gated	tail50_99	FILLED	already closed
PRJNA259658	collection_date	tail50_99	False	PMC5156309	europepmc_fulltext	True	True	https://doi.org/10.1128/mbio.02093-16	Comprehensive Genome Analysis of Carbapenemase-Producing Ent	False	False	False	not_gated	0	abstained		0	0	0	0	none	FILLED	not_gated	tail50_99	FILLED	already closed
PRJNA259658	isolation_source	tail50_99	False	PMC5156309	europepmc_fulltext	True	True	https://doi.org/10.1128/mbio.02093-16	Comprehensive Genome Analysis of Carbapenemase-Producing Ent	False	False	False	residual_per_sample	69	abstained		0	0	0	69	generated	BLOCKED	needs_linkage	tail50_99	ACCEPTED	table has no ENA-mappable key (unanchored) or no per-isolate table exists
PRJNA259658	host	tail50_99	False	PMC5156309	europepmc_fulltext	True	True	https://doi.org/10.1128/mbio.02093-16	Comprehensive Genome Analysis of Carbapenemase-Producing Ent	False	False	False	not_gated	0	abstained		0	0	0	0	none	FILLED	not_gated	tail50_99	FILLED	already closed
PRJNA289272	country	tail50_99	False	PMC4551003	europepmc_fulltext	True	True	https://doi.org/10.1093/cid/civ428	Intermingled Klebsiella pneumoniae Populations Between Retai	False	False	False	not_gated	0	abstained		0	0	0	0	none	FILLED	not_gated	tail50_99	FILLED	already closed
PRJNA289272	collection_date	tail50_99	False	PMC4551003	europepmc_fulltext	True	True	https://doi.org/10.1093/cid/civ428	Intermingled Klebsiella pneumoniae Populations Between Retai	False	False	False	not_gated	0	abstained		0	0	0	0	none	FILLED	not_gated	tail50_99	FILLED	already closed
PRJNA289272	isolation_source	tail50_99	False	PMC4551003	europepmc_fulltext	True	True	https://doi.org/10.1093/cid/civ428	Intermingled Klebsiella pneumoniae Populations Between Retai	False	False	False	not_gated	0	abstained		0	0	0	0	none	FILLED	not_gated	tail50_99	FILLED	already closed
PRJNA289272	host	tail50_99	False	PMC4551003	europepmc_fulltext	True	True	https://doi.org/10.1093/cid/civ428	Intermingled Klebsiella pneumoniae Populations Between Retai	False	False	False	residual_per_sample	44	abstained	abstained_other	0	0	0	44	none	EXHAUSTED	abstained_other	tail50_99	EXHAUSTED	already closed
PRJNA329105	country	tail50_99	True		none	False	False			False	False	False	not_gated	0	NO_PMCID		0	0	0	0	none	FILLED	not_gated	tail50_99	FILLED	already closed
PRJNA329105	collection_date	tail50_99	True		none	False	False			False	False	False	not_gated	0	NO_PMCID		0	0	0	0	none	FILLED	not_gated	tail50_99	FILLED	already closed
PRJNA329105	isolation_source	tail50_99	True		none	False	False			False	False	False	residual_per_sample	57	NO_PMCID	NO_PMCID	0	0	0	57	generated	EXHAUSTED	no_paper_findable	tail50_99	EXHAUSTED	already closed
PRJNA329105	host	tail50_99	True		none	False	False			False	False	False	not_gated	0	NO_PMCID		0	0	0	0	none	FILLED	not_gated	tail50_99	FILLED	already closed
PRJNA342893	country	tail50_99	False		local_pdf	True	True	https://doi.org/10.1093/cid/cix113	Clinical and Molecular Epidemiology of Carbapenem-Resistant 	True	True	False	not_gated	0	NO_PMCID		0	0	0	0	none	FILLED	not_gated	tail50_99	FILLED	already closed
PRJNA342893	collection_date	tail50_99	False		local_pdf	True	True	https://doi.org/10.1093/cid/cix113	Clinical and Molecular Epidemiology of Carbapenem-Resistant 	True	True	False	not_gated	0	NO_PMCID		0	0	0	0	none	FILLED	not_gated	tail50_99	FILLED	already closed
PRJNA342893	isolation_source	tail50_99	False		local_pdf	True	True	https://doi.org/10.1093/cid/cix113	Clinical and Molecular Epidemiology of Carbapenem-Resistant 	True	True	False	residual_per_sample	80	NO_PMCID	NO_PMCID	0	0	0	80	generated	EXHAUSTED	paper_has_no_table	tail50_99	EXHAUSTED	already closed
PRJNA342893	host	tail50_99	False		local_pdf	True	True	https://doi.org/10.1093/cid/cix113	Clinical and Molecular Epidemiology of Carbapenem-Resistant 	True	True	False	not_gated	0	NO_PMCID		0	0	0	0	none	FILLED	not_gated	tail50_99	FILLED	already closed
PRJNA351846	country	tail50_99	False	PMC6416368	europepmc_fulltext	True	True	https://doi.org/10.1128/msphere.00685-18	Emergence of New Delhi Metallo-β-Lactamase (NDM-5) in <i>Kle	False	False	False	not_gated	0			0	0	0	0	none	FILLED	not_gated	tail50_99	FILLED	already closed
PRJNA351846	collection_date	tail50_99	False	PMC6416368	europepmc_fulltext	True	True	https://doi.org/10.1128/msphere.00685-18	Emergence of New Delhi Metallo-β-Lactamase (NDM-5) in <i>Kle	False	False	False	not_gated	0			0	0	0	0	none	FILLED	not_gated	tail50_99	FILLED	already closed
PRJNA351846	isolation_source	tail50_99	False	PMC6416368	europepmc_fulltext	True	True	https://doi.org/10.1128/msphere.00685-18	Emergence of New Delhi Metallo-β-Lactamase (NDM-5) in <i>Kle	False	False	False	not_gated	0			0	0	0	0	none	FILLED	not_gated	tail50_99	FILLED	already closed
PRJNA351846	host	tail50_99	False	PMC6416368	europepmc_fulltext	True	True	https://doi.org/10.1128/msphere.00685-18	Emergence of New Delhi Metallo-β-Lactamase (NDM-5) in <i>Kle	False	False	False	not_gated	0			0	0	0	0	none	FILLED	not_gated	tail50_99	FILLED	already closed
PRJNA355241	country	tail50_99	False	PMC6811406	abstract	False	False	https://doi.org/10.1128/aac.01622-19	Whole-Genome Sequencing To Identify Drivers of Carbapenem-Re	False	False	False	not_gated	0			0	0	0	0	none	FILLED	not_gated	tail50_99	FILLED	already closed
PRJNA355241	collection_date	tail50_99	False	PMC6811406	abstract	False	False	https://doi.org/10.1128/aac.01622-19	Whole-Genome Sequencing To Identify Drivers of Carbapenem-Re	False	False	False	not_gated	0			0	0	0	0	none	FILLED	not_gated	tail50_99	FILLED	already closed
PRJNA355241	isolation_source	tail50_99	False	PMC6811406	abstract	False	False	https://doi.org/10.1128/aac.01622-19	Whole-Genome Sequencing To Identify Drivers of Carbapenem-Re	False	False	False	not_gated	0			0	0	0	0	none	FILLED	not_gated	tail50_99	FILLED	already closed
PRJNA355241	host	tail50_99	False	PMC6811406	abstract	False	False	https://doi.org/10.1128/aac.01622-19	Whole-Genome Sequencing To Identify Drivers of Carbapenem-Re	False	False	False	not_gated	0			0	0	0	0	none	FILLED	not_gated	tail50_99	FILLED	already closed
PRJNA389557	country	tail50_99	False	PMC7859894	europepmc_fulltext	True	True	https://doi.org/10.1186/s12879-021-05790-9	Genomic and clinical characterisation of multidrug-resistant	False	False	False	not_gated	0			0	0	0	0	none	FILLED	not_gated	tail50_99	FILLED	already closed
PRJNA389557	collection_date	tail50_99	False	PMC7859894	europepmc_fulltext	True	True	https://doi.org/10.1186/s12879-021-05790-9	Genomic and clinical characterisation of multidrug-resistant	False	False	False	not_gated	0			0	0	0	0	none	FILLED	not_gated	tail50_99	FILLED	already closed
PRJNA389557	isolation_source	tail50_99	False	PMC7859894	europepmc_fulltext	True	True	https://doi.org/10.1186/s12879-021-05790-9	Genomic and clinical characterisation of multidrug-resistant	False	False	False	not_gated	0			0	0	0	0	none	FILLED	not_gated	tail50_99	FILLED	already closed
PRJNA389557	host	tail50_99	False	PMC7859894	europepmc_fulltext	True	True	https://doi.org/10.1186/s12879-021-05790-9	Genomic and clinical characterisation of multidrug-resistant	False	False	False	not_gated	0			0	0	0	0	none	FILLED	not_gated	tail50_99	FILLED	already closed
PRJNA395864	country	tail50_99	False	PMC5996243	europepmc_fulltext	True	True	https://doi.org/10.3389/fmicb.2018.01197	Transmission Dynamics of Hyper-Endemic Multi-Drug Resistant 	False	False	False	not_gated	0			0	0	0	0	none	FILLED	not_gated	tail50_99	FILLED	already closed
PRJNA395864	collection_date	tail50_99	False	PMC5996243	europepmc_fulltext	True	True	https://doi.org/10.3389/fmicb.2018.01197	Transmission Dynamics of Hyper-Endemic Multi-Drug Resistant 	False	False	False	not_gated	0			0	0	0	0	none	FILLED	not_gated	tail50_99	FILLED	already closed
PRJNA395864	isolation_source	tail50_99	False	PMC5996243	europepmc_fulltext	True	True	https://doi.org/10.3389/fmicb.2018.01197	Transmission Dynamics of Hyper-Endemic Multi-Drug Resistant 	False	False	False	not_gated	0			0	0	0	0	none	FILLED	not_gated	tail50_99	FILLED	already closed
PRJNA395864	host	tail50_99	False	PMC5996243	europepmc_fulltext	True	True	https://doi.org/10.3389/fmicb.2018.01197	Transmission Dynamics of Hyper-Endemic Multi-Drug Resistant 	False	False	False	not_gated	0			0	0	0	0	none	FILLED	not_gated	tail50_99	FILLED	already closed
PRJNA413040	country	tail50_99	True		none	False	False			False	False	False	not_gated	0			0	0	0	0	none	FILLED	not_gated	tail50_99	FILLED	already closed
PRJNA413040	collection_date	tail50_99	True		none	False	False			False	False	False	not_gated	0			0	0	0	0	none	FILLED	not_gated	tail50_99	FILLED	already closed
PRJNA413040	isolation_source	tail50_99	True		none	False	False			False	False	False	not_gated	0			0	0	0	0	none	FILLED	not_gated	tail50_99	FILLED	already closed
PRJNA413040	host	tail50_99	True		none	False	False			False	False	False	not_gated	0			0	0	0	0	none	FILLED	not_gated	tail50_99	FILLED	already closed
PRJNA415530	country	tail50_99	False	PMC6376851	pdf	True	True	https://doi.org/10.1093/jac/dky458	Octapeptin C4 and polymyxin resistance occur via distinct pa	False	False	False	not_gated	0	abstained		0	0	0	0	none	FILLED	not_gated	tail50_99	FILLED	already closed
PRJNA415530	collection_date	tail50_99	False	PMC6376851	pdf	True	True	https://doi.org/10.1093/jac/dky458	Octapeptin C4 and polymyxin resistance occur via distinct pa	False	False	False	not_gated	0	abstained		0	0	0	0	none	FILLED	not_gated	tail50_99	FILLED	already closed
PRJNA415530	isolation_source	tail50_99	False	PMC6376851	pdf	True	True	https://doi.org/10.1093/jac/dky458	Octapeptin C4 and polymyxin resistance occur via distinct pa	False	False	False	residual_per_sample	48	abstained	no_supp	0	0	0	48	none	EXHAUSTED	paper_has_no_table	tail50_99	EXHAUSTED	already closed
PRJNA415530	host	tail50_99	False	PMC6376851	pdf	True	True	https://doi.org/10.1093/jac/dky458	Octapeptin C4 and polymyxin resistance occur via distinct pa	False	False	False	residual_per_sample	48	abstained	no_supp	0	0	0	48	none	EXHAUSTED	paper_has_no_table	tail50_99	EXHAUSTED	already closed
PRJNA445400	country	tail50_99	True		none	False	False			False	False	False	not_gated	0			0	0	0	0	none	FILLED	not_gated	tail50_99	FILLED	already closed
PRJNA445400	collection_date	tail50_99	True		none	False	False			False	False	False	not_gated	0			0	0	0	0	none	FILLED	not_gated	tail50_99	FILLED	already closed
PRJNA445400	isolation_source	tail50_99	True		none	False	False			False	False	False	not_gated	0			0	0	0	0	none	FILLED	not_gated	tail50_99	FILLED	already closed
PRJNA445400	host	tail50_99	True		none	False	False			False	False	False	not_gated	0			0	0	0	0	none	FILLED	not_gated	tail50_99	FILLED	already closed
PRJNA479772	country	tail50_99	False	PMC5365653	abstract	False	False	https://doi.org/10.1128/aac.02349-16	Multicenter Clinical and Molecular Epidemiological Analysis 	False	False	False	not_gated	0			0	0	0	0	none	FILLED	not_gated	tail50_99	FILLED	already closed
PRJNA479772	collection_date	tail50_99	False	PMC5365653	abstract	False	False	https://doi.org/10.1128/aac.02349-16	Multicenter Clinical and Molecular Epidemiological Analysis 	False	False	False	not_gated	0			0	0	0	0	none	FILLED	not_gated	tail50_99	FILLED	already closed
PRJNA479772	isolation_source	tail50_99	False	PMC5365653	abstract	False	False	https://doi.org/10.1128/aac.02349-16	Multicenter Clinical and Molecular Epidemiological Analysis 	False	False	False	not_gated	0			0	0	0	0	none	FILLED	not_gated	tail50_99	FILLED	already closed
PRJNA479772	host	tail50_99	False	PMC5365653	abstract	False	False	https://doi.org/10.1128/aac.02349-16	Multicenter Clinical and Molecular Epidemiological Analysis 	False	False	False	not_gated	0			0	0	0	0	none	FILLED	not_gated	tail50_99	FILLED	already closed
PRJNA488070	country	tail50_99	False	PMC6433043	europepmc_fulltext	True	True	https://doi.org/10.3201/eid2504.181482	Klebsiella pneumoniae ST307 with bla<sub>OXA-181,</sub> Sout	False	False	False	covered	86	abstained		86	0	0	86	none	FILLED	whole_field	tail50_99	FILLED	already closed
PRJNA488070	collection_date	tail50_99	False	PMC6433043	europepmc_fulltext	True	True	https://doi.org/10.3201/eid2504.181482	Klebsiella pneumoniae ST307 with bla<sub>OXA-181,</sub> Sout	False	False	False	residual_per_sample	86	abstained	no_supp	0	0	0	86	generated	EXHAUSTED	no_supp	tail50_99	EXHAUSTED	already closed
PRJNA488070	isolation_source	tail50_99	False	PMC6433043	europepmc_fulltext	True	True	https://doi.org/10.3201/eid2504.181482	Klebsiella pneumoniae ST307 with bla<sub>OXA-181,</sub> Sout	False	False	False	residual_per_sample	86	abstained	no_supp	0	0	0	86	generated	EXHAUSTED	no_supp	tail50_99	EXHAUSTED	already closed
PRJNA488070	host	tail50_99	False	PMC6433043	europepmc_fulltext	True	True	https://doi.org/10.3201/eid2504.181482	Klebsiella pneumoniae ST307 with bla<sub>OXA-181,</sub> Sout	False	False	False	covered	86	abstained		86	0	0	86	none	FILLED	whole_field	tail50_99	FILLED	already closed
PRJNA561493	country	tail50_99	True		none	False	False			False	False	False	not_gated	0			0	0	0	0	none	FILLED	not_gated	tail50_99	FILLED	already closed
PRJNA561493	collection_date	tail50_99	True		none	False	False			False	False	False	not_gated	0			0	0	0	0	none	FILLED	not_gated	tail50_99	FILLED	already closed
PRJNA561493	isolation_source	tail50_99	True		none	False	False			False	False	False	not_gated	0			0	0	0	0	none	FILLED	not_gated	tail50_99	FILLED	already closed
PRJNA561493	host	tail50_99	True		none	False	False			False	False	False	not_gated	0			0	0	0	0	none	FILLED	not_gated	tail50_99	FILLED	already closed
PRJNA591480	country	tail50_99	False	PMC7761178	europepmc_fulltext	True	True	https://doi.org/10.3390/microorganisms8121909	Antibiotic Sensitivity Screening of <i>Klebsiella</i> spp. a	False	False	False	not_gated	0	abstained		0	0	0	0	none	FILLED	not_gated	tail50_99	FILLED	already closed
PRJNA591480	collection_date	tail50_99	False	PMC7761178	europepmc_fulltext	True	True	https://doi.org/10.3390/microorganisms8121909	Antibiotic Sensitivity Screening of <i>Klebsiella</i> spp. a	False	False	False	not_gated	0	abstained		0	0	0	0	none	FILLED	not_gated	tail50_99	FILLED	already closed
PRJNA591480	isolation_source	tail50_99	False	PMC7761178	europepmc_fulltext	True	True	https://doi.org/10.3390/microorganisms8121909	Antibiotic Sensitivity Screening of <i>Klebsiella</i> spp. a	False	False	False	not_gated	0	abstained		0	0	0	0	none	FILLED	not_gated	tail50_99	FILLED	already closed
PRJNA591480	host	tail50_99	False	PMC7761178	europepmc_fulltext	True	True	https://doi.org/10.3390/microorganisms8121909	Antibiotic Sensitivity Screening of <i>Klebsiella</i> spp. a	False	False	False	covered	98	abstained		98	0	0	98	none	FILLED	whole_field	tail50_99	FILLED	already closed
PRJNA592157	country	tail50_99	False	PMC7395672	europepmc_fulltext	True	True	https://doi.org/10.1093/ofid/ofaa266	Whole Genome Sequencing of Peruvian <i>Klebsiella pneumoniae	False	False	False	covered	58	abstained		58	0	0	58	none	FILLED	whole_field	tail50_99	FILLED	already closed
PRJNA592157	collection_date	tail50_99	False	PMC7395672	europepmc_fulltext	True	True	https://doi.org/10.1093/ofid/ofaa266	Whole Genome Sequencing of Peruvian <i>Klebsiella pneumoniae	False	False	False	covered	58	abstained		58	0	0	58	none	FILLED	whole_field	tail50_99	FILLED	already closed
PRJNA592157	isolation_source	tail50_99	False	PMC7395672	europepmc_fulltext	True	True	https://doi.org/10.1093/ofid/ofaa266	Whole Genome Sequencing of Peruvian <i>Klebsiella pneumoniae	False	False	False	residual_per_sample	58	abstained	no_supp	0	0	0	58	generated	EXHAUSTED	paper_has_no_table	tail50_99	EXHAUSTED	already closed
PRJNA592157	host	tail50_99	False	PMC7395672	europepmc_fulltext	True	True	https://doi.org/10.1093/ofid/ofaa266	Whole Genome Sequencing of Peruvian <i>Klebsiella pneumoniae	False	False	False	not_gated	0	abstained		0	0	0	0	none	FILLED	not_gated	tail50_99	FILLED	already closed
PRJNA595034	country	tail50_99	True		none	False	False			False	False	False	not_gated	0			0	0	0	0	none	FILLED	not_gated	tail50_99	FILLED	already closed
PRJNA595034	collection_date	tail50_99	True		none	False	False			False	False	False	not_gated	0			0	0	0	0	none	FILLED	not_gated	tail50_99	FILLED	already closed
PRJNA595034	isolation_source	tail50_99	True		none	False	False			False	False	False	not_gated	0			0	0	0	0	none	FILLED	not_gated	tail50_99	FILLED	already closed
PRJNA595034	host	tail50_99	True		none	False	False			False	False	False	not_gated	0			0	0	0	0	none	FILLED	not_gated	tail50_99	FILLED	already closed
PRJNA599387	country	tail50_99	False	PMC7686840	europepmc_fulltext	True	True	https://doi.org/10.3389/fmicb.2020.581711	Molecular Characterization of Extended-Spectrum β-Lactamase-	False	False	False	not_gated	0			0	0	0	0	none	FILLED	not_gated	tail50_99	FILLED	already closed
PRJNA599387	collection_date	tail50_99	False	PMC7686840	europepmc_fulltext	True	True	https://doi.org/10.3389/fmicb.2020.581711	Molecular Characterization of Extended-Spectrum β-Lactamase-	False	False	False	not_gated	0			0	0	0	0	none	FILLED	not_gated	tail50_99	FILLED	already closed
PRJNA599387	isolation_source	tail50_99	False	PMC7686840	europepmc_fulltext	True	True	https://doi.org/10.3389/fmicb.2020.581711	Molecular Characterization of Extended-Spectrum β-Lactamase-	False	False	False	not_gated	0			0	0	0	0	none	FILLED	not_gated	tail50_99	FILLED	already closed
PRJNA599387	host	tail50_99	False	PMC7686840	europepmc_fulltext	True	True	https://doi.org/10.3389/fmicb.2020.581711	Molecular Characterization of Extended-Spectrum β-Lactamase-	False	False	False	not_gated	0			0	0	0	0	none	FILLED	not_gated	tail50_99	FILLED	already closed
PRJNA605147	country	tail50_99	False	PMC8034854	europepmc_fulltext	True	True	https://doi.org/10.1126/sciadv.abe3868	Niche and local geography shape the pangenome of wastewater-	False	False	True	not_gated	0	direct		0	0	0	0	none	FILLED	not_gated	tail50_99	FILLED	already closed
PRJNA605147	collection_date	tail50_99	False	PMC8034854	europepmc_fulltext	True	True	https://doi.org/10.1126/sciadv.abe3868	Niche and local geography shape the pangenome of wastewater-	False	False	True	not_gated	0	direct		0	0	0	0	none	FILLED	not_gated	tail50_99	FILLED	already closed
PRJNA605147	isolation_source	tail50_99	False	PMC8034854	europepmc_fulltext	True	True	https://doi.org/10.1126/sciadv.abe3868	Niche and local geography shape the pangenome of wastewater-	False	False	True	not_gated	0	direct		0	0	0	0	none	FILLED	not_gated	tail50_99	FILLED	already closed
PRJNA605147	host	tail50_99	False	PMC8034854	europepmc_fulltext	True	True	https://doi.org/10.1126/sciadv.abe3868	Niche and local geography shape the pangenome of wastewater-	False	False	True	covered	84	direct		0	76	0	8	none	FILLED	whole_field	tail50_99	FILLED	already closed
PRJNA641536	country	tail50_99	True		none	False	False			False	False	False	not_gated	0			0	0	0	0	none	FILLED	not_gated	tail50_99	FILLED	already closed
PRJNA641536	collection_date	tail50_99	True		none	False	False			False	False	False	not_gated	0			0	0	0	0	none	FILLED	not_gated	tail50_99	FILLED	already closed
PRJNA641536	isolation_source	tail50_99	True		none	False	False			False	False	False	not_gated	0			0	0	0	0	none	FILLED	not_gated	tail50_99	FILLED	already closed
PRJNA641536	host	tail50_99	True		none	False	False			False	False	False	not_gated	0			0	0	0	0	none	FILLED	not_gated	tail50_99	FILLED	already closed
PRJNA643814	country	tail50_99	False		local_pdf	True	True	https://doi.org/10.2807/1560-7917.ES.2020.25.7.2000080	Prolonged outbreak of New Delhi metallo-beta-lactamase-produ	True	True	False	covered	48	NO_PMCID		48	0	0	48	none	FILLED	whole_field	tail50_99	FILLED	already closed
PRJNA643814	collection_date	tail50_99	False		local_pdf	True	True	https://doi.org/10.2807/1560-7917.ES.2020.25.7.2000080	Prolonged outbreak of New Delhi metallo-beta-lactamase-produ	True	True	False	covered	48	NO_PMCID		48	0	0	48	none	FILLED	whole_field	tail50_99	FILLED	already closed
PRJNA643814	isolation_source	tail50_99	False		local_pdf	True	True	https://doi.org/10.2807/1560-7917.ES.2020.25.7.2000080	Prolonged outbreak of New Delhi metallo-beta-lactamase-produ	True	True	False	covered	48	NO_PMCID		48	0	0	48	none	FILLED	whole_field	tail50_99	FILLED	already closed
PRJNA643814	host	tail50_99	False		local_pdf	True	True	https://doi.org/10.2807/1560-7917.ES.2020.25.7.2000080	Prolonged outbreak of New Delhi metallo-beta-lactamase-produ	True	True	False	covered	48	NO_PMCID		48	0	0	48	none	FILLED	whole_field	tail50_99	FILLED	already closed
PRJNA663884	country	tail50_99	False	PMC7721676	europepmc_fulltext	True	True	https://doi.org/10.3389/fmicb.2020.581081	Fecal <i>Klebsiella pneumoniae</i> Carriage Is Intermittent 	False	False	False	not_gated	0			0	0	0	0	none	FILLED	not_gated	tail50_99	FILLED	already closed
PRJNA663884	collection_date	tail50_99	False	PMC7721676	europepmc_fulltext	True	True	https://doi.org/10.3389/fmicb.2020.581081	Fecal <i>Klebsiella pneumoniae</i> Carriage Is Intermittent 	False	False	False	not_gated	0			0	0	0	0	none	FILLED	not_gated	tail50_99	FILLED	already closed
PRJNA663884	isolation_source	tail50_99	False	PMC7721676	europepmc_fulltext	True	True	https://doi.org/10.3389/fmicb.2020.581081	Fecal <i>Klebsiella pneumoniae</i> Carriage Is Intermittent 	False	False	False	not_gated	0			0	0	0	0	none	FILLED	not_gated	tail50_99	FILLED	already closed
PRJNA663884	host	tail50_99	False	PMC7721676	europepmc_fulltext	True	True	https://doi.org/10.3389/fmicb.2020.581081	Fecal <i>Klebsiella pneumoniae</i> Carriage Is Intermittent 	False	False	False	not_gated	0			0	0	0	0	none	FILLED	not_gated	tail50_99	FILLED	already closed
PRJNA701073	country	tail50_99	False	PMC9047678	europepmc_fulltext	True	True	https://doi.org/10.1093/jac/dkac045	Oral fosfomycin activity against Klebsiella pneumoniae in a 	False	False	False	not_gated	0	abstained		0	0	0	0	none	FILLED	not_gated	tail50_99	FILLED	already closed
PRJNA701073	collection_date	tail50_99	False	PMC9047678	europepmc_fulltext	True	True	https://doi.org/10.1093/jac/dkac045	Oral fosfomycin activity against Klebsiella pneumoniae in a 	False	False	False	not_gated	0	abstained		0	0	0	0	none	FILLED	not_gated	tail50_99	FILLED	already closed
PRJNA701073	isolation_source	tail50_99	False	PMC9047678	europepmc_fulltext	True	True	https://doi.org/10.1093/jac/dkac045	Oral fosfomycin activity against Klebsiella pneumoniae in a 	False	False	False	covered	50	abstained		50	0	0	50	none	FILLED	whole_field	tail50_99	FILLED	already closed
PRJNA701073	host	tail50_99	False	PMC9047678	europepmc_fulltext	True	True	https://doi.org/10.1093/jac/dkac045	Oral fosfomycin activity against Klebsiella pneumoniae in a 	False	False	False	covered	50	abstained		50	0	0	50	none	FILLED	whole_field	tail50_99	FILLED	already closed
PRJNA736690	country	tail50_99	False	PMC8826793	europepmc_fulltext	True	True	https://doi.org/10.1093/jacamr/dlab197	Activity of cefepime/taniborbactam and comparators against w	False	False	False	not_gated	0			0	0	0	0	none	FILLED	not_gated	tail50_99	FILLED	already closed
PRJNA736690	collection_date	tail50_99	False	PMC8826793	europepmc_fulltext	True	True	https://doi.org/10.1093/jacamr/dlab197	Activity of cefepime/taniborbactam and comparators against w	False	False	False	not_gated	0			0	0	0	0	none	FILLED	not_gated	tail50_99	FILLED	already closed
PRJNA736690	isolation_source	tail50_99	False	PMC8826793	europepmc_fulltext	True	True	https://doi.org/10.1093/jacamr/dlab197	Activity of cefepime/taniborbactam and comparators against w	False	False	False	not_gated	0			0	0	0	0	none	FILLED	not_gated	tail50_99	FILLED	already closed
PRJNA736690	host	tail50_99	False	PMC8826793	europepmc_fulltext	True	True	https://doi.org/10.1093/jacamr/dlab197	Activity of cefepime/taniborbactam and comparators against w	False	False	False	not_gated	0			0	0	0	0	none	FILLED	not_gated	tail50_99	FILLED	already closed
PRJNA738476	country	tail50_99	False	PMC9045244	europepmc_fulltext	True	True	https://doi.org/10.1128/spectrum.02287-21	Simultaneous Hospital Outbreaks of New Delhi Metallo-β-Lacta	False	False	False	not_gated	0			0	0	0	0	none	FILLED	not_gated	tail50_99	FILLED	already closed
PRJNA738476	collection_date	tail50_99	False	PMC9045244	europepmc_fulltext	True	True	https://doi.org/10.1128/spectrum.02287-21	Simultaneous Hospital Outbreaks of New Delhi Metallo-β-Lacta	False	False	False	not_gated	0			0	0	0	0	none	FILLED	not_gated	tail50_99	FILLED	already closed
PRJNA738476	isolation_source	tail50_99	False	PMC9045244	europepmc_fulltext	True	True	https://doi.org/10.1128/spectrum.02287-21	Simultaneous Hospital Outbreaks of New Delhi Metallo-β-Lacta	False	False	False	not_gated	0			0	0	0	0	none	FILLED	not_gated	tail50_99	FILLED	already closed
PRJNA738476	host	tail50_99	False	PMC9045244	europepmc_fulltext	True	True	https://doi.org/10.1128/spectrum.02287-21	Simultaneous Hospital Outbreaks of New Delhi Metallo-β-Lacta	False	False	False	not_gated	0			0	0	0	0	none	FILLED	not_gated	tail50_99	FILLED	already closed
PRJNA757198	country	tail50_99	False	PMC9453077	europepmc_fulltext	True	True	https://doi.org/10.1099/mgen.0.000808	Dissemination of a single ST11 clone of OXA-48-producing <i>	False	False	False	not_gated	0			0	0	0	0	none	FILLED	not_gated	tail50_99	FILLED	already closed
PRJNA757198	collection_date	tail50_99	False	PMC9453077	europepmc_fulltext	True	True	https://doi.org/10.1099/mgen.0.000808	Dissemination of a single ST11 clone of OXA-48-producing <i>	False	False	False	not_gated	0			0	0	0	0	none	FILLED	not_gated	tail50_99	FILLED	already closed
PRJNA757198	isolation_source	tail50_99	False	PMC9453077	europepmc_fulltext	True	True	https://doi.org/10.1099/mgen.0.000808	Dissemination of a single ST11 clone of OXA-48-producing <i>	False	False	False	not_gated	0			0	0	0	0	none	FILLED	not_gated	tail50_99	FILLED	already closed
PRJNA757198	host	tail50_99	False	PMC9453077	europepmc_fulltext	True	True	https://doi.org/10.1099/mgen.0.000808	Dissemination of a single ST11 clone of OXA-48-producing <i>	False	False	False	not_gated	0			0	0	0	0	none	FILLED	not_gated	tail50_99	FILLED	already closed
PRJNA769451	country	tail50_99	False	PMC8718808	europepmc_fulltext	True	True	https://doi.org/10.3389/fmicb.2021.771170	Clonal Dissemination of Clinical Carbapenem-Resistant <i>Kle	False	False	False	not_gated	0			0	0	0	0	none	FILLED	not_gated	tail50_99	FILLED	already closed
PRJNA769451	collection_date	tail50_99	False	PMC8718808	europepmc_fulltext	True	True	https://doi.org/10.3389/fmicb.2021.771170	Clonal Dissemination of Clinical Carbapenem-Resistant <i>Kle	False	False	False	not_gated	0			0	0	0	0	none	FILLED	not_gated	tail50_99	FILLED	already closed
PRJNA769451	isolation_source	tail50_99	False	PMC8718808	europepmc_fulltext	True	True	https://doi.org/10.3389/fmicb.2021.771170	Clonal Dissemination of Clinical Carbapenem-Resistant <i>Kle	False	False	False	not_gated	0			0	0	0	0	none	FILLED	not_gated	tail50_99	FILLED	already closed
PRJNA769451	host	tail50_99	False	PMC8718808	europepmc_fulltext	True	True	https://doi.org/10.3389/fmicb.2021.771170	Clonal Dissemination of Clinical Carbapenem-Resistant <i>Kle	False	False	False	not_gated	0			0	0	0	0	none	FILLED	not_gated	tail50_99	FILLED	already closed
PRJNA778615	country	tail50_99	False	PMC9455706	europepmc_fulltext	True	True	https://doi.org/10.1099/mgen.0.000841	Whole-genome sequencing enhances existing pathogen and antim	False	False	False	not_gated	0			0	0	0	0	none	FILLED	not_gated	tail50_99	FILLED	already closed
PRJNA778615	collection_date	tail50_99	False	PMC9455706	europepmc_fulltext	True	True	https://doi.org/10.1099/mgen.0.000841	Whole-genome sequencing enhances existing pathogen and antim	False	False	False	not_gated	0			0	0	0	0	none	FILLED	not_gated	tail50_99	FILLED	already closed
PRJNA778615	isolation_source	tail50_99	False	PMC9455706	europepmc_fulltext	True	True	https://doi.org/10.1099/mgen.0.000841	Whole-genome sequencing enhances existing pathogen and antim	False	False	False	not_gated	0			0	0	0	0	none	FILLED	not_gated	tail50_99	FILLED	already closed
PRJNA778615	host	tail50_99	False	PMC9455706	europepmc_fulltext	True	True	https://doi.org/10.1099/mgen.0.000841	Whole-genome sequencing enhances existing pathogen and antim	False	False	False	not_gated	0			0	0	0	0	none	FILLED	not_gated	tail50_99	FILLED	already closed
PRJNA781656	country	tail50_99	False	PMC9400251	europepmc_fulltext	True	True	https://doi.org/10.1186/s12879-022-07687-7	Epidemiology and genomic analysis of Klebsiella oxytoca from	False	False	False	not_gated	0			0	0	0	0	none	FILLED	not_gated	tail50_99	FILLED	already closed
PRJNA781656	collection_date	tail50_99	False	PMC9400251	europepmc_fulltext	True	True	https://doi.org/10.1186/s12879-022-07687-7	Epidemiology and genomic analysis of Klebsiella oxytoca from	False	False	False	not_gated	0			0	0	0	0	none	FILLED	not_gated	tail50_99	FILLED	already closed
PRJNA781656	isolation_source	tail50_99	False	PMC9400251	europepmc_fulltext	True	True	https://doi.org/10.1186/s12879-022-07687-7	Epidemiology and genomic analysis of Klebsiella oxytoca from	False	False	False	not_gated	0			0	0	0	0	none	FILLED	not_gated	tail50_99	FILLED	already closed
PRJNA781656	host	tail50_99	False	PMC9400251	europepmc_fulltext	True	True	https://doi.org/10.1186/s12879-022-07687-7	Epidemiology and genomic analysis of Klebsiella oxytoca from	False	False	False	not_gated	0			0	0	0	0	none	FILLED	not_gated	tail50_99	FILLED	already closed
PRJNA796567	country	tail50_99	False		pdf	True	True	https://doi.org/10.1128/aac.00030-23	Genomic Epidemiology of Carbapenem-Resistant Klebsiella in Q	False	False	False	not_gated	0			0	0	0	0	none	FILLED	not_gated	tail50_99	FILLED	already closed
PRJNA796567	collection_date	tail50_99	False		pdf	True	True	https://doi.org/10.1128/aac.00030-23	Genomic Epidemiology of Carbapenem-Resistant Klebsiella in Q	False	False	False	not_gated	0			0	0	0	0	none	FILLED	not_gated	tail50_99	FILLED	already closed
PRJNA796567	isolation_source	tail50_99	False		pdf	True	True	https://doi.org/10.1128/aac.00030-23	Genomic Epidemiology of Carbapenem-Resistant Klebsiella in Q	False	False	False	not_gated	0			0	0	0	0	none	FILLED	not_gated	tail50_99	FILLED	already closed
PRJNA796567	host	tail50_99	False		pdf	True	True	https://doi.org/10.1128/aac.00030-23	Genomic Epidemiology of Carbapenem-Resistant Klebsiella in Q	False	False	False	not_gated	0			0	0	0	0	none	FILLED	not_gated	tail50_99	FILLED	already closed
PRJNA799063	country	tail50_99	True		none	False	False			False	False	False	not_gated	0	NO_PMCID		0	0	0	0	none	FILLED	not_gated	tail50_99	FILLED	already closed
PRJNA799063	collection_date	tail50_99	True		none	False	False			False	False	False	not_gated	0	NO_PMCID		0	0	0	0	none	FILLED	not_gated	tail50_99	FILLED	already closed
PRJNA799063	isolation_source	tail50_99	True		none	False	False			False	False	False	not_gated	0	NO_PMCID		0	0	0	0	none	FILLED	not_gated	tail50_99	FILLED	already closed
PRJNA799063	host	tail50_99	True		none	False	False			False	False	False	covered	59	NO_PMCID		59	0	0	59	none	FILLED	whole_field	tail50_99	FILLED	already closed
PRJNA803387	country	tail50_99	False	PMC10741383	europepmc_fulltext	True	True	https://doi.org/10.1073/pnas.2314135120	Antimicrobial resistance level and conjugation permissivenes	False	False	False	not_gated	0			0	0	0	0	none	FILLED	not_gated	tail50_99	FILLED	already closed
PRJNA803387	collection_date	tail50_99	False	PMC10741383	europepmc_fulltext	True	True	https://doi.org/10.1073/pnas.2314135120	Antimicrobial resistance level and conjugation permissivenes	False	False	False	not_gated	0			0	0	0	0	none	FILLED	not_gated	tail50_99	FILLED	already closed
PRJNA803387	isolation_source	tail50_99	False	PMC10741383	europepmc_fulltext	True	True	https://doi.org/10.1073/pnas.2314135120	Antimicrobial resistance level and conjugation permissivenes	False	False	False	not_gated	0			0	0	0	0	none	FILLED	not_gated	tail50_99	FILLED	already closed
PRJNA803387	host	tail50_99	False	PMC10741383	europepmc_fulltext	True	True	https://doi.org/10.1073/pnas.2314135120	Antimicrobial resistance level and conjugation permissivenes	False	False	False	not_gated	0			0	0	0	0	none	FILLED	not_gated	tail50_99	FILLED	already closed
PRJNA826066	country	tail50_99	False	PMC9765435	europepmc_fulltext	True	True	https://doi.org/10.1128/mbio.02906-22	Within-Host Genotypic and Phenotypic Diversity of Contempora	False	False	False	not_gated	0			0	0	0	0	none	FILLED	not_gated	tail50_99	FILLED	already closed
PRJNA826066	collection_date	tail50_99	False	PMC9765435	europepmc_fulltext	True	True	https://doi.org/10.1128/mbio.02906-22	Within-Host Genotypic and Phenotypic Diversity of Contempora	False	False	False	not_gated	0			0	0	0	0	none	FILLED	not_gated	tail50_99	FILLED	already closed
PRJNA826066	isolation_source	tail50_99	False	PMC9765435	europepmc_fulltext	True	True	https://doi.org/10.1128/mbio.02906-22	Within-Host Genotypic and Phenotypic Diversity of Contempora	False	False	False	not_gated	0			0	0	0	0	none	FILLED	not_gated	tail50_99	FILLED	already closed
PRJNA826066	host	tail50_99	False	PMC9765435	europepmc_fulltext	True	True	https://doi.org/10.1128/mbio.02906-22	Within-Host Genotypic and Phenotypic Diversity of Contempora	False	False	False	not_gated	0			0	0	0	0	none	FILLED	not_gated	tail50_99	FILLED	already closed
PRJNA903550	country	tail50_99	False	PMC9808315	europepmc_fulltext	True	True	https://doi.org/10.2807/1560-7917.es.2022.27.50.2200896	Multidrug-resistant organisms in patients from Ukraine in th	False	False	False	not_gated	0	abstained		0	0	0	0	none	FILLED	not_gated	tail50_99	FILLED	already closed
PRJNA903550	collection_date	tail50_99	False	PMC9808315	europepmc_fulltext	True	True	https://doi.org/10.2807/1560-7917.es.2022.27.50.2200896	Multidrug-resistant organisms in patients from Ukraine in th	False	False	False	not_gated	0	abstained		0	0	0	0	none	FILLED	not_gated	tail50_99	FILLED	already closed
PRJNA903550	isolation_source	tail50_99	False	PMC9808315	europepmc_fulltext	True	True	https://doi.org/10.2807/1560-7917.es.2022.27.50.2200896	Multidrug-resistant organisms in patients from Ukraine in th	False	False	False	residual_per_sample	67	abstained	abstained_other	0	0	0	67	generated	EXHAUSTED	abstained_other	tail50_99	EXHAUSTED	already closed
PRJNA903550	host	tail50_99	False	PMC9808315	europepmc_fulltext	True	True	https://doi.org/10.2807/1560-7917.es.2022.27.50.2200896	Multidrug-resistant organisms in patients from Ukraine in th	False	False	False	not_gated	0	abstained		0	0	0	0	none	FILLED	not_gated	tail50_99	FILLED	already closed
PRJNA910977	country	tail50_99	False	PMC10739949	europepmc_fulltext	True	True	https://doi.org/10.1038/s41467-023-44285-w	Within-host genetic diversity of extended-spectrum beta-lact	False	False	False	not_gated	0			0	0	0	0	none	FILLED	not_gated	tail50_99	FILLED	already closed
PRJNA910977	collection_date	tail50_99	False	PMC10739949	europepmc_fulltext	True	True	https://doi.org/10.1038/s41467-023-44285-w	Within-host genetic diversity of extended-spectrum beta-lact	False	False	False	not_gated	0			0	0	0	0	none	FILLED	not_gated	tail50_99	FILLED	already closed
PRJNA910977	isolation_source	tail50_99	False	PMC10739949	europepmc_fulltext	True	True	https://doi.org/10.1038/s41467-023-44285-w	Within-host genetic diversity of extended-spectrum beta-lact	False	False	False	not_gated	0			0	0	0	0	none	FILLED	not_gated	tail50_99	FILLED	already closed
PRJNA910977	host	tail50_99	False	PMC10739949	europepmc_fulltext	True	True	https://doi.org/10.1038/s41467-023-44285-w	Within-host genetic diversity of extended-spectrum beta-lact	False	False	False	not_gated	0			0	0	0	0	none	FILLED	not_gated	tail50_99	FILLED	already closed
PRJNA918858	country	tail50_99	False	PMC10375995	europepmc_fulltext	True	True	https://doi.org/10.3390/antibiotics12071111	Heteroresistance to Colistin in Clinical Isolates of <i>Kleb	False	False	False	covered	54	abstained		54	0	0	54	none	FILLED	whole_field	tail50_99	FILLED	already closed
PRJNA918858	collection_date	tail50_99	False	PMC10375995	europepmc_fulltext	True	True	https://doi.org/10.3390/antibiotics12071111	Heteroresistance to Colistin in Clinical Isolates of <i>Kleb	False	False	False	residual_per_sample	54	abstained	no_supp	0	0	0	54	generated	ACTIONABLE	fetch_supp_table	tail50_99	ACCEPTED	requested supplement not in folder — unavailable (all fetchable fetched)
PRJNA918858	isolation_source	tail50_99	False	PMC10375995	europepmc_fulltext	True	True	https://doi.org/10.3390/antibiotics12071111	Heteroresistance to Colistin in Clinical Isolates of <i>Kleb	False	False	False	residual_per_sample	54	abstained	no_supp	0	0	0	54	generated	ACTIONABLE	fetch_supp_table	tail50_99	ACCEPTED	requested supplement not in folder — unavailable (all fetchable fetched)
PRJNA918858	host	tail50_99	False	PMC10375995	europepmc_fulltext	True	True	https://doi.org/10.3390/antibiotics12071111	Heteroresistance to Colistin in Clinical Isolates of <i>Kleb	False	False	False	residual_per_sample	54	abstained		0	0	54	0	applied	FILLED	per_sample_or_escalation	tail50_99	FILLED	already closed
PRJNA925003	country	tail50_99	False	PMC10434301	europepmc_fulltext	True	True	https://doi.org/10.1073/pnas.2305465120	Antimicrobial resistance heterogeneity among multidrug-resis	False	False	False	not_gated	0			0	0	0	0	none	FILLED	not_gated	tail50_99	FILLED	already closed
PRJNA925003	collection_date	tail50_99	False	PMC10434301	europepmc_fulltext	True	True	https://doi.org/10.1073/pnas.2305465120	Antimicrobial resistance heterogeneity among multidrug-resis	False	False	False	not_gated	0			0	0	0	0	none	FILLED	not_gated	tail50_99	FILLED	already closed
PRJNA925003	isolation_source	tail50_99	False	PMC10434301	europepmc_fulltext	True	True	https://doi.org/10.1073/pnas.2305465120	Antimicrobial resistance heterogeneity among multidrug-resis	False	False	False	not_gated	0			0	0	0	0	none	FILLED	not_gated	tail50_99	FILLED	already closed
PRJNA925003	host	tail50_99	False	PMC10434301	europepmc_fulltext	True	True	https://doi.org/10.1073/pnas.2305465120	Antimicrobial resistance heterogeneity among multidrug-resis	False	False	False	not_gated	0			0	0	0	0	none	FILLED	not_gated	tail50_99	FILLED	already closed
PRJNA937403	country	tail50_99	False	PMC11237484	europepmc_fulltext	True	True	https://doi.org/10.1128/spectrum.01714-23	Molecular characterization and descriptive analysis of carba	False	False	False	not_gated	0			0	0	0	0	none	FILLED	not_gated	tail50_99	FILLED	already closed
PRJNA937403	collection_date	tail50_99	False	PMC11237484	europepmc_fulltext	True	True	https://doi.org/10.1128/spectrum.01714-23	Molecular characterization and descriptive analysis of carba	False	False	False	not_gated	0			0	0	0	0	none	FILLED	not_gated	tail50_99	FILLED	already closed
PRJNA937403	isolation_source	tail50_99	False	PMC11237484	europepmc_fulltext	True	True	https://doi.org/10.1128/spectrum.01714-23	Molecular characterization and descriptive analysis of carba	False	False	False	not_gated	0			0	0	0	0	none	FILLED	not_gated	tail50_99	FILLED	already closed
PRJNA937403	host	tail50_99	False	PMC11237484	europepmc_fulltext	True	True	https://doi.org/10.1128/spectrum.01714-23	Molecular characterization and descriptive analysis of carba	False	False	False	not_gated	0			0	0	0	0	none	FILLED	not_gated	tail50_99	FILLED	already closed
PRJNA945449	country	tail50_99	False	PMC12526891	abstract	False	False	https://doi.org/10.1093/infdis/jiae417	Bacterial Genomics for National Antimicrobial Resistance Sur	False	False	False	not_gated	0			0	0	0	0	none	FILLED	not_gated	tail50_99	FILLED	already closed
PRJNA945449	collection_date	tail50_99	False	PMC12526891	abstract	False	False	https://doi.org/10.1093/infdis/jiae417	Bacterial Genomics for National Antimicrobial Resistance Sur	False	False	False	not_gated	0			0	0	0	0	none	FILLED	not_gated	tail50_99	FILLED	already closed
PRJNA945449	isolation_source	tail50_99	False	PMC12526891	abstract	False	False	https://doi.org/10.1093/infdis/jiae417	Bacterial Genomics for National Antimicrobial Resistance Sur	False	False	False	not_gated	0			0	0	0	0	none	FILLED	not_gated	tail50_99	FILLED	already closed
PRJNA945449	host	tail50_99	False	PMC12526891	abstract	False	False	https://doi.org/10.1093/infdis/jiae417	Bacterial Genomics for National Antimicrobial Resistance Sur	False	False	False	not_gated	0			0	0	0	0	none	FILLED	not_gated	tail50_99	FILLED	already closed
PRJNA970254	country	tail50_99	False	PMC10958879	europepmc_fulltext	True	True	https://doi.org/10.1186/s13059-024-03216-8	Cataloging the phylogenetic diversity of human bladder bacte	False	False	False	not_gated	0	abstained		0	0	0	0	none	FILLED	not_gated	tail50_99	FILLED	already closed
PRJNA970254	collection_date	tail50_99	False	PMC10958879	europepmc_fulltext	True	True	https://doi.org/10.1186/s13059-024-03216-8	Cataloging the phylogenetic diversity of human bladder bacte	False	False	False	residual_per_sample	18	abstained		0	0	0	18	none	BLOCKED	needs_linkage	tail50_99	ACCEPTED	table has no ENA-mappable key (unanchored) or no per-isolate table exists
PRJNA970254	isolation_source	tail50_99	False	PMC10958879	europepmc_fulltext	True	True	https://doi.org/10.1186/s13059-024-03216-8	Cataloging the phylogenetic diversity of human bladder bacte	False	False	False	covered	50	abstained		50	0	0	50	none	FILLED	whole_field	tail50_99	FILLED	already closed
PRJNA970254	host	tail50_99	False	PMC10958879	europepmc_fulltext	True	True	https://doi.org/10.1186/s13059-024-03216-8	Cataloging the phylogenetic diversity of human bladder bacte	False	False	False	not_gated	0	abstained		0	0	0	0	none	FILLED	not_gated	tail50_99	FILLED	already closed
PRJNA980932	country	tail50_99	False	PMC10532110	europepmc_fulltext	True	True	https://doi.org/10.1093/jacamr/dlad106	Analysis of the stepwise acquisition of &lt;i&gt;bla&lt;/i&g	False	False	False	not_gated	0			0	0	0	0	none	FILLED	not_gated	tail50_99	FILLED	already closed
PRJNA980932	collection_date	tail50_99	False	PMC10532110	europepmc_fulltext	True	True	https://doi.org/10.1093/jacamr/dlad106	Analysis of the stepwise acquisition of &lt;i&gt;bla&lt;/i&g	False	False	False	not_gated	0			0	0	0	0	none	FILLED	not_gated	tail50_99	FILLED	already closed
PRJNA980932	isolation_source	tail50_99	False	PMC10532110	europepmc_fulltext	True	True	https://doi.org/10.1093/jacamr/dlad106	Analysis of the stepwise acquisition of &lt;i&gt;bla&lt;/i&g	False	False	False	not_gated	0			0	0	0	0	none	FILLED	not_gated	tail50_99	FILLED	already closed
PRJNA980932	host	tail50_99	False	PMC10532110	europepmc_fulltext	True	True	https://doi.org/10.1093/jacamr/dlad106	Analysis of the stepwise acquisition of &lt;i&gt;bla&lt;/i&g	False	False	False	not_gated	0			0	0	0	0	none	FILLED	not_gated	tail50_99	FILLED	already closed
PRJNA990326	country	tail50_99	False	PMC11792469	europepmc_fulltext	True	True	https://doi.org/10.1128/spectrum.01825-24	Emerging carbapenem-resistant <i>Klebsiella pneumoniae</i> i	False	False	False	not_gated	0			0	0	0	0	none	FILLED	not_gated	tail50_99	FILLED	already closed
PRJNA990326	collection_date	tail50_99	False	PMC11792469	europepmc_fulltext	True	True	https://doi.org/10.1128/spectrum.01825-24	Emerging carbapenem-resistant <i>Klebsiella pneumoniae</i> i	False	False	False	not_gated	0			0	0	0	0	none	FILLED	not_gated	tail50_99	FILLED	already closed
PRJNA990326	isolation_source	tail50_99	False	PMC11792469	europepmc_fulltext	True	True	https://doi.org/10.1128/spectrum.01825-24	Emerging carbapenem-resistant <i>Klebsiella pneumoniae</i> i	False	False	False	not_gated	0			0	0	0	0	none	FILLED	not_gated	tail50_99	FILLED	already closed
PRJNA990326	host	tail50_99	False	PMC11792469	europepmc_fulltext	True	True	https://doi.org/10.1128/spectrum.01825-24	Emerging carbapenem-resistant <i>Klebsiella pneumoniae</i> i	False	False	False	not_gated	0			0	0	0	0	none	FILLED	not_gated	tail50_99	FILLED	already closed
PRJDB11603	country	tail25_49	False	PMC10327500	europepmc_fulltext	True	True	https://doi.org/10.1099/mgen.0.001043	Transconjugant range of PromA plasmids in microbial communit	False	False	False	not_gated	0	direct		0	0	0	0	not_generated	FILLED	not_gated	tail25_49	FILLED	already closed
PRJDB11603	collection_date	tail25_49	False	PMC10327500	europepmc_fulltext	True	True	https://doi.org/10.1099/mgen.0.001043	Transconjugant range of PromA plasmids in microbial communit	False	False	False	covered	45	direct		45	0	0	45	not_generated	FILLED	whole_field	tail25_49	FILLED	already closed
PRJDB11603	isolation_source	tail25_49	False	PMC10327500	europepmc_fulltext	True	True	https://doi.org/10.1099/mgen.0.001043	Transconjugant range of PromA plasmids in microbial communit	False	False	False	covered	45	direct		0	11	0	34	not_generated	FILLED	whole_field	tail25_49	FILLED	already closed
PRJDB11603	host	tail25_49	False	PMC10327500	europepmc_fulltext	True	True	https://doi.org/10.1099/mgen.0.001043	Transconjugant range of PromA plasmids in microbial communit	False	False	False	residual_per_sample	45	direct	field_not_in_table	0	0	0	45	not_generated	EXHAUSTED	field_not_in_table	tail25_49	EXHAUSTED	already closed
PRJDB14712	country	tail25_49	False	PMC10715227	europepmc_fulltext	True	True	https://doi.org/10.1128/spectrum.02188-23	Municipal wastewater monitoring revealed the predominance of	False	False	False	not_gated	0	abstained		0	0	0	0	not_generated	FILLED	not_gated	tail25_49	FILLED	already closed
PRJDB14712	collection_date	tail25_49	False	PMC10715227	europepmc_fulltext	True	True	https://doi.org/10.1128/spectrum.02188-23	Municipal wastewater monitoring revealed the predominance of	False	False	False	not_gated	0	abstained		0	0	0	0	not_generated	FILLED	not_gated	tail25_49	FILLED	already closed
PRJDB14712	isolation_source	tail25_49	False	PMC10715227	europepmc_fulltext	True	True	https://doi.org/10.1128/spectrum.02188-23	Municipal wastewater monitoring revealed the predominance of	False	False	False	not_gated	0	abstained		0	0	0	0	not_generated	FILLED	not_gated	tail25_49	FILLED	already closed
PRJDB14712	host	tail25_49	False	PMC10715227	europepmc_fulltext	True	True	https://doi.org/10.1128/spectrum.02188-23	Municipal wastewater monitoring revealed the predominance of	False	False	False	covered	28	abstained		28	0	0	28	not_generated	FILLED	whole_field	tail25_49	FILLED	already closed
PRJDB16665	country	tail25_49	False	PMC11937256	europepmc_fulltext	True	True	https://doi.org/10.1038/s41467-025-58049-1	Rapid and Integrated Bacterial Evolution Analysis unveils ge	False	False	False	not_gated	0			0	0	0	0	not_generated	FILLED	not_gated	tail25_49	FILLED	already closed
PRJDB16665	collection_date	tail25_49	False	PMC11937256	europepmc_fulltext	True	True	https://doi.org/10.1038/s41467-025-58049-1	Rapid and Integrated Bacterial Evolution Analysis unveils ge	False	False	False	not_gated	0			0	0	0	0	not_generated	FILLED	not_gated	tail25_49	FILLED	already closed
PRJDB16665	isolation_source	tail25_49	False	PMC11937256	europepmc_fulltext	True	True	https://doi.org/10.1038/s41467-025-58049-1	Rapid and Integrated Bacterial Evolution Analysis unveils ge	False	False	False	not_gated	0			0	0	0	0	not_generated	FILLED	not_gated	tail25_49	FILLED	already closed
PRJDB16665	host	tail25_49	False	PMC11937256	europepmc_fulltext	True	True	https://doi.org/10.1038/s41467-025-58049-1	Rapid and Integrated Bacterial Evolution Analysis unveils ge	False	False	False	not_gated	0			0	0	0	0	not_generated	FILLED	not_gated	tail25_49	FILLED	already closed
PRJDB17160	country	tail25_49	False		local_pdf	True	True	https://doi.org/10.1016/j.jgar.2024.04.008	Multidrug-resistant Klebsiella pneumoniae clinical isolates 	True	True	False	not_gated	0	NO_PMCID		0	0	0	0	not_generated	FILLED	not_gated	tail25_49	FILLED	already closed
PRJDB17160	collection_date	tail25_49	False		local_pdf	True	True	https://doi.org/10.1016/j.jgar.2024.04.008	Multidrug-resistant Klebsiella pneumoniae clinical isolates 	True	True	False	not_gated	0	NO_PMCID		0	0	0	0	not_generated	FILLED	not_gated	tail25_49	FILLED	already closed
PRJDB17160	isolation_source	tail25_49	False		local_pdf	True	True	https://doi.org/10.1016/j.jgar.2024.04.008	Multidrug-resistant Klebsiella pneumoniae clinical isolates 	True	True	False	residual_per_sample	39	NO_PMCID	NO_PMCID	0	0	0	39	not_generated	EXHAUSTED	NO_PMCID	tail25_49	EXHAUSTED	already closed
PRJDB17160	host	tail25_49	False		local_pdf	True	True	https://doi.org/10.1016/j.jgar.2024.04.008	Multidrug-resistant Klebsiella pneumoniae clinical isolates 	True	True	False	not_gated	0	NO_PMCID		0	0	0	0	not_generated	FILLED	not_gated	tail25_49	FILLED	already closed
PRJDB5126	country	tail25_49	False	PMC6395922	pdf	True	True	https://doi.org/10.1128/aac.01924-18	Spreading Patterns of NDM-Producing <i>Enterobacteriaceae</i	False	False	False	not_gated	0	abstained		0	0	0	0	not_generated	FILLED	not_gated	tail25_49	FILLED	already closed
PRJDB5126	collection_date	tail25_49	False	PMC6395922	pdf	True	True	https://doi.org/10.1128/aac.01924-18	Spreading Patterns of NDM-Producing <i>Enterobacteriaceae</i	False	False	False	not_gated	0	abstained		0	0	0	0	not_generated	FILLED	not_gated	tail25_49	FILLED	already closed
PRJDB5126	isolation_source	tail25_49	False	PMC6395922	pdf	True	True	https://doi.org/10.1128/aac.01924-18	Spreading Patterns of NDM-Producing <i>Enterobacteriaceae</i	False	False	False	residual_per_sample	45	abstained	no_supp	0	0	0	45	not_generated	EXHAUSTED	no_supp	tail25_49	EXHAUSTED	already closed
PRJDB5126	host	tail25_49	False	PMC6395922	pdf	True	True	https://doi.org/10.1128/aac.01924-18	Spreading Patterns of NDM-Producing <i>Enterobacteriaceae</i	False	False	False	not_gated	0	abstained		0	0	0	0	not_generated	FILLED	not_gated	tail25_49	FILLED	already closed
PRJDB5317	country	tail25_49	True		none	False	False			False	False	False	not_gated	0	NO_PMCID		0	0	0	0	not_generated	FILLED	not_gated	tail25_49	FILLED	already closed
PRJDB5317	collection_date	tail25_49	True		none	False	False			False	False	False	not_gated	0	NO_PMCID		0	0	0	0	not_generated	FILLED	not_gated	tail25_49	FILLED	already closed
PRJDB5317	isolation_source	tail25_49	True		none	False	False			False	False	False	residual_per_sample	27	NO_PMCID	NO_PMCID	0	0	0	27	not_generated	EXHAUSTED	no_paper_findable	tail25_49	EXHAUSTED	already closed
PRJDB5317	host	tail25_49	True		none	False	False			False	False	False	not_gated	0	NO_PMCID		0	0	0	0	not_generated	FILLED	not_gated	tail25_49	FILLED	already closed
PRJDB6565	country	tail25_49	False		pdf	True	True	https://doi.org/10.3412/jsb.77.129	[Regional dissemination of carbapenem-resistant Enterobacter	False	False	False	not_gated	0	NO_PMCID		0	0	0	0	not_generated	FILLED	not_gated	tail25_49	FILLED	already closed
PRJDB6565	collection_date	tail25_49	False		pdf	True	True	https://doi.org/10.3412/jsb.77.129	[Regional dissemination of carbapenem-resistant Enterobacter	False	False	False	not_gated	0	NO_PMCID		0	0	0	0	not_generated	FILLED	not_gated	tail25_49	FILLED	already closed
PRJDB6565	isolation_source	tail25_49	False		pdf	True	True	https://doi.org/10.3412/jsb.77.129	[Regional dissemination of carbapenem-resistant Enterobacter	False	False	False	covered	44	NO_PMCID		44	0	0	44	not_generated	FILLED	whole_field	tail25_49	FILLED	already closed
PRJDB6565	host	tail25_49	False		pdf	True	True	https://doi.org/10.3412/jsb.77.129	[Regional dissemination of carbapenem-resistant Enterobacter	False	False	False	not_gated	0	NO_PMCID		0	0	0	0	not_generated	FILLED	not_gated	tail25_49	FILLED	already closed
PRJDB8975	country	tail25_49	False	PMC9431462	europepmc_fulltext	True	True	https://doi.org/10.1128/spectrum.00673-22	Spread of Carbapenem-Resistant Klebsiella pneumoniae Clinica	False	False	False	not_gated	0	abstained		0	0	0	0	not_generated	FILLED	not_gated	tail25_49	FILLED	already closed
PRJDB8975	collection_date	tail25_49	False	PMC9431462	europepmc_fulltext	True	True	https://doi.org/10.1128/spectrum.00673-22	Spread of Carbapenem-Resistant Klebsiella pneumoniae Clinica	False	False	False	not_gated	0	abstained		0	0	0	0	not_generated	FILLED	not_gated	tail25_49	FILLED	already closed
PRJDB8975	isolation_source	tail25_49	False	PMC9431462	europepmc_fulltext	True	True	https://doi.org/10.1128/spectrum.00673-22	Spread of Carbapenem-Resistant Klebsiella pneumoniae Clinica	False	False	False	residual_per_sample	49	abstained	no_supp	0	0	0	49	not_generated	EXHAUSTED	no_supp	tail25_49	EXHAUSTED	already closed
PRJDB8975	host	tail25_49	False	PMC9431462	europepmc_fulltext	True	True	https://doi.org/10.1128/spectrum.00673-22	Spread of Carbapenem-Resistant Klebsiella pneumoniae Clinica	False	False	False	not_gated	0	abstained		0	0	0	0	not_generated	FILLED	not_gated	tail25_49	FILLED	already closed
PRJDB9036	country	tail25_49	False		none	False	False	https://doi.org/10.2147/IDR.S339543	Comprehensive Genomic Survey of Antimicrobial-Resistance Bac	False	False	False	not_gated	0	NO_PMCID		0	0	0	0	not_generated	FILLED	not_gated	tail25_49	FILLED	already closed
PRJDB9036	collection_date	tail25_49	False		none	False	False	https://doi.org/10.2147/IDR.S339543	Comprehensive Genomic Survey of Antimicrobial-Resistance Bac	False	False	False	not_gated	0	NO_PMCID		0	0	0	0	not_generated	FILLED	not_gated	tail25_49	FILLED	already closed
PRJDB9036	isolation_source	tail25_49	False		none	False	False	https://doi.org/10.2147/IDR.S339543	Comprehensive Genomic Survey of Antimicrobial-Resistance Bac	False	False	False	covered	34	NO_PMCID		34	0	0	34	not_generated	FILLED	whole_field	tail25_49	FILLED	already closed
PRJDB9036	host	tail25_49	False		none	False	False	https://doi.org/10.2147/IDR.S339543	Comprehensive Genomic Survey of Antimicrobial-Resistance Bac	False	False	False	covered	30	NO_PMCID		30	0	0	30	not_generated	FILLED	whole_field	tail25_49	FILLED	already closed
PRJEB14100	country	tail25_49	False	PMC10234813	europepmc_fulltext	True	True	https://doi.org/10.1038/s41564-023-01385-z	Particular genomic and virulence traits associated with pret	False	False	False	residual_per_sample	25	abstained		0	0	0	25	not_generated	BLOCKED	needs_linkage	tail25_49	ACCEPTED	table has no ENA-mappable key (unanchored) or no per-isolate table exists
PRJEB14100	collection_date	tail25_49	False	PMC10234813	europepmc_fulltext	True	True	https://doi.org/10.1038/s41564-023-01385-z	Particular genomic and virulence traits associated with pret	False	False	False	residual_per_sample	25	abstained		0	0	0	25	not_generated	BLOCKED	needs_linkage	tail25_49	ACCEPTED	table has no ENA-mappable key (unanchored) or no per-isolate table exists
PRJEB14100	isolation_source	tail25_49	False	PMC10234813	europepmc_fulltext	True	True	https://doi.org/10.1038/s41564-023-01385-z	Particular genomic and virulence traits associated with pret	False	False	False	residual_per_sample	25	abstained		0	0	0	25	not_generated	BLOCKED	needs_linkage	tail25_49	ACCEPTED	table has no ENA-mappable key (unanchored) or no per-isolate table exists
PRJEB14100	host	tail25_49	False	PMC10234813	europepmc_fulltext	True	True	https://doi.org/10.1038/s41564-023-01385-z	Particular genomic and virulence traits associated with pret	False	False	False	residual_per_sample	25	abstained		0	0	0	25	not_generated	BLOCKED	needs_linkage	tail25_49	ACCEPTED	table has no ENA-mappable key (unanchored) or no per-isolate table exists
PRJEB14854	country	tail25_49	False	PMC13148723	europepmc_fulltext	True	True	https://doi.org/10.1099/mgen.0.001654	Whole-genome sequencing to investigate the prevalence and tr	False	False	False	covered	31	abstained		31	0	0	31	not_generated	FILLED	whole_field	tail25_49	FILLED	already closed
PRJEB14854	collection_date	tail25_49	False	PMC13148723	europepmc_fulltext	True	True	https://doi.org/10.1099/mgen.0.001654	Whole-genome sequencing to investigate the prevalence and tr	False	False	False	residual_per_sample	31	abstained	no_supp	0	0	0	31	not_generated	ACTIONABLE	fetch_supp_table	tail25_49	ACCEPTED	requested supplement not in folder — unavailable (all fetchable fetched)
PRJEB14854	isolation_source	tail25_49	False	PMC13148723	europepmc_fulltext	True	True	https://doi.org/10.1099/mgen.0.001654	Whole-genome sequencing to investigate the prevalence and tr	False	False	False	residual_per_sample	31	abstained	no_supp	0	0	0	31	not_generated	ACTIONABLE	fetch_supp_table	tail25_49	ACCEPTED	requested supplement not in folder — unavailable (all fetchable fetched)
PRJEB14854	host	tail25_49	False	PMC13148723	europepmc_fulltext	True	True	https://doi.org/10.1099/mgen.0.001654	Whole-genome sequencing to investigate the prevalence and tr	False	False	False	residual_per_sample	31	abstained	no_supp	0	0	0	31	not_generated	ACTIONABLE	fetch_supp_table	tail25_49	ACCEPTED	requested supplement not in folder — unavailable (all fetchable fetched)
PRJEB19808	country	tail25_49	False		local_pdf	True	True	https://doi.org/10.1016/j.ijantimicag.2017.10.011	Expansion of KPC-producing Klebsiella pneumoniae with variou	True	True	False	covered	30	NO_PMCID		30	0	0	30	not_generated	FILLED	whole_field	tail25_49	FILLED	already closed
PRJEB19808	collection_date	tail25_49	False		local_pdf	True	True	https://doi.org/10.1016/j.ijantimicag.2017.10.011	Expansion of KPC-producing Klebsiella pneumoniae with variou	True	True	False	covered	30	NO_PMCID		30	0	0	30	not_generated	FILLED	whole_field	tail25_49	FILLED	already closed
PRJEB19808	isolation_source	tail25_49	False		local_pdf	True	True	https://doi.org/10.1016/j.ijantimicag.2017.10.011	Expansion of KPC-producing Klebsiella pneumoniae with variou	True	True	False	residual_per_sample	30	NO_PMCID	NO_PMCID	0	0	0	30	not_generated	EXHAUSTED	NO_PMCID	tail25_49	EXHAUSTED	already closed
PRJEB19808	host	tail25_49	False		local_pdf	True	True	https://doi.org/10.1016/j.ijantimicag.2017.10.011	Expansion of KPC-producing Klebsiella pneumoniae with variou	True	True	False	covered	30	NO_PMCID		30	0	0	30	not_generated	FILLED	whole_field	tail25_49	FILLED	already closed
PRJEB20875	country	tail25_49	False	PMC6171784	europepmc_fulltext	True	True	https://doi.org/10.1016/j.ijmm.2018.06.012	Predictors of the extended-spectrum-beta lactamases producin	False	False	False	covered	38	abstained		38	0	0	38	not_generated	FILLED	whole_field	tail25_49	FILLED	already closed
PRJEB20875	collection_date	tail25_49	False	PMC6171784	europepmc_fulltext	True	True	https://doi.org/10.1016/j.ijmm.2018.06.012	Predictors of the extended-spectrum-beta lactamases producin	False	False	False	covered	38	abstained		38	0	0	38	not_generated	FILLED	whole_field	tail25_49	FILLED	already closed
PRJEB20875	isolation_source	tail25_49	False	PMC6171784	europepmc_fulltext	True	True	https://doi.org/10.1016/j.ijmm.2018.06.012	Predictors of the extended-spectrum-beta lactamases producin	False	False	False	residual_per_sample	38	abstained	no_supp	0	0	0	38	not_generated	EXHAUSTED	no_supp	tail25_49	EXHAUSTED	already closed
PRJEB20875	host	tail25_49	False	PMC6171784	europepmc_fulltext	True	True	https://doi.org/10.1016/j.ijmm.2018.06.012	Predictors of the extended-spectrum-beta lactamases producin	False	False	False	covered	38	abstained		38	0	0	38	not_generated	FILLED	whole_field	tail25_49	FILLED	already closed
PRJEB21015	country	tail25_49	False		pdf	True	True	https://doi.org/10.1101/659771	Resistance to change? The impact of group medication on AMR 	False	False	False	covered	47	NO_PMCID		47	0	0	47	not_generated	FILLED	whole_field	tail25_49	FILLED	already closed
PRJEB21015	collection_date	tail25_49	False		pdf	True	True	https://doi.org/10.1101/659771	Resistance to change? The impact of group medication on AMR 	False	False	False	covered	47	NO_PMCID		47	0	0	47	not_generated	FILLED	whole_field	tail25_49	FILLED	already closed
PRJEB21015	isolation_source	tail25_49	False		pdf	True	True	https://doi.org/10.1101/659771	Resistance to change? The impact of group medication on AMR 	False	False	False	covered	47	NO_PMCID		47	0	0	47	not_generated	FILLED	whole_field	tail25_49	FILLED	already closed
PRJEB21015	host	tail25_49	False		pdf	True	True	https://doi.org/10.1101/659771	Resistance to change? The impact of group medication on AMR 	False	False	False	covered	47	NO_PMCID		47	0	0	47	not_generated	FILLED	whole_field	tail25_49	FILLED	already closed
PRJEB21292	country	tail25_49	False	PMC5527415	pdf	True	True	https://doi.org/10.1128/jcm.00535-17	Outbreak of NDM-1-Producing Klebsiella pneumoniae in a Dutch	False	False	False	not_gated	0	abstained		0	0	0	0	not_generated	FILLED	not_gated	tail25_49	FILLED	already closed
PRJEB21292	collection_date	tail25_49	False	PMC5527415	pdf	True	True	https://doi.org/10.1128/jcm.00535-17	Outbreak of NDM-1-Producing Klebsiella pneumoniae in a Dutch	False	False	False	covered	33	abstained		33	0	0	33	not_generated	FILLED	whole_field	tail25_49	FILLED	already closed
PRJEB21292	isolation_source	tail25_49	False	PMC5527415	pdf	True	True	https://doi.org/10.1128/jcm.00535-17	Outbreak of NDM-1-Producing Klebsiella pneumoniae in a Dutch	False	False	False	residual_per_sample	33	abstained	no_supp	0	0	0	33	not_generated	EXHAUSTED	no_supp	tail25_49	EXHAUSTED	already closed
PRJEB21292	host	tail25_49	False	PMC5527415	pdf	True	True	https://doi.org/10.1128/jcm.00535-17	Outbreak of NDM-1-Producing Klebsiella pneumoniae in a Dutch	False	False	False	covered	33	abstained		33	0	0	33	not_generated	FILLED	whole_field	tail25_49	FILLED	already closed
PRJEB25080	country	tail25_49	False	PMC6117087	europepmc_fulltext	True	True	https://doi.org/10.1371/journal.pone.0203338	Extended-spectrum beta-lactamase producing Enterobacteriacea	False	False	False	covered	33	abstained		33	0	0	33	not_generated	FILLED	whole_field	tail25_49	FILLED	already closed
PRJEB25080	collection_date	tail25_49	False	PMC6117087	europepmc_fulltext	True	True	https://doi.org/10.1371/journal.pone.0203338	Extended-spectrum beta-lactamase producing Enterobacteriacea	False	False	False	residual_per_sample	34	abstained		0	0	0	34	not_generated	BLOCKED	needs_linkage	tail25_49	ACCEPTED	table has no ENA-mappable key (unanchored) or no per-isolate table exists
PRJEB25080	isolation_source	tail25_49	False	PMC6117087	europepmc_fulltext	True	True	https://doi.org/10.1371/journal.pone.0203338	Extended-spectrum beta-lactamase producing Enterobacteriacea	False	False	False	covered	34	abstained		34	0	0	34	not_generated	FILLED	whole_field	tail25_49	FILLED	already closed
PRJEB25080	host	tail25_49	False	PMC6117087	europepmc_fulltext	True	True	https://doi.org/10.1371/journal.pone.0203338	Extended-spectrum beta-lactamase producing Enterobacteriacea	False	False	False	covered	34	abstained		34	0	0	34	not_generated	FILLED	whole_field	tail25_49	FILLED	already closed
PRJEB25746	country	tail25_49	True		none	False	False			False	False	False	not_gated	0			0	0	0	0	not_generated	FILLED	not_gated	tail25_49	FILLED	already closed
PRJEB25746	collection_date	tail25_49	True		none	False	False			False	False	False	not_gated	0			0	0	0	0	not_generated	FILLED	not_gated	tail25_49	FILLED	already closed
PRJEB25746	isolation_source	tail25_49	True		none	False	False			False	False	False	not_gated	0			0	0	0	0	not_generated	FILLED	not_gated	tail25_49	FILLED	already closed
PRJEB25746	host	tail25_49	True		none	False	False			False	False	False	not_gated	0			0	0	0	0	not_generated	FILLED	not_gated	tail25_49	FILLED	already closed
PRJEB27508	country	tail25_49	False	PMC7005014	europepmc_fulltext	True	True	https://doi.org/10.3389/fmicb.2019.02961	Core/Whole Genome Multilocus Sequence Typing and Core Genome	False	False	False	not_gated	0	abstained		0	0	0	0	not_generated	FILLED	not_gated	tail25_49	FILLED	already closed
PRJEB27508	collection_date	tail25_49	False	PMC7005014	europepmc_fulltext	True	True	https://doi.org/10.3389/fmicb.2019.02961	Core/Whole Genome Multilocus Sequence Typing and Core Genome	False	False	False	covered	37	abstained		37	0	0	37	not_generated	FILLED	whole_field	tail25_49	FILLED	already closed
PRJEB27508	isolation_source	tail25_49	False	PMC7005014	europepmc_fulltext	True	True	https://doi.org/10.3389/fmicb.2019.02961	Core/Whole Genome Multilocus Sequence Typing and Core Genome	False	False	False	residual_per_sample	37	abstained		0	0	0	37	not_generated	BLOCKED	needs_linkage	tail25_49	ACCEPTED	table has no ENA-mappable key (unanchored) or no per-isolate table exists
PRJEB27508	host	tail25_49	False	PMC7005014	europepmc_fulltext	True	True	https://doi.org/10.3389/fmicb.2019.02961	Core/Whole Genome Multilocus Sequence Typing and Core Genome	False	False	False	covered	37	abstained		37	0	0	37	not_generated	FILLED	whole_field	tail25_49	FILLED	already closed
PRJEB3255	country	tail25_49	False	PMC4584482	europepmc_fulltext	True	True	https://doi.org/10.1186/s13073-015-0222-7	The Murray collection of pre-antibiotic era Enterobacteriaca	False	False	False	residual_per_sample	42	two_hop	field_not_in_table	0	0	0	42	not_generated	EXHAUSTED	field_not_in_table	tail25_49	EXHAUSTED	already closed
PRJEB3255	collection_date	tail25_49	False	PMC4584482	europepmc_fulltext	True	True	https://doi.org/10.1186/s13073-015-0222-7	The Murray collection of pre-antibiotic era Enterobacteriaca	False	False	False	covered	42	two_hop		0	37	0	5	not_generated	FILLED	whole_field	tail25_49	FILLED	already closed
PRJEB3255	isolation_source	tail25_49	False	PMC4584482	europepmc_fulltext	True	True	https://doi.org/10.1186/s13073-015-0222-7	The Murray collection of pre-antibiotic era Enterobacteriaca	False	False	False	covered	42	two_hop		0	25	0	17	not_generated	FILLED	whole_field	tail25_49	FILLED	already closed
PRJEB3255	host	tail25_49	False	PMC4584482	europepmc_fulltext	True	True	https://doi.org/10.1186/s13073-015-0222-7	The Murray collection of pre-antibiotic era Enterobacteriaca	False	False	False	covered	42	two_hop		42	0	0	42	not_generated	FILLED	whole_field	tail25_49	FILLED	already closed
PRJEB32657	country	tail25_49	False	PMC12612273	europepmc_fulltext	True	True	https://doi.org/10.1038/s41467-025-65266-1	Circulation of Salmonella spp. between humans, animals and t	False	False	False	covered	27	abstained		27	0	0	27	not_generated	FILLED	whole_field	tail25_49	FILLED	already closed
PRJEB32657	collection_date	tail25_49	False	PMC12612273	europepmc_fulltext	True	True	https://doi.org/10.1038/s41467-025-65266-1	Circulation of Salmonella spp. between humans, animals and t	False	False	False	covered	27	abstained		27	0	0	27	not_generated	FILLED	whole_field	tail25_49	FILLED	already closed
PRJEB32657	isolation_source	tail25_49	False	PMC12612273	europepmc_fulltext	True	True	https://doi.org/10.1038/s41467-025-65266-1	Circulation of Salmonella spp. between humans, animals and t	False	False	False	residual_per_sample	27	abstained		0	0	0	27	not_generated	BLOCKED	needs_linkage	tail25_49	ACCEPTED	table has no ENA-mappable key (unanchored) or no per-isolate table exists
PRJEB32657	host	tail25_49	False	PMC12612273	europepmc_fulltext	True	True	https://doi.org/10.1038/s41467-025-65266-1	Circulation of Salmonella spp. between humans, animals and t	False	False	False	residual_per_sample	27	abstained		0	0	0	27	not_generated	BLOCKED	needs_linkage	tail25_49	ACCEPTED	table has no ENA-mappable key (unanchored) or no per-isolate table exists
PRJEB32863	country	tail25_49	False	PMC7153892	europepmc_fulltext	True	True	https://doi.org/10.1371/journal.pone.0231503	Whole genome sequencing characterization of Slovenian carbap	False	False	False	not_gated	0	abstained		0	0	0	0	not_generated	FILLED	not_gated	tail25_49	FILLED	already closed
PRJEB32863	collection_date	tail25_49	False	PMC7153892	europepmc_fulltext	True	True	https://doi.org/10.1371/journal.pone.0231503	Whole genome sequencing characterization of Slovenian carbap	False	False	False	not_gated	0	abstained		0	0	0	0	not_generated	FILLED	not_gated	tail25_49	FILLED	already closed
PRJEB32863	isolation_source	tail25_49	False	PMC7153892	europepmc_fulltext	True	True	https://doi.org/10.1371/journal.pone.0231503	Whole genome sequencing characterization of Slovenian carbap	False	False	False	not_gated	0	abstained		0	0	0	0	not_generated	FILLED	not_gated	tail25_49	FILLED	already closed
PRJEB32863	host	tail25_49	False	PMC7153892	europepmc_fulltext	True	True	https://doi.org/10.1371/journal.pone.0231503	Whole genome sequencing characterization of Slovenian carbap	False	False	False	covered	37	abstained		37	0	0	37	not_generated	FILLED	whole_field	tail25_49	FILLED	already closed
PRJEB34532	country	tail25_49	False	PMC3381403	europepmc_fulltext	True	True	https://doi.org/10.3201/eid1707.110209	Extended-spectrum β-lactamase genes of Escherichia coli in c	False	False	False	not_gated	0	abstained		0	0	0	0	not_generated	FILLED	not_gated	tail25_49	FILLED	already closed
PRJEB34532	collection_date	tail25_49	False	PMC3381403	europepmc_fulltext	True	True	https://doi.org/10.3201/eid1707.110209	Extended-spectrum β-lactamase genes of Escherichia coli in c	False	False	False	not_gated	0	abstained		0	0	0	0	not_generated	FILLED	not_gated	tail25_49	FILLED	already closed
PRJEB34532	isolation_source	tail25_49	False	PMC3381403	europepmc_fulltext	True	True	https://doi.org/10.3201/eid1707.110209	Extended-spectrum β-lactamase genes of Escherichia coli in c	False	False	False	residual_per_sample	46	abstained	no_supp	0	0	0	46	not_generated	EXHAUSTED	no_supp	tail25_49	EXHAUSTED	already closed
PRJEB34532	host	tail25_49	False	PMC3381403	europepmc_fulltext	True	True	https://doi.org/10.3201/eid1707.110209	Extended-spectrum β-lactamase genes of Escherichia coli in c	False	False	False	not_gated	0	abstained		0	0	0	0	not_generated	FILLED	not_gated	tail25_49	FILLED	already closed
PRJEB34793	country	tail25_49	False	PMC7005322	europepmc_fulltext	True	True	https://doi.org/10.1038/s41467-020-14570-z	Bacterial adaptation is constrained in complex communities.	False	False	False	covered	49	abstained		49	0	0	49	not_generated	FILLED	whole_field	tail25_49	FILLED	already closed
PRJEB34793	collection_date	tail25_49	False	PMC7005322	europepmc_fulltext	True	True	https://doi.org/10.1038/s41467-020-14570-z	Bacterial adaptation is constrained in complex communities.	False	False	False	covered	49	abstained		49	0	0	49	not_generated	FILLED	whole_field	tail25_49	FILLED	already closed
PRJEB34793	isolation_source	tail25_49	False	PMC7005322	europepmc_fulltext	True	True	https://doi.org/10.1038/s41467-020-14570-z	Bacterial adaptation is constrained in complex communities.	False	False	False	covered	49	abstained		49	0	0	49	not_generated	FILLED	whole_field	tail25_49	FILLED	already closed
PRJEB34793	host	tail25_49	False	PMC7005322	europepmc_fulltext	True	True	https://doi.org/10.1038/s41467-020-14570-z	Bacterial adaptation is constrained in complex communities.	False	False	False	covered	49	abstained		49	0	0	49	not_generated	FILLED	whole_field	tail25_49	FILLED	already closed
PRJEB35248	country	tail25_49	False	PMC8598304	europepmc_fulltext	True	True	https://doi.org/10.1093/jac/dkab328	Rapid high-resolution detection of colistin resistance in Gr	False	False	False	not_gated	0	abstained		0	0	0	0	not_generated	FILLED	not_gated	tail25_49	FILLED	already closed
PRJEB35248	collection_date	tail25_49	False	PMC8598304	europepmc_fulltext	True	True	https://doi.org/10.1093/jac/dkab328	Rapid high-resolution detection of colistin resistance in Gr	False	False	False	not_gated	0	abstained		0	0	0	0	not_generated	FILLED	not_gated	tail25_49	FILLED	already closed
PRJEB35248	isolation_source	tail25_49	False	PMC8598304	europepmc_fulltext	True	True	https://doi.org/10.1093/jac/dkab328	Rapid high-resolution detection of colistin resistance in Gr	False	False	False	not_gated	0	abstained		0	0	0	0	not_generated	FILLED	not_gated	tail25_49	FILLED	already closed
PRJEB35248	host	tail25_49	False	PMC8598304	europepmc_fulltext	True	True	https://doi.org/10.1093/jac/dkab328	Rapid high-resolution detection of colistin resistance in Gr	False	False	False	covered	28	abstained		28	0	0	28	not_generated	FILLED	whole_field	tail25_49	FILLED	already closed
PRJEB36171	country	tail25_49	False	PMC6987216	europepmc_fulltext	True	True	https://doi.org/10.1038/s41598-020-57742-z	EasyPrimer: user-friendly tool for pan-PCR/HRM primers desig	False	False	False	not_gated	0	abstained		0	0	0	0	not_generated	FILLED	not_gated	tail25_49	FILLED	already closed
PRJEB36171	collection_date	tail25_49	False	PMC6987216	europepmc_fulltext	True	True	https://doi.org/10.1038/s41598-020-57742-z	EasyPrimer: user-friendly tool for pan-PCR/HRM primers desig	False	False	False	not_gated	0	abstained		0	0	0	0	not_generated	FILLED	not_gated	tail25_49	FILLED	already closed
PRJEB36171	isolation_source	tail25_49	False	PMC6987216	europepmc_fulltext	True	True	https://doi.org/10.1038/s41598-020-57742-z	EasyPrimer: user-friendly tool for pan-PCR/HRM primers desig	False	False	False	not_gated	0	abstained		0	0	0	0	not_generated	FILLED	not_gated	tail25_49	FILLED	already closed
PRJEB36171	host	tail25_49	False	PMC6987216	europepmc_fulltext	True	True	https://doi.org/10.1038/s41598-020-57742-z	EasyPrimer: user-friendly tool for pan-PCR/HRM primers desig	False	False	False	covered	45	abstained		45	0	0	45	not_generated	FILLED	whole_field	tail25_49	FILLED	already closed
PRJEB36919	country	tail25_49	True		none	False	False			False	False	False	residual_per_sample	41	NO_PMCID	NO_PMCID	0	0	0	41	not_generated	EXHAUSTED	no_paper_findable	tail25_49	EXHAUSTED	already closed
PRJEB36919	collection_date	tail25_49	True		none	False	False			False	False	False	residual_per_sample	41	NO_PMCID	NO_PMCID	0	0	0	41	not_generated	EXHAUSTED	no_paper_findable	tail25_49	EXHAUSTED	already closed
PRJEB36919	isolation_source	tail25_49	True		none	False	False			False	False	False	residual_per_sample	41	NO_PMCID	NO_PMCID	0	0	0	41	not_generated	EXHAUSTED	no_paper_findable	tail25_49	EXHAUSTED	already closed
PRJEB36919	host	tail25_49	True		none	False	False			False	False	False	residual_per_sample	41	NO_PMCID	NO_PMCID	0	0	0	41	not_generated	EXHAUSTED	no_paper_findable	tail25_49	EXHAUSTED	already closed
PRJEB37523	country	tail25_49	False	PMC7192099	europepmc_fulltext	True	True	https://doi.org/10.1093/ofid/ofaa109	High Carriage Rates of Multidrug-Resistant Gram-Negative Bac	False	False	False	not_gated	0	abstained		0	0	0	0	not_generated	FILLED	not_gated	tail25_49	FILLED	already closed
PRJEB37523	collection_date	tail25_49	False	PMC7192099	europepmc_fulltext	True	True	https://doi.org/10.1093/ofid/ofaa109	High Carriage Rates of Multidrug-Resistant Gram-Negative Bac	False	False	False	not_gated	0	abstained		0	0	0	0	not_generated	FILLED	not_gated	tail25_49	FILLED	already closed
PRJEB37523	isolation_source	tail25_49	False	PMC7192099	europepmc_fulltext	True	True	https://doi.org/10.1093/ofid/ofaa109	High Carriage Rates of Multidrug-Resistant Gram-Negative Bac	False	False	False	not_gated	0	abstained		0	0	0	0	not_generated	FILLED	not_gated	tail25_49	FILLED	already closed
PRJEB37523	host	tail25_49	False	PMC7192099	europepmc_fulltext	True	True	https://doi.org/10.1093/ofid/ofaa109	High Carriage Rates of Multidrug-Resistant Gram-Negative Bac	False	False	False	residual_per_sample	39	abstained	no_supp	0	0	0	39	not_generated	EXHAUSTED	no_supp	tail25_49	EXHAUSTED	already closed
PRJEB40571	country	tail25_49	False	PMC8477410	europepmc_fulltext	True	True	https://doi.org/10.1099/mgen.0.000567	Harmonization of whole-genome sequencing for outbreak survei	False	False	False	not_gated	0	abstained		0	0	0	0	not_generated	FILLED	not_gated	tail25_49	FILLED	already closed
PRJEB40571	collection_date	tail25_49	False	PMC8477410	europepmc_fulltext	True	True	https://doi.org/10.1099/mgen.0.000567	Harmonization of whole-genome sequencing for outbreak survei	False	False	False	not_gated	0	abstained		0	0	0	0	not_generated	FILLED	not_gated	tail25_49	FILLED	already closed
PRJEB40571	isolation_source	tail25_49	False	PMC8477410	europepmc_fulltext	True	True	https://doi.org/10.1099/mgen.0.000567	Harmonization of whole-genome sequencing for outbreak survei	False	False	False	not_gated	0	abstained		0	0	0	0	not_generated	FILLED	not_gated	tail25_49	FILLED	already closed
PRJEB40571	host	tail25_49	False	PMC8477410	europepmc_fulltext	True	True	https://doi.org/10.1099/mgen.0.000567	Harmonization of whole-genome sequencing for outbreak survei	False	False	False	covered	27	abstained		27	0	0	27	not_generated	FILLED	whole_field	tail25_49	FILLED	already closed
PRJEB41225	country	tail25_49	False	PMC8849082	europepmc_fulltext	True	True	https://doi.org/10.1128/spectrum.01766-21	Characterization of Amino Acid Substitution W20S in MgrB Inv	False	False	False	not_gated	0	abstained		0	0	0	0	not_generated	FILLED	not_gated	tail25_49	FILLED	already closed
PRJEB41225	collection_date	tail25_49	False	PMC8849082	europepmc_fulltext	True	True	https://doi.org/10.1128/spectrum.01766-21	Characterization of Amino Acid Substitution W20S in MgrB Inv	False	False	False	not_gated	0	abstained		0	0	0	0	not_generated	FILLED	not_gated	tail25_49	FILLED	already closed
PRJEB41225	isolation_source	tail25_49	False	PMC8849082	europepmc_fulltext	True	True	https://doi.org/10.1128/spectrum.01766-21	Characterization of Amino Acid Substitution W20S in MgrB Inv	False	False	False	not_gated	0	abstained		0	0	0	0	not_generated	FILLED	not_gated	tail25_49	FILLED	already closed
PRJEB41225	host	tail25_49	False	PMC8849082	europepmc_fulltext	True	True	https://doi.org/10.1128/spectrum.01766-21	Characterization of Amino Acid Substitution W20S in MgrB Inv	False	False	False	covered	45	abstained		45	0	0	45	not_generated	FILLED	whole_field	tail25_49	FILLED	already closed
PRJEB42370	country	tail25_49	False	PMC12164281	europepmc_fulltext	True	True	https://doi.org/10.2807/1560-7917.es.2025.30.23.2400590	Beyond patient contact: combined short- and long read sequen	False	False	False	not_gated	0	abstained		0	0	0	0	not_generated	FILLED	not_gated	tail25_49	FILLED	already closed
PRJEB42370	collection_date	tail25_49	False	PMC12164281	europepmc_fulltext	True	True	https://doi.org/10.2807/1560-7917.es.2025.30.23.2400590	Beyond patient contact: combined short- and long read sequen	False	False	False	not_gated	0	abstained		0	0	0	0	not_generated	FILLED	not_gated	tail25_49	FILLED	already closed
PRJEB42370	isolation_source	tail25_49	False	PMC12164281	europepmc_fulltext	True	True	https://doi.org/10.2807/1560-7917.es.2025.30.23.2400590	Beyond patient contact: combined short- and long read sequen	False	False	False	not_gated	0	abstained		0	0	0	0	not_generated	FILLED	not_gated	tail25_49	FILLED	already closed
PRJEB42370	host	tail25_49	False	PMC12164281	europepmc_fulltext	True	True	https://doi.org/10.2807/1560-7917.es.2025.30.23.2400590	Beyond patient contact: combined short- and long read sequen	False	False	False	covered	34	abstained		34	0	0	34	not_generated	FILLED	whole_field	tail25_49	FILLED	already closed
PRJEB43549	country	tail25_49	False	PMC12164281	europepmc_fulltext	True	True	https://doi.org/10.2807/1560-7917.es.2025.30.23.2400590	Beyond patient contact: combined short- and long read sequen	False	False	False	not_gated	0	abstained		0	0	0	0	not_generated	FILLED	not_gated	tail25_49	FILLED	already closed
PRJEB43549	collection_date	tail25_49	False	PMC12164281	europepmc_fulltext	True	True	https://doi.org/10.2807/1560-7917.es.2025.30.23.2400590	Beyond patient contact: combined short- and long read sequen	False	False	False	not_gated	0	abstained		0	0	0	0	not_generated	FILLED	not_gated	tail25_49	FILLED	already closed
PRJEB43549	isolation_source	tail25_49	False	PMC12164281	europepmc_fulltext	True	True	https://doi.org/10.2807/1560-7917.es.2025.30.23.2400590	Beyond patient contact: combined short- and long read sequen	False	False	False	not_gated	0	abstained		0	0	0	0	not_generated	FILLED	not_gated	tail25_49	FILLED	already closed
PRJEB43549	host	tail25_49	False	PMC12164281	europepmc_fulltext	True	True	https://doi.org/10.2807/1560-7917.es.2025.30.23.2400590	Beyond patient contact: combined short- and long read sequen	False	False	False	covered	32	abstained		32	0	0	32	not_generated	FILLED	whole_field	tail25_49	FILLED	already closed
PRJEB43550	country	tail25_49	False	PMC12164281	europepmc_fulltext	True	True	https://doi.org/10.2807/1560-7917.es.2025.30.23.2400590	Beyond patient contact: combined short- and long read sequen	False	False	False	not_gated	0	abstained		0	0	0	0	not_generated	FILLED	not_gated	tail25_49	FILLED	already closed
PRJEB43550	collection_date	tail25_49	False	PMC12164281	europepmc_fulltext	True	True	https://doi.org/10.2807/1560-7917.es.2025.30.23.2400590	Beyond patient contact: combined short- and long read sequen	False	False	False	not_gated	0	abstained		0	0	0	0	not_generated	FILLED	not_gated	tail25_49	FILLED	already closed
PRJEB43550	isolation_source	tail25_49	False	PMC12164281	europepmc_fulltext	True	True	https://doi.org/10.2807/1560-7917.es.2025.30.23.2400590	Beyond patient contact: combined short- and long read sequen	False	False	False	not_gated	0	abstained		0	0	0	0	not_generated	FILLED	not_gated	tail25_49	FILLED	already closed
PRJEB43550	host	tail25_49	False	PMC12164281	europepmc_fulltext	True	True	https://doi.org/10.2807/1560-7917.es.2025.30.23.2400590	Beyond patient contact: combined short- and long read sequen	False	False	False	covered	30	abstained		30	0	0	30	not_generated	FILLED	whole_field	tail25_49	FILLED	already closed
PRJEB44852	country	tail25_49	False		pdf	True	True	https://doi.org/10.1007/s10096-021-04384-2	Diversity of carbapenem-resistant Klebsiella pneumoniae ST14	False	False	False	not_gated	0	NO_PMCID		0	0	0	0	not_generated	FILLED	not_gated	tail25_49	FILLED	already closed
PRJEB44852	collection_date	tail25_49	False		pdf	True	True	https://doi.org/10.1007/s10096-021-04384-2	Diversity of carbapenem-resistant Klebsiella pneumoniae ST14	False	False	False	residual_per_sample	29	NO_PMCID	NO_PMCID	0	0	0	29	not_generated	ACTIONABLE	fetch_supp_table	tail25_49	ACCEPTED	requested supplement not in folder — unavailable (all fetchable fetched)
PRJEB44852	isolation_source	tail25_49	False		pdf	True	True	https://doi.org/10.1007/s10096-021-04384-2	Diversity of carbapenem-resistant Klebsiella pneumoniae ST14	False	False	False	residual_per_sample	29	NO_PMCID	NO_PMCID	0	0	0	29	not_generated	ACTIONABLE	fetch_supp_table	tail25_49	ACCEPTED	requested supplement not in folder — unavailable (all fetchable fetched)
PRJEB44852	host	tail25_49	False		pdf	True	True	https://doi.org/10.1007/s10096-021-04384-2	Diversity of carbapenem-resistant Klebsiella pneumoniae ST14	False	False	False	covered	8	NO_PMCID		8	0	0	8	not_generated	FILLED	whole_field	tail25_49	FILLED	already closed
PRJEB44864	country	tail25_49	False	PMC9430602	europepmc_fulltext	True	True	https://doi.org/10.1128/spectrum.01009-22	Hypervariable-Locus Melting Typing: a Novel Approach for Mor	False	False	False	not_gated	0	direct		0	0	0	0	not_generated	FILLED	not_gated	tail25_49	FILLED	already closed
PRJEB44864	collection_date	tail25_49	False	PMC9430602	europepmc_fulltext	True	True	https://doi.org/10.1128/spectrum.01009-22	Hypervariable-Locus Melting Typing: a Novel Approach for Mor	False	False	False	not_gated	0	direct		0	18	0	0	not_generated	FILLED	not_gated	tail25_49	FILLED	already closed
PRJEB44864	isolation_source	tail25_49	False	PMC9430602	europepmc_fulltext	True	True	https://doi.org/10.1128/spectrum.01009-22	Hypervariable-Locus Melting Typing: a Novel Approach for Mor	False	False	False	not_gated	0	direct		0	0	0	0	not_generated	FILLED	not_gated	tail25_49	FILLED	already closed
PRJEB44864	host	tail25_49	False	PMC9430602	europepmc_fulltext	True	True	https://doi.org/10.1128/spectrum.01009-22	Hypervariable-Locus Melting Typing: a Novel Approach for Mor	False	False	False	covered	28	direct		28	0	0	28	not_generated	FILLED	whole_field	tail25_49	FILLED	already closed
PRJEB47075	country	tail25_49	False	PMC8605564	europepmc_fulltext	True	True	https://doi.org/10.1186/s12866-021-02388-8	Colistin resistance in Gram-negative bacteria analysed by fi	False	False	False	not_gated	0	abstained		0	0	0	0	not_generated	FILLED	not_gated	tail25_49	FILLED	already closed
PRJEB47075	collection_date	tail25_49	False	PMC8605564	europepmc_fulltext	True	True	https://doi.org/10.1186/s12866-021-02388-8	Colistin resistance in Gram-negative bacteria analysed by fi	False	False	False	residual_per_sample	10	abstained		0	0	0	10	not_generated	BLOCKED	needs_linkage	tail25_49	ACCEPTED	table has no ENA-mappable key (unanchored) or no per-isolate table exists
PRJEB47075	isolation_source	tail25_49	False	PMC8605564	europepmc_fulltext	True	True	https://doi.org/10.1186/s12866-021-02388-8	Colistin resistance in Gram-negative bacteria analysed by fi	False	False	False	residual_per_sample	13	abstained		0	0	0	13	not_generated	BLOCKED	needs_linkage	tail25_49	ACCEPTED	table has no ENA-mappable key (unanchored) or no per-isolate table exists
PRJEB47075	host	tail25_49	False	PMC8605564	europepmc_fulltext	True	True	https://doi.org/10.1186/s12866-021-02388-8	Colistin resistance in Gram-negative bacteria analysed by fi	False	False	False	covered	26	abstained		26	0	0	26	not_generated	FILLED	whole_field	tail25_49	FILLED	already closed
PRJEB50270	country	tail25_49	False	PMC9007738	europepmc_fulltext	True	True	https://doi.org/10.1038/s41592-022-01431-4	Critical Assessment of Metagenome Interpretation: the second	False	False	False	residual_per_sample	48	abstained		0	0	0	48	not_generated	BLOCKED	needs_linkage	tail25_49	ACCEPTED	table has no ENA-mappable key (unanchored) or no per-isolate table exists
PRJEB50270	collection_date	tail25_49	False	PMC9007738	europepmc_fulltext	True	True	https://doi.org/10.1038/s41592-022-01431-4	Critical Assessment of Metagenome Interpretation: the second	False	False	False	residual_per_sample	48	abstained		0	0	0	48	not_generated	BLOCKED	needs_linkage	tail25_49	ACCEPTED	table has no ENA-mappable key (unanchored) or no per-isolate table exists
PRJEB50270	isolation_source	tail25_49	False	PMC9007738	europepmc_fulltext	True	True	https://doi.org/10.1038/s41592-022-01431-4	Critical Assessment of Metagenome Interpretation: the second	False	False	False	residual_per_sample	48	abstained		0	0	0	48	not_generated	BLOCKED	needs_linkage	tail25_49	ACCEPTED	table has no ENA-mappable key (unanchored) or no per-isolate table exists
PRJEB50270	host	tail25_49	False	PMC9007738	europepmc_fulltext	True	True	https://doi.org/10.1038/s41592-022-01431-4	Critical Assessment of Metagenome Interpretation: the second	False	False	False	residual_per_sample	48	abstained		0	0	0	48	not_generated	BLOCKED	needs_linkage	tail25_49	ACCEPTED	table has no ENA-mappable key (unanchored) or no per-isolate table exists
PRJEB5132	country	tail25_49	True		none	False	False			False	False	False	residual_per_sample	32	NO_PMCID	NO_PMCID	0	0	0	32	not_generated	EXHAUSTED	no_paper_findable	tail25_49	EXHAUSTED	already closed
PRJEB5132	collection_date	tail25_49	True		none	False	False			False	False	False	residual_per_sample	32	NO_PMCID	NO_PMCID	0	0	0	32	not_generated	EXHAUSTED	no_paper_findable	tail25_49	EXHAUSTED	already closed
PRJEB5132	isolation_source	tail25_49	True		none	False	False			False	False	False	residual_per_sample	32	NO_PMCID	NO_PMCID	0	0	0	32	not_generated	EXHAUSTED	no_paper_findable	tail25_49	EXHAUSTED	already closed
PRJEB5132	host	tail25_49	True		none	False	False			False	False	False	residual_per_sample	32	NO_PMCID	NO_PMCID	0	0	0	32	not_generated	EXHAUSTED	no_paper_findable	tail25_49	EXHAUSTED	already closed
PRJEB54568	country	tail25_49	False	PMC9554532	europepmc_fulltext	True	True	https://doi.org/10.3389/fmicb.2022.1000787	Phenotypic and molecular characterization of IMP-producing E	False	False	False	not_gated	0	abstained		0	0	0	0	not_generated	FILLED	not_gated	tail25_49	FILLED	already closed
PRJEB54568	collection_date	tail25_49	False	PMC9554532	europepmc_fulltext	True	True	https://doi.org/10.3389/fmicb.2022.1000787	Phenotypic and molecular characterization of IMP-producing E	False	False	False	not_gated	0	abstained		0	0	0	0	not_generated	FILLED	not_gated	tail25_49	FILLED	already closed
PRJEB54568	isolation_source	tail25_49	False	PMC9554532	europepmc_fulltext	True	True	https://doi.org/10.3389/fmicb.2022.1000787	Phenotypic and molecular characterization of IMP-producing E	False	False	False	not_gated	0	abstained		0	0	0	0	not_generated	FILLED	not_gated	tail25_49	FILLED	already closed
PRJEB54568	host	tail25_49	False	PMC9554532	europepmc_fulltext	True	True	https://doi.org/10.3389/fmicb.2022.1000787	Phenotypic and molecular characterization of IMP-producing E	False	False	False	covered	26	abstained		26	0	0	26	not_generated	FILLED	whole_field	tail25_49	FILLED	already closed
PRJEB56212	country	tail25_49	False	PMC9960421	europepmc_fulltext	True	True	https://doi.org/10.3390/microorganisms11020525	Genomic Characterization of Multidrug-Resistant Extended Spe	False	False	False	covered	36	abstained		36	0	0	36	not_generated	FILLED	whole_field	tail25_49	FILLED	already closed
PRJEB56212	collection_date	tail25_49	False	PMC9960421	europepmc_fulltext	True	True	https://doi.org/10.3390/microorganisms11020525	Genomic Characterization of Multidrug-Resistant Extended Spe	False	False	False	residual_per_sample	36	abstained	no_supp	0	0	0	36	not_generated	ACTIONABLE	fetch_supp_table	tail25_49	ACCEPTED	requested supplement not in folder — unavailable (all fetchable fetched)
PRJEB56212	isolation_source	tail25_49	False	PMC9960421	europepmc_fulltext	True	True	https://doi.org/10.3390/microorganisms11020525	Genomic Characterization of Multidrug-Resistant Extended Spe	False	False	False	residual_per_sample	36	abstained	no_supp	0	0	0	36	not_generated	ACTIONABLE	fetch_supp_table	tail25_49	ACCEPTED	requested supplement not in folder — unavailable (all fetchable fetched)
PRJEB56212	host	tail25_49	False	PMC9960421	europepmc_fulltext	True	True	https://doi.org/10.3390/microorganisms11020525	Genomic Characterization of Multidrug-Resistant Extended Spe	False	False	False	covered	36	abstained		36	0	0	36	not_generated	FILLED	whole_field	tail25_49	FILLED	already closed
PRJEB59013	country	tail25_49	True		none	False	False			False	False	False	not_gated	0	NO_PMCID		0	0	0	0	not_generated	FILLED	not_gated	tail25_49	FILLED	already closed
PRJEB59013	collection_date	tail25_49	True		none	False	False			False	False	False	not_gated	0	NO_PMCID		0	0	0	0	not_generated	FILLED	not_gated	tail25_49	FILLED	already closed
PRJEB59013	isolation_source	tail25_49	True		none	False	False			False	False	False	not_gated	0	NO_PMCID		0	0	0	0	not_generated	FILLED	not_gated	tail25_49	FILLED	already closed
PRJEB59013	host	tail25_49	True		none	False	False			False	False	False	covered	42	NO_PMCID		42	0	0	42	not_generated	FILLED	whole_field	tail25_49	FILLED	already closed
PRJEB59858	country	tail25_49	False	PMC10021837	europepmc_fulltext	True	True	https://doi.org/10.1371/journal.pgph.0000875	Clinical and laboratory factors associated with neonatal sep	False	False	False	not_gated	0	abstained		0	0	0	0	not_generated	FILLED	not_gated	tail25_49	FILLED	already closed
PRJEB59858	collection_date	tail25_49	False	PMC10021837	europepmc_fulltext	True	True	https://doi.org/10.1371/journal.pgph.0000875	Clinical and laboratory factors associated with neonatal sep	False	False	False	covered	28	abstained		28	0	0	28	not_generated	FILLED	whole_field	tail25_49	FILLED	already closed
PRJEB59858	isolation_source	tail25_49	False	PMC10021837	europepmc_fulltext	True	True	https://doi.org/10.1371/journal.pgph.0000875	Clinical and laboratory factors associated with neonatal sep	False	False	False	not_gated	0	abstained		0	0	0	0	not_generated	FILLED	not_gated	tail25_49	FILLED	already closed
PRJEB59858	host	tail25_49	False	PMC10021837	europepmc_fulltext	True	True	https://doi.org/10.1371/journal.pgph.0000875	Clinical and laboratory factors associated with neonatal sep	False	False	False	covered	28	abstained		28	0	0	28	not_generated	FILLED	whole_field	tail25_49	FILLED	already closed
PRJEB60478	country	tail25_49	False	PMC8060595	europepmc_fulltext	True	True	https://doi.org/10.1016/j.csbj.2021.03.027	AMR-Diag: Neural network based genotype-to-phenotype predict	False	False	False	residual_per_sample	41	abstained		0	0	0	41	not_generated	BLOCKED	needs_linkage	tail25_49	ACCEPTED	table has no ENA-mappable key (unanchored) or no per-isolate table exists
PRJEB60478	collection_date	tail25_49	False	PMC8060595	europepmc_fulltext	True	True	https://doi.org/10.1016/j.csbj.2021.03.027	AMR-Diag: Neural network based genotype-to-phenotype predict	False	False	False	residual_per_sample	41	abstained		0	0	0	41	not_generated	BLOCKED	needs_linkage	tail25_49	ACCEPTED	table has no ENA-mappable key (unanchored) or no per-isolate table exists
PRJEB60478	isolation_source	tail25_49	False	PMC8060595	europepmc_fulltext	True	True	https://doi.org/10.1016/j.csbj.2021.03.027	AMR-Diag: Neural network based genotype-to-phenotype predict	False	False	False	residual_per_sample	41	abstained		0	0	0	41	not_generated	BLOCKED	needs_linkage	tail25_49	ACCEPTED	table has no ENA-mappable key (unanchored) or no per-isolate table exists
PRJEB60478	host	tail25_49	False	PMC8060595	europepmc_fulltext	True	True	https://doi.org/10.1016/j.csbj.2021.03.027	AMR-Diag: Neural network based genotype-to-phenotype predict	False	False	False	covered	41	abstained		41	0	0	41	not_generated	FILLED	whole_field	tail25_49	FILLED	already closed
PRJEB60743	country	tail25_49	False		local_pdf	True	True	https://doi.org/10.1016/j.jgar.2023.06.002	Genotypic characterisation of carbapenemase-producing organi	True	True	False	covered	38	NO_PMCID		38	0	0	38	not_generated	FILLED	whole_field	tail25_49	FILLED	already closed
PRJEB60743	collection_date	tail25_49	False		local_pdf	True	True	https://doi.org/10.1016/j.jgar.2023.06.002	Genotypic characterisation of carbapenemase-producing organi	True	True	False	covered	38	NO_PMCID		38	0	0	38	not_generated	FILLED	whole_field	tail25_49	FILLED	already closed
PRJEB60743	isolation_source	tail25_49	False		local_pdf	True	True	https://doi.org/10.1016/j.jgar.2023.06.002	Genotypic characterisation of carbapenemase-producing organi	True	True	False	residual_per_sample	38	NO_PMCID	NO_PMCID	0	0	0	38	not_generated	EXHAUSTED	NO_PMCID	tail25_49	EXHAUSTED	already closed
PRJEB60743	host	tail25_49	False		local_pdf	True	True	https://doi.org/10.1016/j.jgar.2023.06.002	Genotypic characterisation of carbapenemase-producing organi	True	True	False	covered	38	NO_PMCID		38	0	0	38	not_generated	FILLED	whole_field	tail25_49	FILLED	already closed
PRJEB62836	country	tail25_49	False	PMC11092894	europepmc_fulltext	True	True	https://doi.org/10.3389/fmicb.2024.1365011	Decoding <i>Klebsiella pneumoniae</i> in poultry chain: unve	False	False	False	not_gated	0	direct		0	0	0	0	not_generated	FILLED	not_gated	tail25_49	FILLED	already closed
PRJEB62836	collection_date	tail25_49	False	PMC11092894	europepmc_fulltext	True	True	https://doi.org/10.3389/fmicb.2024.1365011	Decoding <i>Klebsiella pneumoniae</i> in poultry chain: unve	False	False	False	not_gated	0	direct		0	0	0	0	not_generated	FILLED	not_gated	tail25_49	FILLED	already closed
PRJEB62836	isolation_source	tail25_49	False	PMC11092894	europepmc_fulltext	True	True	https://doi.org/10.3389/fmicb.2024.1365011	Decoding <i>Klebsiella pneumoniae</i> in poultry chain: unve	False	False	False	not_gated	0	direct		0	0	0	0	not_generated	FILLED	not_gated	tail25_49	FILLED	already closed
PRJEB62836	host	tail25_49	False	PMC11092894	europepmc_fulltext	True	True	https://doi.org/10.3389/fmicb.2024.1365011	Decoding <i>Klebsiella pneumoniae</i> in poultry chain: unve	False	False	False	covered	48	direct		0	48	0	0	not_generated	FILLED	whole_field	tail25_49	FILLED	already closed
PRJEB64632	country	tail25_49	False	PMC10915899	europepmc_fulltext	True	True	https://doi.org/10.1093/jacamr/dlae021	Carbapenem- and cefiderocol-resistant <i>Enterobacterales</i	False	False	False	not_gated	0	abstained		0	0	0	0	not_generated	FILLED	not_gated	tail25_49	FILLED	already closed
PRJEB64632	collection_date	tail25_49	False	PMC10915899	europepmc_fulltext	True	True	https://doi.org/10.1093/jacamr/dlae021	Carbapenem- and cefiderocol-resistant <i>Enterobacterales</i	False	False	False	not_gated	0	abstained		0	0	0	0	not_generated	FILLED	not_gated	tail25_49	FILLED	already closed
PRJEB64632	isolation_source	tail25_49	False	PMC10915899	europepmc_fulltext	True	True	https://doi.org/10.1093/jacamr/dlae021	Carbapenem- and cefiderocol-resistant <i>Enterobacterales</i	False	False	False	not_gated	0	abstained		0	0	0	0	not_generated	FILLED	not_gated	tail25_49	FILLED	already closed
PRJEB64632	host	tail25_49	False	PMC10915899	europepmc_fulltext	True	True	https://doi.org/10.1093/jacamr/dlae021	Carbapenem- and cefiderocol-resistant <i>Enterobacterales</i	False	False	False	covered	30	abstained		30	0	0	30	not_generated	FILLED	whole_field	tail25_49	FILLED	already closed
PRJEB64775	country	tail25_49	False	PMC10829384	europepmc_fulltext	True	True	https://doi.org/10.1186/s13756-024-01370-z	Clinically relevant sequence types of carbapenemase-producin	False	False	False	not_gated	0	abstained		0	0	0	0	not_generated	FILLED	not_gated	tail25_49	FILLED	already closed
PRJEB64775	collection_date	tail25_49	False	PMC10829384	europepmc_fulltext	True	True	https://doi.org/10.1186/s13756-024-01370-z	Clinically relevant sequence types of carbapenemase-producin	False	False	False	not_gated	0	abstained		0	0	0	0	not_generated	FILLED	not_gated	tail25_49	FILLED	already closed
PRJEB64775	isolation_source	tail25_49	False	PMC10829384	europepmc_fulltext	True	True	https://doi.org/10.1186/s13756-024-01370-z	Clinically relevant sequence types of carbapenemase-producin	False	False	False	covered	25	abstained		25	0	0	25	not_generated	FILLED	whole_field	tail25_49	FILLED	already closed
PRJEB64775	host	tail25_49	False	PMC10829384	europepmc_fulltext	True	True	https://doi.org/10.1186/s13756-024-01370-z	Clinically relevant sequence types of carbapenemase-producin	False	False	False	covered	25	abstained		25	0	0	25	not_generated	FILLED	whole_field	tail25_49	FILLED	already closed
PRJEB6688	country	tail25_49	False	PMC4214299	europepmc_fulltext	True	True	https://doi.org/10.3201/eid2011.140206	Genomic definition of hypervirulent and multidrug-resistant 	False	False	False	residual_per_sample	38	abstained	no_supp	0	0	0	38	not_generated	ACTIONABLE	fetch_supp_table	tail25_49	ACCEPTED	requested supplement not in folder — unavailable (all fetchable fetched)
PRJEB6688	collection_date	tail25_49	False	PMC4214299	europepmc_fulltext	True	True	https://doi.org/10.3201/eid2011.140206	Genomic definition of hypervirulent and multidrug-resistant 	False	False	False	covered	38	abstained		38	0	0	38	not_generated	FILLED	whole_field	tail25_49	FILLED	already closed
PRJEB6688	isolation_source	tail25_49	False	PMC4214299	europepmc_fulltext	True	True	https://doi.org/10.3201/eid2011.140206	Genomic definition of hypervirulent and multidrug-resistant 	False	False	False	residual_per_sample	38	abstained	no_supp	0	0	0	38	not_generated	ACTIONABLE	fetch_supp_table	tail25_49	ACCEPTED	requested supplement not in folder — unavailable (all fetchable fetched)
PRJEB6688	host	tail25_49	False	PMC4214299	europepmc_fulltext	True	True	https://doi.org/10.3201/eid2011.140206	Genomic definition of hypervirulent and multidrug-resistant 	False	False	False	covered	38	abstained		38	0	0	38	not_generated	FILLED	whole_field	tail25_49	FILLED	already closed
PRJEB67940	country	tail25_49	False	PMC10924313	europepmc_fulltext	True	True	https://doi.org/10.1186/s13756-024-01386-5	Uncovering the spread of drug-resistant bacteria through nex	False	False	False	not_gated	0	direct		0	0	0	0	not_generated	FILLED	not_gated	tail25_49	FILLED	already closed
PRJEB67940	collection_date	tail25_49	False	PMC10924313	europepmc_fulltext	True	True	https://doi.org/10.1186/s13756-024-01386-5	Uncovering the spread of drug-resistant bacteria through nex	False	False	False	not_gated	0	direct		0	0	0	0	not_generated	FILLED	not_gated	tail25_49	FILLED	already closed
PRJEB67940	isolation_source	tail25_49	False	PMC10924313	europepmc_fulltext	True	True	https://doi.org/10.1186/s13756-024-01386-5	Uncovering the spread of drug-resistant bacteria through nex	False	False	False	covered	36	direct		0	36	0	0	not_generated	FILLED	whole_field	tail25_49	FILLED	already closed
PRJEB67940	host	tail25_49	False	PMC10924313	europepmc_fulltext	True	True	https://doi.org/10.1186/s13756-024-01386-5	Uncovering the spread of drug-resistant bacteria through nex	False	False	False	not_gated	0	direct		0	0	0	0	not_generated	FILLED	not_gated	tail25_49	FILLED	already closed
PRJEB73547	country	tail25_49	True		none	False	False			False	False	False	not_gated	0	NO_PMCID		0	0	0	0	not_generated	FILLED	not_gated	tail25_49	FILLED	already closed
PRJEB73547	collection_date	tail25_49	True		none	False	False			False	False	False	not_gated	0	NO_PMCID		0	0	0	0	not_generated	FILLED	not_gated	tail25_49	FILLED	already closed
PRJEB73547	isolation_source	tail25_49	True		none	False	False			False	False	False	residual_per_sample	31	NO_PMCID	NO_PMCID	0	0	0	31	not_generated	EXHAUSTED	no_paper_findable	tail25_49	EXHAUSTED	already closed
PRJEB73547	host	tail25_49	True		none	False	False			False	False	False	residual_per_sample	31	NO_PMCID	NO_PMCID	0	0	0	31	not_generated	EXHAUSTED	no_paper_findable	tail25_49	EXHAUSTED	already closed
PRJEB76256	country	tail25_49	False	PMC11760810	europepmc_fulltext	True	True	https://doi.org/10.1016/j.infpip.2024.100430	Hospital toilets and drainage systems as a reservoir for a l	False	False	False	not_gated	0	direct		0	0	0	0	not_generated	FILLED	not_gated	tail25_49	FILLED	already closed
PRJEB76256	collection_date	tail25_49	False	PMC11760810	europepmc_fulltext	True	True	https://doi.org/10.1016/j.infpip.2024.100430	Hospital toilets and drainage systems as a reservoir for a l	False	False	False	not_gated	0	direct		0	30	0	0	not_generated	FILLED	not_gated	tail25_49	FILLED	already closed
PRJEB76256	isolation_source	tail25_49	False	PMC11760810	europepmc_fulltext	True	True	https://doi.org/10.1016/j.infpip.2024.100430	Hospital toilets and drainage systems as a reservoir for a l	False	False	False	covered	30	direct		0	30	0	0	not_generated	FILLED	whole_field	tail25_49	FILLED	already closed
PRJEB76256	host	tail25_49	False	PMC11760810	europepmc_fulltext	True	True	https://doi.org/10.1016/j.infpip.2024.100430	Hospital toilets and drainage systems as a reservoir for a l	False	False	False	covered	30	direct		0	29	0	1	not_generated	FILLED	whole_field	tail25_49	FILLED	already closed
PRJEB76311	country	tail25_49	False	PMC11471225	europepmc_fulltext	True	True	https://doi.org/10.1016/j.onehlt.2024.100904	Exploring AMR and virulence in <i>Klebsiella pneumoniae</i> 	False	False	False	not_gated	0	direct		0	0	0	0	not_generated	FILLED	not_gated	tail25_49	FILLED	already closed
PRJEB76311	collection_date	tail25_49	False	PMC11471225	europepmc_fulltext	True	True	https://doi.org/10.1016/j.onehlt.2024.100904	Exploring AMR and virulence in <i>Klebsiella pneumoniae</i> 	False	False	False	not_gated	0	direct		0	48	0	0	not_generated	FILLED	not_gated	tail25_49	FILLED	already closed
PRJEB76311	isolation_source	tail25_49	False	PMC11471225	europepmc_fulltext	True	True	https://doi.org/10.1016/j.onehlt.2024.100904	Exploring AMR and virulence in <i>Klebsiella pneumoniae</i> 	False	False	False	not_gated	0	direct		0	0	0	0	not_generated	FILLED	not_gated	tail25_49	FILLED	already closed
PRJEB76311	host	tail25_49	False	PMC11471225	europepmc_fulltext	True	True	https://doi.org/10.1016/j.onehlt.2024.100904	Exploring AMR and virulence in <i>Klebsiella pneumoniae</i> 	False	False	False	covered	49	direct		0	49	0	0	not_generated	FILLED	whole_field	tail25_49	FILLED	already closed
PRJEB76496	country	tail25_49	False	PMC11834398	europepmc_fulltext	True	True	https://doi.org/10.1128/msystems.01128-24	Tracking clonal and plasmid transmission in colistin- and ca	False	False	False	not_gated	0	direct		0	0	0	0	not_generated	FILLED	not_gated	tail25_49	FILLED	already closed
PRJEB76496	collection_date	tail25_49	False	PMC11834398	europepmc_fulltext	True	True	https://doi.org/10.1128/msystems.01128-24	Tracking clonal and plasmid transmission in colistin- and ca	False	False	False	not_gated	0	direct		0	46	0	0	not_generated	FILLED	not_gated	tail25_49	FILLED	already closed
PRJEB76496	isolation_source	tail25_49	False	PMC11834398	europepmc_fulltext	True	True	https://doi.org/10.1128/msystems.01128-24	Tracking clonal and plasmid transmission in colistin- and ca	False	False	False	not_gated	0	direct		0	0	0	0	not_generated	FILLED	not_gated	tail25_49	FILLED	already closed
PRJEB76496	host	tail25_49	False	PMC11834398	europepmc_fulltext	True	True	https://doi.org/10.1128/msystems.01128-24	Tracking clonal and plasmid transmission in colistin- and ca	False	False	False	covered	46	direct		46	0	0	46	not_generated	FILLED	whole_field	tail25_49	FILLED	already closed
PRJEB8766	country	tail25_49	False	PMC6938978	europepmc_fulltext	True	True	https://doi.org/10.1093/cid/ciz174	A One Health Study of the Genetic Relatedness of Klebsiella 	False	False	False	covered	19	direct		19	0	0	19	not_generated	FILLED	whole_field	tail25_49	FILLED	already closed
PRJEB8766	collection_date	tail25_49	False	PMC6938978	europepmc_fulltext	True	True	https://doi.org/10.1093/cid/ciz174	A One Health Study of the Genetic Relatedness of Klebsiella 	False	False	False	covered	19	direct		19	0	0	19	not_generated	FILLED	whole_field	tail25_49	FILLED	already closed
PRJEB8766	isolation_source	tail25_49	False	PMC6938978	europepmc_fulltext	True	True	https://doi.org/10.1093/cid/ciz174	A One Health Study of the Genetic Relatedness of Klebsiella 	False	False	False	covered	19	direct		0	24	0	0	not_generated	FILLED	whole_field	tail25_49	FILLED	already closed
PRJEB8766	host	tail25_49	False	PMC6938978	europepmc_fulltext	True	True	https://doi.org/10.1093/cid/ciz174	A One Health Study of the Genetic Relatedness of Klebsiella 	False	False	False	covered	44	direct		20	24	0	20	not_generated	FILLED	whole_field	tail25_49	FILLED	already closed
PRJEB8776	country	tail25_49	False	PMC6938978	europepmc_fulltext	True	True	https://doi.org/10.1093/cid/ciz174	A One Health Study of the Genetic Relatedness of Klebsiella 	False	False	False	not_gated	0			0	0	0	0	not_generated	FILLED	not_gated	tail25_49	FILLED	already closed
PRJEB8776	collection_date	tail25_49	False	PMC6938978	europepmc_fulltext	True	True	https://doi.org/10.1093/cid/ciz174	A One Health Study of the Genetic Relatedness of Klebsiella 	False	False	False	not_gated	0			0	0	0	0	not_generated	FILLED	not_gated	tail25_49	FILLED	already closed
PRJEB8776	isolation_source	tail25_49	False	PMC6938978	europepmc_fulltext	True	True	https://doi.org/10.1093/cid/ciz174	A One Health Study of the Genetic Relatedness of Klebsiella 	False	False	False	not_gated	0			0	0	0	0	not_generated	FILLED	not_gated	tail25_49	FILLED	already closed
PRJEB8776	host	tail25_49	False	PMC6938978	europepmc_fulltext	True	True	https://doi.org/10.1093/cid/ciz174	A One Health Study of the Genetic Relatedness of Klebsiella 	False	False	False	not_gated	0			0	0	0	0	not_generated	FILLED	not_gated	tail25_49	FILLED	already closed
PRJEB9147	country	tail25_49	False	PMC4896371	europepmc_fulltext	True	True	https://doi.org/10.1093/bioinformatics/btw022	The TraDIS toolkit: sequencing and analysis for dense transp	False	False	False	residual_per_sample	25	abstained	no_supp	0	0	0	25	not_generated	EXHAUSTED	paper_has_no_table	tail25_49	EXHAUSTED	already closed
PRJEB9147	collection_date	tail25_49	False	PMC4896371	europepmc_fulltext	True	True	https://doi.org/10.1093/bioinformatics/btw022	The TraDIS toolkit: sequencing and analysis for dense transp	False	False	False	residual_per_sample	25	abstained	no_supp	0	0	0	25	not_generated	EXHAUSTED	paper_has_no_table	tail25_49	EXHAUSTED	already closed
PRJEB9147	isolation_source	tail25_49	False	PMC4896371	europepmc_fulltext	True	True	https://doi.org/10.1093/bioinformatics/btw022	The TraDIS toolkit: sequencing and analysis for dense transp	False	False	False	residual_per_sample	25	abstained	no_supp	0	0	0	25	not_generated	EXHAUSTED	paper_has_no_table	tail25_49	EXHAUSTED	already closed
PRJEB9147	host	tail25_49	False	PMC4896371	europepmc_fulltext	True	True	https://doi.org/10.1093/bioinformatics/btw022	The TraDIS toolkit: sequencing and analysis for dense transp	False	False	False	residual_per_sample	25	abstained	no_supp	0	0	0	25	not_generated	EXHAUSTED	paper_has_no_table	tail25_49	EXHAUSTED	already closed
PRJEB9327	country	tail25_49	False	PMC4431171	europepmc_fulltext	True	True	https://doi.org/10.1136/bmjopen-2014-007397	What caused the outbreak of ESBL-producing Klebsiella pneumo	False	False	False	not_gated	0			0	0	0	0	not_generated	FILLED	not_gated	tail25_49	FILLED	already closed
PRJEB9327	collection_date	tail25_49	False	PMC4431171	europepmc_fulltext	True	True	https://doi.org/10.1136/bmjopen-2014-007397	What caused the outbreak of ESBL-producing Klebsiella pneumo	False	False	False	not_gated	0			0	0	0	0	not_generated	FILLED	not_gated	tail25_49	FILLED	already closed
PRJEB9327	isolation_source	tail25_49	False	PMC4431171	europepmc_fulltext	True	True	https://doi.org/10.1136/bmjopen-2014-007397	What caused the outbreak of ESBL-producing Klebsiella pneumo	False	False	False	not_gated	0			0	0	0	0	not_generated	FILLED	not_gated	tail25_49	FILLED	already closed
PRJEB9327	host	tail25_49	False	PMC4431171	europepmc_fulltext	True	True	https://doi.org/10.1136/bmjopen-2014-007397	What caused the outbreak of ESBL-producing Klebsiella pneumo	False	False	False	not_gated	0			0	0	0	0	not_generated	FILLED	not_gated	tail25_49	FILLED	already closed
PRJNA1000963	country	tail25_49	False	PMC8084501	europepmc_fulltext	True	True	https://doi.org/10.3201/eid2705.203662	Characteristics and Clinical Implications of Carbapenemase-P	False	False	False	covered	40	abstained		40	0	0	40	not_generated	FILLED	whole_field	tail25_49	FILLED	already closed
PRJNA1000963	collection_date	tail25_49	False	PMC8084501	europepmc_fulltext	True	True	https://doi.org/10.3201/eid2705.203662	Characteristics and Clinical Implications of Carbapenemase-P	False	False	False	residual_per_sample	40	abstained		0	0	0	40	not_generated	BLOCKED	needs_linkage	tail25_49	ACCEPTED	table has no ENA-mappable key (unanchored) or no per-isolate table exists
PRJNA1000963	isolation_source	tail25_49	False	PMC8084501	europepmc_fulltext	True	True	https://doi.org/10.3201/eid2705.203662	Characteristics and Clinical Implications of Carbapenemase-P	False	False	False	residual_per_sample	40	abstained		0	0	0	40	not_generated	BLOCKED	needs_linkage	tail25_49	ACCEPTED	table has no ENA-mappable key (unanchored) or no per-isolate table exists
PRJNA1000963	host	tail25_49	False	PMC8084501	europepmc_fulltext	True	True	https://doi.org/10.3201/eid2705.203662	Characteristics and Clinical Implications of Carbapenemase-P	False	False	False	covered	40	abstained		40	0	0	40	not_generated	FILLED	whole_field	tail25_49	FILLED	already closed
PRJNA1045567	country	tail25_49	True		none	False	False			False	False	False	not_gated	0			0	0	0	0	not_generated	FILLED	not_gated	tail25_49	FILLED	already closed
PRJNA1045567	collection_date	tail25_49	True		none	False	False			False	False	False	not_gated	0			0	0	0	0	not_generated	FILLED	not_gated	tail25_49	FILLED	already closed
PRJNA1045567	isolation_source	tail25_49	True		none	False	False			False	False	False	not_gated	0			0	0	0	0	not_generated	FILLED	not_gated	tail25_49	FILLED	already closed
PRJNA1045567	host	tail25_49	True		none	False	False			False	False	False	not_gated	0			0	0	0	0	not_generated	FILLED	not_gated	tail25_49	FILLED	already closed
PRJNA1055729	country	tail25_49	False	PMC11237601	europepmc_fulltext	True	True	https://doi.org/10.1128/jcm.01725-23	Core genome multilocus sequence typing (cgMLST) applicable t	False	False	False	not_gated	0			0	0	0	0	not_generated	FILLED	not_gated	tail25_49	FILLED	already closed
PRJNA1055729	collection_date	tail25_49	False	PMC11237601	europepmc_fulltext	True	True	https://doi.org/10.1128/jcm.01725-23	Core genome multilocus sequence typing (cgMLST) applicable t	False	False	False	not_gated	0			0	0	0	0	not_generated	FILLED	not_gated	tail25_49	FILLED	already closed
PRJNA1055729	isolation_source	tail25_49	False	PMC11237601	europepmc_fulltext	True	True	https://doi.org/10.1128/jcm.01725-23	Core genome multilocus sequence typing (cgMLST) applicable t	False	False	False	not_gated	0			0	0	0	0	not_generated	FILLED	not_gated	tail25_49	FILLED	already closed
PRJNA1055729	host	tail25_49	False	PMC11237601	europepmc_fulltext	True	True	https://doi.org/10.1128/jcm.01725-23	Core genome multilocus sequence typing (cgMLST) applicable t	False	False	False	not_gated	0			0	0	0	0	not_generated	FILLED	not_gated	tail25_49	FILLED	already closed
PRJNA1071125	country	tail25_49	False	PMC11492754	europepmc_fulltext	True	True	https://doi.org/10.1186/s12864-024-10661-z	Comparison of genotypic features between two groups of antib	False	False	False	covered	27	abstained		27	0	0	27	not_generated	FILLED	whole_field	tail25_49	FILLED	already closed
PRJNA1071125	collection_date	tail25_49	False	PMC11492754	europepmc_fulltext	True	True	https://doi.org/10.1186/s12864-024-10661-z	Comparison of genotypic features between two groups of antib	False	False	False	covered	27	abstained		27	0	0	27	not_generated	FILLED	whole_field	tail25_49	FILLED	already closed
PRJNA1071125	isolation_source	tail25_49	False	PMC11492754	europepmc_fulltext	True	True	https://doi.org/10.1186/s12864-024-10661-z	Comparison of genotypic features between two groups of antib	False	False	False	residual_per_sample	27	abstained		0	0	0	27	not_generated	BLOCKED	needs_linkage	tail25_49	ACCEPTED	table has no ENA-mappable key (unanchored) or no per-isolate table exists
PRJNA1071125	host	tail25_49	False	PMC11492754	europepmc_fulltext	True	True	https://doi.org/10.1186/s12864-024-10661-z	Comparison of genotypic features between two groups of antib	False	False	False	covered	27	abstained		27	0	0	27	not_generated	FILLED	whole_field	tail25_49	FILLED	already closed
PRJNA1085970	country	tail25_49	False	PMC11541224	europepmc_fulltext	True	True	https://doi.org/10.1099/mgen.0.001299	Genomic study substantiates the intensive care unit as a res	False	False	False	not_gated	0			0	0	0	0	not_generated	FILLED	not_gated	tail25_49	FILLED	already closed
PRJNA1085970	collection_date	tail25_49	False	PMC11541224	europepmc_fulltext	True	True	https://doi.org/10.1099/mgen.0.001299	Genomic study substantiates the intensive care unit as a res	False	False	False	not_gated	0			0	0	0	0	not_generated	FILLED	not_gated	tail25_49	FILLED	already closed
PRJNA1085970	isolation_source	tail25_49	False	PMC11541224	europepmc_fulltext	True	True	https://doi.org/10.1099/mgen.0.001299	Genomic study substantiates the intensive care unit as a res	False	False	False	not_gated	0			0	0	0	0	not_generated	FILLED	not_gated	tail25_49	FILLED	already closed
PRJNA1085970	host	tail25_49	False	PMC11541224	europepmc_fulltext	True	True	https://doi.org/10.1099/mgen.0.001299	Genomic study substantiates the intensive care unit as a res	False	False	False	not_gated	0			0	0	0	0	not_generated	FILLED	not_gated	tail25_49	FILLED	already closed
PRJNA1092272	country	tail25_49	False	PMC11369815	europepmc_fulltext	True	True	https://doi.org/10.1093/jacamr/dlae140	Genomic epidemiology and longitudinal sampling of ward waste	False	False	False	covered	42	abstained		42	0	0	42	not_generated	FILLED	whole_field	tail25_49	FILLED	already closed
PRJNA1092272	collection_date	tail25_49	False	PMC11369815	europepmc_fulltext	True	True	https://doi.org/10.1093/jacamr/dlae140	Genomic epidemiology and longitudinal sampling of ward waste	False	False	False	covered	42	abstained		42	0	0	42	not_generated	FILLED	whole_field	tail25_49	FILLED	already closed
PRJNA1092272	isolation_source	tail25_49	False	PMC11369815	europepmc_fulltext	True	True	https://doi.org/10.1093/jacamr/dlae140	Genomic epidemiology and longitudinal sampling of ward waste	False	False	False	residual_per_sample	42	abstained	no_supp	0	0	0	42	not_generated	ACTIONABLE	fetch_supp_table	tail25_49	ACCEPTED	requested supplement not in folder — unavailable (all fetchable fetched)
PRJNA1092272	host	tail25_49	False	PMC11369815	europepmc_fulltext	True	True	https://doi.org/10.1093/jacamr/dlae140	Genomic epidemiology and longitudinal sampling of ward waste	False	False	False	residual_per_sample	42	abstained	no_supp	0	0	0	42	not_generated	ACTIONABLE	fetch_supp_table	tail25_49	ACCEPTED	requested supplement not in folder — unavailable (all fetchable fetched)
PRJNA1092662	country	tail25_49	True		none	False	False			False	False	False	covered	21	NO_PMCID		21	0	0	21	not_generated	FILLED	whole_field	tail25_49	FILLED	already closed
PRJNA1092662	collection_date	tail25_49	True		none	False	False			False	False	False	residual_per_sample	21	NO_PMCID	NO_PMCID	0	0	0	21	not_generated	EXHAUSTED	no_paper_findable	tail25_49	EXHAUSTED	already closed
PRJNA1092662	isolation_source	tail25_49	True		none	False	False			False	False	False	residual_per_sample	21	NO_PMCID	NO_PMCID	0	0	0	21	not_generated	EXHAUSTED	no_paper_findable	tail25_49	EXHAUSTED	already closed
PRJNA1092662	host	tail25_49	True		none	False	False			False	False	False	residual_per_sample	46	NO_PMCID	NO_PMCID	0	0	0	46	not_generated	EXHAUSTED	no_paper_findable	tail25_49	EXHAUSTED	already closed
PRJNA1102315	country	tail25_49	False	PMC11635258	europepmc_fulltext	True	True	https://doi.org/10.21037/jtd-24-1148	A single-center retrospective study of the molecular epidemi	False	False	False	not_gated	0			0	0	0	0	not_generated	FILLED	not_gated	tail25_49	FILLED	already closed
PRJNA1102315	collection_date	tail25_49	False	PMC11635258	europepmc_fulltext	True	True	https://doi.org/10.21037/jtd-24-1148	A single-center retrospective study of the molecular epidemi	False	False	False	not_gated	0			0	0	0	0	not_generated	FILLED	not_gated	tail25_49	FILLED	already closed
PRJNA1102315	isolation_source	tail25_49	False	PMC11635258	europepmc_fulltext	True	True	https://doi.org/10.21037/jtd-24-1148	A single-center retrospective study of the molecular epidemi	False	False	False	not_gated	0			0	0	0	0	not_generated	FILLED	not_gated	tail25_49	FILLED	already closed
PRJNA1102315	host	tail25_49	False	PMC11635258	europepmc_fulltext	True	True	https://doi.org/10.21037/jtd-24-1148	A single-center retrospective study of the molecular epidemi	False	False	False	not_gated	0			0	0	0	0	not_generated	FILLED	not_gated	tail25_49	FILLED	already closed
PRJNA1114318	country	tail25_49	False	PMC11616059	europepmc_fulltext	True	True	https://doi.org/10.1016/j.lanwpc.2024.101234	Successful management of a multi-species outbreak of carbape	False	False	False	covered	33	direct		33	0	0	33	not_generated	FILLED	whole_field	tail25_49	FILLED	already closed
PRJNA1114318	collection_date	tail25_49	False	PMC11616059	europepmc_fulltext	True	True	https://doi.org/10.1016/j.lanwpc.2024.101234	Successful management of a multi-species outbreak of carbape	False	False	False	covered	33	direct		0	33	0	0	not_generated	FILLED	whole_field	tail25_49	FILLED	already closed
PRJNA1114318	isolation_source	tail25_49	False	PMC11616059	europepmc_fulltext	True	True	https://doi.org/10.1016/j.lanwpc.2024.101234	Successful management of a multi-species outbreak of carbape	False	False	False	residual_per_sample	33	direct	field_not_in_table	0	0	0	33	not_generated	EXHAUSTED	field_not_in_table	tail25_49	EXHAUSTED	already closed
PRJNA1114318	host	tail25_49	False	PMC11616059	europepmc_fulltext	True	True	https://doi.org/10.1016/j.lanwpc.2024.101234	Successful management of a multi-species outbreak of carbape	False	False	False	covered	33	direct		33	0	0	33	not_generated	FILLED	whole_field	tail25_49	FILLED	already closed
PRJNA1122997	country	tail25_49	False	PMC12951928	europepmc_fulltext	True	True	https://doi.org/10.1186/s12866-026-04741-1	Ambler class C-type β-lactamases and porin alterations in En	False	False	False	not_gated	0	direct		0	0	0	0	not_generated	FILLED	not_gated	tail25_49	FILLED	already closed
PRJNA1122997	collection_date	tail25_49	False	PMC12951928	europepmc_fulltext	True	True	https://doi.org/10.1186/s12866-026-04741-1	Ambler class C-type β-lactamases and porin alterations in En	False	False	False	not_gated	0	direct		0	0	0	0	not_generated	FILLED	not_gated	tail25_49	FILLED	already closed
PRJNA1122997	isolation_source	tail25_49	False	PMC12951928	europepmc_fulltext	True	True	https://doi.org/10.1186/s12866-026-04741-1	Ambler class C-type β-lactamases and porin alterations in En	False	False	False	covered	29	direct		0	28	0	1	not_generated	FILLED	whole_field	tail25_49	FILLED	already closed
PRJNA1122997	host	tail25_49	False	PMC12951928	europepmc_fulltext	True	True	https://doi.org/10.1186/s12866-026-04741-1	Ambler class C-type β-lactamases and porin alterations in En	False	False	False	not_gated	0	direct		0	0	0	0	not_generated	FILLED	not_gated	tail25_49	FILLED	already closed
PRJNA261540	country	tail25_49	False	PMC4451916	europepmc_fulltext	True	True	https://doi.org/10.3201/eid2106.141504	KPC and NDM-1 genes in related Enterobacteriaceae strains an	False	False	False	not_gated	0	abstained		0	0	0	0	not_generated	FILLED	not_gated	tail25_49	FILLED	already closed
PRJNA261540	collection_date	tail25_49	False	PMC4451916	europepmc_fulltext	True	True	https://doi.org/10.3201/eid2106.141504	KPC and NDM-1 genes in related Enterobacteriaceae strains an	False	False	False	not_gated	0	abstained		0	0	0	0	not_generated	FILLED	not_gated	tail25_49	FILLED	already closed
PRJNA261540	isolation_source	tail25_49	False	PMC4451916	europepmc_fulltext	True	True	https://doi.org/10.3201/eid2106.141504	KPC and NDM-1 genes in related Enterobacteriaceae strains an	False	False	False	not_gated	0	abstained		0	0	0	0	not_generated	FILLED	not_gated	tail25_49	FILLED	already closed
PRJNA261540	host	tail25_49	False	PMC4451916	europepmc_fulltext	True	True	https://doi.org/10.3201/eid2106.141504	KPC and NDM-1 genes in related Enterobacteriaceae strains an	False	False	False	covered	41	abstained		41	0	0	41	not_generated	FILLED	whole_field	tail25_49	FILLED	already closed
PRJNA278293	country	tail25_49	True		none	False	False			False	False	False	not_gated	0	NO_PMCID		0	0	0	0	not_generated	FILLED	not_gated	tail25_49	FILLED	already closed
PRJNA278293	collection_date	tail25_49	True		none	False	False			False	False	False	not_gated	0	NO_PMCID		0	0	0	0	not_generated	FILLED	not_gated	tail25_49	FILLED	already closed
PRJNA278293	isolation_source	tail25_49	True		none	False	False			False	False	False	residual_per_sample	40	NO_PMCID	NO_PMCID	0	0	0	40	not_generated	EXHAUSTED	no_paper_findable	tail25_49	EXHAUSTED	already closed
PRJNA278293	host	tail25_49	True		none	False	False			False	False	False	not_gated	0	NO_PMCID		0	0	0	0	not_generated	FILLED	not_gated	tail25_49	FILLED	already closed
PRJNA292902	country	tail25_49	True		none	False	False			False	False	False	residual_per_sample	26	NO_PMCID	NO_PMCID	0	0	0	26	not_generated	EXHAUSTED	no_paper_findable	tail25_49	EXHAUSTED	already closed
PRJNA292902	collection_date	tail25_49	True		none	False	False			False	False	False	residual_per_sample	26	NO_PMCID	NO_PMCID	0	0	0	26	not_generated	EXHAUSTED	no_paper_findable	tail25_49	EXHAUSTED	already closed
PRJNA292902	isolation_source	tail25_49	True		none	False	False			False	False	False	residual_per_sample	26	NO_PMCID	NO_PMCID	0	0	0	26	not_generated	EXHAUSTED	no_paper_findable	tail25_49	EXHAUSTED	already closed
PRJNA292902	host	tail25_49	True		none	False	False			False	False	False	covered	26	NO_PMCID		26	0	0	26	not_generated	FILLED	whole_field	tail25_49	FILLED	already closed
PRJNA292904	country	tail25_49	False	PMC5442553	pdf	True	True	https://doi.org/10.1128/jcm.00244-17	Multicenter Performance Assessment of Carba NP Test.	False	False	False	covered	27	abstained		27	0	0	27	not_generated	FILLED	whole_field	tail25_49	FILLED	already closed
PRJNA292904	collection_date	tail25_49	False	PMC5442553	pdf	True	True	https://doi.org/10.1128/jcm.00244-17	Multicenter Performance Assessment of Carba NP Test.	False	False	False	residual_per_sample	27	abstained	no_supp	0	0	0	27	not_generated	EXHAUSTED	paper_has_no_table	tail25_49	EXHAUSTED	already closed
PRJNA292904	isolation_source	tail25_49	False	PMC5442553	pdf	True	True	https://doi.org/10.1128/jcm.00244-17	Multicenter Performance Assessment of Carba NP Test.	False	False	False	residual_per_sample	27	abstained	no_supp	0	0	0	27	not_generated	EXHAUSTED	paper_has_no_table	tail25_49	EXHAUSTED	already closed
PRJNA292904	host	tail25_49	False	PMC5442553	pdf	True	True	https://doi.org/10.1128/jcm.00244-17	Multicenter Performance Assessment of Carba NP Test.	False	False	False	covered	27	abstained		27	0	0	27	not_generated	FILLED	whole_field	tail25_49	FILLED	already closed
PRJNA295003	country	tail25_49	False	PMC5687771	europepmc_fulltext	True	True	https://doi.org/10.1371/journal.pone.0187832	Molecular and epidemiological characterization of carbapenem	False	False	False	not_gated	0			0	0	0	0	not_generated	FILLED	not_gated	tail25_49	FILLED	already closed
PRJNA295003	collection_date	tail25_49	False	PMC5687771	europepmc_fulltext	True	True	https://doi.org/10.1371/journal.pone.0187832	Molecular and epidemiological characterization of carbapenem	False	False	False	not_gated	0			0	0	0	0	not_generated	FILLED	not_gated	tail25_49	FILLED	already closed
PRJNA295003	isolation_source	tail25_49	False	PMC5687771	europepmc_fulltext	True	True	https://doi.org/10.1371/journal.pone.0187832	Molecular and epidemiological characterization of carbapenem	False	False	False	not_gated	0			0	0	0	0	not_generated	FILLED	not_gated	tail25_49	FILLED	already closed
PRJNA295003	host	tail25_49	False	PMC5687771	europepmc_fulltext	True	True	https://doi.org/10.1371/journal.pone.0187832	Molecular and epidemiological characterization of carbapenem	False	False	False	not_gated	0			0	0	0	0	not_generated	FILLED	not_gated	tail25_49	FILLED	already closed
PRJNA296771	country	tail25_49	False	PMC5875285	europepmc_fulltext	True	True	https://doi.org/10.3201/eid2404.171377	Phenotypic and Genotypic Characterization of Enterobacteriac	False	False	False	not_gated	0			0	0	0	0	not_generated	FILLED	not_gated	tail25_49	FILLED	already closed
PRJNA296771	collection_date	tail25_49	False	PMC5875285	europepmc_fulltext	True	True	https://doi.org/10.3201/eid2404.171377	Phenotypic and Genotypic Characterization of Enterobacteriac	False	False	False	not_gated	0			0	0	0	0	not_generated	FILLED	not_gated	tail25_49	FILLED	already closed
PRJNA296771	isolation_source	tail25_49	False	PMC5875285	europepmc_fulltext	True	True	https://doi.org/10.3201/eid2404.171377	Phenotypic and Genotypic Characterization of Enterobacteriac	False	False	False	not_gated	0			0	0	0	0	not_generated	FILLED	not_gated	tail25_49	FILLED	already closed
PRJNA296771	host	tail25_49	False	PMC5875285	europepmc_fulltext	True	True	https://doi.org/10.3201/eid2404.171377	Phenotypic and Genotypic Characterization of Enterobacteriac	False	False	False	not_gated	0			0	0	0	0	not_generated	FILLED	not_gated	tail25_49	FILLED	already closed
PRJNA308116	country	tail25_49	False	PMC10508161	europepmc_fulltext	True	True	https://doi.org/10.1128/mra.00163-23	<i>Enterobacterales</i> draft genome sequences: 15 historica	False	False	False	not_gated	0			0	0	0	0	not_generated	FILLED	not_gated	tail25_49	FILLED	already closed
PRJNA308116	collection_date	tail25_49	False	PMC10508161	europepmc_fulltext	True	True	https://doi.org/10.1128/mra.00163-23	<i>Enterobacterales</i> draft genome sequences: 15 historica	False	False	False	not_gated	0			0	0	0	0	not_generated	FILLED	not_gated	tail25_49	FILLED	already closed
PRJNA308116	isolation_source	tail25_49	False	PMC10508161	europepmc_fulltext	True	True	https://doi.org/10.1128/mra.00163-23	<i>Enterobacterales</i> draft genome sequences: 15 historica	False	False	False	not_gated	0			0	0	0	0	not_generated	FILLED	not_gated	tail25_49	FILLED	already closed
PRJNA308116	host	tail25_49	False	PMC10508161	europepmc_fulltext	True	True	https://doi.org/10.1128/mra.00163-23	<i>Enterobacterales</i> draft genome sequences: 15 historica	False	False	False	not_gated	0			0	0	0	0	not_generated	FILLED	not_gated	tail25_49	FILLED	already closed
PRJNA323522	country	tail25_49	True		none	False	False			False	False	False	not_gated	0			0	0	0	0	not_generated	FILLED	not_gated	tail25_49	FILLED	already closed
PRJNA323522	collection_date	tail25_49	True		none	False	False			False	False	False	not_gated	0			0	0	0	0	not_generated	FILLED	not_gated	tail25_49	FILLED	already closed
PRJNA323522	isolation_source	tail25_49	True		none	False	False			False	False	False	not_gated	0			0	0	0	0	not_generated	FILLED	not_gated	tail25_49	FILLED	already closed
PRJNA323522	host	tail25_49	True		none	False	False			False	False	False	not_gated	0			0	0	0	0	not_generated	FILLED	not_gated	tail25_49	FILLED	already closed
PRJNA339159	country	tail25_49	False	PMC5035412	europepmc_fulltext	True	True	https://doi.org/10.1128/jcm.00927-16	KlebSeq, a Diagnostic Tool for Surveillance, Detection, and 	False	False	False	not_gated	0			0	0	0	0	not_generated	FILLED	not_gated	tail25_49	FILLED	already closed
PRJNA339159	collection_date	tail25_49	False	PMC5035412	europepmc_fulltext	True	True	https://doi.org/10.1128/jcm.00927-16	KlebSeq, a Diagnostic Tool for Surveillance, Detection, and 	False	False	False	not_gated	0			0	0	0	0	not_generated	FILLED	not_gated	tail25_49	FILLED	already closed
PRJNA339159	isolation_source	tail25_49	False	PMC5035412	europepmc_fulltext	True	True	https://doi.org/10.1128/jcm.00927-16	KlebSeq, a Diagnostic Tool for Surveillance, Detection, and 	False	False	False	not_gated	0			0	0	0	0	not_generated	FILLED	not_gated	tail25_49	FILLED	already closed
PRJNA339159	host	tail25_49	False	PMC5035412	europepmc_fulltext	True	True	https://doi.org/10.1128/jcm.00927-16	KlebSeq, a Diagnostic Tool for Surveillance, Detection, and 	False	False	False	not_gated	0			0	0	0	0	not_generated	FILLED	not_gated	tail25_49	FILLED	already closed
PRJNA351910	country	tail25_49	False	PMC4942785	europepmc_fulltext	True	True	https://doi.org/10.1038/srep29316	Differential host susceptibility and bacterial virulence fac	False	False	False	not_gated	0	abstained		0	0	0	0	not_generated	FILLED	not_gated	tail25_49	FILLED	already closed
PRJNA351910	collection_date	tail25_49	False	PMC4942785	europepmc_fulltext	True	True	https://doi.org/10.1038/srep29316	Differential host susceptibility and bacterial virulence fac	False	False	False	residual_per_sample	27	abstained	no_supp	0	0	0	27	not_generated	EXHAUSTED	no_supp	tail25_49	EXHAUSTED	already closed
PRJNA351910	isolation_source	tail25_49	False	PMC4942785	europepmc_fulltext	True	True	https://doi.org/10.1038/srep29316	Differential host susceptibility and bacterial virulence fac	False	False	False	not_gated	0	abstained		0	0	0	0	not_generated	FILLED	not_gated	tail25_49	FILLED	already closed
PRJNA351910	host	tail25_49	False	PMC4942785	europepmc_fulltext	True	True	https://doi.org/10.1038/srep29316	Differential host susceptibility and bacterial virulence fac	False	False	False	not_gated	0	abstained		0	0	0	0	not_generated	FILLED	not_gated	tail25_49	FILLED	already closed
PRJNA390933	country	tail25_49	False		local_pdf	True	True	https://doi.org/10.1093/jac/dkx462	Characterization of OXA-48-like carbapenemase producers in C	True	True	False	not_gated	0	NO_PMCID		0	0	0	0	not_generated	FILLED	not_gated	tail25_49	FILLED	already closed
PRJNA390933	collection_date	tail25_49	False		local_pdf	True	True	https://doi.org/10.1093/jac/dkx462	Characterization of OXA-48-like carbapenemase producers in C	True	True	False	not_gated	0	NO_PMCID		0	0	0	0	not_generated	FILLED	not_gated	tail25_49	FILLED	already closed
PRJNA390933	isolation_source	tail25_49	False		local_pdf	True	True	https://doi.org/10.1093/jac/dkx462	Characterization of OXA-48-like carbapenemase producers in C	True	True	False	residual_per_sample	46	NO_PMCID	NO_PMCID	0	0	0	46	not_generated	EXHAUSTED	NO_PMCID	tail25_49	EXHAUSTED	already closed
PRJNA390933	host	tail25_49	False		local_pdf	True	True	https://doi.org/10.1093/jac/dkx462	Characterization of OXA-48-like carbapenemase producers in C	True	True	False	not_gated	0	NO_PMCID		0	0	0	0	not_generated	FILLED	not_gated	tail25_49	FILLED	already closed
PRJNA413541	country	tail25_49	True		none	False	False			False	False	False	not_gated	0			0	0	0	0	not_generated	FILLED	not_gated	tail25_49	FILLED	already closed
PRJNA413541	collection_date	tail25_49	True		none	False	False			False	False	False	not_gated	0			0	0	0	0	not_generated	FILLED	not_gated	tail25_49	FILLED	already closed
PRJNA413541	isolation_source	tail25_49	True		none	False	False			False	False	False	not_gated	0			0	0	0	0	not_generated	FILLED	not_gated	tail25_49	FILLED	already closed
PRJNA413541	host	tail25_49	True		none	False	False			False	False	False	not_gated	0			0	0	0	0	not_generated	FILLED	not_gated	tail25_49	FILLED	already closed
PRJNA431029	country	tail25_49	False	PMC6109088	europepmc_fulltext	True	True	https://doi.org/10.1038/s41598-018-31081-6	No association between resistance mutations, empiric antibio	False	False	False	not_gated	0			0	0	0	0	not_generated	FILLED	not_gated	tail25_49	FILLED	already closed
PRJNA431029	collection_date	tail25_49	False	PMC6109088	europepmc_fulltext	True	True	https://doi.org/10.1038/s41598-018-31081-6	No association between resistance mutations, empiric antibio	False	False	False	not_gated	0			0	0	0	0	not_generated	FILLED	not_gated	tail25_49	FILLED	already closed
PRJNA431029	isolation_source	tail25_49	False	PMC6109088	europepmc_fulltext	True	True	https://doi.org/10.1038/s41598-018-31081-6	No association between resistance mutations, empiric antibio	False	False	False	not_gated	0			0	0	0	0	not_generated	FILLED	not_gated	tail25_49	FILLED	already closed
PRJNA431029	host	tail25_49	False	PMC6109088	europepmc_fulltext	True	True	https://doi.org/10.1038/s41598-018-31081-6	No association between resistance mutations, empiric antibio	False	False	False	not_gated	0			0	0	0	0	not_generated	FILLED	not_gated	tail25_49	FILLED	already closed
PRJNA431724	country	tail25_49	False	PMC7067035	europepmc_fulltext	True	True	https://doi.org/10.1099/mgen.0.000308	Population structure of KPC carbapenemase-producing <i>Klebs	False	False	False	not_gated	0			0	0	0	0	not_generated	FILLED	not_gated	tail25_49	FILLED	already closed
PRJNA431724	collection_date	tail25_49	False	PMC7067035	europepmc_fulltext	True	True	https://doi.org/10.1099/mgen.0.000308	Population structure of KPC carbapenemase-producing <i>Klebs	False	False	False	not_gated	0			0	0	0	0	not_generated	FILLED	not_gated	tail25_49	FILLED	already closed
PRJNA431724	isolation_source	tail25_49	False	PMC7067035	europepmc_fulltext	True	True	https://doi.org/10.1099/mgen.0.000308	Population structure of KPC carbapenemase-producing <i>Klebs	False	False	False	not_gated	0			0	0	0	0	not_generated	FILLED	not_gated	tail25_49	FILLED	already closed
PRJNA431724	host	tail25_49	False	PMC7067035	europepmc_fulltext	True	True	https://doi.org/10.1099/mgen.0.000308	Population structure of KPC carbapenemase-producing <i>Klebs	False	False	False	not_gated	0			0	0	0	0	not_generated	FILLED	not_gated	tail25_49	FILLED	already closed
PRJNA436373	country	tail25_49	False		pdf	True	True	https://doi.org/10.1101/298513	Diverse Mechanisms of Resistance in Carbapenem-Resistant Ent	False	False	False	not_gated	0			0	0	0	0	not_generated	FILLED	not_gated	tail25_49	FILLED	already closed
PRJNA436373	collection_date	tail25_49	False		pdf	True	True	https://doi.org/10.1101/298513	Diverse Mechanisms of Resistance in Carbapenem-Resistant Ent	False	False	False	not_gated	0			0	0	0	0	not_generated	FILLED	not_gated	tail25_49	FILLED	already closed
PRJNA436373	isolation_source	tail25_49	False		pdf	True	True	https://doi.org/10.1101/298513	Diverse Mechanisms of Resistance in Carbapenem-Resistant Ent	False	False	False	not_gated	0			0	0	0	0	not_generated	FILLED	not_gated	tail25_49	FILLED	already closed
PRJNA436373	host	tail25_49	False		pdf	True	True	https://doi.org/10.1101/298513	Diverse Mechanisms of Resistance in Carbapenem-Resistant Ent	False	False	False	not_gated	0			0	0	0	0	not_generated	FILLED	not_gated	tail25_49	FILLED	already closed
PRJNA438531	country	tail25_49	False	PMC6167210	abstract	False	False	https://doi.org/10.1111/nyas.13672	Genomic epidemiology of multidrug-resistant Gram-negative or	False	False	False	not_gated	0			0	0	0	0	not_generated	FILLED	not_gated	tail25_49	FILLED	already closed
PRJNA438531	collection_date	tail25_49	False	PMC6167210	abstract	False	False	https://doi.org/10.1111/nyas.13672	Genomic epidemiology of multidrug-resistant Gram-negative or	False	False	False	not_gated	0			0	0	0	0	not_generated	FILLED	not_gated	tail25_49	FILLED	already closed
PRJNA438531	isolation_source	tail25_49	False	PMC6167210	abstract	False	False	https://doi.org/10.1111/nyas.13672	Genomic epidemiology of multidrug-resistant Gram-negative or	False	False	False	not_gated	0			0	0	0	0	not_generated	FILLED	not_gated	tail25_49	FILLED	already closed
PRJNA438531	host	tail25_49	False	PMC6167210	abstract	False	False	https://doi.org/10.1111/nyas.13672	Genomic epidemiology of multidrug-resistant Gram-negative or	False	False	False	not_gated	0			0	0	0	0	not_generated	FILLED	not_gated	tail25_49	FILLED	already closed
PRJNA449293	country	tail25_49	False	PMC7047997	europepmc_fulltext	True	True	https://doi.org/10.3389/fmicb.2020.00294	Genomic Epidemiology of Carbapenem- and Colistin-Resistant <	False	False	False	not_gated	0	direct		0	0	0	0	not_generated	FILLED	not_gated	tail25_49	FILLED	already closed
PRJNA449293	collection_date	tail25_49	False	PMC7047997	europepmc_fulltext	True	True	https://doi.org/10.3389/fmicb.2020.00294	Genomic Epidemiology of Carbapenem- and Colistin-Resistant <	False	False	False	not_gated	0	direct		0	0	0	0	not_generated	FILLED	not_gated	tail25_49	FILLED	already closed
PRJNA449293	isolation_source	tail25_49	False	PMC7047997	europepmc_fulltext	True	True	https://doi.org/10.3389/fmicb.2020.00294	Genomic Epidemiology of Carbapenem- and Colistin-Resistant <	False	False	False	covered	45	direct		0	45	0	0	not_generated	FILLED	whole_field	tail25_49	FILLED	already closed
PRJNA449293	host	tail25_49	False	PMC7047997	europepmc_fulltext	True	True	https://doi.org/10.3389/fmicb.2020.00294	Genomic Epidemiology of Carbapenem- and Colistin-Resistant <	False	False	False	not_gated	0	direct		0	0	0	0	not_generated	FILLED	not_gated	tail25_49	FILLED	already closed
PRJNA473419	country	tail25_49	False	PMC7691484	europepmc_fulltext	True	True	https://doi.org/10.3389/fmicb.2020.587398	Prevalence and Characterization of Carbapenem-Hydrolyzing Cl	False	False	False	not_gated	0			0	0	0	0	not_generated	FILLED	not_gated	tail25_49	FILLED	already closed
PRJNA473419	collection_date	tail25_49	False	PMC7691484	europepmc_fulltext	True	True	https://doi.org/10.3389/fmicb.2020.587398	Prevalence and Characterization of Carbapenem-Hydrolyzing Cl	False	False	False	not_gated	0			0	0	0	0	not_generated	FILLED	not_gated	tail25_49	FILLED	already closed
PRJNA473419	isolation_source	tail25_49	False	PMC7691484	europepmc_fulltext	True	True	https://doi.org/10.3389/fmicb.2020.587398	Prevalence and Characterization of Carbapenem-Hydrolyzing Cl	False	False	False	not_gated	0			0	0	0	0	not_generated	FILLED	not_gated	tail25_49	FILLED	already closed
PRJNA473419	host	tail25_49	False	PMC7691484	europepmc_fulltext	True	True	https://doi.org/10.3389/fmicb.2020.587398	Prevalence and Characterization of Carbapenem-Hydrolyzing Cl	False	False	False	not_gated	0			0	0	0	0	not_generated	FILLED	not_gated	tail25_49	FILLED	already closed
PRJNA488268	country	tail25_49	False	PMC6375827	europepmc_fulltext	True	True	https://doi.org/10.3389/fcimb.2019.00014	Whole-Genome Sequencing of <i>Klebsiella pneumoniae</i> Isol	False	False	False	not_gated	0			0	0	0	0	not_generated	FILLED	not_gated	tail25_49	FILLED	already closed
PRJNA488268	collection_date	tail25_49	False	PMC6375827	europepmc_fulltext	True	True	https://doi.org/10.3389/fcimb.2019.00014	Whole-Genome Sequencing of <i>Klebsiella pneumoniae</i> Isol	False	False	False	not_gated	0			0	0	0	0	not_generated	FILLED	not_gated	tail25_49	FILLED	already closed
PRJNA488268	isolation_source	tail25_49	False	PMC6375827	europepmc_fulltext	True	True	https://doi.org/10.3389/fcimb.2019.00014	Whole-Genome Sequencing of <i>Klebsiella pneumoniae</i> Isol	False	False	False	not_gated	0			0	0	0	0	not_generated	FILLED	not_gated	tail25_49	FILLED	already closed
PRJNA488268	host	tail25_49	False	PMC6375827	europepmc_fulltext	True	True	https://doi.org/10.3389/fcimb.2019.00014	Whole-Genome Sequencing of <i>Klebsiella pneumoniae</i> Isol	False	False	False	not_gated	0			0	0	0	0	not_generated	FILLED	not_gated	tail25_49	FILLED	already closed
PRJNA496461	country	tail25_49	False	PMC6325187	abstract	False	False	https://doi.org/10.1128/aac.01923-18	Applying Rapid Whole-Genome Sequencing To Predict Phenotypic	False	False	False	not_gated	0			0	0	0	0	not_generated	FILLED	not_gated	tail25_49	FILLED	already closed
PRJNA496461	collection_date	tail25_49	False	PMC6325187	abstract	False	False	https://doi.org/10.1128/aac.01923-18	Applying Rapid Whole-Genome Sequencing To Predict Phenotypic	False	False	False	not_gated	0			0	0	0	0	not_generated	FILLED	not_gated	tail25_49	FILLED	already closed
PRJNA496461	isolation_source	tail25_49	False	PMC6325187	abstract	False	False	https://doi.org/10.1128/aac.01923-18	Applying Rapid Whole-Genome Sequencing To Predict Phenotypic	False	False	False	not_gated	0			0	0	0	0	not_generated	FILLED	not_gated	tail25_49	FILLED	already closed
PRJNA496461	host	tail25_49	False	PMC6325187	abstract	False	False	https://doi.org/10.1128/aac.01923-18	Applying Rapid Whole-Genome Sequencing To Predict Phenotypic	False	False	False	not_gated	0			0	0	0	0	not_generated	FILLED	not_gated	tail25_49	FILLED	already closed
PRJNA497126	country	tail25_49	False	PMC6783542	europepmc_fulltext	True	True	https://doi.org/10.1038/s41467-019-12563-1	Spatiotemporal dynamics of multidrug resistant bacteria on i	False	False	False	not_gated	0	abstained		0	0	0	0	not_generated	FILLED	not_gated	tail25_49	FILLED	already closed
PRJNA497126	collection_date	tail25_49	False	PMC6783542	europepmc_fulltext	True	True	https://doi.org/10.1038/s41467-019-12563-1	Spatiotemporal dynamics of multidrug resistant bacteria on i	False	False	False	not_gated	0	abstained		0	0	0	0	not_generated	FILLED	not_gated	tail25_49	FILLED	already closed
PRJNA497126	isolation_source	tail25_49	False	PMC6783542	europepmc_fulltext	True	True	https://doi.org/10.1038/s41467-019-12563-1	Spatiotemporal dynamics of multidrug resistant bacteria on i	False	False	False	not_gated	0	abstained		0	0	0	0	not_generated	FILLED	not_gated	tail25_49	FILLED	already closed
PRJNA497126	host	tail25_49	False	PMC6783542	europepmc_fulltext	True	True	https://doi.org/10.1038/s41467-019-12563-1	Spatiotemporal dynamics of multidrug resistant bacteria on i	False	False	False	covered	35	abstained		35	0	0	35	not_generated	FILLED	whole_field	tail25_49	FILLED	already closed
PRJNA504784	country	tail25_49	False	PMC6535514	abstract	False	False	https://doi.org/10.1128/aac.02577-18	Next-Generation-Sequencing-Based Hospital Outbreak Investiga	False	False	False	not_gated	0			0	0	0	0	not_generated	FILLED	not_gated	tail25_49	FILLED	already closed
PRJNA504784	collection_date	tail25_49	False	PMC6535514	abstract	False	False	https://doi.org/10.1128/aac.02577-18	Next-Generation-Sequencing-Based Hospital Outbreak Investiga	False	False	False	not_gated	0			0	0	0	0	not_generated	FILLED	not_gated	tail25_49	FILLED	already closed
PRJNA504784	isolation_source	tail25_49	False	PMC6535514	abstract	False	False	https://doi.org/10.1128/aac.02577-18	Next-Generation-Sequencing-Based Hospital Outbreak Investiga	False	False	False	not_gated	0			0	0	0	0	not_generated	FILLED	not_gated	tail25_49	FILLED	already closed
PRJNA504784	host	tail25_49	False	PMC6535514	abstract	False	False	https://doi.org/10.1128/aac.02577-18	Next-Generation-Sequencing-Based Hospital Outbreak Investiga	False	False	False	not_gated	0			0	0	0	0	not_generated	FILLED	not_gated	tail25_49	FILLED	already closed
PRJNA508406	country	tail25_49	False	PMC8072773	europepmc_fulltext	True	True	https://doi.org/10.3390/ph14040370	In Vitro Activity of a Novel Siderophore-Cephalosporin LCB10	False	False	False	covered	29	abstained		29	0	0	29	not_generated	FILLED	whole_field	tail25_49	FILLED	already closed
PRJNA508406	collection_date	tail25_49	False	PMC8072773	europepmc_fulltext	True	True	https://doi.org/10.3390/ph14040370	In Vitro Activity of a Novel Siderophore-Cephalosporin LCB10	False	False	False	residual_per_sample	29	abstained	no_supp	0	0	0	29	not_generated	EXHAUSTED	paper_has_no_table	tail25_49	EXHAUSTED	already closed
PRJNA508406	isolation_source	tail25_49	False	PMC8072773	europepmc_fulltext	True	True	https://doi.org/10.3390/ph14040370	In Vitro Activity of a Novel Siderophore-Cephalosporin LCB10	False	False	False	residual_per_sample	29	abstained	no_supp	0	0	0	29	not_generated	EXHAUSTED	paper_has_no_table	tail25_49	EXHAUSTED	already closed
PRJNA508406	host	tail25_49	False	PMC8072773	europepmc_fulltext	True	True	https://doi.org/10.3390/ph14040370	In Vitro Activity of a Novel Siderophore-Cephalosporin LCB10	False	False	False	covered	29	abstained		29	0	0	29	not_generated	FILLED	whole_field	tail25_49	FILLED	already closed
PRJNA512284	country	tail25_49	False	PMC6534532	europepmc_fulltext	True	True	https://doi.org/10.1038/s41598-019-44189-0	A core genome approach that enables prospective and dynamic 	False	False	False	not_gated	0			0	0	0	0	not_generated	FILLED	not_gated	tail25_49	FILLED	already closed
PRJNA512284	collection_date	tail25_49	False	PMC6534532	europepmc_fulltext	True	True	https://doi.org/10.1038/s41598-019-44189-0	A core genome approach that enables prospective and dynamic 	False	False	False	not_gated	0			0	0	0	0	not_generated	FILLED	not_gated	tail25_49	FILLED	already closed
PRJNA512284	isolation_source	tail25_49	False	PMC6534532	europepmc_fulltext	True	True	https://doi.org/10.1038/s41598-019-44189-0	A core genome approach that enables prospective and dynamic 	False	False	False	not_gated	0			0	0	0	0	not_generated	FILLED	not_gated	tail25_49	FILLED	already closed
PRJNA512284	host	tail25_49	False	PMC6534532	europepmc_fulltext	True	True	https://doi.org/10.1038/s41598-019-44189-0	A core genome approach that enables prospective and dynamic 	False	False	False	not_gated	0			0	0	0	0	not_generated	FILLED	not_gated	tail25_49	FILLED	already closed
PRJNA515630	country	tail25_49	False	PMC6692064	europepmc_fulltext	True	True	https://doi.org/10.1371/journal.pone.0221187	Application of mini-MLST and whole genome sequencing in low 	False	False	False	not_gated	0			0	0	0	0	not_generated	FILLED	not_gated	tail25_49	FILLED	already closed
PRJNA515630	collection_date	tail25_49	False	PMC6692064	europepmc_fulltext	True	True	https://doi.org/10.1371/journal.pone.0221187	Application of mini-MLST and whole genome sequencing in low 	False	False	False	not_gated	0			0	0	0	0	not_generated	FILLED	not_gated	tail25_49	FILLED	already closed
PRJNA515630	isolation_source	tail25_49	False	PMC6692064	europepmc_fulltext	True	True	https://doi.org/10.1371/journal.pone.0221187	Application of mini-MLST and whole genome sequencing in low 	False	False	False	not_gated	0			0	0	0	0	not_generated	FILLED	not_gated	tail25_49	FILLED	already closed
PRJNA515630	host	tail25_49	False	PMC6692064	europepmc_fulltext	True	True	https://doi.org/10.1371/journal.pone.0221187	Application of mini-MLST and whole genome sequencing in low 	False	False	False	not_gated	0			0	0	0	0	not_generated	FILLED	not_gated	tail25_49	FILLED	already closed
PRJNA527021	country	tail25_49	True		none	False	False			False	False	False	not_gated	0	NO_PMCID		0	0	0	0	not_generated	FILLED	not_gated	tail25_49	FILLED	already closed
PRJNA527021	collection_date	tail25_49	True		none	False	False			False	False	False	not_gated	0	NO_PMCID		0	0	0	0	not_generated	FILLED	not_gated	tail25_49	FILLED	already closed
PRJNA527021	isolation_source	tail25_49	True		none	False	False			False	False	False	residual_per_sample	36	NO_PMCID	NO_PMCID	0	0	0	36	not_generated	EXHAUSTED	no_paper_findable	tail25_49	EXHAUSTED	already closed
PRJNA527021	host	tail25_49	True		none	False	False			False	False	False	not_gated	0	NO_PMCID		0	0	0	0	not_generated	FILLED	not_gated	tail25_49	FILLED	already closed
PRJNA529592	country	tail25_49	False	PMC6722418	europepmc_fulltext	True	True	https://doi.org/10.1128/mbio.01945-19	Evolution of Outbreak-Causing Carbapenem-Resistant Klebsiell	False	False	False	not_gated	0			0	0	0	0	not_generated	FILLED	not_gated	tail25_49	FILLED	already closed
PRJNA529592	collection_date	tail25_49	False	PMC6722418	europepmc_fulltext	True	True	https://doi.org/10.1128/mbio.01945-19	Evolution of Outbreak-Causing Carbapenem-Resistant Klebsiell	False	False	False	not_gated	0			0	0	0	0	not_generated	FILLED	not_gated	tail25_49	FILLED	already closed
PRJNA529592	isolation_source	tail25_49	False	PMC6722418	europepmc_fulltext	True	True	https://doi.org/10.1128/mbio.01945-19	Evolution of Outbreak-Causing Carbapenem-Resistant Klebsiell	False	False	False	not_gated	0			0	0	0	0	not_generated	FILLED	not_gated	tail25_49	FILLED	already closed
PRJNA529592	host	tail25_49	False	PMC6722418	europepmc_fulltext	True	True	https://doi.org/10.1128/mbio.01945-19	Evolution of Outbreak-Causing Carbapenem-Resistant Klebsiell	False	False	False	not_gated	0			0	0	0	0	not_generated	FILLED	not_gated	tail25_49	FILLED	already closed
PRJNA551371	country	tail25_49	False	PMC9123598	europepmc_fulltext	True	True	https://doi.org/10.1093/jacamr/dlac056	Comparative genomic analysis of ESBL-producing <i>Escherichi	False	False	False	not_gated	0			0	0	0	0	not_generated	FILLED	not_gated	tail25_49	FILLED	already closed
PRJNA551371	collection_date	tail25_49	False	PMC9123598	europepmc_fulltext	True	True	https://doi.org/10.1093/jacamr/dlac056	Comparative genomic analysis of ESBL-producing <i>Escherichi	False	False	False	not_gated	0			0	0	0	0	not_generated	FILLED	not_gated	tail25_49	FILLED	already closed
PRJNA551371	isolation_source	tail25_49	False	PMC9123598	europepmc_fulltext	True	True	https://doi.org/10.1093/jacamr/dlac056	Comparative genomic analysis of ESBL-producing <i>Escherichi	False	False	False	not_gated	0			0	0	0	0	not_generated	FILLED	not_gated	tail25_49	FILLED	already closed
PRJNA551371	host	tail25_49	False	PMC9123598	europepmc_fulltext	True	True	https://doi.org/10.1093/jacamr/dlac056	Comparative genomic analysis of ESBL-producing <i>Escherichi	False	False	False	not_gated	0			0	0	0	0	not_generated	FILLED	not_gated	tail25_49	FILLED	already closed
PRJNA552297	country	tail25_49	False	PMC6867876	europepmc_fulltext	True	True	https://doi.org/10.1128/msystems.00465-19	Chemogenomic Screen for Imipenem Resistance in Gram-Negative	False	False	False	residual_per_sample	45	abstained		0	0	0	45	not_generated	BLOCKED	needs_linkage	tail25_49	ACCEPTED	table has no ENA-mappable key (unanchored) or no per-isolate table exists
PRJNA552297	collection_date	tail25_49	False	PMC6867876	europepmc_fulltext	True	True	https://doi.org/10.1128/msystems.00465-19	Chemogenomic Screen for Imipenem Resistance in Gram-Negative	False	False	False	residual_per_sample	45	abstained		0	0	0	45	not_generated	BLOCKED	needs_linkage	tail25_49	ACCEPTED	table has no ENA-mappable key (unanchored) or no per-isolate table exists
PRJNA552297	isolation_source	tail25_49	False	PMC6867876	europepmc_fulltext	True	True	https://doi.org/10.1128/msystems.00465-19	Chemogenomic Screen for Imipenem Resistance in Gram-Negative	False	False	False	residual_per_sample	45	abstained		0	0	0	45	not_generated	BLOCKED	needs_linkage	tail25_49	ACCEPTED	table has no ENA-mappable key (unanchored) or no per-isolate table exists
PRJNA552297	host	tail25_49	False	PMC6867876	europepmc_fulltext	True	True	https://doi.org/10.1128/msystems.00465-19	Chemogenomic Screen for Imipenem Resistance in Gram-Negative	False	False	False	residual_per_sample	45	abstained		0	0	0	45	not_generated	BLOCKED	needs_linkage	tail25_49	ACCEPTED	table has no ENA-mappable key (unanchored) or no per-isolate table exists
PRJNA552385	country	tail25_49	False	PMC8049106	local_pdf	True	True	https://doi.org/10.1038/s41559-020-1170-1	Coevolution of host-plasmid pairs facilitates the emergence 	True	True	False	not_gated	0	abstained		0	0	0	0	not_generated	FILLED	not_gated	tail25_49	FILLED	already closed
PRJNA552385	collection_date	tail25_49	False	PMC8049106	local_pdf	True	True	https://doi.org/10.1038/s41559-020-1170-1	Coevolution of host-plasmid pairs facilitates the emergence 	True	True	False	not_gated	0	abstained		0	0	0	0	not_generated	FILLED	not_gated	tail25_49	FILLED	already closed
PRJNA552385	isolation_source	tail25_49	False	PMC8049106	local_pdf	True	True	https://doi.org/10.1038/s41559-020-1170-1	Coevolution of host-plasmid pairs facilitates the emergence 	True	True	False	residual_per_sample	30	abstained	no_supp	0	0	0	30	not_generated	EXHAUSTED	paper_has_no_table	tail25_49	EXHAUSTED	already closed
PRJNA552385	host	tail25_49	False	PMC8049106	local_pdf	True	True	https://doi.org/10.1038/s41559-020-1170-1	Coevolution of host-plasmid pairs facilitates the emergence 	True	True	False	residual_per_sample	30	abstained	no_supp	0	0	0	30	not_generated	EXHAUSTED	paper_has_no_table	tail25_49	EXHAUSTED	already closed
PRJNA563817	country	tail25_49	True		none	False	False			False	False	False	not_gated	0	NO_PMCID		0	0	0	0	not_generated	FILLED	not_gated	tail25_49	FILLED	already closed
PRJNA563817	collection_date	tail25_49	True		none	False	False			False	False	False	not_gated	0	NO_PMCID		0	0	0	0	not_generated	FILLED	not_gated	tail25_49	FILLED	already closed
PRJNA563817	isolation_source	tail25_49	True		none	False	False			False	False	False	residual_per_sample	31	NO_PMCID	NO_PMCID	0	0	0	31	not_generated	EXHAUSTED	no_paper_findable	tail25_49	EXHAUSTED	already closed
PRJNA563817	host	tail25_49	True		none	False	False			False	False	False	not_gated	0	NO_PMCID		0	0	0	0	not_generated	FILLED	not_gated	tail25_49	FILLED	already closed
PRJNA575579	country	tail25_49	False	PMC7549996	europepmc_fulltext	True	True	https://doi.org/10.1080/21505594.2020.1809322	Hypervirulent <i>Klebsiella pneumoniae</i> is emerging as an	False	False	False	not_gated	0	direct		0	0	0	0	not_generated	FILLED	not_gated	tail25_49	FILLED	already closed
PRJNA575579	collection_date	tail25_49	False	PMC7549996	europepmc_fulltext	True	True	https://doi.org/10.1080/21505594.2020.1809322	Hypervirulent <i>Klebsiella pneumoniae</i> is emerging as an	False	False	False	not_gated	0	direct		0	0	0	0	not_generated	FILLED	not_gated	tail25_49	FILLED	already closed
PRJNA575579	isolation_source	tail25_49	False	PMC7549996	europepmc_fulltext	True	True	https://doi.org/10.1080/21505594.2020.1809322	Hypervirulent <i>Klebsiella pneumoniae</i> is emerging as an	False	False	False	covered	49	direct		0	49	0	0	not_generated	FILLED	whole_field	tail25_49	FILLED	already closed
PRJNA575579	host	tail25_49	False	PMC7549996	europepmc_fulltext	True	True	https://doi.org/10.1080/21505594.2020.1809322	Hypervirulent <i>Klebsiella pneumoniae</i> is emerging as an	False	False	False	not_gated	0	direct		0	0	0	0	not_generated	FILLED	not_gated	tail25_49	FILLED	already closed
PRJNA589105	country	tail25_49	False	PMC7293908	europepmc_fulltext	True	True	https://doi.org/10.2147/idr.s243836	Phenotypic and Genomic Characterization of Virulence Heterog	False	False	False	not_gated	0			0	0	0	0	not_generated	FILLED	not_gated	tail25_49	FILLED	already closed
PRJNA589105	collection_date	tail25_49	False	PMC7293908	europepmc_fulltext	True	True	https://doi.org/10.2147/idr.s243836	Phenotypic and Genomic Characterization of Virulence Heterog	False	False	False	not_gated	0			0	0	0	0	not_generated	FILLED	not_gated	tail25_49	FILLED	already closed
PRJNA589105	isolation_source	tail25_49	False	PMC7293908	europepmc_fulltext	True	True	https://doi.org/10.2147/idr.s243836	Phenotypic and Genomic Characterization of Virulence Heterog	False	False	False	not_gated	0			0	0	0	0	not_generated	FILLED	not_gated	tail25_49	FILLED	already closed
PRJNA589105	host	tail25_49	False	PMC7293908	europepmc_fulltext	True	True	https://doi.org/10.2147/idr.s243836	Phenotypic and Genomic Characterization of Virulence Heterog	False	False	False	not_gated	0			0	0	0	0	not_generated	FILLED	not_gated	tail25_49	FILLED	already closed
PRJNA597144	country	tail25_49	True		none	False	False			False	False	False	not_gated	0			0	0	0	0	not_generated	FILLED	not_gated	tail25_49	FILLED	already closed
PRJNA597144	collection_date	tail25_49	True		none	False	False			False	False	False	not_gated	0			0	0	0	0	not_generated	FILLED	not_gated	tail25_49	FILLED	already closed
PRJNA597144	isolation_source	tail25_49	True		none	False	False			False	False	False	not_gated	0			0	0	0	0	not_generated	FILLED	not_gated	tail25_49	FILLED	already closed
PRJNA597144	host	tail25_49	True		none	False	False			False	False	False	not_gated	0			0	0	0	0	not_generated	FILLED	not_gated	tail25_49	FILLED	already closed
PRJNA631924	country	tail25_49	False		local_pdf	True	True	https://doi.org/10.1111/1462-2920.15476	The evolutionary trade-offs in phage-resistant Klebsiella pn	True	True	False	not_gated	0	NO_PMCID		0	0	0	0	not_generated	FILLED	not_gated	tail25_49	FILLED	already closed
PRJNA631924	collection_date	tail25_49	False		local_pdf	True	True	https://doi.org/10.1111/1462-2920.15476	The evolutionary trade-offs in phage-resistant Klebsiella pn	True	True	False	not_gated	0	NO_PMCID		0	0	0	0	not_generated	FILLED	not_gated	tail25_49	FILLED	already closed
PRJNA631924	isolation_source	tail25_49	False		local_pdf	True	True	https://doi.org/10.1111/1462-2920.15476	The evolutionary trade-offs in phage-resistant Klebsiella pn	True	True	False	not_gated	0	NO_PMCID		0	0	0	0	not_generated	FILLED	not_gated	tail25_49	FILLED	already closed
PRJNA631924	host	tail25_49	False		local_pdf	True	True	https://doi.org/10.1111/1462-2920.15476	The evolutionary trade-offs in phage-resistant Klebsiella pn	True	True	False	residual_per_sample	33	NO_PMCID	NO_PMCID	0	0	0	33	not_generated	EXHAUSTED	NO_PMCID	tail25_49	EXHAUSTED	already closed
PRJNA641166	country	tail25_49	False	PMC8113577	europepmc_fulltext	True	True	https://doi.org/10.1038/s41467-021-22849-y	Variability of plasmid fitness effects contributes to plasmi	False	False	False	not_gated	0			0	0	0	0	not_generated	FILLED	not_gated	tail25_49	FILLED	already closed
PRJNA641166	collection_date	tail25_49	False	PMC8113577	europepmc_fulltext	True	True	https://doi.org/10.1038/s41467-021-22849-y	Variability of plasmid fitness effects contributes to plasmi	False	False	False	not_gated	0			0	0	0	0	not_generated	FILLED	not_gated	tail25_49	FILLED	already closed
PRJNA641166	isolation_source	tail25_49	False	PMC8113577	europepmc_fulltext	True	True	https://doi.org/10.1038/s41467-021-22849-y	Variability of plasmid fitness effects contributes to plasmi	False	False	False	not_gated	0			0	0	0	0	not_generated	FILLED	not_gated	tail25_49	FILLED	already closed
PRJNA641166	host	tail25_49	False	PMC8113577	europepmc_fulltext	True	True	https://doi.org/10.1038/s41467-021-22849-y	Variability of plasmid fitness effects contributes to plasmi	False	False	False	not_gated	0			0	0	0	0	not_generated	FILLED	not_gated	tail25_49	FILLED	already closed
PRJNA646592	country	tail25_49	False	PMC9790207	europepmc_fulltext	True	True	https://doi.org/10.1111/1462-2920.16047	Transmission of Klebsiella strains and plasmids within and b	False	False	False	not_gated	0	abstained		0	0	0	0	not_generated	FILLED	not_gated	tail25_49	FILLED	already closed
PRJNA646592	collection_date	tail25_49	False	PMC9790207	europepmc_fulltext	True	True	https://doi.org/10.1111/1462-2920.16047	Transmission of Klebsiella strains and plasmids within and b	False	False	False	not_gated	0	abstained		0	0	0	0	not_generated	FILLED	not_gated	tail25_49	FILLED	already closed
PRJNA646592	isolation_source	tail25_49	False	PMC9790207	europepmc_fulltext	True	True	https://doi.org/10.1111/1462-2920.16047	Transmission of Klebsiella strains and plasmids within and b	False	False	False	covered	39	abstained		39	0	0	39	not_generated	FILLED	whole_field	tail25_49	FILLED	already closed
PRJNA646592	host	tail25_49	False	PMC9790207	europepmc_fulltext	True	True	https://doi.org/10.1111/1462-2920.16047	Transmission of Klebsiella strains and plasmids within and b	False	False	False	not_gated	0	abstained		0	0	0	0	not_generated	FILLED	not_gated	tail25_49	FILLED	already closed
PRJNA658789	country	tail25_49	True		none	False	False			False	False	False	not_gated	0			0	0	0	0	not_generated	FILLED	not_gated	tail25_49	FILLED	already closed
PRJNA658789	collection_date	tail25_49	True		none	False	False			False	False	False	not_gated	0			0	0	0	0	not_generated	FILLED	not_gated	tail25_49	FILLED	already closed
PRJNA658789	isolation_source	tail25_49	True		none	False	False			False	False	False	not_gated	0			0	0	0	0	not_generated	FILLED	not_gated	tail25_49	FILLED	already closed
PRJNA658789	host	tail25_49	True		none	False	False			False	False	False	not_gated	0			0	0	0	0	not_generated	FILLED	not_gated	tail25_49	FILLED	already closed
PRJNA667192	country	tail25_49	False	PMC8579929	europepmc_fulltext	True	True	https://doi.org/10.1128/spectrum.01122-21	Fecal Carriage and Molecular Characterization of Carbapenema	False	False	False	not_gated	0			0	0	0	0	not_generated	FILLED	not_gated	tail25_49	FILLED	already closed
PRJNA667192	collection_date	tail25_49	False	PMC8579929	europepmc_fulltext	True	True	https://doi.org/10.1128/spectrum.01122-21	Fecal Carriage and Molecular Characterization of Carbapenema	False	False	False	not_gated	0			0	0	0	0	not_generated	FILLED	not_gated	tail25_49	FILLED	already closed
PRJNA667192	isolation_source	tail25_49	False	PMC8579929	europepmc_fulltext	True	True	https://doi.org/10.1128/spectrum.01122-21	Fecal Carriage and Molecular Characterization of Carbapenema	False	False	False	not_gated	0			0	0	0	0	not_generated	FILLED	not_gated	tail25_49	FILLED	already closed
PRJNA667192	host	tail25_49	False	PMC8579929	europepmc_fulltext	True	True	https://doi.org/10.1128/spectrum.01122-21	Fecal Carriage and Molecular Characterization of Carbapenema	False	False	False	not_gated	0			0	0	0	0	not_generated	FILLED	not_gated	tail25_49	FILLED	already closed
PRJNA667445	country	tail25_49	True		none	False	False			False	False	False	not_gated	0			0	0	0	0	not_generated	FILLED	not_gated	tail25_49	FILLED	already closed
PRJNA667445	collection_date	tail25_49	True		none	False	False			False	False	False	not_gated	0			0	0	0	0	not_generated	FILLED	not_gated	tail25_49	FILLED	already closed
PRJNA667445	isolation_source	tail25_49	True		none	False	False			False	False	False	not_gated	0			0	0	0	0	not_generated	FILLED	not_gated	tail25_49	FILLED	already closed
PRJNA667445	host	tail25_49	True		none	False	False			False	False	False	not_gated	0			0	0	0	0	not_generated	FILLED	not_gated	tail25_49	FILLED	already closed
PRJNA673499	country	tail25_49	False		pdf	True	True	https://doi.org/10.1101/2020.11.04.369173	Genomic Characterization of Tissue Invasive Klebsiella pneum	False	False	False	not_gated	0			0	0	0	0	not_generated	FILLED	not_gated	tail25_49	FILLED	already closed
PRJNA673499	collection_date	tail25_49	False		pdf	True	True	https://doi.org/10.1101/2020.11.04.369173	Genomic Characterization of Tissue Invasive Klebsiella pneum	False	False	False	not_gated	0			0	0	0	0	not_generated	FILLED	not_gated	tail25_49	FILLED	already closed
PRJNA673499	isolation_source	tail25_49	False		pdf	True	True	https://doi.org/10.1101/2020.11.04.369173	Genomic Characterization of Tissue Invasive Klebsiella pneum	False	False	False	not_gated	0			0	0	0	0	not_generated	FILLED	not_gated	tail25_49	FILLED	already closed
PRJNA673499	host	tail25_49	False		pdf	True	True	https://doi.org/10.1101/2020.11.04.369173	Genomic Characterization of Tissue Invasive Klebsiella pneum	False	False	False	not_gated	0			0	0	0	0	not_generated	FILLED	not_gated	tail25_49	FILLED	already closed
PRJNA682246	country	tail25_49	False	PMC10365138	abstract	False	False	https://doi.org/10.1016/j.chom.2022.04.008	Persisting uropathogenic Escherichia coli lineages show sign	False	False	False	not_gated	0			0	0	0	0	not_generated	FILLED	not_gated	tail25_49	FILLED	already closed
PRJNA682246	collection_date	tail25_49	False	PMC10365138	abstract	False	False	https://doi.org/10.1016/j.chom.2022.04.008	Persisting uropathogenic Escherichia coli lineages show sign	False	False	False	not_gated	0			0	0	0	0	not_generated	FILLED	not_gated	tail25_49	FILLED	already closed
PRJNA682246	isolation_source	tail25_49	False	PMC10365138	abstract	False	False	https://doi.org/10.1016/j.chom.2022.04.008	Persisting uropathogenic Escherichia coli lineages show sign	False	False	False	not_gated	0			0	0	0	0	not_generated	FILLED	not_gated	tail25_49	FILLED	already closed
PRJNA682246	host	tail25_49	False	PMC10365138	abstract	False	False	https://doi.org/10.1016/j.chom.2022.04.008	Persisting uropathogenic Escherichia coli lineages show sign	False	False	False	not_gated	0			0	0	0	0	not_generated	FILLED	not_gated	tail25_49	FILLED	already closed
PRJNA704495	country	tail25_49	False	PMC8284435	pdf	True	True	https://doi.org/10.1128/aac.00412-21	Genomic Characterization of Klebsiella quasipneumoniae from 	False	False	False	not_gated	0			0	0	0	0	not_generated	FILLED	not_gated	tail25_49	FILLED	already closed
PRJNA704495	collection_date	tail25_49	False	PMC8284435	pdf	True	True	https://doi.org/10.1128/aac.00412-21	Genomic Characterization of Klebsiella quasipneumoniae from 	False	False	False	not_gated	0			0	0	0	0	not_generated	FILLED	not_gated	tail25_49	FILLED	already closed
PRJNA704495	isolation_source	tail25_49	False	PMC8284435	pdf	True	True	https://doi.org/10.1128/aac.00412-21	Genomic Characterization of Klebsiella quasipneumoniae from 	False	False	False	not_gated	0			0	0	0	0	not_generated	FILLED	not_gated	tail25_49	FILLED	already closed
PRJNA704495	host	tail25_49	False	PMC8284435	pdf	True	True	https://doi.org/10.1128/aac.00412-21	Genomic Characterization of Klebsiella quasipneumoniae from 	False	False	False	not_gated	0			0	0	0	0	not_generated	FILLED	not_gated	tail25_49	FILLED	already closed
PRJNA707214	country	tail25_49	False	PMC7842938	europepmc_fulltext	True	True	https://doi.org/10.1371/journal.pone.0245250	A One Health approach to assessing occupational exposure to 	False	False	False	not_gated	0			0	0	0	0	not_generated	FILLED	not_gated	tail25_49	FILLED	already closed
PRJNA707214	collection_date	tail25_49	False	PMC7842938	europepmc_fulltext	True	True	https://doi.org/10.1371/journal.pone.0245250	A One Health approach to assessing occupational exposure to 	False	False	False	not_gated	0			0	0	0	0	not_generated	FILLED	not_gated	tail25_49	FILLED	already closed
PRJNA707214	isolation_source	tail25_49	False	PMC7842938	europepmc_fulltext	True	True	https://doi.org/10.1371/journal.pone.0245250	A One Health approach to assessing occupational exposure to 	False	False	False	not_gated	0			0	0	0	0	not_generated	FILLED	not_gated	tail25_49	FILLED	already closed
PRJNA707214	host	tail25_49	False	PMC7842938	europepmc_fulltext	True	True	https://doi.org/10.1371/journal.pone.0245250	A One Health approach to assessing occupational exposure to 	False	False	False	not_gated	0			0	0	0	0	not_generated	FILLED	not_gated	tail25_49	FILLED	already closed
PRJNA715470	country	tail25_49	False	PMC6986821	europepmc_fulltext	True	True	https://doi.org/10.3201/eid2602.191221	New Delhi Metallo-β-Lactamase-5-Producing Escherichia coli i	False	False	False	not_gated	0	abstained		0	0	0	0	not_generated	FILLED	not_gated	tail25_49	FILLED	already closed
PRJNA715470	collection_date	tail25_49	False	PMC6986821	europepmc_fulltext	True	True	https://doi.org/10.3201/eid2602.191221	New Delhi Metallo-β-Lactamase-5-Producing Escherichia coli i	False	False	False	not_gated	0	abstained		0	0	0	0	not_generated	FILLED	not_gated	tail25_49	FILLED	already closed
PRJNA715470	isolation_source	tail25_49	False	PMC6986821	europepmc_fulltext	True	True	https://doi.org/10.3201/eid2602.191221	New Delhi Metallo-β-Lactamase-5-Producing Escherichia coli i	False	False	False	not_gated	0	abstained		0	0	0	0	not_generated	FILLED	not_gated	tail25_49	FILLED	already closed
PRJNA715470	host	tail25_49	False	PMC6986821	europepmc_fulltext	True	True	https://doi.org/10.3201/eid2602.191221	New Delhi Metallo-β-Lactamase-5-Producing Escherichia coli i	False	False	False	covered	30	abstained		30	0	0	30	not_generated	FILLED	whole_field	tail25_49	FILLED	already closed
PRJNA718275	country	tail25_49	True		none	False	False			False	False	False	not_gated	0			0	0	0	0	not_generated	FILLED	not_gated	tail25_49	FILLED	already closed
PRJNA718275	collection_date	tail25_49	True		none	False	False			False	False	False	not_gated	0			0	0	0	0	not_generated	FILLED	not_gated	tail25_49	FILLED	already closed
PRJNA718275	isolation_source	tail25_49	True		none	False	False			False	False	False	not_gated	0			0	0	0	0	not_generated	FILLED	not_gated	tail25_49	FILLED	already closed
PRJNA718275	host	tail25_49	True		none	False	False			False	False	False	not_gated	0			0	0	0	0	not_generated	FILLED	not_gated	tail25_49	FILLED	already closed
PRJNA728968	country	tail25_49	False		local_pdf	True	True	https://doi.org/10.1093/bib/bbac004	Toward accurate diagnosis and surveillance of bacterial infe	True	True	False	not_gated	0	NO_PMCID		0	0	0	0	not_generated	FILLED	not_gated	tail25_49	FILLED	already closed
PRJNA728968	collection_date	tail25_49	False		local_pdf	True	True	https://doi.org/10.1093/bib/bbac004	Toward accurate diagnosis and surveillance of bacterial infe	True	True	False	covered	25	NO_PMCID		25	0	0	25	not_generated	FILLED	whole_field	tail25_49	FILLED	already closed
PRJNA728968	isolation_source	tail25_49	False		local_pdf	True	True	https://doi.org/10.1093/bib/bbac004	Toward accurate diagnosis and surveillance of bacterial infe	True	True	False	not_gated	0	NO_PMCID		0	0	0	0	not_generated	FILLED	not_gated	tail25_49	FILLED	already closed
PRJNA728968	host	tail25_49	False		local_pdf	True	True	https://doi.org/10.1093/bib/bbac004	Toward accurate diagnosis and surveillance of bacterial infe	True	True	False	not_gated	0	NO_PMCID		0	0	0	0	not_generated	FILLED	not_gated	tail25_49	FILLED	already closed
PRJNA730821	country	tail25_49	False	PMC10239441	europepmc_fulltext	True	True	https://doi.org/10.1038/s43856-023-00309-6	Acquisition and carriage of genetically diverse multi-drug r	False	False	False	not_gated	0			0	0	0	0	not_generated	FILLED	not_gated	tail25_49	FILLED	already closed
PRJNA730821	collection_date	tail25_49	False	PMC10239441	europepmc_fulltext	True	True	https://doi.org/10.1038/s43856-023-00309-6	Acquisition and carriage of genetically diverse multi-drug r	False	False	False	not_gated	0			0	0	0	0	not_generated	FILLED	not_gated	tail25_49	FILLED	already closed
PRJNA730821	isolation_source	tail25_49	False	PMC10239441	europepmc_fulltext	True	True	https://doi.org/10.1038/s43856-023-00309-6	Acquisition and carriage of genetically diverse multi-drug r	False	False	False	not_gated	0			0	0	0	0	not_generated	FILLED	not_gated	tail25_49	FILLED	already closed
PRJNA730821	host	tail25_49	False	PMC10239441	europepmc_fulltext	True	True	https://doi.org/10.1038/s43856-023-00309-6	Acquisition and carriage of genetically diverse multi-drug r	False	False	False	not_gated	0			0	0	0	0	not_generated	FILLED	not_gated	tail25_49	FILLED	already closed
PRJNA739636	country	tail25_49	True		none	False	False			False	False	False	covered	11	NO_PMCID		11	0	0	11	not_generated	FILLED	whole_field	tail25_49	FILLED	already closed
PRJNA739636	collection_date	tail25_49	True		none	False	False			False	False	False	not_gated	0	NO_PMCID		0	0	0	0	not_generated	FILLED	not_gated	tail25_49	FILLED	already closed
PRJNA739636	isolation_source	tail25_49	True		none	False	False			False	False	False	not_gated	0	NO_PMCID		0	0	0	0	not_generated	FILLED	not_gated	tail25_49	FILLED	already closed
PRJNA739636	host	tail25_49	True		none	False	False			False	False	False	residual_per_sample	34	NO_PMCID	NO_PMCID	0	0	0	34	not_generated	EXHAUSTED	no_paper_findable	tail25_49	EXHAUSTED	already closed
PRJNA741123	country	tail25_49	False	PMC9160058	europepmc_fulltext	True	True	https://doi.org/10.1038/s43856-022-00124-5	Antibiotic-resistant organisms establish reservoirs in new h	False	False	False	not_gated	0	direct		0	0	0	0	not_generated	FILLED	not_gated	tail25_49	FILLED	already closed
PRJNA741123	collection_date	tail25_49	False	PMC9160058	europepmc_fulltext	True	True	https://doi.org/10.1038/s43856-022-00124-5	Antibiotic-resistant organisms establish reservoirs in new h	False	False	False	not_gated	0	direct		0	0	0	0	not_generated	FILLED	not_gated	tail25_49	FILLED	already closed
PRJNA741123	isolation_source	tail25_49	False	PMC9160058	europepmc_fulltext	True	True	https://doi.org/10.1038/s43856-022-00124-5	Antibiotic-resistant organisms establish reservoirs in new h	False	False	False	not_gated	0	direct		0	31	0	0	not_generated	FILLED	not_gated	tail25_49	FILLED	already closed
PRJNA741123	host	tail25_49	False	PMC9160058	europepmc_fulltext	True	True	https://doi.org/10.1038/s43856-022-00124-5	Antibiotic-resistant organisms establish reservoirs in new h	False	False	False	covered	31	direct		0	31	0	0	not_generated	FILLED	whole_field	tail25_49	FILLED	already closed
PRJNA744003	country	tail25_49	False	PMC8462332	europepmc_fulltext	True	True	https://doi.org/10.3201/eid2710.211265	New Delhi Metallo-β-Lactamase-Producing Enterobacterales Bac	False	False	False	not_gated	0	direct		0	16	0	0	not_generated	FILLED	not_gated	tail25_49	FILLED	already closed
PRJNA744003	collection_date	tail25_49	False	PMC8462332	europepmc_fulltext	True	True	https://doi.org/10.3201/eid2710.211265	New Delhi Metallo-β-Lactamase-Producing Enterobacterales Bac	False	False	False	not_gated	0	direct		0	0	0	0	not_generated	FILLED	not_gated	tail25_49	FILLED	already closed
PRJNA744003	isolation_source	tail25_49	False	PMC8462332	europepmc_fulltext	True	True	https://doi.org/10.3201/eid2710.211265	New Delhi Metallo-β-Lactamase-Producing Enterobacterales Bac	False	False	False	residual_per_sample	48	direct	field_not_in_table	0	0	0	48	not_generated	EXHAUSTED	field_not_in_table	tail25_49	EXHAUSTED	already closed
PRJNA744003	host	tail25_49	False	PMC8462332	europepmc_fulltext	True	True	https://doi.org/10.3201/eid2710.211265	New Delhi Metallo-β-Lactamase-Producing Enterobacterales Bac	False	False	False	not_gated	0	direct		0	0	0	0	not_generated	FILLED	not_gated	tail25_49	FILLED	already closed
PRJNA744405	country	tail25_49	False	PMC8760991	europepmc_fulltext	True	True	https://doi.org/10.2147/idr.s343673	The Genomic Characterization of KPC-Producing <i>Klebsiella 	False	False	False	not_gated	0	abstained		0	0	0	0	not_generated	FILLED	not_gated	tail25_49	FILLED	already closed
PRJNA744405	collection_date	tail25_49	False	PMC8760991	europepmc_fulltext	True	True	https://doi.org/10.2147/idr.s343673	The Genomic Characterization of KPC-Producing <i>Klebsiella 	False	False	False	not_gated	0	abstained		0	0	0	0	not_generated	FILLED	not_gated	tail25_49	FILLED	already closed
PRJNA744405	isolation_source	tail25_49	False	PMC8760991	europepmc_fulltext	True	True	https://doi.org/10.2147/idr.s343673	The Genomic Characterization of KPC-Producing <i>Klebsiella 	False	False	False	not_gated	0	abstained		0	0	0	0	not_generated	FILLED	not_gated	tail25_49	FILLED	already closed
PRJNA744405	host	tail25_49	False	PMC8760991	europepmc_fulltext	True	True	https://doi.org/10.2147/idr.s343673	The Genomic Characterization of KPC-Producing <i>Klebsiella 	False	False	False	covered	35	abstained		35	0	0	35	not_generated	FILLED	whole_field	tail25_49	FILLED	already closed
PRJNA744889	country	tail25_49	True		none	False	False			False	False	False	not_gated	0	NO_PMCID		0	0	0	0	not_generated	FILLED	not_gated	tail25_49	FILLED	already closed
PRJNA744889	collection_date	tail25_49	True		none	False	False			False	False	False	not_gated	0	NO_PMCID		0	0	0	0	not_generated	FILLED	not_gated	tail25_49	FILLED	already closed
PRJNA744889	isolation_source	tail25_49	True		none	False	False			False	False	False	not_gated	0	NO_PMCID		0	0	0	0	not_generated	FILLED	not_gated	tail25_49	FILLED	already closed
PRJNA744889	host	tail25_49	True		none	False	False			False	False	False	residual_per_sample	23	NO_PMCID	NO_PMCID	0	0	0	23	not_generated	EXHAUSTED	no_paper_findable	tail25_49	EXHAUSTED	already closed
PRJNA754858	country	tail25_49	False	PMC9122983	europepmc_fulltext	True	True	https://doi.org/10.1038/s43856-022-00115-6	A prospective matched case-control study on the genomic epid	False	False	False	not_gated	0			0	0	0	0	not_generated	FILLED	not_gated	tail25_49	FILLED	already closed
PRJNA754858	collection_date	tail25_49	False	PMC9122983	europepmc_fulltext	True	True	https://doi.org/10.1038/s43856-022-00115-6	A prospective matched case-control study on the genomic epid	False	False	False	not_gated	0			0	0	0	0	not_generated	FILLED	not_gated	tail25_49	FILLED	already closed
PRJNA754858	isolation_source	tail25_49	False	PMC9122983	europepmc_fulltext	True	True	https://doi.org/10.1038/s43856-022-00115-6	A prospective matched case-control study on the genomic epid	False	False	False	not_gated	0			0	0	0	0	not_generated	FILLED	not_gated	tail25_49	FILLED	already closed
PRJNA754858	host	tail25_49	False	PMC9122983	europepmc_fulltext	True	True	https://doi.org/10.1038/s43856-022-00115-6	A prospective matched case-control study on the genomic epid	False	False	False	not_gated	0			0	0	0	0	not_generated	FILLED	not_gated	tail25_49	FILLED	already closed
PRJNA761884	country	tail25_49	False	PMC8894482	europepmc_fulltext	True	True	https://doi.org/10.1038/s41467-022-28819-2	Role of mobile genetic elements in the global dissemination 	False	False	False	not_gated	0			0	0	0	0	not_generated	FILLED	not_gated	tail25_49	FILLED	already closed
PRJNA761884	collection_date	tail25_49	False	PMC8894482	europepmc_fulltext	True	True	https://doi.org/10.1038/s41467-022-28819-2	Role of mobile genetic elements in the global dissemination 	False	False	False	not_gated	0			0	0	0	0	not_generated	FILLED	not_gated	tail25_49	FILLED	already closed
PRJNA761884	isolation_source	tail25_49	False	PMC8894482	europepmc_fulltext	True	True	https://doi.org/10.1038/s41467-022-28819-2	Role of mobile genetic elements in the global dissemination 	False	False	False	not_gated	0			0	0	0	0	not_generated	FILLED	not_gated	tail25_49	FILLED	already closed
PRJNA761884	host	tail25_49	False	PMC8894482	europepmc_fulltext	True	True	https://doi.org/10.1038/s41467-022-28819-2	Role of mobile genetic elements in the global dissemination 	False	False	False	not_gated	0			0	0	0	0	not_generated	FILLED	not_gated	tail25_49	FILLED	already closed
PRJNA767190	country	tail25_49	False	PMC8597650	europepmc_fulltext	True	True	https://doi.org/10.1128/spectrum.01608-21	Comparison of sCIM and Other Phenotypic Detection Methods fo	False	False	False	not_gated	0	abstained		0	0	0	0	not_generated	FILLED	not_gated	tail25_49	FILLED	already closed
PRJNA767190	collection_date	tail25_49	False	PMC8597650	europepmc_fulltext	True	True	https://doi.org/10.1128/spectrum.01608-21	Comparison of sCIM and Other Phenotypic Detection Methods fo	False	False	False	not_gated	0	abstained		0	0	0	0	not_generated	FILLED	not_gated	tail25_49	FILLED	already closed
PRJNA767190	isolation_source	tail25_49	False	PMC8597650	europepmc_fulltext	True	True	https://doi.org/10.1128/spectrum.01608-21	Comparison of sCIM and Other Phenotypic Detection Methods fo	False	False	False	residual_per_sample	28	abstained	no_supp	0	0	0	28	not_generated	EXHAUSTED	no_supp	tail25_49	EXHAUSTED	already closed
PRJNA767190	host	tail25_49	False	PMC8597650	europepmc_fulltext	True	True	https://doi.org/10.1128/spectrum.01608-21	Comparison of sCIM and Other Phenotypic Detection Methods fo	False	False	False	not_gated	0	abstained		0	0	0	0	not_generated	FILLED	not_gated	tail25_49	FILLED	already closed
PRJNA768294	country	tail25_49	False	PMC9104693	europepmc_fulltext	True	True	https://doi.org/10.1101/gr.276289.121	A curated collection of <i>Klebsiella</i> metabolic models r	False	False	False	not_gated	0	abstained		0	0	0	0	not_generated	FILLED	not_gated	tail25_49	FILLED	already closed
PRJNA768294	collection_date	tail25_49	False	PMC9104693	europepmc_fulltext	True	True	https://doi.org/10.1101/gr.276289.121	A curated collection of <i>Klebsiella</i> metabolic models r	False	False	False	not_gated	0	abstained		0	0	0	0	not_generated	FILLED	not_gated	tail25_49	FILLED	already closed
PRJNA768294	isolation_source	tail25_49	False	PMC9104693	europepmc_fulltext	True	True	https://doi.org/10.1101/gr.276289.121	A curated collection of <i>Klebsiella</i> metabolic models r	False	False	False	residual_per_sample	13	abstained	abstained_other	0	0	0	13	not_generated	EXHAUSTED	abstained_other	tail25_49	EXHAUSTED	already closed
PRJNA768294	host	tail25_49	False	PMC9104693	europepmc_fulltext	True	True	https://doi.org/10.1101/gr.276289.121	A curated collection of <i>Klebsiella</i> metabolic models r	False	False	False	not_gated	0	abstained		0	0	0	0	not_generated	FILLED	not_gated	tail25_49	FILLED	already closed
PRJNA770840	country	tail25_49	False	PMC9798552	europepmc_fulltext	True	True	https://doi.org/10.1186/s12864-022-08550-4	Identification of highly variable sequence fragments in unma	False	False	False	not_gated	0	abstained		0	0	0	0	not_generated	FILLED	not_gated	tail25_49	FILLED	already closed
PRJNA770840	collection_date	tail25_49	False	PMC9798552	europepmc_fulltext	True	True	https://doi.org/10.1186/s12864-022-08550-4	Identification of highly variable sequence fragments in unma	False	False	False	not_gated	0	abstained		0	0	0	0	not_generated	FILLED	not_gated	tail25_49	FILLED	already closed
PRJNA770840	isolation_source	tail25_49	False	PMC9798552	europepmc_fulltext	True	True	https://doi.org/10.1186/s12864-022-08550-4	Identification of highly variable sequence fragments in unma	False	False	False	residual_per_sample	31	abstained	no_supp	0	0	0	31	not_generated	EXHAUSTED	no_supp	tail25_49	EXHAUSTED	already closed
PRJNA770840	host	tail25_49	False	PMC9798552	europepmc_fulltext	True	True	https://doi.org/10.1186/s12864-022-08550-4	Identification of highly variable sequence fragments in unma	False	False	False	not_gated	0	abstained		0	0	0	0	not_generated	FILLED	not_gated	tail25_49	FILLED	already closed
PRJNA790644	country	tail25_49	True		none	False	False			False	False	False	not_gated	0			0	0	0	0	not_generated	FILLED	not_gated	tail25_49	FILLED	already closed
PRJNA790644	collection_date	tail25_49	True		none	False	False			False	False	False	not_gated	0			0	0	0	0	not_generated	FILLED	not_gated	tail25_49	FILLED	already closed
PRJNA790644	isolation_source	tail25_49	True		none	False	False			False	False	False	not_gated	0			0	0	0	0	not_generated	FILLED	not_gated	tail25_49	FILLED	already closed
PRJNA790644	host	tail25_49	True		none	False	False			False	False	False	not_gated	0			0	0	0	0	not_generated	FILLED	not_gated	tail25_49	FILLED	already closed
PRJNA796569	country	tail25_49	False	PMC11849422	europepmc_fulltext	True	True	https://doi.org/10.2147/idr.s488794	Genomic Characterization and Antimicrobial Resistance of ESB	False	False	False	not_gated	0			0	0	0	0	not_generated	FILLED	not_gated	tail25_49	FILLED	already closed
PRJNA796569	collection_date	tail25_49	False	PMC11849422	europepmc_fulltext	True	True	https://doi.org/10.2147/idr.s488794	Genomic Characterization and Antimicrobial Resistance of ESB	False	False	False	not_gated	0			0	0	0	0	not_generated	FILLED	not_gated	tail25_49	FILLED	already closed
PRJNA796569	isolation_source	tail25_49	False	PMC11849422	europepmc_fulltext	True	True	https://doi.org/10.2147/idr.s488794	Genomic Characterization and Antimicrobial Resistance of ESB	False	False	False	not_gated	0			0	0	0	0	not_generated	FILLED	not_gated	tail25_49	FILLED	already closed
PRJNA796569	host	tail25_49	False	PMC11849422	europepmc_fulltext	True	True	https://doi.org/10.2147/idr.s488794	Genomic Characterization and Antimicrobial Resistance of ESB	False	False	False	not_gated	0			0	0	0	0	not_generated	FILLED	not_gated	tail25_49	FILLED	already closed
PRJNA799652	country	tail25_49	False		abstract	False	False	https://doi.org/10.1016/j.ijantimicag.2024.107252	Rapid inference of antibiotic resistance and susceptibility 	False	False	False	not_gated	0			0	0	0	0	not_generated	FILLED	not_gated	tail25_49	FILLED	already closed
PRJNA799652	collection_date	tail25_49	False		abstract	False	False	https://doi.org/10.1016/j.ijantimicag.2024.107252	Rapid inference of antibiotic resistance and susceptibility 	False	False	False	not_gated	0			0	0	0	0	not_generated	FILLED	not_gated	tail25_49	FILLED	already closed
PRJNA799652	isolation_source	tail25_49	False		abstract	False	False	https://doi.org/10.1016/j.ijantimicag.2024.107252	Rapid inference of antibiotic resistance and susceptibility 	False	False	False	not_gated	0			0	0	0	0	not_generated	FILLED	not_gated	tail25_49	FILLED	already closed
PRJNA799652	host	tail25_49	False		abstract	False	False	https://doi.org/10.1016/j.ijantimicag.2024.107252	Rapid inference of antibiotic resistance and susceptibility 	False	False	False	not_gated	0			0	0	0	0	not_generated	FILLED	not_gated	tail25_49	FILLED	already closed
PRJNA814816	country	tail25_49	False		local_pdf	True	True	https://doi.org/10.1111/jam.15701	PCR-based ORF typing of Klebsiella pneumoniae for rapid iden	True	True	False	not_gated	0	NO_PMCID		0	0	0	0	not_generated	FILLED	not_gated	tail25_49	FILLED	already closed
PRJNA814816	collection_date	tail25_49	False		local_pdf	True	True	https://doi.org/10.1111/jam.15701	PCR-based ORF typing of Klebsiella pneumoniae for rapid iden	True	True	False	not_gated	0	NO_PMCID		0	0	0	0	not_generated	FILLED	not_gated	tail25_49	FILLED	already closed
PRJNA814816	isolation_source	tail25_49	False		local_pdf	True	True	https://doi.org/10.1111/jam.15701	PCR-based ORF typing of Klebsiella pneumoniae for rapid iden	True	True	False	residual_per_sample	24	NO_PMCID	NO_PMCID	0	0	0	24	not_generated	EXHAUSTED	NO_PMCID	tail25_49	EXHAUSTED	already closed
PRJNA814816	host	tail25_49	False		local_pdf	True	True	https://doi.org/10.1111/jam.15701	PCR-based ORF typing of Klebsiella pneumoniae for rapid iden	True	True	False	not_gated	0	NO_PMCID		0	0	0	0	not_generated	FILLED	not_gated	tail25_49	FILLED	already closed
PRJNA816413	country	tail25_49	False	PMC9027467	europepmc_fulltext	True	True	https://doi.org/10.3390/antibiotics11040435	Genetic Characterization of Carbapenem-Resistant <i>Klebsiel	False	False	False	not_gated	0			0	0	0	0	not_generated	FILLED	not_gated	tail25_49	FILLED	already closed
PRJNA816413	collection_date	tail25_49	False	PMC9027467	europepmc_fulltext	True	True	https://doi.org/10.3390/antibiotics11040435	Genetic Characterization of Carbapenem-Resistant <i>Klebsiel	False	False	False	not_gated	0			0	0	0	0	not_generated	FILLED	not_gated	tail25_49	FILLED	already closed
PRJNA816413	isolation_source	tail25_49	False	PMC9027467	europepmc_fulltext	True	True	https://doi.org/10.3390/antibiotics11040435	Genetic Characterization of Carbapenem-Resistant <i>Klebsiel	False	False	False	not_gated	0			0	0	0	0	not_generated	FILLED	not_gated	tail25_49	FILLED	already closed
PRJNA816413	host	tail25_49	False	PMC9027467	europepmc_fulltext	True	True	https://doi.org/10.3390/antibiotics11040435	Genetic Characterization of Carbapenem-Resistant <i>Klebsiel	False	False	False	not_gated	0			0	0	0	0	not_generated	FILLED	not_gated	tail25_49	FILLED	already closed
PRJNA836696	country	tail25_49	False	PMC9601100	europepmc_fulltext	True	True	https://doi.org/10.1128/msystems.00476-22	Systematic Analysis of Mobile Genetic Elements Mediating β-L	False	False	False	not_gated	0			0	0	0	0	not_generated	FILLED	not_gated	tail25_49	FILLED	already closed
PRJNA836696	collection_date	tail25_49	False	PMC9601100	europepmc_fulltext	True	True	https://doi.org/10.1128/msystems.00476-22	Systematic Analysis of Mobile Genetic Elements Mediating β-L	False	False	False	not_gated	0			0	0	0	0	not_generated	FILLED	not_gated	tail25_49	FILLED	already closed
PRJNA836696	isolation_source	tail25_49	False	PMC9601100	europepmc_fulltext	True	True	https://doi.org/10.1128/msystems.00476-22	Systematic Analysis of Mobile Genetic Elements Mediating β-L	False	False	False	not_gated	0			0	0	0	0	not_generated	FILLED	not_gated	tail25_49	FILLED	already closed
PRJNA836696	host	tail25_49	False	PMC9601100	europepmc_fulltext	True	True	https://doi.org/10.1128/msystems.00476-22	Systematic Analysis of Mobile Genetic Elements Mediating β-L	False	False	False	not_gated	0			0	0	0	0	not_generated	FILLED	not_gated	tail25_49	FILLED	already closed
PRJNA842739	country	tail25_49	True		none	False	False			False	False	False	not_gated	0	NO_PMCID		0	0	0	0	not_generated	FILLED	not_gated	tail25_49	FILLED	already closed
PRJNA842739	collection_date	tail25_49	True		none	False	False			False	False	False	not_gated	0	NO_PMCID		0	0	0	0	not_generated	FILLED	not_gated	tail25_49	FILLED	already closed
PRJNA842739	isolation_source	tail25_49	True		none	False	False			False	False	False	residual_per_sample	34	NO_PMCID	NO_PMCID	0	0	0	34	not_generated	EXHAUSTED	no_paper_findable	tail25_49	EXHAUSTED	already closed
PRJNA842739	host	tail25_49	True		none	False	False			False	False	False	not_gated	0	NO_PMCID		0	0	0	0	not_generated	FILLED	not_gated	tail25_49	FILLED	already closed
PRJNA847410	country	tail25_49	False	PMC10590067	europepmc_fulltext	True	True	https://doi.org/10.2147/idr.s426565	Genomic Characteristics of Carbapenem-Resistant <i>Klebsiell	False	False	False	not_gated	0			0	0	0	0	not_generated	FILLED	not_gated	tail25_49	FILLED	already closed
PRJNA847410	collection_date	tail25_49	False	PMC10590067	europepmc_fulltext	True	True	https://doi.org/10.2147/idr.s426565	Genomic Characteristics of Carbapenem-Resistant <i>Klebsiell	False	False	False	not_gated	0			0	0	0	0	not_generated	FILLED	not_gated	tail25_49	FILLED	already closed
PRJNA847410	isolation_source	tail25_49	False	PMC10590067	europepmc_fulltext	True	True	https://doi.org/10.2147/idr.s426565	Genomic Characteristics of Carbapenem-Resistant <i>Klebsiell	False	False	False	not_gated	0			0	0	0	0	not_generated	FILLED	not_gated	tail25_49	FILLED	already closed
PRJNA847410	host	tail25_49	False	PMC10590067	europepmc_fulltext	True	True	https://doi.org/10.2147/idr.s426565	Genomic Characteristics of Carbapenem-Resistant <i>Klebsiell	False	False	False	not_gated	0			0	0	0	0	not_generated	FILLED	not_gated	tail25_49	FILLED	already closed
PRJNA850834	country	tail25_49	False	PMC10933102	europepmc_fulltext	True	True	https://doi.org/10.3389/fcimb.2024.1328123	Molecular epidemiology of multidrug-resistant &lt;i&gt;Klebs	False	False	False	not_gated	0			0	0	0	0	not_generated	FILLED	not_gated	tail25_49	FILLED	already closed
PRJNA850834	collection_date	tail25_49	False	PMC10933102	europepmc_fulltext	True	True	https://doi.org/10.3389/fcimb.2024.1328123	Molecular epidemiology of multidrug-resistant &lt;i&gt;Klebs	False	False	False	not_gated	0			0	0	0	0	not_generated	FILLED	not_gated	tail25_49	FILLED	already closed
PRJNA850834	isolation_source	tail25_49	False	PMC10933102	europepmc_fulltext	True	True	https://doi.org/10.3389/fcimb.2024.1328123	Molecular epidemiology of multidrug-resistant &lt;i&gt;Klebs	False	False	False	not_gated	0			0	0	0	0	not_generated	FILLED	not_gated	tail25_49	FILLED	already closed
PRJNA850834	host	tail25_49	False	PMC10933102	europepmc_fulltext	True	True	https://doi.org/10.3389/fcimb.2024.1328123	Molecular epidemiology of multidrug-resistant &lt;i&gt;Klebs	False	False	False	not_gated	0			0	0	0	0	not_generated	FILLED	not_gated	tail25_49	FILLED	already closed
PRJNA857525	country	tail25_49	True		none	False	False			False	False	False	not_gated	0	NO_PMCID		0	0	0	0	not_generated	FILLED	not_gated	tail25_49	FILLED	already closed
PRJNA857525	collection_date	tail25_49	True		none	False	False			False	False	False	not_gated	0	NO_PMCID		0	0	0	0	not_generated	FILLED	not_gated	tail25_49	FILLED	already closed
PRJNA857525	isolation_source	tail25_49	True		none	False	False			False	False	False	residual_per_sample	31	NO_PMCID	NO_PMCID	0	0	0	31	not_generated	EXHAUSTED	no_paper_findable	tail25_49	EXHAUSTED	already closed
PRJNA857525	host	tail25_49	True		none	False	False			False	False	False	not_gated	0	NO_PMCID		0	0	0	0	not_generated	FILLED	not_gated	tail25_49	FILLED	already closed
PRJNA858403	country	tail25_49	False	PMC10100809	europepmc_fulltext	True	True	https://doi.org/10.1128/spectrum.04088-22	Association between Intestinal Colonization and Extraintesti	False	False	False	not_gated	0			0	0	0	0	not_generated	FILLED	not_gated	tail25_49	FILLED	already closed
PRJNA858403	collection_date	tail25_49	False	PMC10100809	europepmc_fulltext	True	True	https://doi.org/10.1128/spectrum.04088-22	Association between Intestinal Colonization and Extraintesti	False	False	False	not_gated	0			0	0	0	0	not_generated	FILLED	not_gated	tail25_49	FILLED	already closed
PRJNA858403	isolation_source	tail25_49	False	PMC10100809	europepmc_fulltext	True	True	https://doi.org/10.1128/spectrum.04088-22	Association between Intestinal Colonization and Extraintesti	False	False	False	not_gated	0			0	0	0	0	not_generated	FILLED	not_gated	tail25_49	FILLED	already closed
PRJNA858403	host	tail25_49	False	PMC10100809	europepmc_fulltext	True	True	https://doi.org/10.1128/spectrum.04088-22	Association between Intestinal Colonization and Extraintesti	False	False	False	not_gated	0			0	0	0	0	not_generated	FILLED	not_gated	tail25_49	FILLED	already closed
PRJNA858823	country	tail25_49	True		none	False	False			False	False	False	not_gated	0	NO_PMCID		0	0	0	0	not_generated	FILLED	not_gated	tail25_49	FILLED	already closed
PRJNA858823	collection_date	tail25_49	True		none	False	False			False	False	False	not_gated	0	NO_PMCID		0	0	0	0	not_generated	FILLED	not_gated	tail25_49	FILLED	already closed
PRJNA858823	isolation_source	tail25_49	True		none	False	False			False	False	False	residual_per_sample	25	NO_PMCID	NO_PMCID	0	0	0	25	not_generated	EXHAUSTED	no_paper_findable	tail25_49	EXHAUSTED	already closed
PRJNA858823	host	tail25_49	True		none	False	False			False	False	False	not_gated	0	NO_PMCID		0	0	0	0	not_generated	FILLED	not_gated	tail25_49	FILLED	already closed
PRJNA868296	country	tail25_49	False	PMC10469867	europepmc_fulltext	True	True	https://doi.org/10.1128/msystems.00206-23	Intensive care unit sinks are persistently colonized with mu	False	False	False	not_gated	0	abstained		0	0	0	0	not_generated	FILLED	not_gated	tail25_49	FILLED	already closed
PRJNA868296	collection_date	tail25_49	False	PMC10469867	europepmc_fulltext	True	True	https://doi.org/10.1128/msystems.00206-23	Intensive care unit sinks are persistently colonized with mu	False	False	False	not_gated	0	abstained		0	0	0	0	not_generated	FILLED	not_gated	tail25_49	FILLED	already closed
PRJNA868296	isolation_source	tail25_49	False	PMC10469867	europepmc_fulltext	True	True	https://doi.org/10.1128/msystems.00206-23	Intensive care unit sinks are persistently colonized with mu	False	False	False	residual_per_sample	37	abstained		0	0	0	37	not_generated	BLOCKED	needs_linkage	tail25_49	ACCEPTED	table has no ENA-mappable key (unanchored) or no per-isolate table exists
PRJNA868296	host	tail25_49	False	PMC10469867	europepmc_fulltext	True	True	https://doi.org/10.1128/msystems.00206-23	Intensive care unit sinks are persistently colonized with mu	False	False	False	covered	37	abstained		37	0	0	37	not_generated	FILLED	whole_field	tail25_49	FILLED	already closed
PRJNA884340	country	tail25_49	False	PMC9765435	europepmc_fulltext	True	True	https://doi.org/10.1128/mbio.02906-22	Within-Host Genotypic and Phenotypic Diversity of Contempora	False	False	False	not_gated	0			0	0	0	0	not_generated	FILLED	not_gated	tail25_49	FILLED	already closed
PRJNA884340	collection_date	tail25_49	False	PMC9765435	europepmc_fulltext	True	True	https://doi.org/10.1128/mbio.02906-22	Within-Host Genotypic and Phenotypic Diversity of Contempora	False	False	False	not_gated	0			0	0	0	0	not_generated	FILLED	not_gated	tail25_49	FILLED	already closed
PRJNA884340	isolation_source	tail25_49	False	PMC9765435	europepmc_fulltext	True	True	https://doi.org/10.1128/mbio.02906-22	Within-Host Genotypic and Phenotypic Diversity of Contempora	False	False	False	not_gated	0			0	0	0	0	not_generated	FILLED	not_gated	tail25_49	FILLED	already closed
PRJNA884340	host	tail25_49	False	PMC9765435	europepmc_fulltext	True	True	https://doi.org/10.1128/mbio.02906-22	Within-Host Genotypic and Phenotypic Diversity of Contempora	False	False	False	not_gated	0			0	0	0	0	not_generated	FILLED	not_gated	tail25_49	FILLED	already closed
PRJNA890192	country	tail25_49	False	PMC10019205	pdf	True	True	https://doi.org/10.1128/aac.01424-22	Emergence of Carbapenemase-Producing Hypervirulent Klebsiell	False	False	False	covered	25	abstained		25	0	0	25	not_generated	FILLED	whole_field	tail25_49	FILLED	already closed
PRJNA890192	collection_date	tail25_49	False	PMC10019205	pdf	True	True	https://doi.org/10.1128/aac.01424-22	Emergence of Carbapenemase-Producing Hypervirulent Klebsiell	False	False	False	not_gated	0	abstained		0	0	0	0	not_generated	FILLED	not_gated	tail25_49	FILLED	already closed
PRJNA890192	isolation_source	tail25_49	False	PMC10019205	pdf	True	True	https://doi.org/10.1128/aac.01424-22	Emergence of Carbapenemase-Producing Hypervirulent Klebsiell	False	False	False	residual_per_sample	25	abstained	no_supp	0	0	0	25	not_generated	EXHAUSTED	no_supp	tail25_49	EXHAUSTED	already closed
PRJNA890192	host	tail25_49	False	PMC10019205	pdf	True	True	https://doi.org/10.1128/aac.01424-22	Emergence of Carbapenemase-Producing Hypervirulent Klebsiell	False	False	False	not_gated	0	abstained		0	0	0	0	not_generated	FILLED	not_gated	tail25_49	FILLED	already closed
PRJNA922161	country	tail25_49	False	PMC9862994	europepmc_fulltext	True	True	https://doi.org/10.3390/pharmaceutics15010270	Determination of Mutational Timing of Colistin-Resistance Ge	False	False	False	not_gated	0	abstained		0	0	0	0	not_generated	FILLED	not_gated	tail25_49	FILLED	already closed
PRJNA922161	collection_date	tail25_49	False	PMC9862994	europepmc_fulltext	True	True	https://doi.org/10.3390/pharmaceutics15010270	Determination of Mutational Timing of Colistin-Resistance Ge	False	False	False	not_gated	0	abstained		0	0	0	0	not_generated	FILLED	not_gated	tail25_49	FILLED	already closed
PRJNA922161	isolation_source	tail25_49	False	PMC9862994	europepmc_fulltext	True	True	https://doi.org/10.3390/pharmaceutics15010270	Determination of Mutational Timing of Colistin-Resistance Ge	False	False	False	residual_per_sample	46	abstained	no_supp	0	0	0	46	not_generated	EXHAUSTED	paper_has_no_table	tail25_49	EXHAUSTED	already closed
PRJNA922161	host	tail25_49	False	PMC9862994	europepmc_fulltext	True	True	https://doi.org/10.3390/pharmaceutics15010270	Determination of Mutational Timing of Colistin-Resistance Ge	False	False	False	residual_per_sample	46	abstained	no_supp	0	0	0	46	not_generated	EXHAUSTED	paper_has_no_table	tail25_49	EXHAUSTED	already closed
PRJNA924056	country	tail25_49	False	PMC10409761	europepmc_fulltext	True	True	https://doi.org/10.1038/s41467-023-39915-2	Genomic dissection of endemic carbapenem resistance reveals 	False	False	False	not_gated	0			0	0	0	0	not_generated	FILLED	not_gated	tail25_49	FILLED	already closed
PRJNA924056	collection_date	tail25_49	False	PMC10409761	europepmc_fulltext	True	True	https://doi.org/10.1038/s41467-023-39915-2	Genomic dissection of endemic carbapenem resistance reveals 	False	False	False	not_gated	0			0	0	0	0	not_generated	FILLED	not_gated	tail25_49	FILLED	already closed
PRJNA924056	isolation_source	tail25_49	False	PMC10409761	europepmc_fulltext	True	True	https://doi.org/10.1038/s41467-023-39915-2	Genomic dissection of endemic carbapenem resistance reveals 	False	False	False	not_gated	0			0	0	0	0	not_generated	FILLED	not_gated	tail25_49	FILLED	already closed
PRJNA924056	host	tail25_49	False	PMC10409761	europepmc_fulltext	True	True	https://doi.org/10.1038/s41467-023-39915-2	Genomic dissection of endemic carbapenem resistance reveals 	False	False	False	not_gated	0			0	0	0	0	not_generated	FILLED	not_gated	tail25_49	FILLED	already closed
PRJNA925315	country	tail25_49	False	PMC10193520	europepmc_fulltext	True	True	https://doi.org/10.1101/2023.04.24.23289028	WITHDRAWN: Evaluation of Fourier Transform Infrared spectros	False	False	False	not_gated	0	abstained		0	0	0	0	not_generated	FILLED	not_gated	tail25_49	FILLED	already closed
PRJNA925315	collection_date	tail25_49	False	PMC10193520	europepmc_fulltext	True	True	https://doi.org/10.1101/2023.04.24.23289028	WITHDRAWN: Evaluation of Fourier Transform Infrared spectros	False	False	False	not_gated	0	abstained		0	0	0	0	not_generated	FILLED	not_gated	tail25_49	FILLED	already closed
PRJNA925315	isolation_source	tail25_49	False	PMC10193520	europepmc_fulltext	True	True	https://doi.org/10.1101/2023.04.24.23289028	WITHDRAWN: Evaluation of Fourier Transform Infrared spectros	False	False	False	covered	29	abstained		29	0	0	29	not_generated	FILLED	whole_field	tail25_49	FILLED	already closed
PRJNA925315	host	tail25_49	False	PMC10193520	europepmc_fulltext	True	True	https://doi.org/10.1101/2023.04.24.23289028	WITHDRAWN: Evaluation of Fourier Transform Infrared spectros	False	False	False	covered	29	abstained		29	0	0	29	not_generated	FILLED	whole_field	tail25_49	FILLED	already closed
PRJNA939143	country	tail25_49	False		abstract	False	False	https://doi.org/10.1016/j.jiph.2023.10.013	Whole-genome sequencing of carbapenem-resistant Enterobacter	False	False	False	not_gated	0			0	0	0	0	not_generated	FILLED	not_gated	tail25_49	FILLED	already closed
PRJNA939143	collection_date	tail25_49	False		abstract	False	False	https://doi.org/10.1016/j.jiph.2023.10.013	Whole-genome sequencing of carbapenem-resistant Enterobacter	False	False	False	not_gated	0			0	0	0	0	not_generated	FILLED	not_gated	tail25_49	FILLED	already closed
PRJNA939143	isolation_source	tail25_49	False		abstract	False	False	https://doi.org/10.1016/j.jiph.2023.10.013	Whole-genome sequencing of carbapenem-resistant Enterobacter	False	False	False	not_gated	0			0	0	0	0	not_generated	FILLED	not_gated	tail25_49	FILLED	already closed
PRJNA939143	host	tail25_49	False		abstract	False	False	https://doi.org/10.1016/j.jiph.2023.10.013	Whole-genome sequencing of carbapenem-resistant Enterobacter	False	False	False	not_gated	0			0	0	0	0	not_generated	FILLED	not_gated	tail25_49	FILLED	already closed
PRJNA943144	country	tail25_49	False	PMC11748015	europepmc_fulltext	True	True	https://doi.org/10.1017/s0950268824001754	Antimicrobial resistance profiles and molecular epidemiology	False	False	False	not_gated	0			0	0	0	0	not_generated	FILLED	not_gated	tail25_49	FILLED	already closed
PRJNA943144	collection_date	tail25_49	False	PMC11748015	europepmc_fulltext	True	True	https://doi.org/10.1017/s0950268824001754	Antimicrobial resistance profiles and molecular epidemiology	False	False	False	not_gated	0			0	0	0	0	not_generated	FILLED	not_gated	tail25_49	FILLED	already closed
PRJNA943144	isolation_source	tail25_49	False	PMC11748015	europepmc_fulltext	True	True	https://doi.org/10.1017/s0950268824001754	Antimicrobial resistance profiles and molecular epidemiology	False	False	False	not_gated	0			0	0	0	0	not_generated	FILLED	not_gated	tail25_49	FILLED	already closed
PRJNA943144	host	tail25_49	False	PMC11748015	europepmc_fulltext	True	True	https://doi.org/10.1017/s0950268824001754	Antimicrobial resistance profiles and molecular epidemiology	False	False	False	not_gated	0			0	0	0	0	not_generated	FILLED	not_gated	tail25_49	FILLED	already closed
PRJNA967113	country	tail25_49	True		none	False	False			False	False	False	not_gated	0			0	0	0	0	not_generated	FILLED	not_gated	tail25_49	FILLED	already closed
PRJNA967113	collection_date	tail25_49	True		none	False	False			False	False	False	not_gated	0			0	0	0	0	not_generated	FILLED	not_gated	tail25_49	FILLED	already closed
PRJNA967113	isolation_source	tail25_49	True		none	False	False			False	False	False	not_gated	0			0	0	0	0	not_generated	FILLED	not_gated	tail25_49	FILLED	already closed
PRJNA967113	host	tail25_49	True		none	False	False			False	False	False	not_gated	0			0	0	0	0	not_generated	FILLED	not_gated	tail25_49	FILLED	already closed
PRJNA979006	country	tail25_49	True		none	False	False			False	False	False	not_gated	0			0	0	0	0	not_generated	FILLED	not_gated	tail25_49	FILLED	already closed
PRJNA979006	collection_date	tail25_49	True		none	False	False			False	False	False	not_gated	0			0	0	0	0	not_generated	FILLED	not_gated	tail25_49	FILLED	already closed
PRJNA979006	isolation_source	tail25_49	True		none	False	False			False	False	False	not_gated	0			0	0	0	0	not_generated	FILLED	not_gated	tail25_49	FILLED	already closed
PRJNA979006	host	tail25_49	True		none	False	False			False	False	False	not_gated	0			0	0	0	0	not_generated	FILLED	not_gated	tail25_49	FILLED	already closed
PRJNA984451	country	tail25_49	False	PMC10532110	europepmc_fulltext	True	True	https://doi.org/10.1093/jacamr/dlad106	Analysis of the stepwise acquisition of &lt;i&gt;bla&lt;/i&g	False	False	False	not_gated	0	abstained		0	0	0	0	not_generated	FILLED	not_gated	tail25_49	FILLED	already closed
PRJNA984451	collection_date	tail25_49	False	PMC10532110	europepmc_fulltext	True	True	https://doi.org/10.1093/jacamr/dlad106	Analysis of the stepwise acquisition of &lt;i&gt;bla&lt;/i&g	False	False	False	not_gated	0	abstained		0	0	0	0	not_generated	FILLED	not_gated	tail25_49	FILLED	already closed
PRJNA984451	isolation_source	tail25_49	False	PMC10532110	europepmc_fulltext	True	True	https://doi.org/10.1093/jacamr/dlad106	Analysis of the stepwise acquisition of &lt;i&gt;bla&lt;/i&g	False	False	False	covered	28	abstained		28	0	0	28	not_generated	FILLED	whole_field	tail25_49	FILLED	already closed
PRJNA984451	host	tail25_49	False	PMC10532110	europepmc_fulltext	True	True	https://doi.org/10.1093/jacamr/dlad106	Analysis of the stepwise acquisition of &lt;i&gt;bla&lt;/i&g	False	False	False	residual_per_sample	28	abstained	no_supp	0	0	0	28	not_generated	EXHAUSTED	no_supp	tail25_49	EXHAUSTED	already closed
PRJNA986308	country	tail25_49	True		none	False	False			False	False	False	not_gated	0	NO_PMCID		0	0	0	0	not_generated	FILLED	not_gated	tail25_49	FILLED	already closed
PRJNA986308	collection_date	tail25_49	True		none	False	False			False	False	False	not_gated	0	NO_PMCID		0	0	0	0	not_generated	FILLED	not_gated	tail25_49	FILLED	already closed
PRJNA986308	isolation_source	tail25_49	True		none	False	False			False	False	False	residual_per_sample	48	NO_PMCID	NO_PMCID	0	0	0	48	not_generated	EXHAUSTED	no_paper_findable	tail25_49	EXHAUSTED	already closed
PRJNA986308	host	tail25_49	True		none	False	False			False	False	False	not_gated	0	NO_PMCID		0	0	0	0	not_generated	FILLED	not_gated	tail25_49	FILLED	already closed
PRJDB10735	country	tail10_24	False		local_pdf	True	True	https://doi.org/10.1093/jtm/taab047	A case of meningitis due to extensively drug-resistant Pseud	True	True	False	not_gated	0	NO_PMCID		0	0	0	0	not_generated	FILLED	not_gated	tail10_24	FILLED	already closed
PRJDB10735	collection_date	tail10_24	False		local_pdf	True	True	https://doi.org/10.1093/jtm/taab047	A case of meningitis due to extensively drug-resistant Pseud	True	True	False	not_gated	0	NO_PMCID		0	0	0	0	not_generated	FILLED	not_gated	tail10_24	FILLED	already closed
PRJDB10735	isolation_source	tail10_24	False		local_pdf	True	True	https://doi.org/10.1093/jtm/taab047	A case of meningitis due to extensively drug-resistant Pseud	True	True	False	residual_per_sample	10	NO_PMCID	NO_PMCID	0	0	0	10	not_generated	EXHAUSTED	NO_PMCID	tail10_24	EXHAUSTED	already closed
PRJDB10735	host	tail10_24	False		local_pdf	True	True	https://doi.org/10.1093/jtm/taab047	A case of meningitis due to extensively drug-resistant Pseud	True	True	False	not_gated	0	NO_PMCID		0	0	0	0	not_generated	FILLED	not_gated	tail10_24	FILLED	already closed
PRJDB4867	country	tail10_24	True		none	False	False			False	False	False	not_gated	0	NO_PMCID		0	0	0	0	not_generated	FILLED	not_gated	tail10_24	FILLED	already closed
PRJDB4867	collection_date	tail10_24	True		none	False	False			False	False	False	not_gated	0	NO_PMCID		0	0	0	0	not_generated	FILLED	not_gated	tail10_24	FILLED	already closed
PRJDB4867	isolation_source	tail10_24	True		none	False	False			False	False	False	residual_per_sample	14	NO_PMCID	NO_PMCID	0	0	0	14	not_generated	EXHAUSTED	no_paper_findable	tail10_24	EXHAUSTED	already closed
PRJDB4867	host	tail10_24	True		none	False	False			False	False	False	not_gated	0	NO_PMCID		0	0	0	0	not_generated	FILLED	not_gated	tail10_24	FILLED	already closed
PRJDB6244	country	tail10_24	False	PMC5923170	abstract	False	False	https://doi.org/10.1128/aac.02501-17	Characteristics of Carbapenemase-Producing Enterobacteriacea	False	False	False	not_gated	0	abstained		0	0	0	0	not_generated	FILLED	not_gated	tail10_24	FILLED	already closed
PRJDB6244	collection_date	tail10_24	False	PMC5923170	abstract	False	False	https://doi.org/10.1128/aac.02501-17	Characteristics of Carbapenemase-Producing Enterobacteriacea	False	False	False	not_gated	0	abstained		0	0	0	0	not_generated	FILLED	not_gated	tail10_24	FILLED	already closed
PRJDB6244	isolation_source	tail10_24	False	PMC5923170	abstract	False	False	https://doi.org/10.1128/aac.02501-17	Characteristics of Carbapenemase-Producing Enterobacteriacea	False	False	False	covered	23	abstained		23	0	0	23	not_generated	FILLED	whole_field	tail10_24	FILLED	already closed
PRJDB6244	host	tail10_24	False	PMC5923170	abstract	False	False	https://doi.org/10.1128/aac.02501-17	Characteristics of Carbapenemase-Producing Enterobacteriacea	False	False	False	covered	23	abstained		23	0	0	23	not_generated	FILLED	whole_field	tail10_24	FILLED	already closed
PRJEB10820	country	tail10_24	False	PMC4911584	europepmc_fulltext	True	True	https://doi.org/10.1038/srep28063	Comparison of six commercial kits to extract bacterial chrom	False	False	False	not_gated	0			0	0	0	0	not_generated	FILLED	not_gated	tail10_24	FILLED	already closed
PRJEB10820	collection_date	tail10_24	False	PMC4911584	europepmc_fulltext	True	True	https://doi.org/10.1038/srep28063	Comparison of six commercial kits to extract bacterial chrom	False	False	False	not_gated	0			0	0	0	0	not_generated	FILLED	not_gated	tail10_24	FILLED	already closed
PRJEB10820	isolation_source	tail10_24	False	PMC4911584	europepmc_fulltext	True	True	https://doi.org/10.1038/srep28063	Comparison of six commercial kits to extract bacterial chrom	False	False	False	not_gated	0			0	0	0	0	not_generated	FILLED	not_gated	tail10_24	FILLED	already closed
PRJEB10820	host	tail10_24	False	PMC4911584	europepmc_fulltext	True	True	https://doi.org/10.1038/srep28063	Comparison of six commercial kits to extract bacterial chrom	False	False	False	not_gated	0			0	0	0	0	not_generated	FILLED	not_gated	tail10_24	FILLED	already closed
PRJEB12817	country	tail10_24	False	PMC5823397	europepmc_fulltext	True	True	https://doi.org/10.1371/journal.pone.0191958	Emergence of Klebsiella pneumoniae subspecies pneumoniae as 	False	False	False	not_gated	0	abstained		0	0	0	0	not_generated	FILLED	not_gated	tail10_24	FILLED	already closed
PRJEB12817	collection_date	tail10_24	False	PMC5823397	europepmc_fulltext	True	True	https://doi.org/10.1371/journal.pone.0191958	Emergence of Klebsiella pneumoniae subspecies pneumoniae as 	False	False	False	not_gated	0	abstained		0	0	0	0	not_generated	FILLED	not_gated	tail10_24	FILLED	already closed
PRJEB12817	isolation_source	tail10_24	False	PMC5823397	europepmc_fulltext	True	True	https://doi.org/10.1371/journal.pone.0191958	Emergence of Klebsiella pneumoniae subspecies pneumoniae as 	False	False	False	residual_per_sample	8	abstained		0	0	0	8	not_generated	BLOCKED	needs_linkage	tail10_24	ACCEPTED	table has no ENA-mappable key (unanchored) or no per-isolate table exists
PRJEB12817	host	tail10_24	False	PMC5823397	europepmc_fulltext	True	True	https://doi.org/10.1371/journal.pone.0191958	Emergence of Klebsiella pneumoniae subspecies pneumoniae as 	False	False	False	not_gated	0	abstained		0	0	0	0	not_generated	FILLED	not_gated	tail10_24	FILLED	already closed
PRJEB15325	country	tail10_24	False		local_pdf	True	True	https://doi.org/10.1111/1462-2920.13689	Metabolic diversity of the emerging pathogenic lineages of K	True	True	False	residual_per_sample	19	NO_PMCID	NO_PMCID	0	0	0	19	not_generated	ACTIONABLE	fetch_supp_table	tail10_24	ACCEPTED	requested supplement not in folder — unavailable (all fetchable fetched)
PRJEB15325	collection_date	tail10_24	False		local_pdf	True	True	https://doi.org/10.1111/1462-2920.13689	Metabolic diversity of the emerging pathogenic lineages of K	True	True	False	residual_per_sample	21	NO_PMCID	NO_PMCID	0	0	0	21	not_generated	ACTIONABLE	fetch_supp_table	tail10_24	ACCEPTED	requested supplement not in folder — unavailable (all fetchable fetched)
PRJEB15325	isolation_source	tail10_24	False		local_pdf	True	True	https://doi.org/10.1111/1462-2920.13689	Metabolic diversity of the emerging pathogenic lineages of K	True	True	False	residual_per_sample	21	NO_PMCID	NO_PMCID	0	0	0	21	not_generated	ACTIONABLE	fetch_supp_table	tail10_24	ACCEPTED	requested supplement not in folder — unavailable (all fetchable fetched)
PRJEB15325	host	tail10_24	False		local_pdf	True	True	https://doi.org/10.1111/1462-2920.13689	Metabolic diversity of the emerging pathogenic lineages of K	True	True	False	residual_per_sample	23	NO_PMCID	NO_PMCID	0	0	0	23	not_generated	ACTIONABLE	fetch_supp_table	tail10_24	ACCEPTED	requested supplement not in folder — unavailable (all fetchable fetched)
PRJEB1730	country	tail10_24	True		none	False	False			False	False	False	residual_per_sample	19	NO_PMCID	NO_PMCID	0	0	0	19	not_generated	EXHAUSTED	no_paper_findable	tail10_24	EXHAUSTED	already closed
PRJEB1730	collection_date	tail10_24	True		none	False	False			False	False	False	residual_per_sample	19	NO_PMCID	NO_PMCID	0	0	0	19	not_generated	EXHAUSTED	no_paper_findable	tail10_24	EXHAUSTED	already closed
PRJEB1730	isolation_source	tail10_24	True		none	False	False			False	False	False	residual_per_sample	19	NO_PMCID	NO_PMCID	0	0	0	19	not_generated	EXHAUSTED	no_paper_findable	tail10_24	EXHAUSTED	already closed
PRJEB1730	host	tail10_24	True		none	False	False			False	False	False	residual_per_sample	19	NO_PMCID	NO_PMCID	0	0	0	19	not_generated	EXHAUSTED	no_paper_findable	tail10_24	EXHAUSTED	already closed
PRJEB17888	country	tail10_24	False		europepmc_fulltext	True	True	https://doi.org/10.1093/nar/gkaa907	Prevalence of phase variable epigenetic invertons among host	False	False	False	residual_per_sample	24	abstained	no_supp	0	0	0	24	not_generated	EXHAUSTED	paper_has_no_table	tail10_24	EXHAUSTED	already closed
PRJEB17888	collection_date	tail10_24	False		europepmc_fulltext	True	True	https://doi.org/10.1093/nar/gkaa907	Prevalence of phase variable epigenetic invertons among host	False	False	False	residual_per_sample	24	abstained	no_supp	0	0	0	24	not_generated	EXHAUSTED	paper_has_no_table	tail10_24	EXHAUSTED	already closed
PRJEB17888	isolation_source	tail10_24	False		europepmc_fulltext	True	True	https://doi.org/10.1093/nar/gkaa907	Prevalence of phase variable epigenetic invertons among host	False	False	False	residual_per_sample	24	abstained	no_supp	0	0	0	24	not_generated	EXHAUSTED	paper_has_no_table	tail10_24	EXHAUSTED	already closed
PRJEB17888	host	tail10_24	False		europepmc_fulltext	True	True	https://doi.org/10.1093/nar/gkaa907	Prevalence of phase variable epigenetic invertons among host	False	False	False	residual_per_sample	24	abstained	no_supp	0	0	0	24	not_generated	EXHAUSTED	paper_has_no_table	tail10_24	EXHAUSTED	already closed
PRJEB18733	country	tail10_24	False		local_pdf	True	True	https://doi.org/10.1016/j.cmi.2017.12.007	Identification of a KPC-9-producing Klebsiella pneumoniae ST	True	True	False	not_gated	0	NO_PMCID		0	0	0	0	not_generated	FILLED	not_gated	tail10_24	FILLED	already closed
PRJEB18733	collection_date	tail10_24	False		local_pdf	True	True	https://doi.org/10.1016/j.cmi.2017.12.007	Identification of a KPC-9-producing Klebsiella pneumoniae ST	True	True	False	covered	16	NO_PMCID		16	0	0	16	not_generated	FILLED	whole_field	tail10_24	FILLED	already closed
PRJEB18733	isolation_source	tail10_24	False		local_pdf	True	True	https://doi.org/10.1016/j.cmi.2017.12.007	Identification of a KPC-9-producing Klebsiella pneumoniae ST	True	True	False	residual_per_sample	16	NO_PMCID	NO_PMCID	0	0	0	16	not_generated	EXHAUSTED	NO_PMCID	tail10_24	EXHAUSTED	already closed
PRJEB18733	host	tail10_24	False		local_pdf	True	True	https://doi.org/10.1016/j.cmi.2017.12.007	Identification of a KPC-9-producing Klebsiella pneumoniae ST	True	True	False	covered	16	NO_PMCID		16	0	0	16	not_generated	FILLED	whole_field	tail10_24	FILLED	already closed
PRJEB19777	country	tail10_24	False	PMC5487458	europepmc_fulltext	True	True	https://doi.org/10.3389/fmicb.2017.01143	Insights into a Novel <i>bla</i><sub>KPC-2</sub><b>-</b>Enco	False	False	False	not_gated	0	direct		0	0	0	0	not_generated	FILLED	not_gated	tail10_24	FILLED	already closed
PRJEB19777	collection_date	tail10_24	False	PMC5487458	europepmc_fulltext	True	True	https://doi.org/10.3389/fmicb.2017.01143	Insights into a Novel <i>bla</i><sub>KPC-2</sub><b>-</b>Enco	False	False	False	not_gated	0	direct		0	0	0	0	not_generated	FILLED	not_gated	tail10_24	FILLED	already closed
PRJEB19777	isolation_source	tail10_24	False	PMC5487458	europepmc_fulltext	True	True	https://doi.org/10.3389/fmicb.2017.01143	Insights into a Novel <i>bla</i><sub>KPC-2</sub><b>-</b>Enco	False	False	False	not_gated	0	direct		0	0	0	0	not_generated	FILLED	not_gated	tail10_24	FILLED	already closed
PRJEB19777	host	tail10_24	False	PMC5487458	europepmc_fulltext	True	True	https://doi.org/10.3389/fmicb.2017.01143	Insights into a Novel <i>bla</i><sub>KPC-2</sub><b>-</b>Enco	False	False	False	covered	10	direct		0	10	0	0	not_generated	FILLED	whole_field	tail10_24	FILLED	already closed
PRJEB20357	country	tail10_24	False	PMC9155631	europepmc_fulltext	True	True	https://doi.org/10.1093/jac/dkac071	Bacterial genotypic and patient risk factors for adverse out	False	False	False	covered	23	abstained		23	0	0	23	not_generated	FILLED	whole_field	tail10_24	FILLED	already closed
PRJEB20357	collection_date	tail10_24	False	PMC9155631	europepmc_fulltext	True	True	https://doi.org/10.1093/jac/dkac071	Bacterial genotypic and patient risk factors for adverse out	False	False	False	covered	23	abstained		23	0	0	23	not_generated	FILLED	whole_field	tail10_24	FILLED	already closed
PRJEB20357	isolation_source	tail10_24	False	PMC9155631	europepmc_fulltext	True	True	https://doi.org/10.1093/jac/dkac071	Bacterial genotypic and patient risk factors for adverse out	False	False	False	residual_per_sample	23	abstained		0	0	0	23	not_generated	BLOCKED	needs_linkage	tail10_24	ACCEPTED	table has no ENA-mappable key (unanchored) or no per-isolate table exists
PRJEB20357	host	tail10_24	False	PMC9155631	europepmc_fulltext	True	True	https://doi.org/10.1093/jac/dkac071	Bacterial genotypic and patient risk factors for adverse out	False	False	False	covered	23	abstained		23	0	0	23	not_generated	FILLED	whole_field	tail10_24	FILLED	already closed
PRJEB22139	country	tail10_24	False	PMC5540593	europepmc_fulltext	True	True	https://doi.org/10.1186/s12864-017-3955-4	Comparative genomic and phylogenomic analyses of the Bifidob	False	False	False	residual_per_sample	12	abstained		0	0	0	12	not_generated	BLOCKED	needs_linkage	tail10_24	ACCEPTED	table has no ENA-mappable key (unanchored) or no per-isolate table exists
PRJEB22139	collection_date	tail10_24	False	PMC5540593	europepmc_fulltext	True	True	https://doi.org/10.1186/s12864-017-3955-4	Comparative genomic and phylogenomic analyses of the Bifidob	False	False	False	residual_per_sample	12	abstained		0	0	0	12	not_generated	BLOCKED	needs_linkage	tail10_24	ACCEPTED	table has no ENA-mappable key (unanchored) or no per-isolate table exists
PRJEB22139	isolation_source	tail10_24	False	PMC5540593	europepmc_fulltext	True	True	https://doi.org/10.1186/s12864-017-3955-4	Comparative genomic and phylogenomic analyses of the Bifidob	False	False	False	residual_per_sample	12	abstained		0	0	0	12	not_generated	BLOCKED	needs_linkage	tail10_24	ACCEPTED	table has no ENA-mappable key (unanchored) or no per-isolate table exists
PRJEB22139	host	tail10_24	False	PMC5540593	europepmc_fulltext	True	True	https://doi.org/10.1186/s12864-017-3955-4	Comparative genomic and phylogenomic analyses of the Bifidob	False	False	False	residual_per_sample	12	abstained		0	0	0	12	not_generated	BLOCKED	needs_linkage	tail10_24	ACCEPTED	table has no ENA-mappable key (unanchored) or no per-isolate table exists
PRJEB23845	country	tail10_24	False	PMC6785715	europepmc_fulltext	True	True	https://doi.org/10.1038/s41587-018-0009-7	A human gut bacterial genome and culture collection for impr	False	False	False	residual_per_sample	15	abstained	abstained_other	0	0	0	15	not_generated	EXHAUSTED	abstained_other	tail10_24	EXHAUSTED	already closed
PRJEB23845	collection_date	tail10_24	False	PMC6785715	europepmc_fulltext	True	True	https://doi.org/10.1038/s41587-018-0009-7	A human gut bacterial genome and culture collection for impr	False	False	False	residual_per_sample	15	abstained	abstained_other	0	0	0	15	not_generated	EXHAUSTED	abstained_other	tail10_24	EXHAUSTED	already closed
PRJEB23845	isolation_source	tail10_24	False	PMC6785715	europepmc_fulltext	True	True	https://doi.org/10.1038/s41587-018-0009-7	A human gut bacterial genome and culture collection for impr	False	False	False	covered	15	abstained		15	0	0	15	not_generated	FILLED	whole_field	tail10_24	FILLED	already closed
PRJEB23845	host	tail10_24	False	PMC6785715	europepmc_fulltext	True	True	https://doi.org/10.1038/s41587-018-0009-7	A human gut bacterial genome and culture collection for impr	False	False	False	covered	15	abstained		15	0	0	15	not_generated	FILLED	whole_field	tail10_24	FILLED	already closed
PRJEB2399	country	tail10_24	False	PMC3410874	europepmc_fulltext	True	True	https://doi.org/10.1371/journal.ppat.1002824	Routine use of microbial whole genome sequencing in diagnost	False	False	False	covered	12	abstained		12	0	0	12	not_generated	FILLED	whole_field	tail10_24	FILLED	already closed
PRJEB2399	collection_date	tail10_24	False	PMC3410874	europepmc_fulltext	True	True	https://doi.org/10.1371/journal.ppat.1002824	Routine use of microbial whole genome sequencing in diagnost	False	False	False	residual_per_sample	12	abstained	no_supp	0	0	0	12	not_generated	EXHAUSTED	no_supp	tail10_24	EXHAUSTED	already closed
PRJEB2399	isolation_source	tail10_24	False	PMC3410874	europepmc_fulltext	True	True	https://doi.org/10.1371/journal.ppat.1002824	Routine use of microbial whole genome sequencing in diagnost	False	False	False	residual_per_sample	12	abstained	no_supp	0	0	0	12	not_generated	EXHAUSTED	no_supp	tail10_24	EXHAUSTED	already closed
PRJEB2399	host	tail10_24	False	PMC3410874	europepmc_fulltext	True	True	https://doi.org/10.1371/journal.ppat.1002824	Routine use of microbial whole genome sequencing in diagnost	False	False	False	covered	12	abstained		12	0	0	12	not_generated	FILLED	whole_field	tail10_24	FILLED	already closed
PRJEB24612	country	tail10_24	True		none	False	False			False	False	False	residual_per_sample	21	NO_PMCID	NO_PMCID	0	0	0	21	not_generated	EXHAUSTED	no_paper_findable	tail10_24	EXHAUSTED	already closed
PRJEB24612	collection_date	tail10_24	True		none	False	False			False	False	False	residual_per_sample	21	NO_PMCID	NO_PMCID	0	0	0	21	not_generated	EXHAUSTED	no_paper_findable	tail10_24	EXHAUSTED	already closed
PRJEB24612	isolation_source	tail10_24	True		none	False	False			False	False	False	residual_per_sample	21	NO_PMCID	NO_PMCID	0	0	0	21	not_generated	EXHAUSTED	no_paper_findable	tail10_24	EXHAUSTED	already closed
PRJEB24612	host	tail10_24	True		none	False	False			False	False	False	residual_per_sample	21	NO_PMCID	NO_PMCID	0	0	0	21	not_generated	EXHAUSTED	no_paper_findable	tail10_24	EXHAUSTED	already closed
PRJEB24641	country	tail10_24	False		europepmc_fulltext	True	True	https://doi.org/10.1093/ofid/ofx162.104	Prospective Surveillance and Rapid Whole-Genome Sequencing D	False	False	False	covered	10	abstained		10	0	0	10	not_generated	FILLED	whole_field	tail10_24	FILLED	already closed
PRJEB24641	collection_date	tail10_24	False		europepmc_fulltext	True	True	https://doi.org/10.1093/ofid/ofx162.104	Prospective Surveillance and Rapid Whole-Genome Sequencing D	False	False	False	residual_per_sample	10	abstained	no_supp	0	0	0	10	not_generated	EXHAUSTED	no_supp	tail10_24	EXHAUSTED	already closed
PRJEB24641	isolation_source	tail10_24	False		europepmc_fulltext	True	True	https://doi.org/10.1093/ofid/ofx162.104	Prospective Surveillance and Rapid Whole-Genome Sequencing D	False	False	False	residual_per_sample	10	abstained	no_supp	0	0	0	10	not_generated	EXHAUSTED	no_supp	tail10_24	EXHAUSTED	already closed
PRJEB24641	host	tail10_24	False		europepmc_fulltext	True	True	https://doi.org/10.1093/ofid/ofx162.104	Prospective Surveillance and Rapid Whole-Genome Sequencing D	False	False	False	covered	10	abstained		10	0	0	10	not_generated	FILLED	whole_field	tail10_24	FILLED	already closed
PRJEB25682	country	tail10_24	True		none	False	False			False	False	False	residual_per_sample	18	NO_PMCID	NO_PMCID	0	0	0	18	not_generated	EXHAUSTED	no_paper_findable	tail10_24	EXHAUSTED	already closed
PRJEB25682	collection_date	tail10_24	True		none	False	False			False	False	False	residual_per_sample	18	NO_PMCID	NO_PMCID	0	0	0	18	not_generated	EXHAUSTED	no_paper_findable	tail10_24	EXHAUSTED	already closed
PRJEB25682	isolation_source	tail10_24	True		none	False	False			False	False	False	residual_per_sample	18	NO_PMCID	NO_PMCID	0	0	0	18	not_generated	EXHAUSTED	no_paper_findable	tail10_24	EXHAUSTED	already closed
PRJEB25682	host	tail10_24	True		none	False	False			False	False	False	residual_per_sample	18	NO_PMCID	NO_PMCID	0	0	0	18	not_generated	EXHAUSTED	no_paper_findable	tail10_24	EXHAUSTED	already closed
PRJEB27344	country	tail10_24	False		local_pdf	True	True	https://doi.org/10.1093/jac/dky363	Selection of mutants with resistance or diminished susceptib	True	True	False	not_gated	0	NO_PMCID		0	0	0	0	not_generated	FILLED	not_gated	tail10_24	FILLED	already closed
PRJEB27344	collection_date	tail10_24	False		local_pdf	True	True	https://doi.org/10.1093/jac/dky363	Selection of mutants with resistance or diminished susceptib	True	True	False	not_gated	0	NO_PMCID		0	0	0	0	not_generated	FILLED	not_gated	tail10_24	FILLED	already closed
PRJEB27344	isolation_source	tail10_24	False		local_pdf	True	True	https://doi.org/10.1093/jac/dky363	Selection of mutants with resistance or diminished susceptib	True	True	False	residual_per_sample	12	NO_PMCID	NO_PMCID	0	0	0	12	not_generated	EXHAUSTED	NO_PMCID	tail10_24	EXHAUSTED	already closed
PRJEB27344	host	tail10_24	False		local_pdf	True	True	https://doi.org/10.1093/jac/dky363	Selection of mutants with resistance or diminished susceptib	True	True	False	residual_per_sample	12	NO_PMCID	NO_PMCID	0	0	0	12	not_generated	EXHAUSTED	NO_PMCID	tail10_24	EXHAUSTED	already closed
PRJEB27707	country	tail10_24	False		local_pdf	True	True	https://doi.org/10.1016/j.jgar.2019.09.007	High proportion of carbapenemase-producing Escherichia coli 	True	True	False	not_gated	0	NO_PMCID		0	0	0	0	not_generated	FILLED	not_gated	tail10_24	FILLED	already closed
PRJEB27707	collection_date	tail10_24	False		local_pdf	True	True	https://doi.org/10.1016/j.jgar.2019.09.007	High proportion of carbapenemase-producing Escherichia coli 	True	True	False	not_gated	0	NO_PMCID		0	0	0	0	not_generated	FILLED	not_gated	tail10_24	FILLED	already closed
PRJEB27707	isolation_source	tail10_24	False		local_pdf	True	True	https://doi.org/10.1016/j.jgar.2019.09.007	High proportion of carbapenemase-producing Escherichia coli 	True	True	False	residual_per_sample	15	NO_PMCID	NO_PMCID	0	0	0	15	not_generated	EXHAUSTED	NO_PMCID	tail10_24	EXHAUSTED	already closed
PRJEB27707	host	tail10_24	False		local_pdf	True	True	https://doi.org/10.1016/j.jgar.2019.09.007	High proportion of carbapenemase-producing Escherichia coli 	True	True	False	covered	15	NO_PMCID		15	0	0	15	not_generated	FILLED	whole_field	tail10_24	FILLED	already closed
PRJEB29106	country	tail10_24	True		none	False	False			False	False	False	residual_per_sample	13	NO_PMCID	NO_PMCID	0	0	0	13	not_generated	EXHAUSTED	no_paper_findable	tail10_24	EXHAUSTED	already closed
PRJEB29106	collection_date	tail10_24	True		none	False	False			False	False	False	residual_per_sample	13	NO_PMCID	NO_PMCID	0	0	0	13	not_generated	EXHAUSTED	no_paper_findable	tail10_24	EXHAUSTED	already closed
PRJEB29106	isolation_source	tail10_24	True		none	False	False			False	False	False	residual_per_sample	13	NO_PMCID	NO_PMCID	0	0	0	13	not_generated	EXHAUSTED	no_paper_findable	tail10_24	EXHAUSTED	already closed
PRJEB29106	host	tail10_24	True		none	False	False			False	False	False	covered	13	NO_PMCID		13	0	0	13	not_generated	FILLED	whole_field	tail10_24	FILLED	already closed
PRJEB30102	country	tail10_24	False	PMC6535532	abstract	False	False	https://doi.org/10.1128/aac.02529-18	Characterization of Carbapenemase-Producing Klebsiella oxyto	False	False	False	not_gated	0	abstained		0	0	0	0	not_generated	FILLED	not_gated	tail10_24	FILLED	already closed
PRJEB30102	collection_date	tail10_24	False	PMC6535532	abstract	False	False	https://doi.org/10.1128/aac.02529-18	Characterization of Carbapenemase-Producing Klebsiella oxyto	False	False	False	not_gated	0	abstained		0	0	0	0	not_generated	FILLED	not_gated	tail10_24	FILLED	already closed
PRJEB30102	isolation_source	tail10_24	False	PMC6535532	abstract	False	False	https://doi.org/10.1128/aac.02529-18	Characterization of Carbapenemase-Producing Klebsiella oxyto	False	False	False	not_gated	0	abstained		0	0	0	0	not_generated	FILLED	not_gated	tail10_24	FILLED	already closed
PRJEB30102	host	tail10_24	False	PMC6535532	abstract	False	False	https://doi.org/10.1128/aac.02529-18	Characterization of Carbapenemase-Producing Klebsiella oxyto	False	False	False	covered	12	abstained		12	0	0	12	not_generated	FILLED	whole_field	tail10_24	FILLED	already closed
PRJEB30858	country	tail10_24	False	PMC7744980	europepmc_fulltext	True	True	https://doi.org/10.1093/cid/ciz1130	A Multispecies Cluster of GES-5 Carbapenemase-Producing Ente	False	False	False	covered	21	direct		21	0	0	21	not_generated	FILLED	whole_field	tail10_24	FILLED	already closed
PRJEB30858	collection_date	tail10_24	False	PMC7744980	europepmc_fulltext	True	True	https://doi.org/10.1093/cid/ciz1130	A Multispecies Cluster of GES-5 Carbapenemase-Producing Ente	False	False	False	covered	21	direct		0	21	0	0	not_generated	FILLED	whole_field	tail10_24	FILLED	already closed
PRJEB30858	isolation_source	tail10_24	False	PMC7744980	europepmc_fulltext	True	True	https://doi.org/10.1093/cid/ciz1130	A Multispecies Cluster of GES-5 Carbapenemase-Producing Ente	False	False	False	covered	21	direct		0	21	0	0	not_generated	FILLED	whole_field	tail10_24	FILLED	already closed
PRJEB30858	host	tail10_24	False	PMC7744980	europepmc_fulltext	True	True	https://doi.org/10.1093/cid/ciz1130	A Multispecies Cluster of GES-5 Carbapenemase-Producing Ente	False	False	False	covered	21	direct		0	21	0	0	not_generated	FILLED	whole_field	tail10_24	FILLED	already closed
PRJEB31347	country	tail10_24	False	PMC12607791	europepmc_fulltext	True	True	https://doi.org/10.1128/mbio.01428-25	Zoonotic &lt;i&gt;Escherichia coli&lt;/i&gt; and urinary tra	False	False	False	covered	13	abstained		13	0	0	13	not_generated	FILLED	whole_field	tail10_24	FILLED	already closed
PRJEB31347	collection_date	tail10_24	False	PMC12607791	europepmc_fulltext	True	True	https://doi.org/10.1128/mbio.01428-25	Zoonotic &lt;i&gt;Escherichia coli&lt;/i&gt; and urinary tra	False	False	False	residual_per_sample	13	abstained		0	0	0	13	not_generated	BLOCKED	needs_linkage	tail10_24	ACCEPTED	table has no ENA-mappable key (unanchored) or no per-isolate table exists
PRJEB31347	isolation_source	tail10_24	False	PMC12607791	europepmc_fulltext	True	True	https://doi.org/10.1128/mbio.01428-25	Zoonotic &lt;i&gt;Escherichia coli&lt;/i&gt; and urinary tra	False	False	False	residual_per_sample	13	abstained		0	0	0	13	not_generated	BLOCKED	needs_linkage	tail10_24	ACCEPTED	table has no ENA-mappable key (unanchored) or no per-isolate table exists
PRJEB31347	host	tail10_24	False	PMC12607791	europepmc_fulltext	True	True	https://doi.org/10.1128/mbio.01428-25	Zoonotic &lt;i&gt;Escherichia coli&lt;/i&gt; and urinary tra	False	False	False	residual_per_sample	13	abstained		0	0	0	13	not_generated	BLOCKED	needs_linkage	tail10_24	ACCEPTED	table has no ENA-mappable key (unanchored) or no per-isolate table exists
PRJEB3226	country	tail10_24	True		none	False	False			False	False	False	residual_per_sample	13	NO_PMCID	NO_PMCID	0	0	0	13	not_generated	EXHAUSTED	no_paper_findable	tail10_24	EXHAUSTED	already closed
PRJEB3226	collection_date	tail10_24	True		none	False	False			False	False	False	residual_per_sample	13	NO_PMCID	NO_PMCID	0	0	0	13	not_generated	EXHAUSTED	no_paper_findable	tail10_24	EXHAUSTED	already closed
PRJEB3226	isolation_source	tail10_24	True		none	False	False			False	False	False	residual_per_sample	13	NO_PMCID	NO_PMCID	0	0	0	13	not_generated	EXHAUSTED	no_paper_findable	tail10_24	EXHAUSTED	already closed
PRJEB3226	host	tail10_24	True		none	False	False			False	False	False	residual_per_sample	13	NO_PMCID	NO_PMCID	0	0	0	13	not_generated	EXHAUSTED	no_paper_findable	tail10_24	EXHAUSTED	already closed
PRJEB33495	country	tail10_24	False	PMC6938319	europepmc_fulltext	True	True	https://doi.org/10.1371/journal.pone.0226828	Decreasing prevalence of contamination with extended-spectru	False	False	False	not_gated	0	abstained		0	0	0	0	not_generated	FILLED	not_gated	tail10_24	FILLED	already closed
PRJEB33495	collection_date	tail10_24	False	PMC6938319	europepmc_fulltext	True	True	https://doi.org/10.1371/journal.pone.0226828	Decreasing prevalence of contamination with extended-spectru	False	False	False	not_gated	0	abstained		0	0	0	0	not_generated	FILLED	not_gated	tail10_24	FILLED	already closed
PRJEB33495	isolation_source	tail10_24	False	PMC6938319	europepmc_fulltext	True	True	https://doi.org/10.1371/journal.pone.0226828	Decreasing prevalence of contamination with extended-spectru	False	False	False	covered	11	abstained		11	0	0	11	not_generated	FILLED	whole_field	tail10_24	FILLED	already closed
PRJEB33495	host	tail10_24	False	PMC6938319	europepmc_fulltext	True	True	https://doi.org/10.1371/journal.pone.0226828	Decreasing prevalence of contamination with extended-spectru	False	False	False	covered	11	abstained		11	0	0	11	not_generated	FILLED	whole_field	tail10_24	FILLED	already closed
PRJEB34353	country	tail10_24	False	PMC6929489	europepmc_fulltext	True	True	https://doi.org/10.3389/fmicb.2019.02817	IS<i>26</i>-Mediated Transfer of <i>bla</i> <sub>NDM-1</sub>	False	False	False	not_gated	0	direct		0	0	0	0	not_generated	FILLED	not_gated	tail10_24	FILLED	already closed
PRJEB34353	collection_date	tail10_24	False	PMC6929489	europepmc_fulltext	True	True	https://doi.org/10.3389/fmicb.2019.02817	IS<i>26</i>-Mediated Transfer of <i>bla</i> <sub>NDM-1</sub>	False	False	False	not_gated	0	direct		0	0	0	0	not_generated	FILLED	not_gated	tail10_24	FILLED	already closed
PRJEB34353	isolation_source	tail10_24	False	PMC6929489	europepmc_fulltext	True	True	https://doi.org/10.3389/fmicb.2019.02817	IS<i>26</i>-Mediated Transfer of <i>bla</i> <sub>NDM-1</sub>	False	False	False	not_gated	0	direct		0	19	0	0	not_generated	FILLED	not_gated	tail10_24	FILLED	already closed
PRJEB34353	host	tail10_24	False	PMC6929489	europepmc_fulltext	True	True	https://doi.org/10.3389/fmicb.2019.02817	IS<i>26</i>-Mediated Transfer of <i>bla</i> <sub>NDM-1</sub>	False	False	False	residual_per_sample	20	direct	field_not_in_table	0	0	0	20	not_generated	EXHAUSTED	field_not_in_table	tail10_24	EXHAUSTED	already closed
PRJEB34549	country	tail10_24	False	PMC8044893	europepmc_fulltext	True	True	https://doi.org/10.3389/fmicb.2021.613529	Analysis of Selection Methods to Develop Novel Phage Therapy	False	False	False	not_gated	0	abstained		0	0	0	0	not_generated	FILLED	not_gated	tail10_24	FILLED	already closed
PRJEB34549	collection_date	tail10_24	False	PMC8044893	europepmc_fulltext	True	True	https://doi.org/10.3389/fmicb.2021.613529	Analysis of Selection Methods to Develop Novel Phage Therapy	False	False	False	not_gated	0	abstained		0	0	0	0	not_generated	FILLED	not_gated	tail10_24	FILLED	already closed
PRJEB34549	isolation_source	tail10_24	False	PMC8044893	europepmc_fulltext	True	True	https://doi.org/10.3389/fmicb.2021.613529	Analysis of Selection Methods to Develop Novel Phage Therapy	False	False	False	not_gated	0	abstained		0	0	0	0	not_generated	FILLED	not_gated	tail10_24	FILLED	already closed
PRJEB34549	host	tail10_24	False	PMC8044893	europepmc_fulltext	True	True	https://doi.org/10.3389/fmicb.2021.613529	Analysis of Selection Methods to Develop Novel Phage Therapy	False	False	False	covered	20	abstained		20	0	0	20	not_generated	FILLED	whole_field	tail10_24	FILLED	already closed
PRJEB35018	country	tail10_24	False	PMC7233586	europepmc_fulltext	True	True	https://doi.org/10.1371/journal.pone.0233313	Within-patient plasmid dynamics in Klebsiella pneumoniae dur	False	False	False	covered	15	abstained		15	0	0	15	not_generated	FILLED	whole_field	tail10_24	FILLED	already closed
PRJEB35018	collection_date	tail10_24	False	PMC7233586	europepmc_fulltext	True	True	https://doi.org/10.1371/journal.pone.0233313	Within-patient plasmid dynamics in Klebsiella pneumoniae dur	False	False	False	covered	15	abstained		15	0	0	15	not_generated	FILLED	whole_field	tail10_24	FILLED	already closed
PRJEB35018	isolation_source	tail10_24	False	PMC7233586	europepmc_fulltext	True	True	https://doi.org/10.1371/journal.pone.0233313	Within-patient plasmid dynamics in Klebsiella pneumoniae dur	False	False	False	residual_per_sample	15	abstained		0	0	0	15	not_generated	BLOCKED	needs_linkage	tail10_24	ACCEPTED	table has no ENA-mappable key (unanchored) or no per-isolate table exists
PRJEB35018	host	tail10_24	False	PMC7233586	europepmc_fulltext	True	True	https://doi.org/10.1371/journal.pone.0233313	Within-patient plasmid dynamics in Klebsiella pneumoniae dur	False	False	False	covered	15	abstained		15	0	0	15	not_generated	FILLED	whole_field	tail10_24	FILLED	already closed
PRJEB37551	country	tail10_24	False	PMC10140293	europepmc_fulltext	True	True	https://doi.org/10.3389/fmicb.2023.1158056	Detection of maternal transmission of resistant Gram-negativ	False	False	False	not_gated	0	direct		0	0	0	0	not_generated	FILLED	not_gated	tail10_24	FILLED	already closed
PRJEB37551	collection_date	tail10_24	False	PMC10140293	europepmc_fulltext	True	True	https://doi.org/10.3389/fmicb.2023.1158056	Detection of maternal transmission of resistant Gram-negativ	False	False	False	not_gated	0	direct		0	0	0	0	not_generated	FILLED	not_gated	tail10_24	FILLED	already closed
PRJEB37551	isolation_source	tail10_24	False	PMC10140293	europepmc_fulltext	True	True	https://doi.org/10.3389/fmicb.2023.1158056	Detection of maternal transmission of resistant Gram-negativ	False	False	False	residual_per_sample	24	direct	field_not_in_table	0	0	0	24	not_generated	EXHAUSTED	field_not_in_table	tail10_24	EXHAUSTED	already closed
PRJEB37551	host	tail10_24	False	PMC10140293	europepmc_fulltext	True	True	https://doi.org/10.3389/fmicb.2023.1158056	Detection of maternal transmission of resistant Gram-negativ	False	False	False	covered	24	direct		0	24	0	0	not_generated	FILLED	whole_field	tail10_24	FILLED	already closed
PRJEB38650	country	tail10_24	True		none	False	False			False	False	False	covered	23	NO_PMCID		23	0	0	23	not_generated	FILLED	whole_field	tail10_24	FILLED	already closed
PRJEB38650	collection_date	tail10_24	True		none	False	False			False	False	False	residual_per_sample	23	NO_PMCID	NO_PMCID	0	0	0	23	not_generated	EXHAUSTED	no_paper_findable	tail10_24	EXHAUSTED	already closed
PRJEB38650	isolation_source	tail10_24	True		none	False	False			False	False	False	covered	23	NO_PMCID		23	0	0	23	not_generated	FILLED	whole_field	tail10_24	FILLED	already closed
PRJEB38650	host	tail10_24	True		none	False	False			False	False	False	covered	23	NO_PMCID		23	0	0	23	not_generated	FILLED	whole_field	tail10_24	FILLED	already closed
PRJEB38818	country	tail10_24	False	PMC11272044	europepmc_fulltext	True	True	https://doi.org/10.1093/infdis/jiae019	Integrated Analysis of Patient Networks and Plasmid Genomes 	False	False	False	not_gated	0	abstained		0	0	0	0	not_generated	FILLED	not_gated	tail10_24	FILLED	already closed
PRJEB38818	collection_date	tail10_24	False	PMC11272044	europepmc_fulltext	True	True	https://doi.org/10.1093/infdis/jiae019	Integrated Analysis of Patient Networks and Plasmid Genomes 	False	False	False	not_gated	0	abstained		0	0	0	0	not_generated	FILLED	not_gated	tail10_24	FILLED	already closed
PRJEB38818	isolation_source	tail10_24	False	PMC11272044	europepmc_fulltext	True	True	https://doi.org/10.1093/infdis/jiae019	Integrated Analysis of Patient Networks and Plasmid Genomes 	False	False	False	residual_per_sample	22	abstained	no_supp	0	0	0	22	not_generated	EXHAUSTED	no_supp	tail10_24	EXHAUSTED	already closed
PRJEB38818	host	tail10_24	False	PMC11272044	europepmc_fulltext	True	True	https://doi.org/10.1093/infdis/jiae019	Integrated Analysis of Patient Networks and Plasmid Genomes 	False	False	False	not_gated	0	abstained		0	0	0	0	not_generated	FILLED	not_gated	tail10_24	FILLED	already closed
PRJEB38898	country	tail10_24	False	PMC8190610	europepmc_fulltext	True	True	https://doi.org/10.1099/mgen.0.000519	Emerging carbapenem-resistant <i>Klebsiella pneumoniae</i> s	False	False	False	not_gated	0	direct		0	0	0	0	not_generated	FILLED	not_gated	tail10_24	FILLED	already closed
PRJEB38898	collection_date	tail10_24	False	PMC8190610	europepmc_fulltext	True	True	https://doi.org/10.1099/mgen.0.000519	Emerging carbapenem-resistant <i>Klebsiella pneumoniae</i> s	False	False	False	not_gated	0	direct		0	2	0	0	not_generated	FILLED	not_gated	tail10_24	FILLED	already closed
PRJEB38898	isolation_source	tail10_24	False	PMC8190610	europepmc_fulltext	True	True	https://doi.org/10.1099/mgen.0.000519	Emerging carbapenem-resistant <i>Klebsiella pneumoniae</i> s	False	False	False	not_gated	0	direct		0	10	0	0	not_generated	FILLED	not_gated	tail10_24	FILLED	already closed
PRJEB38898	host	tail10_24	False	PMC8190610	europepmc_fulltext	True	True	https://doi.org/10.1099/mgen.0.000519	Emerging carbapenem-resistant <i>Klebsiella pneumoniae</i> s	False	False	False	covered	11	direct		0	10	0	1	not_generated	FILLED	whole_field	tail10_24	FILLED	already closed
PRJEB3980	country	tail10_24	False	PMC4498295	europepmc_fulltext	True	True	https://doi.org/10.1093/jac/dkv021	Colonization with Enterobacteriaceae producing ESBLs in chil	False	False	False	covered	18	abstained		18	0	0	18	not_generated	FILLED	whole_field	tail10_24	FILLED	already closed
PRJEB3980	collection_date	tail10_24	False	PMC4498295	europepmc_fulltext	True	True	https://doi.org/10.1093/jac/dkv021	Colonization with Enterobacteriaceae producing ESBLs in chil	False	False	False	covered	18	abstained		18	0	0	18	not_generated	FILLED	whole_field	tail10_24	FILLED	already closed
PRJEB3980	isolation_source	tail10_24	False	PMC4498295	europepmc_fulltext	True	True	https://doi.org/10.1093/jac/dkv021	Colonization with Enterobacteriaceae producing ESBLs in chil	False	False	False	covered	18	abstained		18	0	0	18	not_generated	FILLED	whole_field	tail10_24	FILLED	already closed
PRJEB3980	host	tail10_24	False	PMC4498295	europepmc_fulltext	True	True	https://doi.org/10.1093/jac/dkv021	Colonization with Enterobacteriaceae producing ESBLs in chil	False	False	False	covered	18	abstained		18	0	0	18	not_generated	FILLED	whole_field	tail10_24	FILLED	already closed
PRJEB41835	country	tail10_24	False	PMC8269217	europepmc_fulltext	True	True	https://doi.org/10.1128/msystems.00244-21	Evolution of VIM-1-Producing Klebsiella pneumoniae Isolates 	False	False	False	not_gated	0	direct		0	0	0	0	not_generated	FILLED	not_gated	tail10_24	FILLED	already closed
PRJEB41835	collection_date	tail10_24	False	PMC8269217	europepmc_fulltext	True	True	https://doi.org/10.1128/msystems.00244-21	Evolution of VIM-1-Producing Klebsiella pneumoniae Isolates 	False	False	False	not_gated	0	direct		0	0	0	0	not_generated	FILLED	not_gated	tail10_24	FILLED	already closed
PRJEB41835	isolation_source	tail10_24	False	PMC8269217	europepmc_fulltext	True	True	https://doi.org/10.1128/msystems.00244-21	Evolution of VIM-1-Producing Klebsiella pneumoniae Isolates 	False	False	False	not_gated	0	direct		0	0	0	0	not_generated	FILLED	not_gated	tail10_24	FILLED	already closed
PRJEB41835	host	tail10_24	False	PMC8269217	europepmc_fulltext	True	True	https://doi.org/10.1128/msystems.00244-21	Evolution of VIM-1-Producing Klebsiella pneumoniae Isolates 	False	False	False	covered	17	direct		0	17	0	0	not_generated	FILLED	whole_field	tail10_24	FILLED	already closed
PRJEB42167	country	tail10_24	False		local_pdf	True	True	https://doi.org/10.1016/j.chom.2021.09.003	Klebsiella oxytoca causes colonization resistance against mu	True	True	False	covered	23	NO_PMCID		23	0	0	23	not_generated	FILLED	whole_field	tail10_24	FILLED	already closed
PRJEB42167	collection_date	tail10_24	False		local_pdf	True	True	https://doi.org/10.1016/j.chom.2021.09.003	Klebsiella oxytoca causes colonization resistance against mu	True	True	False	residual_per_sample	23	NO_PMCID	NO_PMCID	0	0	0	23	not_generated	EXHAUSTED	NO_PMCID	tail10_24	EXHAUSTED	already closed
PRJEB42167	isolation_source	tail10_24	False		local_pdf	True	True	https://doi.org/10.1016/j.chom.2021.09.003	Klebsiella oxytoca causes colonization resistance against mu	True	True	False	not_gated	0	NO_PMCID		0	0	0	0	not_generated	FILLED	not_gated	tail10_24	FILLED	already closed
PRJEB42167	host	tail10_24	False		local_pdf	True	True	https://doi.org/10.1016/j.chom.2021.09.003	Klebsiella oxytoca causes colonization resistance against mu	True	True	False	covered	23	NO_PMCID		23	0	0	23	not_generated	FILLED	whole_field	tail10_24	FILLED	already closed
PRJEB42426	country	tail10_24	False		local_pdf	True	True	https://doi.org/10.1093/femsec/fiy057	Dissemination of multi-resistant Gram-negative bacteria into	True	True	False	not_gated	0	NO_PMCID		0	0	0	0	not_generated	FILLED	not_gated	tail10_24	FILLED	already closed
PRJEB42426	collection_date	tail10_24	False		local_pdf	True	True	https://doi.org/10.1093/femsec/fiy057	Dissemination of multi-resistant Gram-negative bacteria into	True	True	False	not_gated	0	NO_PMCID		0	0	0	0	not_generated	FILLED	not_gated	tail10_24	FILLED	already closed
PRJEB42426	isolation_source	tail10_24	False		local_pdf	True	True	https://doi.org/10.1093/femsec/fiy057	Dissemination of multi-resistant Gram-negative bacteria into	True	True	False	residual_per_sample	13	NO_PMCID	NO_PMCID	0	0	0	13	not_generated	EXHAUSTED	NO_PMCID	tail10_24	EXHAUSTED	already closed
PRJEB42426	host	tail10_24	False		local_pdf	True	True	https://doi.org/10.1093/femsec/fiy057	Dissemination of multi-resistant Gram-negative bacteria into	True	True	False	residual_per_sample	13	NO_PMCID	NO_PMCID	0	0	0	13	not_generated	EXHAUSTED	NO_PMCID	tail10_24	EXHAUSTED	already closed
PRJEB43391	country	tail10_24	True		none	False	False			False	False	False	not_gated	0	NO_PMCID		0	0	0	0	not_generated	FILLED	not_gated	tail10_24	FILLED	already closed
PRJEB43391	collection_date	tail10_24	True		none	False	False			False	False	False	not_gated	0	NO_PMCID		0	0	0	0	not_generated	FILLED	not_gated	tail10_24	FILLED	already closed
PRJEB43391	isolation_source	tail10_24	True		none	False	False			False	False	False	not_gated	0	NO_PMCID		0	0	0	0	not_generated	FILLED	not_gated	tail10_24	FILLED	already closed
PRJEB43391	host	tail10_24	True		none	False	False			False	False	False	covered	12	NO_PMCID		12	0	0	12	not_generated	FILLED	whole_field	tail10_24	FILLED	already closed
PRJEB43543	country	tail10_24	True		none	False	False			False	False	False	not_gated	0	NO_PMCID		0	0	0	0	not_generated	FILLED	not_gated	tail10_24	FILLED	already closed
PRJEB43543	collection_date	tail10_24	True		none	False	False			False	False	False	not_gated	0	NO_PMCID		0	0	0	0	not_generated	FILLED	not_gated	tail10_24	FILLED	already closed
PRJEB43543	isolation_source	tail10_24	True		none	False	False			False	False	False	not_gated	0	NO_PMCID		0	0	0	0	not_generated	FILLED	not_gated	tail10_24	FILLED	already closed
PRJEB43543	host	tail10_24	True		none	False	False			False	False	False	covered	14	NO_PMCID		14	0	0	14	not_generated	FILLED	whole_field	tail10_24	FILLED	already closed
PRJEB44870	country	tail10_24	False	PMC8230887	europepmc_fulltext	True	True	https://doi.org/10.3390/antibiotics10060706	Antibiotic Susceptibility, Virulome, and Clinical Outcomes i	False	False	False	not_gated	0	abstained		0	0	0	0	not_generated	FILLED	not_gated	tail10_24	FILLED	already closed
PRJEB44870	collection_date	tail10_24	False	PMC8230887	europepmc_fulltext	True	True	https://doi.org/10.3390/antibiotics10060706	Antibiotic Susceptibility, Virulome, and Clinical Outcomes i	False	False	False	not_gated	0	abstained		0	0	0	0	not_generated	FILLED	not_gated	tail10_24	FILLED	already closed
PRJEB44870	isolation_source	tail10_24	False	PMC8230887	europepmc_fulltext	True	True	https://doi.org/10.3390/antibiotics10060706	Antibiotic Susceptibility, Virulome, and Clinical Outcomes i	False	False	False	not_gated	0	abstained		0	0	0	0	not_generated	FILLED	not_gated	tail10_24	FILLED	already closed
PRJEB44870	host	tail10_24	False	PMC8230887	europepmc_fulltext	True	True	https://doi.org/10.3390/antibiotics10060706	Antibiotic Susceptibility, Virulome, and Clinical Outcomes i	False	False	False	covered	20	abstained		20	0	0	20	not_generated	FILLED	whole_field	tail10_24	FILLED	already closed
PRJEB45397	country	tail10_24	False	PMC10394256	europepmc_fulltext	True	True	https://doi.org/10.1016/j.xcrm.2023.101124	Bacterial clade-specific analysis identifies distinct epithe	False	False	False	covered	15	abstained		15	0	0	15	not_generated	FILLED	whole_field	tail10_24	FILLED	already closed
PRJEB45397	collection_date	tail10_24	False	PMC10394256	europepmc_fulltext	True	True	https://doi.org/10.1016/j.xcrm.2023.101124	Bacterial clade-specific analysis identifies distinct epithe	False	False	False	residual_per_sample	15	abstained		0	0	0	15	not_generated	BLOCKED	needs_linkage	tail10_24	ACCEPTED	table has no ENA-mappable key (unanchored) or no per-isolate table exists
PRJEB45397	isolation_source	tail10_24	False	PMC10394256	europepmc_fulltext	True	True	https://doi.org/10.1016/j.xcrm.2023.101124	Bacterial clade-specific analysis identifies distinct epithe	False	False	False	covered	15	abstained		15	0	0	15	not_generated	FILLED	whole_field	tail10_24	FILLED	already closed
PRJEB45397	host	tail10_24	False	PMC10394256	europepmc_fulltext	True	True	https://doi.org/10.1016/j.xcrm.2023.101124	Bacterial clade-specific analysis identifies distinct epithe	False	False	False	covered	15	abstained		15	0	0	15	not_generated	FILLED	whole_field	tail10_24	FILLED	already closed
PRJEB45776	country	tail10_24	False	PMC8956024	europepmc_fulltext	True	True	https://doi.org/10.3390/microorganisms10030564	WGS-Based Phenotyping and Molecular Characterization of the 	False	False	False	not_gated	0	abstained		0	0	0	0	not_generated	FILLED	not_gated	tail10_24	FILLED	already closed
PRJEB45776	collection_date	tail10_24	False	PMC8956024	europepmc_fulltext	True	True	https://doi.org/10.3390/microorganisms10030564	WGS-Based Phenotyping and Molecular Characterization of the 	False	False	False	not_gated	0	abstained		0	0	0	0	not_generated	FILLED	not_gated	tail10_24	FILLED	already closed
PRJEB45776	isolation_source	tail10_24	False	PMC8956024	europepmc_fulltext	True	True	https://doi.org/10.3390/microorganisms10030564	WGS-Based Phenotyping and Molecular Characterization of the 	False	False	False	covered	24	abstained		24	0	0	24	not_generated	FILLED	whole_field	tail10_24	FILLED	already closed
PRJEB45776	host	tail10_24	False	PMC8956024	europepmc_fulltext	True	True	https://doi.org/10.3390/microorganisms10030564	WGS-Based Phenotyping and Molecular Characterization of the 	False	False	False	covered	24	abstained		24	0	0	24	not_generated	FILLED	whole_field	tail10_24	FILLED	already closed
PRJEB46126	country	tail10_24	False	PMC8918851	europepmc_fulltext	True	True	https://doi.org/10.1016/j.infpip.2022.100209	Role of the environment in transmission of Gram-negative bac	False	False	False	not_gated	0	abstained		0	0	0	0	not_generated	FILLED	not_gated	tail10_24	FILLED	already closed
PRJEB46126	collection_date	tail10_24	False	PMC8918851	europepmc_fulltext	True	True	https://doi.org/10.1016/j.infpip.2022.100209	Role of the environment in transmission of Gram-negative bac	False	False	False	not_gated	0	abstained		0	0	0	0	not_generated	FILLED	not_gated	tail10_24	FILLED	already closed
PRJEB46126	isolation_source	tail10_24	False	PMC8918851	europepmc_fulltext	True	True	https://doi.org/10.1016/j.infpip.2022.100209	Role of the environment in transmission of Gram-negative bac	False	False	False	not_gated	0	abstained		0	0	0	0	not_generated	FILLED	not_gated	tail10_24	FILLED	already closed
PRJEB46126	host	tail10_24	False	PMC8918851	europepmc_fulltext	True	True	https://doi.org/10.1016/j.infpip.2022.100209	Role of the environment in transmission of Gram-negative bac	False	False	False	residual_per_sample	23	abstained	no_supp	0	0	0	23	not_generated	EXHAUSTED	no_supp	tail10_24	EXHAUSTED	already closed
PRJEB48744	country	tail10_24	False		abstract	False	False	https://doi.org/10.1016/j.mimet.2024.106938	Rapid detection of plasmid-mediated AmpC-producers by eazypl	False	False	False	not_gated	0	NO_PMCID		0	0	0	0	not_generated	FILLED	not_gated	tail10_24	FILLED	already closed
PRJEB48744	collection_date	tail10_24	False		abstract	False	False	https://doi.org/10.1016/j.mimet.2024.106938	Rapid detection of plasmid-mediated AmpC-producers by eazypl	False	False	False	not_gated	0	NO_PMCID		0	0	0	0	not_generated	FILLED	not_gated	tail10_24	FILLED	already closed
PRJEB48744	isolation_source	tail10_24	False		abstract	False	False	https://doi.org/10.1016/j.mimet.2024.106938	Rapid detection of plasmid-mediated AmpC-producers by eazypl	False	False	False	not_gated	0	NO_PMCID		0	0	0	0	not_generated	FILLED	not_gated	tail10_24	FILLED	already closed
PRJEB48744	host	tail10_24	False		abstract	False	False	https://doi.org/10.1016/j.mimet.2024.106938	Rapid detection of plasmid-mediated AmpC-producers by eazypl	False	False	False	covered	18	NO_PMCID		18	0	0	18	not_generated	FILLED	whole_field	tail10_24	FILLED	already closed
PRJEB50554	country	tail10_24	False	PMC12164281	europepmc_fulltext	True	True	https://doi.org/10.2807/1560-7917.es.2025.30.23.2400590	Beyond patient contact: combined short- and long read sequen	False	False	False	not_gated	0	abstained		0	0	0	0	not_generated	FILLED	not_gated	tail10_24	FILLED	already closed
PRJEB50554	collection_date	tail10_24	False	PMC12164281	europepmc_fulltext	True	True	https://doi.org/10.2807/1560-7917.es.2025.30.23.2400590	Beyond patient contact: combined short- and long read sequen	False	False	False	not_gated	0	abstained		0	0	0	0	not_generated	FILLED	not_gated	tail10_24	FILLED	already closed
PRJEB50554	isolation_source	tail10_24	False	PMC12164281	europepmc_fulltext	True	True	https://doi.org/10.2807/1560-7917.es.2025.30.23.2400590	Beyond patient contact: combined short- and long read sequen	False	False	False	not_gated	0	abstained		0	0	0	0	not_generated	FILLED	not_gated	tail10_24	FILLED	already closed
PRJEB50554	host	tail10_24	False	PMC12164281	europepmc_fulltext	True	True	https://doi.org/10.2807/1560-7917.es.2025.30.23.2400590	Beyond patient contact: combined short- and long read sequen	False	False	False	covered	23	abstained		23	0	0	23	not_generated	FILLED	whole_field	tail10_24	FILLED	already closed
PRJEB52158	country	tail10_24	False		europepmc_fulltext	True	True	https://doi.org/10.3389/fmicb.2025.1603736	Genomic characterization of Vibrio cholerae isolated from cl	False	False	False	covered	16	abstained		16	0	0	16	not_generated	FILLED	whole_field	tail10_24	FILLED	already closed
PRJEB52158	collection_date	tail10_24	False		europepmc_fulltext	True	True	https://doi.org/10.3389/fmicb.2025.1603736	Genomic characterization of Vibrio cholerae isolated from cl	False	False	False	covered	16	abstained		16	0	0	16	not_generated	FILLED	whole_field	tail10_24	FILLED	already closed
PRJEB52158	isolation_source	tail10_24	False		europepmc_fulltext	True	True	https://doi.org/10.3389/fmicb.2025.1603736	Genomic characterization of Vibrio cholerae isolated from cl	False	False	False	residual_per_sample	16	abstained		0	0	0	16	not_generated	BLOCKED	needs_linkage	tail10_24	ACCEPTED	table has no ENA-mappable key (unanchored) or no per-isolate table exists
PRJEB52158	host	tail10_24	False		europepmc_fulltext	True	True	https://doi.org/10.3389/fmicb.2025.1603736	Genomic characterization of Vibrio cholerae isolated from cl	False	False	False	residual_per_sample	16	abstained		0	0	0	16	not_generated	BLOCKED	needs_linkage	tail10_24	ACCEPTED	table has no ENA-mappable key (unanchored) or no per-isolate table exists
PRJEB58365	country	tail10_24	False	PMC10665453	europepmc_fulltext	True	True	https://doi.org/10.1007/s15010-023-02061-4	Multidrug-resistant isolates from Ukrainian patients in a Ge	False	False	False	not_gated	0	abstained		0	0	0	0	not_generated	FILLED	not_gated	tail10_24	FILLED	already closed
PRJEB58365	collection_date	tail10_24	False	PMC10665453	europepmc_fulltext	True	True	https://doi.org/10.1007/s15010-023-02061-4	Multidrug-resistant isolates from Ukrainian patients in a Ge	False	False	False	not_gated	0	abstained		0	0	0	0	not_generated	FILLED	not_gated	tail10_24	FILLED	already closed
PRJEB58365	isolation_source	tail10_24	False	PMC10665453	europepmc_fulltext	True	True	https://doi.org/10.1007/s15010-023-02061-4	Multidrug-resistant isolates from Ukrainian patients in a Ge	False	False	False	not_gated	0	abstained		0	0	0	0	not_generated	FILLED	not_gated	tail10_24	FILLED	already closed
PRJEB58365	host	tail10_24	False	PMC10665453	europepmc_fulltext	True	True	https://doi.org/10.1007/s15010-023-02061-4	Multidrug-resistant isolates from Ukrainian patients in a Ge	False	False	False	covered	13	abstained		13	0	0	13	not_generated	FILLED	whole_field	tail10_24	FILLED	already closed
PRJEB58695	country	tail10_24	False	PMC12753507	europepmc_fulltext	True	True	https://doi.org/10.3389/fpubh.2025.1716498	SeqAfrica: empowering Africa's fight against antimicrobial r	False	False	False	not_gated	0	abstained		0	0	0	0	not_generated	FILLED	not_gated	tail10_24	FILLED	already closed
PRJEB58695	collection_date	tail10_24	False	PMC12753507	europepmc_fulltext	True	True	https://doi.org/10.3389/fpubh.2025.1716498	SeqAfrica: empowering Africa's fight against antimicrobial r	False	False	False	not_gated	0	abstained		0	0	0	0	not_generated	FILLED	not_gated	tail10_24	FILLED	already closed
PRJEB58695	isolation_source	tail10_24	False	PMC12753507	europepmc_fulltext	True	True	https://doi.org/10.3389/fpubh.2025.1716498	SeqAfrica: empowering Africa's fight against antimicrobial r	False	False	False	residual_per_sample	10	abstained		0	0	0	10	not_generated	BLOCKED	needs_linkage	tail10_24	ACCEPTED	table has no ENA-mappable key (unanchored) or no per-isolate table exists
PRJEB58695	host	tail10_24	False	PMC12753507	europepmc_fulltext	True	True	https://doi.org/10.3389/fpubh.2025.1716498	SeqAfrica: empowering Africa's fight against antimicrobial r	False	False	False	residual_per_sample	10	abstained		0	0	0	10	not_generated	BLOCKED	needs_linkage	tail10_24	ACCEPTED	table has no ENA-mappable key (unanchored) or no per-isolate table exists
PRJEB60418	country	tail10_24	False	PMC10434174	europepmc_fulltext	True	True	https://doi.org/10.1128/spectrum.01386-23	From Farm to Fork: Persistence of Clinically Relevant Multid	False	False	False	not_gated	0	direct		0	0	0	0	not_generated	FILLED	not_gated	tail10_24	FILLED	already closed
PRJEB60418	collection_date	tail10_24	False	PMC10434174	europepmc_fulltext	True	True	https://doi.org/10.1128/spectrum.01386-23	From Farm to Fork: Persistence of Clinically Relevant Multid	False	False	False	not_gated	0	direct		0	0	0	0	not_generated	FILLED	not_gated	tail10_24	FILLED	already closed
PRJEB60418	isolation_source	tail10_24	False	PMC10434174	europepmc_fulltext	True	True	https://doi.org/10.1128/spectrum.01386-23	From Farm to Fork: Persistence of Clinically Relevant Multid	False	False	False	not_gated	0	direct		0	0	0	0	not_generated	FILLED	not_gated	tail10_24	FILLED	already closed
PRJEB60418	host	tail10_24	False	PMC10434174	europepmc_fulltext	True	True	https://doi.org/10.1128/spectrum.01386-23	From Farm to Fork: Persistence of Clinically Relevant Multid	False	False	False	covered	20	direct		0	19	0	1	not_generated	FILLED	whole_field	tail10_24	FILLED	already closed
PRJEB61083	country	tail10_24	False	PMC10597170	europepmc_fulltext	True	True	https://www.ncbi.nlm.nih.gov/pmc/articles/PMC10597170/	Management and control of an outbreak of NDM-producing Klebs	False	False	False	not_gated	0	abstained		0	0	0	0	not_generated	FILLED	not_gated	tail10_24	FILLED	already closed
PRJEB61083	collection_date	tail10_24	False	PMC10597170	europepmc_fulltext	True	True	https://www.ncbi.nlm.nih.gov/pmc/articles/PMC10597170/	Management and control of an outbreak of NDM-producing Klebs	False	False	False	not_gated	0	abstained		0	0	0	0	not_generated	FILLED	not_gated	tail10_24	FILLED	already closed
PRJEB61083	isolation_source	tail10_24	False	PMC10597170	europepmc_fulltext	True	True	https://www.ncbi.nlm.nih.gov/pmc/articles/PMC10597170/	Management and control of an outbreak of NDM-producing Klebs	False	False	False	not_gated	0	abstained		0	0	0	0	not_generated	FILLED	not_gated	tail10_24	FILLED	already closed
PRJEB61083	host	tail10_24	False	PMC10597170	europepmc_fulltext	True	True	https://www.ncbi.nlm.nih.gov/pmc/articles/PMC10597170/	Management and control of an outbreak of NDM-producing Klebs	False	False	False	covered	12	abstained		12	0	0	12	not_generated	FILLED	whole_field	tail10_24	FILLED	already closed
PRJEB67440	country	tail10_24	True		none	False	False			False	False	False	not_gated	0	NO_PMCID		0	0	0	0	not_generated	FILLED	not_gated	tail10_24	FILLED	already closed
PRJEB67440	collection_date	tail10_24	True		none	False	False			False	False	False	not_gated	0	NO_PMCID		0	0	0	0	not_generated	FILLED	not_gated	tail10_24	FILLED	already closed
PRJEB67440	isolation_source	tail10_24	True		none	False	False			False	False	False	not_gated	0	NO_PMCID		0	0	0	0	not_generated	FILLED	not_gated	tail10_24	FILLED	already closed
PRJEB67440	host	tail10_24	True		none	False	False			False	False	False	covered	17	NO_PMCID		17	0	0	17	not_generated	FILLED	whole_field	tail10_24	FILLED	already closed
PRJEB67696	country	tail10_24	False		none	False	False	https://doi.org/10.51585/gjm.2024.1.0030	WGS analysis of hypervirulent and MDR Klebsiella pneumoniae 	False	False	False	not_gated	0	NO_PMCID		0	0	0	0	not_generated	FILLED	not_gated	tail10_24	FILLED	already closed
PRJEB67696	collection_date	tail10_24	False		none	False	False	https://doi.org/10.51585/gjm.2024.1.0030	WGS analysis of hypervirulent and MDR Klebsiella pneumoniae 	False	False	False	not_gated	0	NO_PMCID		0	0	0	0	not_generated	FILLED	not_gated	tail10_24	FILLED	already closed
PRJEB67696	isolation_source	tail10_24	False		none	False	False	https://doi.org/10.51585/gjm.2024.1.0030	WGS analysis of hypervirulent and MDR Klebsiella pneumoniae 	False	False	False	not_gated	0	NO_PMCID		0	0	0	0	not_generated	FILLED	not_gated	tail10_24	FILLED	already closed
PRJEB67696	host	tail10_24	False		none	False	False	https://doi.org/10.51585/gjm.2024.1.0030	WGS analysis of hypervirulent and MDR Klebsiella pneumoniae 	False	False	False	covered	18	NO_PMCID		18	0	0	18	not_generated	FILLED	whole_field	tail10_24	FILLED	already closed
PRJEB67733	country	tail10_24	True		none	False	False			False	False	False	not_gated	0	NO_PMCID		0	0	0	0	not_generated	FILLED	not_gated	tail10_24	FILLED	already closed
PRJEB67733	collection_date	tail10_24	True		none	False	False			False	False	False	not_gated	0	NO_PMCID		0	0	0	0	not_generated	FILLED	not_gated	tail10_24	FILLED	already closed
PRJEB67733	isolation_source	tail10_24	True		none	False	False			False	False	False	covered	11	NO_PMCID		11	0	0	11	not_generated	FILLED	whole_field	tail10_24	FILLED	already closed
PRJEB67733	host	tail10_24	True		none	False	False			False	False	False	covered	11	NO_PMCID		11	0	0	11	not_generated	FILLED	whole_field	tail10_24	FILLED	already closed
PRJEB70314	country	tail10_24	False	PMC12909941	europepmc_fulltext	True	True	https://doi.org/10.1038/s44259-026-00186-8	Phage-meropenem synergy against OXA-48-producing Klebsiella 	False	False	False	not_gated	0	abstained		0	0	0	0	not_generated	FILLED	not_gated	tail10_24	FILLED	already closed
PRJEB70314	collection_date	tail10_24	False	PMC12909941	europepmc_fulltext	True	True	https://doi.org/10.1038/s44259-026-00186-8	Phage-meropenem synergy against OXA-48-producing Klebsiella 	False	False	False	not_gated	0	abstained		0	0	0	0	not_generated	FILLED	not_gated	tail10_24	FILLED	already closed
PRJEB70314	isolation_source	tail10_24	False	PMC12909941	europepmc_fulltext	True	True	https://doi.org/10.1038/s44259-026-00186-8	Phage-meropenem synergy against OXA-48-producing Klebsiella 	False	False	False	residual_per_sample	7	abstained		0	0	0	7	not_generated	BLOCKED	needs_linkage	tail10_24	ACCEPTED	table has no ENA-mappable key (unanchored) or no per-isolate table exists
PRJEB70314	host	tail10_24	False	PMC12909941	europepmc_fulltext	True	True	https://doi.org/10.1038/s44259-026-00186-8	Phage-meropenem synergy against OXA-48-producing Klebsiella 	False	False	False	residual_per_sample	15	abstained		0	0	0	15	not_generated	BLOCKED	needs_linkage	tail10_24	ACCEPTED	table has no ENA-mappable key (unanchored) or no per-isolate table exists
PRJEB70897	country	tail10_24	False	PMC10869444	europepmc_fulltext	True	True	https://doi.org/10.3389/fmicb.2024.1334268	Rapid typing of <i>Klebsiella pneumoniae</i> and <i>Pseudomo	False	False	False	covered	24	abstained		24	0	0	24	not_generated	FILLED	whole_field	tail10_24	FILLED	already closed
PRJEB70897	collection_date	tail10_24	False	PMC10869444	europepmc_fulltext	True	True	https://doi.org/10.3389/fmicb.2024.1334268	Rapid typing of <i>Klebsiella pneumoniae</i> and <i>Pseudomo	False	False	False	residual_per_sample	24	abstained		0	0	0	24	not_generated	BLOCKED	needs_linkage	tail10_24	ACCEPTED	table has no ENA-mappable key (unanchored) or no per-isolate table exists
PRJEB70897	isolation_source	tail10_24	False	PMC10869444	europepmc_fulltext	True	True	https://doi.org/10.3389/fmicb.2024.1334268	Rapid typing of <i>Klebsiella pneumoniae</i> and <i>Pseudomo	False	False	False	residual_per_sample	24	abstained		0	0	0	24	not_generated	BLOCKED	needs_linkage	tail10_24	ACCEPTED	table has no ENA-mappable key (unanchored) or no per-isolate table exists
PRJEB70897	host	tail10_24	False	PMC10869444	europepmc_fulltext	True	True	https://doi.org/10.3389/fmicb.2024.1334268	Rapid typing of <i>Klebsiella pneumoniae</i> and <i>Pseudomo	False	False	False	residual_per_sample	24	abstained		0	0	0	24	not_generated	BLOCKED	needs_linkage	tail10_24	ACCEPTED	table has no ENA-mappable key (unanchored) or no per-isolate table exists
PRJEB71325	country	tail10_24	False	PMC11004228	europepmc_fulltext	True	True	https://doi.org/10.3389/fcimb.2024.1372704	&lt;i&gt;Klebsiella pneumoniae&lt;/i&gt; exhibiting a phenot	False	False	False	not_gated	0	abstained		0	0	0	0	not_generated	FILLED	not_gated	tail10_24	FILLED	already closed
PRJEB71325	collection_date	tail10_24	False	PMC11004228	europepmc_fulltext	True	True	https://doi.org/10.3389/fcimb.2024.1372704	&lt;i&gt;Klebsiella pneumoniae&lt;/i&gt; exhibiting a phenot	False	False	False	not_gated	0	abstained		0	0	0	0	not_generated	FILLED	not_gated	tail10_24	FILLED	already closed
PRJEB71325	isolation_source	tail10_24	False	PMC11004228	europepmc_fulltext	True	True	https://doi.org/10.3389/fcimb.2024.1372704	&lt;i&gt;Klebsiella pneumoniae&lt;/i&gt; exhibiting a phenot	False	False	False	not_gated	0	abstained		0	0	0	0	not_generated	FILLED	not_gated	tail10_24	FILLED	already closed
PRJEB71325	host	tail10_24	False	PMC11004228	europepmc_fulltext	True	True	https://doi.org/10.3389/fcimb.2024.1372704	&lt;i&gt;Klebsiella pneumoniae&lt;/i&gt; exhibiting a phenot	False	False	False	covered	18	abstained		18	0	0	18	not_generated	FILLED	whole_field	tail10_24	FILLED	already closed
PRJEB72521	country	tail10_24	True		none	False	False			False	False	False	not_gated	0	NO_PMCID		0	0	0	0	not_generated	FILLED	not_gated	tail10_24	FILLED	already closed
PRJEB72521	collection_date	tail10_24	True		none	False	False			False	False	False	not_gated	0	NO_PMCID		0	0	0	0	not_generated	FILLED	not_gated	tail10_24	FILLED	already closed
PRJEB72521	isolation_source	tail10_24	True		none	False	False			False	False	False	not_gated	0	NO_PMCID		0	0	0	0	not_generated	FILLED	not_gated	tail10_24	FILLED	already closed
PRJEB72521	host	tail10_24	True		none	False	False			False	False	False	covered	12	NO_PMCID		12	0	0	12	not_generated	FILLED	whole_field	tail10_24	FILLED	already closed
PRJEB7657	country	tail10_24	True		none	False	False			False	False	False	residual_per_sample	12	NO_PMCID	NO_PMCID	0	0	0	12	not_generated	EXHAUSTED	no_paper_findable	tail10_24	EXHAUSTED	already closed
PRJEB7657	collection_date	tail10_24	True		none	False	False			False	False	False	residual_per_sample	12	NO_PMCID	NO_PMCID	0	0	0	12	not_generated	EXHAUSTED	no_paper_findable	tail10_24	EXHAUSTED	already closed
PRJEB7657	isolation_source	tail10_24	True		none	False	False			False	False	False	residual_per_sample	13	NO_PMCID	NO_PMCID	0	0	0	13	not_generated	EXHAUSTED	no_paper_findable	tail10_24	EXHAUSTED	already closed
PRJEB7657	host	tail10_24	True		none	False	False			False	False	False	residual_per_sample	12	NO_PMCID	NO_PMCID	0	0	0	12	not_generated	EXHAUSTED	no_paper_findable	tail10_24	EXHAUSTED	already closed
PRJEB8770	country	tail10_24	False	PMC6938978	europepmc_fulltext	True	True	https://doi.org/10.1093/cid/ciz174	A One Health Study of the Genetic Relatedness of Klebsiella 	False	False	False	not_gated	0	direct		0	0	0	0	not_generated	FILLED	not_gated	tail10_24	FILLED	already closed
PRJEB8770	collection_date	tail10_24	False	PMC6938978	europepmc_fulltext	True	True	https://doi.org/10.1093/cid/ciz174	A One Health Study of the Genetic Relatedness of Klebsiella 	False	False	False	not_gated	0	direct		0	0	0	0	not_generated	FILLED	not_gated	tail10_24	FILLED	already closed
PRJEB8770	isolation_source	tail10_24	False	PMC6938978	europepmc_fulltext	True	True	https://doi.org/10.1093/cid/ciz174	A One Health Study of the Genetic Relatedness of Klebsiella 	False	False	False	not_gated	0	direct		0	0	0	0	not_generated	FILLED	not_gated	tail10_24	FILLED	already closed
PRJEB8770	host	tail10_24	False	PMC6938978	europepmc_fulltext	True	True	https://doi.org/10.1093/cid/ciz174	A One Health Study of the Genetic Relatedness of Klebsiella 	False	False	False	covered	15	direct		5	10	0	5	not_generated	FILLED	whole_field	tail10_24	FILLED	already closed
PRJNA1000742	country	tail10_24	False	PMC10909888	europepmc_fulltext	True	True	https://doi.org/10.1038/s41598-024-55705-2	Occurrence and mechanisms of tigecycline resistance in carba	False	False	False	not_gated	0	abstained		0	0	0	0	not_generated	FILLED	not_gated	tail10_24	FILLED	already closed
PRJNA1000742	collection_date	tail10_24	False	PMC10909888	europepmc_fulltext	True	True	https://doi.org/10.1038/s41598-024-55705-2	Occurrence and mechanisms of tigecycline resistance in carba	False	False	False	not_gated	0	abstained		0	0	0	0	not_generated	FILLED	not_gated	tail10_24	FILLED	already closed
PRJNA1000742	isolation_source	tail10_24	False	PMC10909888	europepmc_fulltext	True	True	https://doi.org/10.1038/s41598-024-55705-2	Occurrence and mechanisms of tigecycline resistance in carba	False	False	False	residual_per_sample	12	abstained		0	0	0	12	not_generated	BLOCKED	needs_linkage	tail10_24	ACCEPTED	table has no ENA-mappable key (unanchored) or no per-isolate table exists
PRJNA1000742	host	tail10_24	False	PMC10909888	europepmc_fulltext	True	True	https://doi.org/10.1038/s41598-024-55705-2	Occurrence and mechanisms of tigecycline resistance in carba	False	False	False	not_gated	0	abstained		0	0	0	0	not_generated	FILLED	not_gated	tail10_24	FILLED	already closed
PRJNA1016138	country	tail10_24	False	PMC11237748	europepmc_fulltext	True	True	https://doi.org/10.1128/spectrum.03595-23	Could traces of fluoroquinolones in food induce ciprofloxaci	False	False	False	residual_per_sample	19	abstained		0	0	0	19	not_generated	BLOCKED	needs_linkage	tail10_24	ACCEPTED	table has no ENA-mappable key (unanchored) or no per-isolate table exists
PRJNA1016138	collection_date	tail10_24	False	PMC11237748	europepmc_fulltext	True	True	https://doi.org/10.1128/spectrum.03595-23	Could traces of fluoroquinolones in food induce ciprofloxaci	False	False	False	residual_per_sample	19	abstained		0	0	0	19	not_generated	BLOCKED	needs_linkage	tail10_24	ACCEPTED	table has no ENA-mappable key (unanchored) or no per-isolate table exists
PRJNA1016138	isolation_source	tail10_24	False	PMC11237748	europepmc_fulltext	True	True	https://doi.org/10.1128/spectrum.03595-23	Could traces of fluoroquinolones in food induce ciprofloxaci	False	False	False	covered	19	abstained		19	0	0	19	not_generated	FILLED	whole_field	tail10_24	FILLED	already closed
PRJNA1016138	host	tail10_24	False	PMC11237748	europepmc_fulltext	True	True	https://doi.org/10.1128/spectrum.03595-23	Could traces of fluoroquinolones in food induce ciprofloxaci	False	False	False	covered	19	abstained		19	0	0	19	not_generated	FILLED	whole_field	tail10_24	FILLED	already closed
PRJNA1023834	country	tail10_24	False		pdf	True	True	https://doi.org/10.1016/j.nmni.2024.101387	Multidrug-resistant Klebsiella pneumoniae and Klebsiella var	False	False	False	not_gated	0			0	0	0	0	not_generated	FILLED	not_gated	tail10_24	FILLED	already closed
PRJNA1023834	collection_date	tail10_24	False		pdf	True	True	https://doi.org/10.1016/j.nmni.2024.101387	Multidrug-resistant Klebsiella pneumoniae and Klebsiella var	False	False	False	not_gated	0			0	0	0	0	not_generated	FILLED	not_gated	tail10_24	FILLED	already closed
PRJNA1023834	isolation_source	tail10_24	False		pdf	True	True	https://doi.org/10.1016/j.nmni.2024.101387	Multidrug-resistant Klebsiella pneumoniae and Klebsiella var	False	False	False	not_gated	0			0	0	0	0	not_generated	FILLED	not_gated	tail10_24	FILLED	already closed
PRJNA1023834	host	tail10_24	False		pdf	True	True	https://doi.org/10.1016/j.nmni.2024.101387	Multidrug-resistant Klebsiella pneumoniae and Klebsiella var	False	False	False	not_gated	0			0	0	0	0	not_generated	FILLED	not_gated	tail10_24	FILLED	already closed
PRJNA1026663	country	tail10_24	True		none	False	False			False	False	False	not_gated	0	NO_PMCID		0	0	0	0	not_generated	FILLED	not_gated	tail10_24	FILLED	already closed
PRJNA1026663	collection_date	tail10_24	True		none	False	False			False	False	False	not_gated	0	NO_PMCID		0	0	0	0	not_generated	FILLED	not_gated	tail10_24	FILLED	already closed
PRJNA1026663	isolation_source	tail10_24	True		none	False	False			False	False	False	residual_per_sample	10	NO_PMCID	NO_PMCID	0	0	0	10	not_generated	EXHAUSTED	no_paper_findable	tail10_24	EXHAUSTED	already closed
PRJNA1026663	host	tail10_24	True		none	False	False			False	False	False	not_gated	0	NO_PMCID		0	0	0	0	not_generated	FILLED	not_gated	tail10_24	FILLED	already closed
PRJNA1027607	country	tail10_24	True		none	False	False			False	False	False	not_gated	0			0	0	0	0	not_generated	FILLED	not_gated	tail10_24	FILLED	already closed
PRJNA1027607	collection_date	tail10_24	True		none	False	False			False	False	False	not_gated	0			0	0	0	0	not_generated	FILLED	not_gated	tail10_24	FILLED	already closed
PRJNA1027607	isolation_source	tail10_24	True		none	False	False			False	False	False	not_gated	0			0	0	0	0	not_generated	FILLED	not_gated	tail10_24	FILLED	already closed
PRJNA1027607	host	tail10_24	True		none	False	False			False	False	False	not_gated	0			0	0	0	0	not_generated	FILLED	not_gated	tail10_24	FILLED	already closed
PRJNA1031934	country	tail10_24	False	PMC10782962	europepmc_fulltext	True	True	https://doi.org/10.1128/spectrum.03079-23	Nitroxoline resistance is associated with significant fitnes	False	False	False	not_gated	0	abstained		0	0	0	0	not_generated	FILLED	not_gated	tail10_24	FILLED	already closed
PRJNA1031934	collection_date	tail10_24	False	PMC10782962	europepmc_fulltext	True	True	https://doi.org/10.1128/spectrum.03079-23	Nitroxoline resistance is associated with significant fitnes	False	False	False	not_gated	0	abstained		0	0	0	0	not_generated	FILLED	not_gated	tail10_24	FILLED	already closed
PRJNA1031934	isolation_source	tail10_24	False	PMC10782962	europepmc_fulltext	True	True	https://doi.org/10.1128/spectrum.03079-23	Nitroxoline resistance is associated with significant fitnes	False	False	False	residual_per_sample	17	abstained		0	0	0	17	not_generated	BLOCKED	needs_linkage	tail10_24	ACCEPTED	table has no ENA-mappable key (unanchored) or no per-isolate table exists
PRJNA1031934	host	tail10_24	False	PMC10782962	europepmc_fulltext	True	True	https://doi.org/10.1128/spectrum.03079-23	Nitroxoline resistance is associated with significant fitnes	False	False	False	residual_per_sample	17	abstained		0	0	0	17	not_generated	BLOCKED	needs_linkage	tail10_24	ACCEPTED	table has no ENA-mappable key (unanchored) or no per-isolate table exists
PRJNA1040414	country	tail10_24	True		none	False	False			False	False	False	not_gated	0	NO_PMCID		0	0	0	0	not_generated	FILLED	not_gated	tail10_24	FILLED	already closed
PRJNA1040414	collection_date	tail10_24	True		none	False	False			False	False	False	not_gated	0	NO_PMCID		0	0	0	0	not_generated	FILLED	not_gated	tail10_24	FILLED	already closed
PRJNA1040414	isolation_source	tail10_24	True		none	False	False			False	False	False	not_gated	0	NO_PMCID		0	0	0	0	not_generated	FILLED	not_gated	tail10_24	FILLED	already closed
PRJNA1040414	host	tail10_24	True		none	False	False			False	False	False	covered	13	NO_PMCID		13	0	0	13	not_generated	FILLED	whole_field	tail10_24	FILLED	already closed
PRJNA1047501	country	tail10_24	False		local_pdf	True	True	https://doi.org/10.1016/j.scitotenv.2024.171562	Occurrence and persistence of multidrug-resistant Enterobact	True	True	False	not_gated	0	NO_PMCID		0	0	0	0	not_generated	FILLED	not_gated	tail10_24	FILLED	already closed
PRJNA1047501	collection_date	tail10_24	False		local_pdf	True	True	https://doi.org/10.1016/j.scitotenv.2024.171562	Occurrence and persistence of multidrug-resistant Enterobact	True	True	False	not_gated	0	NO_PMCID		0	0	0	0	not_generated	FILLED	not_gated	tail10_24	FILLED	already closed
PRJNA1047501	isolation_source	tail10_24	False		local_pdf	True	True	https://doi.org/10.1016/j.scitotenv.2024.171562	Occurrence and persistence of multidrug-resistant Enterobact	True	True	False	not_gated	0	NO_PMCID		0	0	0	0	not_generated	FILLED	not_gated	tail10_24	FILLED	already closed
PRJNA1047501	host	tail10_24	False		local_pdf	True	True	https://doi.org/10.1016/j.scitotenv.2024.171562	Occurrence and persistence of multidrug-resistant Enterobact	True	True	False	covered	10	NO_PMCID		10	0	0	10	not_generated	FILLED	whole_field	tail10_24	FILLED	already closed
PRJNA1057737	country	tail10_24	True		none	False	False			False	False	False	residual_per_sample	16	NO_PMCID	NO_PMCID	0	0	0	16	not_generated	EXHAUSTED	no_paper_findable	tail10_24	EXHAUSTED	already closed
PRJNA1057737	collection_date	tail10_24	True		none	False	False			False	False	False	not_gated	0	NO_PMCID		0	0	0	0	not_generated	FILLED	not_gated	tail10_24	FILLED	already closed
PRJNA1057737	isolation_source	tail10_24	True		none	False	False			False	False	False	not_gated	0	NO_PMCID		0	0	0	0	not_generated	FILLED	not_gated	tail10_24	FILLED	already closed
PRJNA1057737	host	tail10_24	True		none	False	False			False	False	False	not_gated	0	NO_PMCID		0	0	0	0	not_generated	FILLED	not_gated	tail10_24	FILLED	already closed
PRJNA1070647	country	tail10_24	True		none	False	False			False	False	False	not_gated	0	NO_PMCID		0	0	0	0	not_generated	FILLED	not_gated	tail10_24	FILLED	already closed
PRJNA1070647	collection_date	tail10_24	True		none	False	False			False	False	False	not_gated	0	NO_PMCID		0	0	0	0	not_generated	FILLED	not_gated	tail10_24	FILLED	already closed
PRJNA1070647	isolation_source	tail10_24	True		none	False	False			False	False	False	not_gated	0	NO_PMCID		0	0	0	0	not_generated	FILLED	not_gated	tail10_24	FILLED	already closed
PRJNA1070647	host	tail10_24	True		none	False	False			False	False	False	covered	14	NO_PMCID		14	0	0	14	not_generated	FILLED	whole_field	tail10_24	FILLED	already closed
PRJNA1072014	country	tail10_24	False	PMC11949386	europepmc_fulltext	True	True	https://doi.org/10.33073/pjm-2025-007	Characterization of OXA232-Producing Carbapenem-Resistant &l	False	False	False	not_gated	0	abstained		0	0	0	0	not_generated	FILLED	not_gated	tail10_24	FILLED	already closed
PRJNA1072014	collection_date	tail10_24	False	PMC11949386	europepmc_fulltext	True	True	https://doi.org/10.33073/pjm-2025-007	Characterization of OXA232-Producing Carbapenem-Resistant &l	False	False	False	not_gated	0	abstained		0	0	0	0	not_generated	FILLED	not_gated	tail10_24	FILLED	already closed
PRJNA1072014	isolation_source	tail10_24	False	PMC11949386	europepmc_fulltext	True	True	https://doi.org/10.33073/pjm-2025-007	Characterization of OXA232-Producing Carbapenem-Resistant &l	False	False	False	residual_per_sample	10	abstained	no_supp	0	0	0	10	not_generated	EXHAUSTED	no_supp	tail10_24	EXHAUSTED	already closed
PRJNA1072014	host	tail10_24	False	PMC11949386	europepmc_fulltext	True	True	https://doi.org/10.33073/pjm-2025-007	Characterization of OXA232-Producing Carbapenem-Resistant &l	False	False	False	not_gated	0	abstained		0	0	0	0	not_generated	FILLED	not_gated	tail10_24	FILLED	already closed
PRJNA1076266	country	tail10_24	False	PMC11465807	europepmc_fulltext	True	True	https://doi.org/10.1128/mra.00274-24	Genome sequences of 70 multidrug-resistant Gram-negative iso	False	False	False	not_gated	0			0	0	0	0	not_generated	FILLED	not_gated	tail10_24	FILLED	already closed
PRJNA1076266	collection_date	tail10_24	False	PMC11465807	europepmc_fulltext	True	True	https://doi.org/10.1128/mra.00274-24	Genome sequences of 70 multidrug-resistant Gram-negative iso	False	False	False	not_gated	0			0	0	0	0	not_generated	FILLED	not_gated	tail10_24	FILLED	already closed
PRJNA1076266	isolation_source	tail10_24	False	PMC11465807	europepmc_fulltext	True	True	https://doi.org/10.1128/mra.00274-24	Genome sequences of 70 multidrug-resistant Gram-negative iso	False	False	False	not_gated	0			0	0	0	0	not_generated	FILLED	not_gated	tail10_24	FILLED	already closed
PRJNA1076266	host	tail10_24	False	PMC11465807	europepmc_fulltext	True	True	https://doi.org/10.1128/mra.00274-24	Genome sequences of 70 multidrug-resistant Gram-negative iso	False	False	False	not_gated	0			0	0	0	0	not_generated	FILLED	not_gated	tail10_24	FILLED	already closed
PRJNA1099381	country	tail10_24	False		none	False	False	https://doi.org/10.1016/j.idnow.2024.105026	Loss of OmpK35 and Glycine-aspartic acid Duplication in ompK	False	False	False	not_gated	0			0	0	0	0	not_generated	FILLED	not_gated	tail10_24	FILLED	already closed
PRJNA1099381	collection_date	tail10_24	False		none	False	False	https://doi.org/10.1016/j.idnow.2024.105026	Loss of OmpK35 and Glycine-aspartic acid Duplication in ompK	False	False	False	not_gated	0			0	0	0	0	not_generated	FILLED	not_gated	tail10_24	FILLED	already closed
PRJNA1099381	isolation_source	tail10_24	False		none	False	False	https://doi.org/10.1016/j.idnow.2024.105026	Loss of OmpK35 and Glycine-aspartic acid Duplication in ompK	False	False	False	not_gated	0			0	0	0	0	not_generated	FILLED	not_gated	tail10_24	FILLED	already closed
PRJNA1099381	host	tail10_24	False		none	False	False	https://doi.org/10.1016/j.idnow.2024.105026	Loss of OmpK35 and Glycine-aspartic acid Duplication in ompK	False	False	False	not_gated	0			0	0	0	0	not_generated	FILLED	not_gated	tail10_24	FILLED	already closed
PRJNA1101444	country	tail10_24	False		local_pdf	True	True	https://doi.org/10.1016/j.ijantimicag.2024.107271	KPC-85, a carbapenemase-producing and ceftazidime-avibactam-	True	True	False	covered	15	NO_PMCID		15	0	0	15	not_generated	FILLED	whole_field	tail10_24	FILLED	already closed
PRJNA1101444	collection_date	tail10_24	False		local_pdf	True	True	https://doi.org/10.1016/j.ijantimicag.2024.107271	KPC-85, a carbapenemase-producing and ceftazidime-avibactam-	True	True	False	covered	15	NO_PMCID		15	0	0	15	not_generated	FILLED	whole_field	tail10_24	FILLED	already closed
PRJNA1101444	isolation_source	tail10_24	False		local_pdf	True	True	https://doi.org/10.1016/j.ijantimicag.2024.107271	KPC-85, a carbapenemase-producing and ceftazidime-avibactam-	True	True	False	residual_per_sample	15	NO_PMCID	NO_PMCID	0	0	0	15	not_generated	EXHAUSTED	NO_PMCID	tail10_24	EXHAUSTED	already closed
PRJNA1101444	host	tail10_24	False		local_pdf	True	True	https://doi.org/10.1016/j.ijantimicag.2024.107271	KPC-85, a carbapenemase-producing and ceftazidime-avibactam-	True	True	False	covered	15	NO_PMCID		15	0	0	15	not_generated	FILLED	whole_field	tail10_24	FILLED	already closed
PRJNA1104021	country	tail10_24	False	PMC11539232	pdf	True	True	https://doi.org/10.1128/aac.00924-24	Assessment of the activity and mechanisms of resistance to c	False	False	False	not_gated	0			0	0	0	0	not_generated	FILLED	not_gated	tail10_24	FILLED	already closed
PRJNA1104021	collection_date	tail10_24	False	PMC11539232	pdf	True	True	https://doi.org/10.1128/aac.00924-24	Assessment of the activity and mechanisms of resistance to c	False	False	False	not_gated	0			0	0	0	0	not_generated	FILLED	not_gated	tail10_24	FILLED	already closed
PRJNA1104021	isolation_source	tail10_24	False	PMC11539232	pdf	True	True	https://doi.org/10.1128/aac.00924-24	Assessment of the activity and mechanisms of resistance to c	False	False	False	not_gated	0			0	0	0	0	not_generated	FILLED	not_gated	tail10_24	FILLED	already closed
PRJNA1104021	host	tail10_24	False	PMC11539232	pdf	True	True	https://doi.org/10.1128/aac.00924-24	Assessment of the activity and mechanisms of resistance to c	False	False	False	not_gated	0			0	0	0	0	not_generated	FILLED	not_gated	tail10_24	FILLED	already closed
PRJNA1132711	country	tail10_24	False	PMC11504970	europepmc_fulltext	True	True	https://doi.org/10.3390/antibiotics13100950	Genomic Characterization of 16S rRNA Methyltransferase-Produ	False	False	False	not_gated	0			0	0	0	0	not_generated	FILLED	not_gated	tail10_24	FILLED	already closed
PRJNA1132711	collection_date	tail10_24	False	PMC11504970	europepmc_fulltext	True	True	https://doi.org/10.3390/antibiotics13100950	Genomic Characterization of 16S rRNA Methyltransferase-Produ	False	False	False	not_gated	0			0	0	0	0	not_generated	FILLED	not_gated	tail10_24	FILLED	already closed
PRJNA1132711	isolation_source	tail10_24	False	PMC11504970	europepmc_fulltext	True	True	https://doi.org/10.3390/antibiotics13100950	Genomic Characterization of 16S rRNA Methyltransferase-Produ	False	False	False	not_gated	0			0	0	0	0	not_generated	FILLED	not_gated	tail10_24	FILLED	already closed
PRJNA1132711	host	tail10_24	False	PMC11504970	europepmc_fulltext	True	True	https://doi.org/10.3390/antibiotics13100950	Genomic Characterization of 16S rRNA Methyltransferase-Produ	False	False	False	not_gated	0			0	0	0	0	not_generated	FILLED	not_gated	tail10_24	FILLED	already closed
PRJNA1136145	country	tail10_24	False	PMC13281820	europepmc_fulltext	True	True	https://doi.org/10.1126/sciadv.aee0675	Metabolic cross-talk promotes persistence of &lt;i&gt;Entero	False	False	False	covered	21	abstained		21	0	0	21	not_generated	FILLED	whole_field	tail10_24	FILLED	already closed
PRJNA1136145	collection_date	tail10_24	False	PMC13281820	europepmc_fulltext	True	True	https://doi.org/10.1126/sciadv.aee0675	Metabolic cross-talk promotes persistence of &lt;i&gt;Entero	False	False	False	residual_per_sample	21	abstained		0	0	0	21	not_generated	BLOCKED	needs_linkage	tail10_24	ACCEPTED	table has no ENA-mappable key (unanchored) or no per-isolate table exists
PRJNA1136145	isolation_source	tail10_24	False	PMC13281820	europepmc_fulltext	True	True	https://doi.org/10.1126/sciadv.aee0675	Metabolic cross-talk promotes persistence of &lt;i&gt;Entero	False	False	False	residual_per_sample	21	abstained		0	0	0	21	not_generated	BLOCKED	needs_linkage	tail10_24	ACCEPTED	table has no ENA-mappable key (unanchored) or no per-isolate table exists
PRJNA1136145	host	tail10_24	False	PMC13281820	europepmc_fulltext	True	True	https://doi.org/10.1126/sciadv.aee0675	Metabolic cross-talk promotes persistence of &lt;i&gt;Entero	False	False	False	covered	21	abstained		21	0	0	21	not_generated	FILLED	whole_field	tail10_24	FILLED	already closed
PRJNA1136496	country	tail10_24	False	PMC11533117	europepmc_fulltext	True	True	https://doi.org/10.1099/mgen.0.001314	Longitudinal genomic surveillance of a UK intensive care uni	False	False	False	covered	18	abstained		18	0	0	18	not_generated	FILLED	whole_field	tail10_24	FILLED	already closed
PRJNA1136496	collection_date	tail10_24	False	PMC11533117	europepmc_fulltext	True	True	https://doi.org/10.1099/mgen.0.001314	Longitudinal genomic surveillance of a UK intensive care uni	False	False	False	covered	18	abstained		18	0	0	18	not_generated	FILLED	whole_field	tail10_24	FILLED	already closed
PRJNA1136496	isolation_source	tail10_24	False	PMC11533117	europepmc_fulltext	True	True	https://doi.org/10.1099/mgen.0.001314	Longitudinal genomic surveillance of a UK intensive care uni	False	False	False	covered	18	abstained		18	0	0	18	not_generated	FILLED	whole_field	tail10_24	FILLED	already closed
PRJNA1136496	host	tail10_24	False	PMC11533117	europepmc_fulltext	True	True	https://doi.org/10.1099/mgen.0.001314	Longitudinal genomic surveillance of a UK intensive care uni	False	False	False	covered	18	abstained		18	0	0	18	not_generated	FILLED	whole_field	tail10_24	FILLED	already closed
PRJNA279496	country	tail10_24	False	PMC4580588	europepmc_fulltext	True	True	https://doi.org/10.1371/journal.pone.0138828	In Vivo Evolution of Bacterial Resistance in Two Cases of En	False	False	False	not_gated	0	abstained		0	0	0	0	not_generated	FILLED	not_gated	tail10_24	FILLED	already closed
PRJNA279496	collection_date	tail10_24	False	PMC4580588	europepmc_fulltext	True	True	https://doi.org/10.1371/journal.pone.0138828	In Vivo Evolution of Bacterial Resistance in Two Cases of En	False	False	False	not_gated	0	abstained		0	0	0	0	not_generated	FILLED	not_gated	tail10_24	FILLED	already closed
PRJNA279496	isolation_source	tail10_24	False	PMC4580588	europepmc_fulltext	True	True	https://doi.org/10.1371/journal.pone.0138828	In Vivo Evolution of Bacterial Resistance in Two Cases of En	False	False	False	residual_per_sample	12	abstained		0	0	0	12	not_generated	BLOCKED	needs_linkage	tail10_24	ACCEPTED	table has no ENA-mappable key (unanchored) or no per-isolate table exists
PRJNA279496	host	tail10_24	False	PMC4580588	europepmc_fulltext	True	True	https://doi.org/10.1371/journal.pone.0138828	In Vivo Evolution of Bacterial Resistance in Two Cases of En	False	False	False	not_gated	0	abstained		0	0	0	0	not_generated	FILLED	not_gated	tail10_24	FILLED	already closed
PRJNA286705	country	tail10_24	True		none	False	False			False	False	False	not_gated	0			0	0	0	0	not_generated	FILLED	not_gated	tail10_24	FILLED	already closed
PRJNA286705	collection_date	tail10_24	True		none	False	False			False	False	False	not_gated	0			0	0	0	0	not_generated	FILLED	not_gated	tail10_24	FILLED	already closed
PRJNA286705	isolation_source	tail10_24	True		none	False	False			False	False	False	not_gated	0			0	0	0	0	not_generated	FILLED	not_gated	tail10_24	FILLED	already closed
PRJNA286705	host	tail10_24	True		none	False	False			False	False	False	not_gated	0			0	0	0	0	not_generated	FILLED	not_gated	tail10_24	FILLED	already closed
PRJNA287968	country	tail10_24	False	PMC5923139	local_pdf	True	True	https://doi.org/10.1128/aac.02178-17	Spread of Plasmid-Encoded NDM-1 and GES-5 Carbapenemases amo	True	True	False	not_gated	0	abstained		0	0	0	0	not_generated	FILLED	not_gated	tail10_24	FILLED	already closed
PRJNA287968	collection_date	tail10_24	False	PMC5923139	local_pdf	True	True	https://doi.org/10.1128/aac.02178-17	Spread of Plasmid-Encoded NDM-1 and GES-5 Carbapenemases amo	True	True	False	covered	12	abstained		12	0	0	12	not_generated	FILLED	whole_field	tail10_24	FILLED	already closed
PRJNA287968	isolation_source	tail10_24	False	PMC5923139	local_pdf	True	True	https://doi.org/10.1128/aac.02178-17	Spread of Plasmid-Encoded NDM-1 and GES-5 Carbapenemases amo	True	True	False	residual_per_sample	8	abstained	no_supp	0	0	0	8	not_generated	EXHAUSTED	no_supp	tail10_24	EXHAUSTED	already closed
PRJNA287968	host	tail10_24	False	PMC5923139	local_pdf	True	True	https://doi.org/10.1128/aac.02178-17	Spread of Plasmid-Encoded NDM-1 and GES-5 Carbapenemases amo	True	True	False	not_gated	0	abstained		0	0	0	0	not_generated	FILLED	not_gated	tail10_24	FILLED	already closed
PRJNA292663	country	tail10_24	False	PMC6906146	europepmc_fulltext	True	True	https://doi.org/10.3389/fmicb.2019.02826	Diverse Fluoroquinolone Resistance Plasmids From Retail Meat	False	False	False	not_gated	0	abstained		0	0	0	0	not_generated	FILLED	not_gated	tail10_24	FILLED	already closed
PRJNA292663	collection_date	tail10_24	False	PMC6906146	europepmc_fulltext	True	True	https://doi.org/10.3389/fmicb.2019.02826	Diverse Fluoroquinolone Resistance Plasmids From Retail Meat	False	False	False	not_gated	0	abstained		0	0	0	0	not_generated	FILLED	not_gated	tail10_24	FILLED	already closed
PRJNA292663	isolation_source	tail10_24	False	PMC6906146	europepmc_fulltext	True	True	https://doi.org/10.3389/fmicb.2019.02826	Diverse Fluoroquinolone Resistance Plasmids From Retail Meat	False	False	False	not_gated	0	abstained		0	0	0	0	not_generated	FILLED	not_gated	tail10_24	FILLED	already closed
PRJNA292663	host	tail10_24	False	PMC6906146	europepmc_fulltext	True	True	https://doi.org/10.3389/fmicb.2019.02826	Diverse Fluoroquinolone Resistance Plasmids From Retail Meat	False	False	False	residual_per_sample	10	abstained	no_supp	0	0	0	10	not_generated	EXHAUSTED	no_supp	tail10_24	EXHAUSTED	already closed
PRJNA292901	country	tail10_24	False		local_pdf	True	True	https://doi.org/10.1007/s10096-019-03711-y	Breakpoint beware: reliance on historical breakpoints for En	True	True	False	residual_per_sample	10	NO_PMCID	NO_PMCID	0	0	0	10	not_generated	EXHAUSTED	NO_PMCID	tail10_24	EXHAUSTED	already closed
PRJNA292901	collection_date	tail10_24	False		local_pdf	True	True	https://doi.org/10.1007/s10096-019-03711-y	Breakpoint beware: reliance on historical breakpoints for En	True	True	False	residual_per_sample	10	NO_PMCID	NO_PMCID	0	0	0	10	not_generated	EXHAUSTED	NO_PMCID	tail10_24	EXHAUSTED	already closed
PRJNA292901	isolation_source	tail10_24	False		local_pdf	True	True	https://doi.org/10.1007/s10096-019-03711-y	Breakpoint beware: reliance on historical breakpoints for En	True	True	False	residual_per_sample	10	NO_PMCID	NO_PMCID	0	0	0	10	not_generated	EXHAUSTED	NO_PMCID	tail10_24	EXHAUSTED	already closed
PRJNA292901	host	tail10_24	False		local_pdf	True	True	https://doi.org/10.1007/s10096-019-03711-y	Breakpoint beware: reliance on historical breakpoints for En	True	True	False	residual_per_sample	10	NO_PMCID	NO_PMCID	0	0	0	10	not_generated	EXHAUSTED	NO_PMCID	tail10_24	EXHAUSTED	already closed
PRJNA296696	country	tail10_24	False	PMC4670079	europepmc_fulltext	True	True	https://doi.org/10.1371/journal.pone.0144310	Genomic Epidemiology of an Endoscope-Associated Outbreak of 	False	False	False	not_gated	0			0	0	0	0	not_generated	FILLED	not_gated	tail10_24	FILLED	already closed
PRJNA296696	collection_date	tail10_24	False	PMC4670079	europepmc_fulltext	True	True	https://doi.org/10.1371/journal.pone.0144310	Genomic Epidemiology of an Endoscope-Associated Outbreak of 	False	False	False	not_gated	0			0	0	0	0	not_generated	FILLED	not_gated	tail10_24	FILLED	already closed
PRJNA296696	isolation_source	tail10_24	False	PMC4670079	europepmc_fulltext	True	True	https://doi.org/10.1371/journal.pone.0144310	Genomic Epidemiology of an Endoscope-Associated Outbreak of 	False	False	False	not_gated	0			0	0	0	0	not_generated	FILLED	not_gated	tail10_24	FILLED	already closed
PRJNA296696	host	tail10_24	False	PMC4670079	europepmc_fulltext	True	True	https://doi.org/10.1371/journal.pone.0144310	Genomic Epidemiology of an Endoscope-Associated Outbreak of 	False	False	False	not_gated	0			0	0	0	0	not_generated	FILLED	not_gated	tail10_24	FILLED	already closed
PRJNA296699	country	tail10_24	True		none	False	False			False	False	False	not_gated	0			0	0	0	0	not_generated	FILLED	not_gated	tail10_24	FILLED	already closed
PRJNA296699	collection_date	tail10_24	True		none	False	False			False	False	False	not_gated	0			0	0	0	0	not_generated	FILLED	not_gated	tail10_24	FILLED	already closed
PRJNA296699	isolation_source	tail10_24	True		none	False	False			False	False	False	not_gated	0			0	0	0	0	not_generated	FILLED	not_gated	tail10_24	FILLED	already closed
PRJNA296699	host	tail10_24	True		none	False	False			False	False	False	not_gated	0			0	0	0	0	not_generated	FILLED	not_gated	tail10_24	FILLED	already closed
PRJNA307517	country	tail10_24	False	PMC5885010	europepmc_fulltext	True	True	https://doi.org/10.1099/mgen.0.000158	Multifactorial chromosomal variants regulate polymyxin resis	False	False	False	not_gated	0			0	0	0	0	not_generated	FILLED	not_gated	tail10_24	FILLED	already closed
PRJNA307517	collection_date	tail10_24	False	PMC5885010	europepmc_fulltext	True	True	https://doi.org/10.1099/mgen.0.000158	Multifactorial chromosomal variants regulate polymyxin resis	False	False	False	not_gated	0			0	0	0	0	not_generated	FILLED	not_gated	tail10_24	FILLED	already closed
PRJNA307517	isolation_source	tail10_24	False	PMC5885010	europepmc_fulltext	True	True	https://doi.org/10.1099/mgen.0.000158	Multifactorial chromosomal variants regulate polymyxin resis	False	False	False	not_gated	0			0	0	0	0	not_generated	FILLED	not_gated	tail10_24	FILLED	already closed
PRJNA307517	host	tail10_24	False	PMC5885010	europepmc_fulltext	True	True	https://doi.org/10.1099/mgen.0.000158	Multifactorial chromosomal variants regulate polymyxin resis	False	False	False	not_gated	0			0	0	0	0	not_generated	FILLED	not_gated	tail10_24	FILLED	already closed
PRJNA315192	country	tail10_24	False	PMC6249433	europepmc_fulltext	True	True	https://doi.org/10.1099/mgen.0.000213	MinION nanopore sequencing identifies the position and struc	False	False	False	not_gated	0			0	0	0	0	not_generated	FILLED	not_gated	tail10_24	FILLED	already closed
PRJNA315192	collection_date	tail10_24	False	PMC6249433	europepmc_fulltext	True	True	https://doi.org/10.1099/mgen.0.000213	MinION nanopore sequencing identifies the position and struc	False	False	False	not_gated	0			0	0	0	0	not_generated	FILLED	not_gated	tail10_24	FILLED	already closed
PRJNA315192	isolation_source	tail10_24	False	PMC6249433	europepmc_fulltext	True	True	https://doi.org/10.1099/mgen.0.000213	MinION nanopore sequencing identifies the position and struc	False	False	False	not_gated	0			0	0	0	0	not_generated	FILLED	not_gated	tail10_24	FILLED	already closed
PRJNA315192	host	tail10_24	False	PMC6249433	europepmc_fulltext	True	True	https://doi.org/10.1099/mgen.0.000213	MinION nanopore sequencing identifies the position and struc	False	False	False	not_gated	0			0	0	0	0	not_generated	FILLED	not_gated	tail10_24	FILLED	already closed
PRJNA316969	country	tail10_24	False	PMC5060011	europepmc_fulltext	True	True	https://doi.org/10.1186/s40793-016-0202-6	Genome sequences and annotation of two urinary isolates of <	False	False	False	covered	7	abstained		7	0	0	7	not_generated	FILLED	whole_field	tail10_24	FILLED	already closed
PRJNA316969	collection_date	tail10_24	False	PMC5060011	europepmc_fulltext	True	True	https://doi.org/10.1186/s40793-016-0202-6	Genome sequences and annotation of two urinary isolates of <	False	False	False	covered	10	abstained		10	0	0	10	not_generated	FILLED	whole_field	tail10_24	FILLED	already closed
PRJNA316969	isolation_source	tail10_24	False	PMC5060011	europepmc_fulltext	True	True	https://doi.org/10.1186/s40793-016-0202-6	Genome sequences and annotation of two urinary isolates of <	False	False	False	covered	10	abstained		10	0	0	10	not_generated	FILLED	whole_field	tail10_24	FILLED	already closed
PRJNA316969	host	tail10_24	False	PMC5060011	europepmc_fulltext	True	True	https://doi.org/10.1186/s40793-016-0202-6	Genome sequences and annotation of two urinary isolates of <	False	False	False	covered	7	abstained		7	0	0	7	not_generated	FILLED	whole_field	tail10_24	FILLED	already closed
PRJNA326665	country	tail10_24	False	PMC5328542	pdf	True	True	https://doi.org/10.1128/aac.02097-16	Emergence of Ceftazidime-Avibactam Resistance Due to Plasmid	False	False	False	covered	13	abstained		13	0	0	13	not_generated	FILLED	whole_field	tail10_24	FILLED	already closed
PRJNA326665	collection_date	tail10_24	False	PMC5328542	pdf	True	True	https://doi.org/10.1128/aac.02097-16	Emergence of Ceftazidime-Avibactam Resistance Due to Plasmid	False	False	False	covered	13	abstained		13	0	0	13	not_generated	FILLED	whole_field	tail10_24	FILLED	already closed
PRJNA326665	isolation_source	tail10_24	False	PMC5328542	pdf	True	True	https://doi.org/10.1128/aac.02097-16	Emergence of Ceftazidime-Avibactam Resistance Due to Plasmid	False	False	False	residual_per_sample	13	abstained	no_supp	0	0	0	13	not_generated	EXHAUSTED	no_supp	tail10_24	EXHAUSTED	already closed
PRJNA326665	host	tail10_24	False	PMC5328542	pdf	True	True	https://doi.org/10.1128/aac.02097-16	Emergence of Ceftazidime-Avibactam Resistance Due to Plasmid	False	False	False	covered	13	abstained		13	0	0	13	not_generated	FILLED	whole_field	tail10_24	FILLED	already closed
PRJNA341404	country	tail10_24	False	PMC5071533	europepmc_fulltext	True	True	https://doi.org/10.1128/msphere.00261-16	Molecular Epidemiology of Colonizing and Infecting Isolates 	False	False	False	not_gated	0			0	0	0	0	not_generated	FILLED	not_gated	tail10_24	FILLED	already closed
PRJNA341404	collection_date	tail10_24	False	PMC5071533	europepmc_fulltext	True	True	https://doi.org/10.1128/msphere.00261-16	Molecular Epidemiology of Colonizing and Infecting Isolates 	False	False	False	not_gated	0			0	0	0	0	not_generated	FILLED	not_gated	tail10_24	FILLED	already closed
PRJNA341404	isolation_source	tail10_24	False	PMC5071533	europepmc_fulltext	True	True	https://doi.org/10.1128/msphere.00261-16	Molecular Epidemiology of Colonizing and Infecting Isolates 	False	False	False	not_gated	0			0	0	0	0	not_generated	FILLED	not_gated	tail10_24	FILLED	already closed
PRJNA341404	host	tail10_24	False	PMC5071533	europepmc_fulltext	True	True	https://doi.org/10.1128/msphere.00261-16	Molecular Epidemiology of Colonizing and Infecting Isolates 	False	False	False	not_gated	0			0	0	0	0	not_generated	FILLED	not_gated	tail10_24	FILLED	already closed
PRJNA351911	country	tail10_24	True		none	False	False			False	False	False	not_gated	0			0	0	0	0	not_generated	FILLED	not_gated	tail10_24	FILLED	already closed
PRJNA351911	collection_date	tail10_24	True		none	False	False			False	False	False	not_gated	0			0	0	0	0	not_generated	FILLED	not_gated	tail10_24	FILLED	already closed
PRJNA351911	isolation_source	tail10_24	True		none	False	False			False	False	False	not_gated	0			0	0	0	0	not_generated	FILLED	not_gated	tail10_24	FILLED	already closed
PRJNA351911	host	tail10_24	True		none	False	False			False	False	False	not_gated	0			0	0	0	0	not_generated	FILLED	not_gated	tail10_24	FILLED	already closed
PRJNA353334	country	tail10_24	False	PMC5890743	europepmc_fulltext	True	True	https://doi.org/10.1093/jac/dkx264	Covert dissemination of carbapenemase-producing Klebsiella p	False	False	False	not_gated	0			0	0	0	0	not_generated	FILLED	not_gated	tail10_24	FILLED	already closed
PRJNA353334	collection_date	tail10_24	False	PMC5890743	europepmc_fulltext	True	True	https://doi.org/10.1093/jac/dkx264	Covert dissemination of carbapenemase-producing Klebsiella p	False	False	False	not_gated	0			0	0	0	0	not_generated	FILLED	not_gated	tail10_24	FILLED	already closed
PRJNA353334	isolation_source	tail10_24	False	PMC5890743	europepmc_fulltext	True	True	https://doi.org/10.1093/jac/dkx264	Covert dissemination of carbapenemase-producing Klebsiella p	False	False	False	not_gated	0			0	0	0	0	not_generated	FILLED	not_gated	tail10_24	FILLED	already closed
PRJNA353334	host	tail10_24	False	PMC5890743	europepmc_fulltext	True	True	https://doi.org/10.1093/jac/dkx264	Covert dissemination of carbapenemase-producing Klebsiella p	False	False	False	not_gated	0			0	0	0	0	not_generated	FILLED	not_gated	tail10_24	FILLED	already closed
PRJNA356346	country	tail10_24	True		none	False	False			False	False	False	residual_per_sample	22	NO_PMCID	NO_PMCID	0	0	0	22	not_generated	EXHAUSTED	no_paper_findable	tail10_24	EXHAUSTED	already closed
PRJNA356346	collection_date	tail10_24	True		none	False	False			False	False	False	residual_per_sample	22	NO_PMCID	NO_PMCID	0	0	0	22	not_generated	EXHAUSTED	no_paper_findable	tail10_24	EXHAUSTED	already closed
PRJNA356346	isolation_source	tail10_24	True		none	False	False			False	False	False	residual_per_sample	22	NO_PMCID	NO_PMCID	0	0	0	22	not_generated	EXHAUSTED	no_paper_findable	tail10_24	EXHAUSTED	already closed
PRJNA356346	host	tail10_24	True		none	False	False			False	False	False	covered	22	NO_PMCID		22	0	0	22	not_generated	FILLED	whole_field	tail10_24	FILLED	already closed
PRJNA359577	country	tail10_24	False		abstract	False	False	https://doi.org/10.1099/jmm.0.000624	Investigation of next-generation sequencing data of Klebsiel	False	False	False	not_gated	0			0	0	0	0	not_generated	FILLED	not_gated	tail10_24	FILLED	already closed
PRJNA359577	collection_date	tail10_24	False		abstract	False	False	https://doi.org/10.1099/jmm.0.000624	Investigation of next-generation sequencing data of Klebsiel	False	False	False	not_gated	0			0	0	0	0	not_generated	FILLED	not_gated	tail10_24	FILLED	already closed
PRJNA359577	isolation_source	tail10_24	False		abstract	False	False	https://doi.org/10.1099/jmm.0.000624	Investigation of next-generation sequencing data of Klebsiel	False	False	False	not_gated	0			0	0	0	0	not_generated	FILLED	not_gated	tail10_24	FILLED	already closed
PRJNA359577	host	tail10_24	False		abstract	False	False	https://doi.org/10.1099/jmm.0.000624	Investigation of next-generation sequencing data of Klebsiel	False	False	False	not_gated	0			0	0	0	0	not_generated	FILLED	not_gated	tail10_24	FILLED	already closed
PRJNA375798	country	tail10_24	False	PMC5529442	europepmc_fulltext	True	True	https://doi.org/10.1038/s41598-017-06682-2	Discovery of monoclonal antibodies cross-reactive to novel s	False	False	False	not_gated	0	abstained		0	0	0	0	not_generated	FILLED	not_gated	tail10_24	FILLED	already closed
PRJNA375798	collection_date	tail10_24	False	PMC5529442	europepmc_fulltext	True	True	https://doi.org/10.1038/s41598-017-06682-2	Discovery of monoclonal antibodies cross-reactive to novel s	False	False	False	residual_per_sample	13	abstained	no_supp	0	0	0	13	not_generated	EXHAUSTED	no_supp	tail10_24	EXHAUSTED	already closed
PRJNA375798	isolation_source	tail10_24	False	PMC5529442	europepmc_fulltext	True	True	https://doi.org/10.1038/s41598-017-06682-2	Discovery of monoclonal antibodies cross-reactive to novel s	False	False	False	not_gated	0	abstained		0	0	0	0	not_generated	FILLED	not_gated	tail10_24	FILLED	already closed
PRJNA375798	host	tail10_24	False	PMC5529442	europepmc_fulltext	True	True	https://doi.org/10.1038/s41598-017-06682-2	Discovery of monoclonal antibodies cross-reactive to novel s	False	False	False	not_gated	0	abstained		0	0	0	0	not_generated	FILLED	not_gated	tail10_24	FILLED	already closed
PRJNA375812	country	tail10_24	False	PMC5890713	abstract	False	False	https://doi.org/10.1093/jac/dkx234	Structural modification of LPS in colistin-resistant, KPC-pr	False	False	False	not_gated	0			0	0	0	0	not_generated	FILLED	not_gated	tail10_24	FILLED	already closed
PRJNA375812	collection_date	tail10_24	False	PMC5890713	abstract	False	False	https://doi.org/10.1093/jac/dkx234	Structural modification of LPS in colistin-resistant, KPC-pr	False	False	False	not_gated	0			0	0	0	0	not_generated	FILLED	not_gated	tail10_24	FILLED	already closed
PRJNA375812	isolation_source	tail10_24	False	PMC5890713	abstract	False	False	https://doi.org/10.1093/jac/dkx234	Structural modification of LPS in colistin-resistant, KPC-pr	False	False	False	not_gated	0			0	0	0	0	not_generated	FILLED	not_gated	tail10_24	FILLED	already closed
PRJNA375812	host	tail10_24	False	PMC5890713	abstract	False	False	https://doi.org/10.1093/jac/dkx234	Structural modification of LPS in colistin-resistant, KPC-pr	False	False	False	not_gated	0			0	0	0	0	not_generated	FILLED	not_gated	tail10_24	FILLED	already closed
PRJNA386693	country	tail10_24	False	PMC5541162	europepmc_fulltext	True	True	https://doi.org/10.1128/mspheredirect.00290-17	Whole-Genome Sequencing of Human Clinical <i>Klebsiella pneu	False	False	False	not_gated	0			0	0	0	0	not_generated	FILLED	not_gated	tail10_24	FILLED	already closed
PRJNA386693	collection_date	tail10_24	False	PMC5541162	europepmc_fulltext	True	True	https://doi.org/10.1128/mspheredirect.00290-17	Whole-Genome Sequencing of Human Clinical <i>Klebsiella pneu	False	False	False	not_gated	0			0	0	0	0	not_generated	FILLED	not_gated	tail10_24	FILLED	already closed
PRJNA386693	isolation_source	tail10_24	False	PMC5541162	europepmc_fulltext	True	True	https://doi.org/10.1128/mspheredirect.00290-17	Whole-Genome Sequencing of Human Clinical <i>Klebsiella pneu	False	False	False	not_gated	0			0	0	0	0	not_generated	FILLED	not_gated	tail10_24	FILLED	already closed
PRJNA386693	host	tail10_24	False	PMC5541162	europepmc_fulltext	True	True	https://doi.org/10.1128/mspheredirect.00290-17	Whole-Genome Sequencing of Human Clinical <i>Klebsiella pneu	False	False	False	not_gated	0			0	0	0	0	not_generated	FILLED	not_gated	tail10_24	FILLED	already closed
PRJNA388450	country	tail10_24	False	PMC5850535	abstract	False	False	https://doi.org/10.1093/cid/cix417	Whole-Genome Sequencing Accurately Identifies Resistance to 	False	False	False	not_gated	0			0	0	0	0	not_generated	FILLED	not_gated	tail10_24	FILLED	already closed
PRJNA388450	collection_date	tail10_24	False	PMC5850535	abstract	False	False	https://doi.org/10.1093/cid/cix417	Whole-Genome Sequencing Accurately Identifies Resistance to 	False	False	False	not_gated	0			0	0	0	0	not_generated	FILLED	not_gated	tail10_24	FILLED	already closed
PRJNA388450	isolation_source	tail10_24	False	PMC5850535	abstract	False	False	https://doi.org/10.1093/cid/cix417	Whole-Genome Sequencing Accurately Identifies Resistance to 	False	False	False	not_gated	0			0	0	0	0	not_generated	FILLED	not_gated	tail10_24	FILLED	already closed
PRJNA388450	host	tail10_24	False	PMC5850535	abstract	False	False	https://doi.org/10.1093/cid/cix417	Whole-Genome Sequencing Accurately Identifies Resistance to 	False	False	False	not_gated	0			0	0	0	0	not_generated	FILLED	not_gated	tail10_24	FILLED	already closed
PRJNA391004	country	tail10_24	False	PMC6045662	europepmc_fulltext	True	True	https://doi.org/10.1038/s41467-018-05114-7	Population genomics of hypervirulent Klebsiella pneumoniae c	False	False	False	not_gated	0			0	0	0	0	not_generated	FILLED	not_gated	tail10_24	FILLED	already closed
PRJNA391004	collection_date	tail10_24	False	PMC6045662	europepmc_fulltext	True	True	https://doi.org/10.1038/s41467-018-05114-7	Population genomics of hypervirulent Klebsiella pneumoniae c	False	False	False	not_gated	0			0	0	0	0	not_generated	FILLED	not_gated	tail10_24	FILLED	already closed
PRJNA391004	isolation_source	tail10_24	False	PMC6045662	europepmc_fulltext	True	True	https://doi.org/10.1038/s41467-018-05114-7	Population genomics of hypervirulent Klebsiella pneumoniae c	False	False	False	not_gated	0			0	0	0	0	not_generated	FILLED	not_gated	tail10_24	FILLED	already closed
PRJNA391004	host	tail10_24	False	PMC6045662	europepmc_fulltext	True	True	https://doi.org/10.1038/s41467-018-05114-7	Population genomics of hypervirulent Klebsiella pneumoniae c	False	False	False	not_gated	0			0	0	0	0	not_generated	FILLED	not_gated	tail10_24	FILLED	already closed
PRJNA391054	country	tail10_24	False	PMC6417137	europepmc_fulltext	True	True	https://doi.org/10.1186/s12866-019-1431-9	Epidemiology of paediatric gastrointestinal colonisation by 	False	False	False	not_gated	0	abstained		0	0	0	0	not_generated	FILLED	not_gated	tail10_24	FILLED	already closed
PRJNA391054	collection_date	tail10_24	False	PMC6417137	europepmc_fulltext	True	True	https://doi.org/10.1186/s12866-019-1431-9	Epidemiology of paediatric gastrointestinal colonisation by 	False	False	False	covered	17	abstained		17	0	0	17	not_generated	FILLED	whole_field	tail10_24	FILLED	already closed
PRJNA391054	isolation_source	tail10_24	False	PMC6417137	europepmc_fulltext	True	True	https://doi.org/10.1186/s12866-019-1431-9	Epidemiology of paediatric gastrointestinal colonisation by 	False	False	False	not_gated	0	abstained		0	0	0	0	not_generated	FILLED	not_gated	tail10_24	FILLED	already closed
PRJNA391054	host	tail10_24	False	PMC6417137	europepmc_fulltext	True	True	https://doi.org/10.1186/s12866-019-1431-9	Epidemiology of paediatric gastrointestinal colonisation by 	False	False	False	not_gated	0	abstained		0	0	0	0	not_generated	FILLED	not_gated	tail10_24	FILLED	already closed
PRJNA392824	country	tail10_24	False	PMC6005101	abstract	False	False	https://doi.org/10.1093/jac/dky121	Antibiotic pressure on the acquisition and loss of antibioti	False	False	False	not_gated	0			0	0	0	0	not_generated	FILLED	not_gated	tail10_24	FILLED	already closed
PRJNA392824	collection_date	tail10_24	False	PMC6005101	abstract	False	False	https://doi.org/10.1093/jac/dky121	Antibiotic pressure on the acquisition and loss of antibioti	False	False	False	not_gated	0			0	0	0	0	not_generated	FILLED	not_gated	tail10_24	FILLED	already closed
PRJNA392824	isolation_source	tail10_24	False	PMC6005101	abstract	False	False	https://doi.org/10.1093/jac/dky121	Antibiotic pressure on the acquisition and loss of antibioti	False	False	False	not_gated	0			0	0	0	0	not_generated	FILLED	not_gated	tail10_24	FILLED	already closed
PRJNA392824	host	tail10_24	False	PMC6005101	abstract	False	False	https://doi.org/10.1093/jac/dky121	Antibiotic pressure on the acquisition and loss of antibioti	False	False	False	not_gated	0			0	0	0	0	not_generated	FILLED	not_gated	tail10_24	FILLED	already closed
PRJNA396729	country	tail10_24	False	PMC5660112	europepmc_fulltext	True	True	https://doi.org/10.3389/fmicb.2017.01913	Exploring the Genome and Phenotype of Multi-Drug Resistant <	False	False	False	not_gated	0	abstained		0	0	0	0	not_generated	FILLED	not_gated	tail10_24	FILLED	already closed
PRJNA396729	collection_date	tail10_24	False	PMC5660112	europepmc_fulltext	True	True	https://doi.org/10.3389/fmicb.2017.01913	Exploring the Genome and Phenotype of Multi-Drug Resistant <	False	False	False	not_gated	0	abstained		0	0	0	0	not_generated	FILLED	not_gated	tail10_24	FILLED	already closed
PRJNA396729	isolation_source	tail10_24	False	PMC5660112	europepmc_fulltext	True	True	https://doi.org/10.3389/fmicb.2017.01913	Exploring the Genome and Phenotype of Multi-Drug Resistant <	False	False	False	residual_per_sample	11	abstained		0	0	0	11	not_generated	BLOCKED	needs_linkage	tail10_24	ACCEPTED	table has no ENA-mappable key (unanchored) or no per-isolate table exists
PRJNA396729	host	tail10_24	False	PMC5660112	europepmc_fulltext	True	True	https://doi.org/10.3389/fmicb.2017.01913	Exploring the Genome and Phenotype of Multi-Drug Resistant <	False	False	False	not_gated	0	abstained		0	0	0	0	not_generated	FILLED	not_gated	tail10_24	FILLED	already closed
PRJNA407760	country	tail10_24	False	PMC5944420	europepmc_fulltext	True	True	https://doi.org/10.1556/1886.2018.00002	Molecular Epidemiology of Multidrug-Resistant Bacteria Isola	False	False	False	not_gated	0			0	0	0	0	not_generated	FILLED	not_gated	tail10_24	FILLED	already closed
PRJNA407760	collection_date	tail10_24	False	PMC5944420	europepmc_fulltext	True	True	https://doi.org/10.1556/1886.2018.00002	Molecular Epidemiology of Multidrug-Resistant Bacteria Isola	False	False	False	not_gated	0			0	0	0	0	not_generated	FILLED	not_gated	tail10_24	FILLED	already closed
PRJNA407760	isolation_source	tail10_24	False	PMC5944420	europepmc_fulltext	True	True	https://doi.org/10.1556/1886.2018.00002	Molecular Epidemiology of Multidrug-Resistant Bacteria Isola	False	False	False	not_gated	0			0	0	0	0	not_generated	FILLED	not_gated	tail10_24	FILLED	already closed
PRJNA407760	host	tail10_24	False	PMC5944420	europepmc_fulltext	True	True	https://doi.org/10.1556/1886.2018.00002	Molecular Epidemiology of Multidrug-Resistant Bacteria Isola	False	False	False	not_gated	0			0	0	0	0	not_generated	FILLED	not_gated	tail10_24	FILLED	already closed
PRJNA429779	country	tail10_24	False		none	False	False		Emergence of Klebsiella pneumoniae producing NDM-1 carbapene	False	False	False	not_gated	0			0	0	0	0	not_generated	FILLED	not_gated	tail10_24	FILLED	already closed
PRJNA429779	collection_date	tail10_24	False		none	False	False		Emergence of Klebsiella pneumoniae producing NDM-1 carbapene	False	False	False	not_gated	0			0	0	0	0	not_generated	FILLED	not_gated	tail10_24	FILLED	already closed
PRJNA429779	isolation_source	tail10_24	False		none	False	False		Emergence of Klebsiella pneumoniae producing NDM-1 carbapene	False	False	False	not_gated	0			0	0	0	0	not_generated	FILLED	not_gated	tail10_24	FILLED	already closed
PRJNA429779	host	tail10_24	False		none	False	False		Emergence of Klebsiella pneumoniae producing NDM-1 carbapene	False	False	False	not_gated	0			0	0	0	0	not_generated	FILLED	not_gated	tail10_24	FILLED	already closed
PRJNA430457	country	tail10_24	False	PMC6436753	europepmc_fulltext	True	True	https://doi.org/10.1371/journal.ppat.1007218	Host adaptation and convergent evolution increases antibioti	False	False	False	not_gated	0	two_hop		0	0	0	0	not_generated	FILLED	not_gated	tail10_24	FILLED	already closed
PRJNA430457	collection_date	tail10_24	False	PMC6436753	europepmc_fulltext	True	True	https://doi.org/10.1371/journal.ppat.1007218	Host adaptation and convergent evolution increases antibioti	False	False	False	covered	8	two_hop		0	64	0	0	not_generated	FILLED	whole_field	tail10_24	FILLED	already closed
PRJNA430457	isolation_source	tail10_24	False	PMC6436753	europepmc_fulltext	True	True	https://doi.org/10.1371/journal.ppat.1007218	Host adaptation and convergent evolution increases antibioti	False	False	False	covered	16	two_hop		0	108	0	0	not_generated	FILLED	whole_field	tail10_24	FILLED	already closed
PRJNA430457	host	tail10_24	False	PMC6436753	europepmc_fulltext	True	True	https://doi.org/10.1371/journal.ppat.1007218	Host adaptation and convergent evolution increases antibioti	False	False	False	not_gated	0	two_hop		0	0	0	0	not_generated	FILLED	not_gated	tail10_24	FILLED	already closed
PRJNA430813	country	tail10_24	False	PMC5801463	europepmc_fulltext	True	True	https://doi.org/10.1128/mbio.02011-17	Genomic Analysis of Hospital Plumbing Reveals Diverse Reserv	False	False	False	not_gated	0	direct		0	0	0	0	not_generated	FILLED	not_gated	tail10_24	FILLED	already closed
PRJNA430813	collection_date	tail10_24	False	PMC5801463	europepmc_fulltext	True	True	https://doi.org/10.1128/mbio.02011-17	Genomic Analysis of Hospital Plumbing Reveals Diverse Reserv	False	False	False	not_gated	0	direct		0	0	0	0	not_generated	FILLED	not_gated	tail10_24	FILLED	already closed
PRJNA430813	isolation_source	tail10_24	False	PMC5801463	europepmc_fulltext	True	True	https://doi.org/10.1128/mbio.02011-17	Genomic Analysis of Hospital Plumbing Reveals Diverse Reserv	False	False	False	covered	19	direct		0	19	0	0	not_generated	FILLED	whole_field	tail10_24	FILLED	already closed
PRJNA430813	host	tail10_24	False	PMC5801463	europepmc_fulltext	True	True	https://doi.org/10.1128/mbio.02011-17	Genomic Analysis of Hospital Plumbing Reveals Diverse Reserv	False	False	False	covered	19	direct		0	14	0	5	not_generated	FILLED	whole_field	tail10_24	FILLED	already closed
PRJNA437215	country	tail10_24	True		none	False	False			False	False	False	not_gated	0	NO_PMCID		0	0	0	0	not_generated	FILLED	not_gated	tail10_24	FILLED	already closed
PRJNA437215	collection_date	tail10_24	True		none	False	False			False	False	False	residual_per_sample	12	NO_PMCID	NO_PMCID	0	0	0	12	not_generated	EXHAUSTED	no_paper_findable	tail10_24	EXHAUSTED	already closed
PRJNA437215	isolation_source	tail10_24	True		none	False	False			False	False	False	residual_per_sample	12	NO_PMCID	NO_PMCID	0	0	0	12	not_generated	EXHAUSTED	no_paper_findable	tail10_24	EXHAUSTED	already closed
PRJNA437215	host	tail10_24	True		none	False	False			False	False	False	not_gated	0	NO_PMCID		0	0	0	0	not_generated	FILLED	not_gated	tail10_24	FILLED	already closed
PRJNA438157	country	tail10_24	True		none	False	False			False	False	False	not_gated	0	NO_PMCID		0	0	0	0	not_generated	FILLED	not_gated	tail10_24	FILLED	already closed
PRJNA438157	collection_date	tail10_24	True		none	False	False			False	False	False	not_gated	0	NO_PMCID		0	0	0	0	not_generated	FILLED	not_gated	tail10_24	FILLED	already closed
PRJNA438157	isolation_source	tail10_24	True		none	False	False			False	False	False	residual_per_sample	14	NO_PMCID	NO_PMCID	0	0	0	14	not_generated	EXHAUSTED	no_paper_findable	tail10_24	EXHAUSTED	already closed
PRJNA438157	host	tail10_24	True		none	False	False			False	False	False	not_gated	0	NO_PMCID		0	0	0	0	not_generated	FILLED	not_gated	tail10_24	FILLED	already closed
PRJNA451051	country	tail10_24	True		none	False	False			False	False	False	not_gated	0	NO_PMCID		0	0	0	0	not_generated	FILLED	not_gated	tail10_24	FILLED	already closed
PRJNA451051	collection_date	tail10_24	True		none	False	False			False	False	False	not_gated	0	NO_PMCID		0	0	0	0	not_generated	FILLED	not_gated	tail10_24	FILLED	already closed
PRJNA451051	isolation_source	tail10_24	True		none	False	False			False	False	False	residual_per_sample	15	NO_PMCID	NO_PMCID	0	0	0	15	not_generated	EXHAUSTED	no_paper_findable	tail10_24	EXHAUSTED	already closed
PRJNA451051	host	tail10_24	True		none	False	False			False	False	False	not_gated	0	NO_PMCID		0	0	0	0	not_generated	FILLED	not_gated	tail10_24	FILLED	already closed
PRJNA484792	country	tail10_24	False		abstract	False	False	https://doi.org/10.1093/cid/ciy778	Outbreak of Hypervirulent Multidrug-resistant Klebsiella var	False	False	False	not_gated	0			0	0	0	0	not_generated	FILLED	not_gated	tail10_24	FILLED	already closed
PRJNA484792	collection_date	tail10_24	False		abstract	False	False	https://doi.org/10.1093/cid/ciy778	Outbreak of Hypervirulent Multidrug-resistant Klebsiella var	False	False	False	not_gated	0			0	0	0	0	not_generated	FILLED	not_gated	tail10_24	FILLED	already closed
PRJNA484792	isolation_source	tail10_24	False		abstract	False	False	https://doi.org/10.1093/cid/ciy778	Outbreak of Hypervirulent Multidrug-resistant Klebsiella var	False	False	False	not_gated	0			0	0	0	0	not_generated	FILLED	not_gated	tail10_24	FILLED	already closed
PRJNA484792	host	tail10_24	False		abstract	False	False	https://doi.org/10.1093/cid/ciy778	Outbreak of Hypervirulent Multidrug-resistant Klebsiella var	False	False	False	not_gated	0			0	0	0	0	not_generated	FILLED	not_gated	tail10_24	FILLED	already closed
PRJNA497260	country	tail10_24	False	PMC5786719	pdf	True	True	https://doi.org/10.1128/jcm.01415-17	FDA-CDC Antimicrobial Resistance Isolate Bank: a Publicly Av	False	False	False	not_gated	0	abstained		0	0	0	0	not_generated	FILLED	not_gated	tail10_24	FILLED	already closed
PRJNA497260	collection_date	tail10_24	False	PMC5786719	pdf	True	True	https://doi.org/10.1128/jcm.01415-17	FDA-CDC Antimicrobial Resistance Isolate Bank: a Publicly Av	False	False	False	not_gated	0	abstained		0	0	0	0	not_generated	FILLED	not_gated	tail10_24	FILLED	already closed
PRJNA497260	isolation_source	tail10_24	False	PMC5786719	pdf	True	True	https://doi.org/10.1128/jcm.01415-17	FDA-CDC Antimicrobial Resistance Isolate Bank: a Publicly Av	False	False	False	residual_per_sample	13	abstained	no_supp	0	0	0	13	not_generated	EXHAUSTED	no_supp	tail10_24	EXHAUSTED	already closed
PRJNA497260	host	tail10_24	False	PMC5786719	pdf	True	True	https://doi.org/10.1128/jcm.01415-17	FDA-CDC Antimicrobial Resistance Isolate Bank: a Publicly Av	False	False	False	covered	13	abstained		13	0	0	13	not_generated	FILLED	whole_field	tail10_24	FILLED	already closed
PRJNA508510	country	tail10_24	True		none	False	False			False	False	False	not_gated	0	NO_PMCID		0	0	0	0	not_generated	FILLED	not_gated	tail10_24	FILLED	already closed
PRJNA508510	collection_date	tail10_24	True		none	False	False			False	False	False	residual_per_sample	22	NO_PMCID	NO_PMCID	0	0	0	22	not_generated	EXHAUSTED	no_paper_findable	tail10_24	EXHAUSTED	already closed
PRJNA508510	isolation_source	tail10_24	True		none	False	False			False	False	False	residual_per_sample	22	NO_PMCID	NO_PMCID	0	0	0	22	not_generated	EXHAUSTED	no_paper_findable	tail10_24	EXHAUSTED	already closed
PRJNA508510	host	tail10_24	True		none	False	False			False	False	False	not_gated	0	NO_PMCID		0	0	0	0	not_generated	FILLED	not_gated	tail10_24	FILLED	already closed
PRJNA512395	country	tail10_24	False	PMC7180233	pdf	True	True	https://doi.org/10.1128/jcm.01980-19	Genomic Investigation Reveals Contaminated Detergent as the 	False	False	False	not_gated	0	abstained		0	0	0	0	not_generated	FILLED	not_gated	tail10_24	FILLED	already closed
PRJNA512395	collection_date	tail10_24	False	PMC7180233	pdf	True	True	https://doi.org/10.1128/jcm.01980-19	Genomic Investigation Reveals Contaminated Detergent as the 	False	False	False	not_gated	0	abstained		0	0	0	0	not_generated	FILLED	not_gated	tail10_24	FILLED	already closed
PRJNA512395	isolation_source	tail10_24	False	PMC7180233	pdf	True	True	https://doi.org/10.1128/jcm.01980-19	Genomic Investigation Reveals Contaminated Detergent as the 	False	False	False	not_gated	0	abstained		0	0	0	0	not_generated	FILLED	not_gated	tail10_24	FILLED	already closed
PRJNA512395	host	tail10_24	False	PMC7180233	pdf	True	True	https://doi.org/10.1128/jcm.01980-19	Genomic Investigation Reveals Contaminated Detergent as the 	False	False	False	residual_per_sample	11	abstained	no_supp	0	0	0	11	not_generated	EXHAUSTED	no_supp	tail10_24	EXHAUSTED	already closed
PRJNA522420	country	tail10_24	False	PMC8226487	europepmc_fulltext	True	True	https://doi.org/10.3390/antibiotics10060691	Emergence of Hybrid Resistance and Virulence Plasmids Harbor	False	False	False	not_gated	0			0	0	0	0	not_generated	FILLED	not_gated	tail10_24	FILLED	already closed
PRJNA522420	collection_date	tail10_24	False	PMC8226487	europepmc_fulltext	True	True	https://doi.org/10.3390/antibiotics10060691	Emergence of Hybrid Resistance and Virulence Plasmids Harbor	False	False	False	not_gated	0			0	0	0	0	not_generated	FILLED	not_gated	tail10_24	FILLED	already closed
PRJNA522420	isolation_source	tail10_24	False	PMC8226487	europepmc_fulltext	True	True	https://doi.org/10.3390/antibiotics10060691	Emergence of Hybrid Resistance and Virulence Plasmids Harbor	False	False	False	not_gated	0			0	0	0	0	not_generated	FILLED	not_gated	tail10_24	FILLED	already closed
PRJNA522420	host	tail10_24	False	PMC8226487	europepmc_fulltext	True	True	https://doi.org/10.3390/antibiotics10060691	Emergence of Hybrid Resistance and Virulence Plasmids Harbor	False	False	False	not_gated	0			0	0	0	0	not_generated	FILLED	not_gated	tail10_24	FILLED	already closed
PRJNA523429	country	tail10_24	True		none	False	False			False	False	False	residual_per_sample	14	NO_PMCID	NO_PMCID	0	0	0	14	not_generated	EXHAUSTED	no_paper_findable	tail10_24	EXHAUSTED	already closed
PRJNA523429	collection_date	tail10_24	True		none	False	False			False	False	False	residual_per_sample	14	NO_PMCID	NO_PMCID	0	0	0	14	not_generated	EXHAUSTED	no_paper_findable	tail10_24	EXHAUSTED	already closed
PRJNA523429	isolation_source	tail10_24	True		none	False	False			False	False	False	residual_per_sample	14	NO_PMCID	NO_PMCID	0	0	0	14	not_generated	EXHAUSTED	no_paper_findable	tail10_24	EXHAUSTED	already closed
PRJNA523429	host	tail10_24	True		none	False	False			False	False	False	residual_per_sample	14	NO_PMCID	NO_PMCID	0	0	0	14	not_generated	EXHAUSTED	no_paper_findable	tail10_24	EXHAUSTED	already closed
PRJNA523433	country	tail10_24	True		none	False	False			False	False	False	residual_per_sample	12	NO_PMCID	NO_PMCID	0	0	0	12	not_generated	EXHAUSTED	no_paper_findable	tail10_24	EXHAUSTED	already closed
PRJNA523433	collection_date	tail10_24	True		none	False	False			False	False	False	residual_per_sample	12	NO_PMCID	NO_PMCID	0	0	0	12	not_generated	EXHAUSTED	no_paper_findable	tail10_24	EXHAUSTED	already closed
PRJNA523433	isolation_source	tail10_24	True		none	False	False			False	False	False	residual_per_sample	12	NO_PMCID	NO_PMCID	0	0	0	12	not_generated	EXHAUSTED	no_paper_findable	tail10_24	EXHAUSTED	already closed
PRJNA523433	host	tail10_24	True		none	False	False			False	False	False	residual_per_sample	12	NO_PMCID	NO_PMCID	0	0	0	12	not_generated	EXHAUSTED	no_paper_findable	tail10_24	EXHAUSTED	already closed
PRJNA523709	country	tail10_24	True		none	False	False			False	False	False	not_gated	0	NO_PMCID		0	0	0	0	not_generated	FILLED	not_gated	tail10_24	FILLED	already closed
PRJNA523709	collection_date	tail10_24	True		none	False	False			False	False	False	not_gated	0	NO_PMCID		0	0	0	0	not_generated	FILLED	not_gated	tail10_24	FILLED	already closed
PRJNA523709	isolation_source	tail10_24	True		none	False	False			False	False	False	residual_per_sample	15	NO_PMCID	NO_PMCID	0	0	0	15	not_generated	EXHAUSTED	no_paper_findable	tail10_24	EXHAUSTED	already closed
PRJNA523709	host	tail10_24	True		none	False	False			False	False	False	not_gated	0	NO_PMCID		0	0	0	0	not_generated	FILLED	not_gated	tail10_24	FILLED	already closed
PRJNA524761	country	tail10_24	False	PMC6554614	europepmc_fulltext	True	True	https://doi.org/10.1128/mra.00518-19	Draft Genome Sequences of Novel Sequence Type 3559 Carbapene	False	False	False	not_gated	0	abstained		0	0	0	0	not_generated	FILLED	not_gated	tail10_24	FILLED	already closed
PRJNA524761	collection_date	tail10_24	False	PMC6554614	europepmc_fulltext	True	True	https://doi.org/10.1128/mra.00518-19	Draft Genome Sequences of Novel Sequence Type 3559 Carbapene	False	False	False	not_gated	0	abstained		0	0	0	0	not_generated	FILLED	not_gated	tail10_24	FILLED	already closed
PRJNA524761	isolation_source	tail10_24	False	PMC6554614	europepmc_fulltext	True	True	https://doi.org/10.1128/mra.00518-19	Draft Genome Sequences of Novel Sequence Type 3559 Carbapene	False	False	False	not_gated	0	abstained		0	0	0	0	not_generated	FILLED	not_gated	tail10_24	FILLED	already closed
PRJNA524761	host	tail10_24	False	PMC6554614	europepmc_fulltext	True	True	https://doi.org/10.1128/mra.00518-19	Draft Genome Sequences of Novel Sequence Type 3559 Carbapene	False	False	False	residual_per_sample	17	abstained	no_supp	0	0	0	17	not_generated	EXHAUSTED	no_supp	tail10_24	EXHAUSTED	already closed
PRJNA525688	country	tail10_24	False	PMC6486781	europepmc_fulltext	True	True	https://doi.org/10.1073/pnas.1820594116	&lt;i&gt;Klebsiella&lt;/i&gt; and &lt;i&gt;Providencia&lt;/i	False	False	False	not_gated	0	abstained		0	0	0	0	not_generated	FILLED	not_gated	tail10_24	FILLED	already closed
PRJNA525688	collection_date	tail10_24	False	PMC6486781	europepmc_fulltext	True	True	https://doi.org/10.1073/pnas.1820594116	&lt;i&gt;Klebsiella&lt;/i&gt; and &lt;i&gt;Providencia&lt;/i	False	False	False	not_gated	0	abstained		0	0	0	0	not_generated	FILLED	not_gated	tail10_24	FILLED	already closed
PRJNA525688	isolation_source	tail10_24	False	PMC6486781	europepmc_fulltext	True	True	https://doi.org/10.1073/pnas.1820594116	&lt;i&gt;Klebsiella&lt;/i&gt; and &lt;i&gt;Providencia&lt;/i	False	False	False	covered	10	abstained		10	0	0	10	not_generated	FILLED	whole_field	tail10_24	FILLED	already closed
PRJNA525688	host	tail10_24	False	PMC6486781	europepmc_fulltext	True	True	https://doi.org/10.1073/pnas.1820594116	&lt;i&gt;Klebsiella&lt;/i&gt; and &lt;i&gt;Providencia&lt;/i	False	False	False	covered	10	abstained		10	0	0	10	not_generated	FILLED	whole_field	tail10_24	FILLED	already closed
PRJNA528347	country	tail10_24	False	PMC7067041	europepmc_fulltext	True	True	https://doi.org/10.1099/mgen.0.000321	Genomic analysis of carbapenemase-producing <i>Enterobacteri	False	False	False	not_gated	0			0	0	0	0	not_generated	FILLED	not_gated	tail10_24	FILLED	already closed
PRJNA528347	collection_date	tail10_24	False	PMC7067041	europepmc_fulltext	True	True	https://doi.org/10.1099/mgen.0.000321	Genomic analysis of carbapenemase-producing <i>Enterobacteri	False	False	False	not_gated	0			0	0	0	0	not_generated	FILLED	not_gated	tail10_24	FILLED	already closed
PRJNA528347	isolation_source	tail10_24	False	PMC7067041	europepmc_fulltext	True	True	https://doi.org/10.1099/mgen.0.000321	Genomic analysis of carbapenemase-producing <i>Enterobacteri	False	False	False	not_gated	0			0	0	0	0	not_generated	FILLED	not_gated	tail10_24	FILLED	already closed
PRJNA528347	host	tail10_24	False	PMC7067041	europepmc_fulltext	True	True	https://doi.org/10.1099/mgen.0.000321	Genomic analysis of carbapenemase-producing <i>Enterobacteri	False	False	False	not_gated	0			0	0	0	0	not_generated	FILLED	not_gated	tail10_24	FILLED	already closed
PRJNA528846	country	tail10_24	False	PMC10748404	europepmc_fulltext	True	True	https://doi.org/10.3389/fmicb.2023.1291540	Distinct evolution of ST11 KL64 <i>Klebsiella pneumoniae</i>	False	False	False	not_gated	0			0	0	0	0	not_generated	FILLED	not_gated	tail10_24	FILLED	already closed
PRJNA528846	collection_date	tail10_24	False	PMC10748404	europepmc_fulltext	True	True	https://doi.org/10.3389/fmicb.2023.1291540	Distinct evolution of ST11 KL64 <i>Klebsiella pneumoniae</i>	False	False	False	not_gated	0			0	0	0	0	not_generated	FILLED	not_gated	tail10_24	FILLED	already closed
PRJNA528846	isolation_source	tail10_24	False	PMC10748404	europepmc_fulltext	True	True	https://doi.org/10.3389/fmicb.2023.1291540	Distinct evolution of ST11 KL64 <i>Klebsiella pneumoniae</i>	False	False	False	not_gated	0			0	0	0	0	not_generated	FILLED	not_gated	tail10_24	FILLED	already closed
PRJNA528846	host	tail10_24	False	PMC10748404	europepmc_fulltext	True	True	https://doi.org/10.3389/fmicb.2023.1291540	Distinct evolution of ST11 KL64 <i>Klebsiella pneumoniae</i>	False	False	False	not_gated	0			0	0	0	0	not_generated	FILLED	not_gated	tail10_24	FILLED	already closed
PRJNA529495	country	tail10_24	False		local_pdf	True	True	https://doi.org/10.1096/fj.201902735r	Fine capsule variation affects bacteriophage susceptibility 	True	True	False	not_gated	0	NO_PMCID		0	0	0	0	not_generated	FILLED	not_gated	tail10_24	FILLED	already closed
PRJNA529495	collection_date	tail10_24	False		local_pdf	True	True	https://doi.org/10.1096/fj.201902735r	Fine capsule variation affects bacteriophage susceptibility 	True	True	False	not_gated	0	NO_PMCID		0	0	0	0	not_generated	FILLED	not_gated	tail10_24	FILLED	already closed
PRJNA529495	isolation_source	tail10_24	False		local_pdf	True	True	https://doi.org/10.1096/fj.201902735r	Fine capsule variation affects bacteriophage susceptibility 	True	True	False	residual_per_sample	18	NO_PMCID	NO_PMCID	0	0	0	18	not_generated	EXHAUSTED	NO_PMCID	tail10_24	EXHAUSTED	already closed
PRJNA529495	host	tail10_24	False		local_pdf	True	True	https://doi.org/10.1096/fj.201902735r	Fine capsule variation affects bacteriophage susceptibility 	True	True	False	not_gated	0	NO_PMCID		0	0	0	0	not_generated	FILLED	not_gated	tail10_24	FILLED	already closed
PRJNA530687	country	tail10_24	False		abstract	False	False	https://doi.org/10.7883/yoken.JJID.2023.009	Extensively Drug-Resistant Klebsiella pneumoniae Associated 	False	False	False	not_gated	0			0	0	0	0	not_generated	FILLED	not_gated	tail10_24	FILLED	already closed
PRJNA530687	collection_date	tail10_24	False		abstract	False	False	https://doi.org/10.7883/yoken.JJID.2023.009	Extensively Drug-Resistant Klebsiella pneumoniae Associated 	False	False	False	not_gated	0			0	0	0	0	not_generated	FILLED	not_gated	tail10_24	FILLED	already closed
PRJNA530687	isolation_source	tail10_24	False		abstract	False	False	https://doi.org/10.7883/yoken.JJID.2023.009	Extensively Drug-Resistant Klebsiella pneumoniae Associated 	False	False	False	not_gated	0			0	0	0	0	not_generated	FILLED	not_gated	tail10_24	FILLED	already closed
PRJNA530687	host	tail10_24	False		abstract	False	False	https://doi.org/10.7883/yoken.JJID.2023.009	Extensively Drug-Resistant Klebsiella pneumoniae Associated 	False	False	False	not_gated	0			0	0	0	0	not_generated	FILLED	not_gated	tail10_24	FILLED	already closed
PRJNA534055	country	tail10_24	True		none	False	False			False	False	False	not_gated	0			0	0	0	0	not_generated	FILLED	not_gated	tail10_24	FILLED	already closed
PRJNA534055	collection_date	tail10_24	True		none	False	False			False	False	False	not_gated	0			0	0	0	0	not_generated	FILLED	not_gated	tail10_24	FILLED	already closed
PRJNA534055	isolation_source	tail10_24	True		none	False	False			False	False	False	not_gated	0			0	0	0	0	not_generated	FILLED	not_gated	tail10_24	FILLED	already closed
PRJNA534055	host	tail10_24	True		none	False	False			False	False	False	not_gated	0			0	0	0	0	not_generated	FILLED	not_gated	tail10_24	FILLED	already closed
PRJNA550014	country	tail10_24	False	PMC7069471	europepmc_fulltext	True	True	https://doi.org/10.1093/jac/dkz526	Genomic dynamics of species and mobile genetic elements in a	False	False	False	not_gated	0			0	0	0	0	not_generated	FILLED	not_gated	tail10_24	FILLED	already closed
PRJNA550014	collection_date	tail10_24	False	PMC7069471	europepmc_fulltext	True	True	https://doi.org/10.1093/jac/dkz526	Genomic dynamics of species and mobile genetic elements in a	False	False	False	not_gated	0			0	0	0	0	not_generated	FILLED	not_gated	tail10_24	FILLED	already closed
PRJNA550014	isolation_source	tail10_24	False	PMC7069471	europepmc_fulltext	True	True	https://doi.org/10.1093/jac/dkz526	Genomic dynamics of species and mobile genetic elements in a	False	False	False	not_gated	0			0	0	0	0	not_generated	FILLED	not_gated	tail10_24	FILLED	already closed
PRJNA550014	host	tail10_24	False	PMC7069471	europepmc_fulltext	True	True	https://doi.org/10.1093/jac/dkz526	Genomic dynamics of species and mobile genetic elements in a	False	False	False	not_gated	0			0	0	0	0	not_generated	FILLED	not_gated	tail10_24	FILLED	already closed
PRJNA556398	country	tail10_24	False	PMC7604597	europepmc_fulltext	True	True	https://doi.org/10.1155/2020/4054393	Multidrug-Resistant Hypervirulent <i>Klebsiella pneumoniae</	False	False	False	not_gated	0			0	0	0	0	not_generated	FILLED	not_gated	tail10_24	FILLED	already closed
PRJNA556398	collection_date	tail10_24	False	PMC7604597	europepmc_fulltext	True	True	https://doi.org/10.1155/2020/4054393	Multidrug-Resistant Hypervirulent <i>Klebsiella pneumoniae</	False	False	False	not_gated	0			0	0	0	0	not_generated	FILLED	not_gated	tail10_24	FILLED	already closed
PRJNA556398	isolation_source	tail10_24	False	PMC7604597	europepmc_fulltext	True	True	https://doi.org/10.1155/2020/4054393	Multidrug-Resistant Hypervirulent <i>Klebsiella pneumoniae</	False	False	False	not_gated	0			0	0	0	0	not_generated	FILLED	not_gated	tail10_24	FILLED	already closed
PRJNA556398	host	tail10_24	False	PMC7604597	europepmc_fulltext	True	True	https://doi.org/10.1155/2020/4054393	Multidrug-Resistant Hypervirulent <i>Klebsiella pneumoniae</	False	False	False	not_gated	0			0	0	0	0	not_generated	FILLED	not_gated	tail10_24	FILLED	already closed
PRJNA557813	country	tail10_24	False	PMC7045839	europepmc_fulltext	True	True	https://doi.org/10.3201/eid2603.191230	Acquisition of Plasmid with Carbapenem-Resistance Gene bla<s	False	False	False	not_gated	0			0	0	0	0	not_generated	FILLED	not_gated	tail10_24	FILLED	already closed
PRJNA557813	collection_date	tail10_24	False	PMC7045839	europepmc_fulltext	True	True	https://doi.org/10.3201/eid2603.191230	Acquisition of Plasmid with Carbapenem-Resistance Gene bla<s	False	False	False	not_gated	0			0	0	0	0	not_generated	FILLED	not_gated	tail10_24	FILLED	already closed
PRJNA557813	isolation_source	tail10_24	False	PMC7045839	europepmc_fulltext	True	True	https://doi.org/10.3201/eid2603.191230	Acquisition of Plasmid with Carbapenem-Resistance Gene bla<s	False	False	False	not_gated	0			0	0	0	0	not_generated	FILLED	not_gated	tail10_24	FILLED	already closed
PRJNA557813	host	tail10_24	False	PMC7045839	europepmc_fulltext	True	True	https://doi.org/10.3201/eid2603.191230	Acquisition of Plasmid with Carbapenem-Resistance Gene bla<s	False	False	False	not_gated	0			0	0	0	0	not_generated	FILLED	not_gated	tail10_24	FILLED	already closed
PRJNA560785	country	tail10_24	False		pdf	True	True	https://doi.org/10.1101/827915	Real-time sampling of travelers shows intestinal colonizatio	False	False	False	not_gated	0			0	0	0	0	not_generated	FILLED	not_gated	tail10_24	FILLED	already closed
PRJNA560785	collection_date	tail10_24	False		pdf	True	True	https://doi.org/10.1101/827915	Real-time sampling of travelers shows intestinal colonizatio	False	False	False	not_gated	0			0	0	0	0	not_generated	FILLED	not_gated	tail10_24	FILLED	already closed
PRJNA560785	isolation_source	tail10_24	False		pdf	True	True	https://doi.org/10.1101/827915	Real-time sampling of travelers shows intestinal colonizatio	False	False	False	not_gated	0			0	0	0	0	not_generated	FILLED	not_gated	tail10_24	FILLED	already closed
PRJNA560785	host	tail10_24	False		pdf	True	True	https://doi.org/10.1101/827915	Real-time sampling of travelers shows intestinal colonizatio	False	False	False	not_gated	0			0	0	0	0	not_generated	FILLED	not_gated	tail10_24	FILLED	already closed
PRJNA575837	country	tail10_24	False		local_pdf	True	True	https://doi.org/10.1016/j.vetmic.2020.108601	Genome analysis of enterobacteriaceae with non-wild type sus	True	True	False	not_gated	0	NO_PMCID		0	0	0	0	not_generated	FILLED	not_gated	tail10_24	FILLED	already closed
PRJNA575837	collection_date	tail10_24	False		local_pdf	True	True	https://doi.org/10.1016/j.vetmic.2020.108601	Genome analysis of enterobacteriaceae with non-wild type sus	True	True	False	not_gated	0	NO_PMCID		0	0	0	0	not_generated	FILLED	not_gated	tail10_24	FILLED	already closed
PRJNA575837	isolation_source	tail10_24	False		local_pdf	True	True	https://doi.org/10.1016/j.vetmic.2020.108601	Genome analysis of enterobacteriaceae with non-wild type sus	True	True	False	residual_per_sample	11	NO_PMCID	NO_PMCID	0	0	0	11	not_generated	EXHAUSTED	NO_PMCID	tail10_24	EXHAUSTED	already closed
PRJNA575837	host	tail10_24	False		local_pdf	True	True	https://doi.org/10.1016/j.vetmic.2020.108601	Genome analysis of enterobacteriaceae with non-wild type sus	True	True	False	not_gated	0	NO_PMCID		0	0	0	0	not_generated	FILLED	not_gated	tail10_24	FILLED	already closed
PRJNA590288	country	tail10_24	True		none	False	False			False	False	False	not_gated	0	NO_PMCID		0	0	0	0	not_generated	FILLED	not_gated	tail10_24	FILLED	already closed
PRJNA590288	collection_date	tail10_24	True		none	False	False			False	False	False	not_gated	0	NO_PMCID		0	0	0	0	not_generated	FILLED	not_gated	tail10_24	FILLED	already closed
PRJNA590288	isolation_source	tail10_24	True		none	False	False			False	False	False	residual_per_sample	18	NO_PMCID	NO_PMCID	0	0	0	18	not_generated	EXHAUSTED	no_paper_findable	tail10_24	EXHAUSTED	already closed
PRJNA590288	host	tail10_24	True		none	False	False			False	False	False	not_gated	0	NO_PMCID		0	0	0	0	not_generated	FILLED	not_gated	tail10_24	FILLED	already closed
PRJNA590644	country	tail10_24	False		abstract	False	False	https://doi.org/10.1016/j.cmi.2022.11.011	Deciphering variable resistance to novel carbapenem-based β-	False	False	False	not_gated	0			0	0	0	0	not_generated	FILLED	not_gated	tail10_24	FILLED	already closed
PRJNA590644	collection_date	tail10_24	False		abstract	False	False	https://doi.org/10.1016/j.cmi.2022.11.011	Deciphering variable resistance to novel carbapenem-based β-	False	False	False	not_gated	0			0	0	0	0	not_generated	FILLED	not_gated	tail10_24	FILLED	already closed
PRJNA590644	isolation_source	tail10_24	False		abstract	False	False	https://doi.org/10.1016/j.cmi.2022.11.011	Deciphering variable resistance to novel carbapenem-based β-	False	False	False	not_gated	0			0	0	0	0	not_generated	FILLED	not_gated	tail10_24	FILLED	already closed
PRJNA590644	host	tail10_24	False		abstract	False	False	https://doi.org/10.1016/j.cmi.2022.11.011	Deciphering variable resistance to novel carbapenem-based β-	False	False	False	not_gated	0			0	0	0	0	not_generated	FILLED	not_gated	tail10_24	FILLED	already closed
PRJNA596368	country	tail10_24	False	PMC7816166	europepmc_fulltext	True	True	https://doi.org/10.1093/jac/dkaa450	Distinct evolution of colistin resistance associated with ex	False	False	False	not_gated	0			0	0	0	0	not_generated	FILLED	not_gated	tail10_24	FILLED	already closed
PRJNA596368	collection_date	tail10_24	False	PMC7816166	europepmc_fulltext	True	True	https://doi.org/10.1093/jac/dkaa450	Distinct evolution of colistin resistance associated with ex	False	False	False	not_gated	0			0	0	0	0	not_generated	FILLED	not_gated	tail10_24	FILLED	already closed
PRJNA596368	isolation_source	tail10_24	False	PMC7816166	europepmc_fulltext	True	True	https://doi.org/10.1093/jac/dkaa450	Distinct evolution of colistin resistance associated with ex	False	False	False	not_gated	0			0	0	0	0	not_generated	FILLED	not_gated	tail10_24	FILLED	already closed
PRJNA596368	host	tail10_24	False	PMC7816166	europepmc_fulltext	True	True	https://doi.org/10.1093/jac/dkaa450	Distinct evolution of colistin resistance associated with ex	False	False	False	not_gated	0			0	0	0	0	not_generated	FILLED	not_gated	tail10_24	FILLED	already closed
PRJNA606074	country	tail10_24	False	PMC7457799	europepmc_fulltext	True	True	https://doi.org/10.1186/s40168-020-00907-9	Impact of investigational microbiota therapeutic RBX2660 on 	False	False	False	residual_per_sample	10	direct	field_not_in_table	0	0	0	10	not_generated	EXHAUSTED	field_not_in_table	tail10_24	EXHAUSTED	already closed
PRJNA606074	collection_date	tail10_24	False	PMC7457799	europepmc_fulltext	True	True	https://doi.org/10.1186/s40168-020-00907-9	Impact of investigational microbiota therapeutic RBX2660 on 	False	False	False	covered	10	direct		0	10	0	0	not_generated	FILLED	whole_field	tail10_24	FILLED	already closed
PRJNA606074	isolation_source	tail10_24	False	PMC7457799	europepmc_fulltext	True	True	https://doi.org/10.1186/s40168-020-00907-9	Impact of investigational microbiota therapeutic RBX2660 on 	False	False	False	not_gated	0	direct		0	0	0	0	not_generated	FILLED	not_gated	tail10_24	FILLED	already closed
PRJNA606074	host	tail10_24	False	PMC7457799	europepmc_fulltext	True	True	https://doi.org/10.1186/s40168-020-00907-9	Impact of investigational microbiota therapeutic RBX2660 on 	False	False	False	not_gated	0	direct		0	0	0	0	not_generated	FILLED	not_gated	tail10_24	FILLED	already closed
PRJNA606985	country	tail10_24	False	PMC8315908	pdf	True	True	https://doi.org/10.1128/aac.00130-21	Molecular Epidemiology of Third-Generation-Cephalosporin-Res	False	False	False	not_gated	0	abstained		0	0	0	0	not_generated	FILLED	not_gated	tail10_24	FILLED	already closed
PRJNA606985	collection_date	tail10_24	False	PMC8315908	pdf	True	True	https://doi.org/10.1128/aac.00130-21	Molecular Epidemiology of Third-Generation-Cephalosporin-Res	False	False	False	not_gated	0	abstained		0	0	0	0	not_generated	FILLED	not_gated	tail10_24	FILLED	already closed
PRJNA606985	isolation_source	tail10_24	False	PMC8315908	pdf	True	True	https://doi.org/10.1128/aac.00130-21	Molecular Epidemiology of Third-Generation-Cephalosporin-Res	False	False	False	residual_per_sample	7	abstained	no_supp	0	0	0	7	not_generated	EXHAUSTED	no_supp	tail10_24	EXHAUSTED	already closed
PRJNA606985	host	tail10_24	False	PMC8315908	pdf	True	True	https://doi.org/10.1128/aac.00130-21	Molecular Epidemiology of Third-Generation-Cephalosporin-Res	False	False	False	not_gated	0	abstained		0	0	0	0	not_generated	FILLED	not_gated	tail10_24	FILLED	already closed
PRJNA608440	country	tail10_24	False	PMC7473113	europepmc_fulltext	True	True	https://doi.org/10.1080/22221751.2020.1773743	Cytotoxin-producing <i>Klebsiella oxytoca</i> in the preterm	False	False	False	covered	10	abstained		10	0	0	10	not_generated	FILLED	whole_field	tail10_24	FILLED	already closed
PRJNA608440	collection_date	tail10_24	False	PMC7473113	europepmc_fulltext	True	True	https://doi.org/10.1080/22221751.2020.1773743	Cytotoxin-producing <i>Klebsiella oxytoca</i> in the preterm	False	False	False	residual_per_sample	10	abstained	no_supp	0	0	0	10	not_generated	EXHAUSTED	no_supp	tail10_24	EXHAUSTED	already closed
PRJNA608440	isolation_source	tail10_24	False	PMC7473113	europepmc_fulltext	True	True	https://doi.org/10.1080/22221751.2020.1773743	Cytotoxin-producing <i>Klebsiella oxytoca</i> in the preterm	False	False	False	covered	10	abstained		10	0	0	10	not_generated	FILLED	whole_field	tail10_24	FILLED	already closed
PRJNA608440	host	tail10_24	False	PMC7473113	europepmc_fulltext	True	True	https://doi.org/10.1080/22221751.2020.1773743	Cytotoxin-producing <i>Klebsiella oxytoca</i> in the preterm	False	False	False	not_gated	0	abstained		0	0	0	0	not_generated	FILLED	not_gated	tail10_24	FILLED	already closed
PRJNA613441	country	tail10_24	False	PMC9928946	europepmc_fulltext	True	True	https://doi.org/10.3389/fmed.2023.1001476	The under investigated facet of the COVID-19 pandemic: Molec	False	False	False	not_gated	0			0	0	0	0	not_generated	FILLED	not_gated	tail10_24	FILLED	already closed
PRJNA613441	collection_date	tail10_24	False	PMC9928946	europepmc_fulltext	True	True	https://doi.org/10.3389/fmed.2023.1001476	The under investigated facet of the COVID-19 pandemic: Molec	False	False	False	not_gated	0			0	0	0	0	not_generated	FILLED	not_gated	tail10_24	FILLED	already closed
PRJNA613441	isolation_source	tail10_24	False	PMC9928946	europepmc_fulltext	True	True	https://doi.org/10.3389/fmed.2023.1001476	The under investigated facet of the COVID-19 pandemic: Molec	False	False	False	not_gated	0			0	0	0	0	not_generated	FILLED	not_gated	tail10_24	FILLED	already closed
PRJNA613441	host	tail10_24	False	PMC9928946	europepmc_fulltext	True	True	https://doi.org/10.3389/fmed.2023.1001476	The under investigated facet of the COVID-19 pandemic: Molec	False	False	False	not_gated	0			0	0	0	0	not_generated	FILLED	not_gated	tail10_24	FILLED	already closed
PRJNA631491	country	tail10_24	False	PMC8190620	europepmc_fulltext	True	True	https://doi.org/10.1099/mgen.0.000530	Genomic surveillance, characterization and intervention of a	False	False	False	not_gated	0			0	0	0	0	not_generated	FILLED	not_gated	tail10_24	FILLED	already closed
PRJNA631491	collection_date	tail10_24	False	PMC8190620	europepmc_fulltext	True	True	https://doi.org/10.1099/mgen.0.000530	Genomic surveillance, characterization and intervention of a	False	False	False	not_gated	0			0	0	0	0	not_generated	FILLED	not_gated	tail10_24	FILLED	already closed
PRJNA631491	isolation_source	tail10_24	False	PMC8190620	europepmc_fulltext	True	True	https://doi.org/10.1099/mgen.0.000530	Genomic surveillance, characterization and intervention of a	False	False	False	not_gated	0			0	0	0	0	not_generated	FILLED	not_gated	tail10_24	FILLED	already closed
PRJNA631491	host	tail10_24	False	PMC8190620	europepmc_fulltext	True	True	https://doi.org/10.1099/mgen.0.000530	Genomic surveillance, characterization and intervention of a	False	False	False	not_gated	0			0	0	0	0	not_generated	FILLED	not_gated	tail10_24	FILLED	already closed
PRJNA635420	country	tail10_24	True		none	False	False			False	False	False	residual_per_sample	17	NO_PMCID	NO_PMCID	0	0	0	17	not_generated	EXHAUSTED	no_paper_findable	tail10_24	EXHAUSTED	already closed
PRJNA635420	collection_date	tail10_24	True		none	False	False			False	False	False	residual_per_sample	17	NO_PMCID	NO_PMCID	0	0	0	17	not_generated	EXHAUSTED	no_paper_findable	tail10_24	EXHAUSTED	already closed
PRJNA635420	isolation_source	tail10_24	True		none	False	False			False	False	False	residual_per_sample	17	NO_PMCID	NO_PMCID	0	0	0	17	not_generated	EXHAUSTED	no_paper_findable	tail10_24	EXHAUSTED	already closed
PRJNA635420	host	tail10_24	True		none	False	False			False	False	False	residual_per_sample	17	NO_PMCID	NO_PMCID	0	0	0	17	not_generated	EXHAUSTED	no_paper_findable	tail10_24	EXHAUSTED	already closed
PRJNA640134	country	tail10_24	True		none	False	False			False	False	False	not_gated	0	NO_PMCID		0	0	0	0	not_generated	FILLED	not_gated	tail10_24	FILLED	already closed
PRJNA640134	collection_date	tail10_24	True		none	False	False			False	False	False	not_gated	0	NO_PMCID		0	0	0	0	not_generated	FILLED	not_gated	tail10_24	FILLED	already closed
PRJNA640134	isolation_source	tail10_24	True		none	False	False			False	False	False	not_gated	0	NO_PMCID		0	0	0	0	not_generated	FILLED	not_gated	tail10_24	FILLED	already closed
PRJNA640134	host	tail10_24	True		none	False	False			False	False	False	residual_per_sample	7	NO_PMCID	NO_PMCID	0	0	0	7	not_generated	EXHAUSTED	no_paper_findable	tail10_24	EXHAUSTED	already closed
PRJNA647793	country	tail10_24	True		none	False	False			False	False	False	not_gated	0	NO_PMCID		0	0	0	0	not_generated	FILLED	not_gated	tail10_24	FILLED	already closed
PRJNA647793	collection_date	tail10_24	True		none	False	False			False	False	False	residual_per_sample	11	NO_PMCID	NO_PMCID	0	0	0	11	not_generated	EXHAUSTED	no_paper_findable	tail10_24	EXHAUSTED	already closed
PRJNA647793	isolation_source	tail10_24	True		none	False	False			False	False	False	covered	11	NO_PMCID		11	0	0	11	not_generated	FILLED	whole_field	tail10_24	FILLED	already closed
PRJNA647793	host	tail10_24	True		none	False	False			False	False	False	not_gated	0	NO_PMCID		0	0	0	0	not_generated	FILLED	not_gated	tail10_24	FILLED	already closed
PRJNA648857	country	tail10_24	False	PMC8448114	pdf	True	True	https://doi.org/10.1128/aac.00574-21	Evolutionary Trajectories toward Ceftazidime-Avibactam Resis	False	False	False	not_gated	0	abstained		0	0	0	0	not_generated	FILLED	not_gated	tail10_24	FILLED	already closed
PRJNA648857	collection_date	tail10_24	False	PMC8448114	pdf	True	True	https://doi.org/10.1128/aac.00574-21	Evolutionary Trajectories toward Ceftazidime-Avibactam Resis	False	False	False	not_gated	0	abstained		0	0	0	0	not_generated	FILLED	not_gated	tail10_24	FILLED	already closed
PRJNA648857	isolation_source	tail10_24	False	PMC8448114	pdf	True	True	https://doi.org/10.1128/aac.00574-21	Evolutionary Trajectories toward Ceftazidime-Avibactam Resis	False	False	False	residual_per_sample	22	abstained	no_supp	0	0	0	22	not_generated	EXHAUSTED	no_supp	tail10_24	EXHAUSTED	already closed
PRJNA648857	host	tail10_24	False	PMC8448114	pdf	True	True	https://doi.org/10.1128/aac.00574-21	Evolutionary Trajectories toward Ceftazidime-Avibactam Resis	False	False	False	not_gated	0	abstained		0	0	0	0	not_generated	FILLED	not_gated	tail10_24	FILLED	already closed
PRJNA670748	country	tail10_24	False	PMC8079144	europepmc_fulltext	True	True	https://doi.org/10.7554/elife.67310	Genetic determinants facilitating the evolution of resistanc	False	False	False	covered	13	abstained		13	0	0	13	not_generated	FILLED	whole_field	tail10_24	FILLED	already closed
PRJNA670748	collection_date	tail10_24	False	PMC8079144	europepmc_fulltext	True	True	https://doi.org/10.7554/elife.67310	Genetic determinants facilitating the evolution of resistanc	False	False	False	residual_per_sample	13	abstained		0	0	0	13	not_generated	BLOCKED	needs_linkage	tail10_24	ACCEPTED	table has no ENA-mappable key (unanchored) or no per-isolate table exists
PRJNA670748	isolation_source	tail10_24	False	PMC8079144	europepmc_fulltext	True	True	https://doi.org/10.7554/elife.67310	Genetic determinants facilitating the evolution of resistanc	False	False	False	residual_per_sample	13	abstained		0	0	0	13	not_generated	BLOCKED	needs_linkage	tail10_24	ACCEPTED	table has no ENA-mappable key (unanchored) or no per-isolate table exists
PRJNA670748	host	tail10_24	False	PMC8079144	europepmc_fulltext	True	True	https://doi.org/10.7554/elife.67310	Genetic determinants facilitating the evolution of resistanc	False	False	False	not_gated	0	abstained		0	0	0	0	not_generated	FILLED	not_gated	tail10_24	FILLED	already closed
PRJNA672836	country	tail10_24	False	PMC8312963	europepmc_fulltext	True	True	https://doi.org/10.1371/journal.pone.0254805	High-risk clones of extended-spectrum β-lactamase-producing 	False	False	False	not_gated	0			0	0	0	0	not_generated	FILLED	not_gated	tail10_24	FILLED	already closed
PRJNA672836	collection_date	tail10_24	False	PMC8312963	europepmc_fulltext	True	True	https://doi.org/10.1371/journal.pone.0254805	High-risk clones of extended-spectrum β-lactamase-producing 	False	False	False	not_gated	0			0	0	0	0	not_generated	FILLED	not_gated	tail10_24	FILLED	already closed
PRJNA672836	isolation_source	tail10_24	False	PMC8312963	europepmc_fulltext	True	True	https://doi.org/10.1371/journal.pone.0254805	High-risk clones of extended-spectrum β-lactamase-producing 	False	False	False	not_gated	0			0	0	0	0	not_generated	FILLED	not_gated	tail10_24	FILLED	already closed
PRJNA672836	host	tail10_24	False	PMC8312963	europepmc_fulltext	True	True	https://doi.org/10.1371/journal.pone.0254805	High-risk clones of extended-spectrum β-lactamase-producing 	False	False	False	not_gated	0			0	0	0	0	not_generated	FILLED	not_gated	tail10_24	FILLED	already closed
PRJNA685215	country	tail10_24	True		none	False	False			False	False	False	not_gated	0	NO_PMCID		0	0	0	0	not_generated	FILLED	not_gated	tail10_24	FILLED	already closed
PRJNA685215	collection_date	tail10_24	True		none	False	False			False	False	False	not_gated	0	NO_PMCID		0	0	0	0	not_generated	FILLED	not_gated	tail10_24	FILLED	already closed
PRJNA685215	isolation_source	tail10_24	True		none	False	False			False	False	False	residual_per_sample	10	NO_PMCID	NO_PMCID	0	0	0	10	not_generated	EXHAUSTED	no_paper_findable	tail10_24	EXHAUSTED	already closed
PRJNA685215	host	tail10_24	True		none	False	False			False	False	False	not_gated	0	NO_PMCID		0	0	0	0	not_generated	FILLED	not_gated	tail10_24	FILLED	already closed
PRJNA692086	country	tail10_24	False	PMC9603328	europepmc_fulltext	True	True	https://doi.org/10.1128/spectrum.00842-22	Emergence of a Novel NDM-5-Producing Sequence Type 4523 Kleb	False	False	False	not_gated	0	abstained		0	0	0	0	not_generated	FILLED	not_gated	tail10_24	FILLED	already closed
PRJNA692086	collection_date	tail10_24	False	PMC9603328	europepmc_fulltext	True	True	https://doi.org/10.1128/spectrum.00842-22	Emergence of a Novel NDM-5-Producing Sequence Type 4523 Kleb	False	False	False	not_gated	0	abstained		0	0	0	0	not_generated	FILLED	not_gated	tail10_24	FILLED	already closed
PRJNA692086	isolation_source	tail10_24	False	PMC9603328	europepmc_fulltext	True	True	https://doi.org/10.1128/spectrum.00842-22	Emergence of a Novel NDM-5-Producing Sequence Type 4523 Kleb	False	False	False	covered	15	abstained		15	0	0	15	not_generated	FILLED	whole_field	tail10_24	FILLED	already closed
PRJNA692086	host	tail10_24	False	PMC9603328	europepmc_fulltext	True	True	https://doi.org/10.1128/spectrum.00842-22	Emergence of a Novel NDM-5-Producing Sequence Type 4523 Kleb	False	False	False	not_gated	0	abstained		0	0	0	0	not_generated	FILLED	not_gated	tail10_24	FILLED	already closed
PRJNA701285	country	tail10_24	True		none	False	False			False	False	False	not_gated	0	NO_PMCID		0	0	0	0	not_generated	FILLED	not_gated	tail10_24	FILLED	already closed
PRJNA701285	collection_date	tail10_24	True		none	False	False			False	False	False	not_gated	0	NO_PMCID		0	0	0	0	not_generated	FILLED	not_gated	tail10_24	FILLED	already closed
PRJNA701285	isolation_source	tail10_24	True		none	False	False			False	False	False	not_gated	0	NO_PMCID		0	0	0	0	not_generated	FILLED	not_gated	tail10_24	FILLED	already closed
PRJNA701285	host	tail10_24	True		none	False	False			False	False	False	residual_per_sample	21	NO_PMCID	NO_PMCID	0	0	0	21	not_generated	EXHAUSTED	no_paper_findable	tail10_24	EXHAUSTED	already closed
PRJNA701733	country	tail10_24	True		none	False	False			False	False	False	not_gated	0	NO_PMCID		0	0	0	0	not_generated	FILLED	not_gated	tail10_24	FILLED	already closed
PRJNA701733	collection_date	tail10_24	True		none	False	False			False	False	False	not_gated	0	NO_PMCID		0	0	0	0	not_generated	FILLED	not_gated	tail10_24	FILLED	already closed
PRJNA701733	isolation_source	tail10_24	True		none	False	False			False	False	False	residual_per_sample	17	NO_PMCID	NO_PMCID	0	0	0	17	not_generated	EXHAUSTED	no_paper_findable	tail10_24	EXHAUSTED	already closed
PRJNA701733	host	tail10_24	True		none	False	False			False	False	False	residual_per_sample	13	NO_PMCID	NO_PMCID	0	0	0	13	not_generated	EXHAUSTED	no_paper_findable	tail10_24	EXHAUSTED	already closed
PRJNA716986	country	tail10_24	False	PMC10616195	europepmc_fulltext	True	True	https://doi.org/10.1038/s41598-023-42838-z	Antimicrobial resistance and whole genome sequencing of nove	False	False	False	not_gated	0	abstained		0	0	0	0	not_generated	FILLED	not_gated	tail10_24	FILLED	already closed
PRJNA716986	collection_date	tail10_24	False	PMC10616195	europepmc_fulltext	True	True	https://doi.org/10.1038/s41598-023-42838-z	Antimicrobial resistance and whole genome sequencing of nove	False	False	False	not_gated	0	abstained		0	0	0	0	not_generated	FILLED	not_gated	tail10_24	FILLED	already closed
PRJNA716986	isolation_source	tail10_24	False	PMC10616195	europepmc_fulltext	True	True	https://doi.org/10.1038/s41598-023-42838-z	Antimicrobial resistance and whole genome sequencing of nove	False	False	False	not_gated	0	abstained		0	0	0	0	not_generated	FILLED	not_gated	tail10_24	FILLED	already closed
PRJNA716986	host	tail10_24	False	PMC10616195	europepmc_fulltext	True	True	https://doi.org/10.1038/s41598-023-42838-z	Antimicrobial resistance and whole genome sequencing of nove	False	False	False	covered	16	abstained		16	0	0	16	not_generated	FILLED	whole_field	tail10_24	FILLED	already closed
PRJNA719104	country	tail10_24	True		none	False	False			False	False	False	not_gated	0	NO_PMCID		0	0	0	0	not_generated	FILLED	not_gated	tail10_24	FILLED	already closed
PRJNA719104	collection_date	tail10_24	True		none	False	False			False	False	False	not_gated	0	NO_PMCID		0	0	0	0	not_generated	FILLED	not_gated	tail10_24	FILLED	already closed
PRJNA719104	isolation_source	tail10_24	True		none	False	False			False	False	False	not_gated	0	NO_PMCID		0	0	0	0	not_generated	FILLED	not_gated	tail10_24	FILLED	already closed
PRJNA719104	host	tail10_24	True		none	False	False			False	False	False	residual_per_sample	10	NO_PMCID	NO_PMCID	0	0	0	10	not_generated	EXHAUSTED	no_paper_findable	tail10_24	EXHAUSTED	already closed
PRJNA720499	country	tail10_24	True		none	False	False			False	False	False	not_gated	0	NO_PMCID		0	0	0	0	not_generated	FILLED	not_gated	tail10_24	FILLED	already closed
PRJNA720499	collection_date	tail10_24	True		none	False	False			False	False	False	not_gated	0	NO_PMCID		0	0	0	0	not_generated	FILLED	not_gated	tail10_24	FILLED	already closed
PRJNA720499	isolation_source	tail10_24	True		none	False	False			False	False	False	not_gated	0	NO_PMCID		0	0	0	0	not_generated	FILLED	not_gated	tail10_24	FILLED	already closed
PRJNA720499	host	tail10_24	True		none	False	False			False	False	False	residual_per_sample	14	NO_PMCID	NO_PMCID	0	0	0	14	not_generated	EXHAUSTED	no_paper_findable	tail10_24	EXHAUSTED	already closed
PRJNA725227	country	tail10_24	False	PMC8284452	pdf	True	True	https://doi.org/10.1128/aac.00360-21	Genomic Epidemiology of Carbapenemase-Producing <i>Enterobac	False	False	False	not_gated	0			0	0	0	0	not_generated	FILLED	not_gated	tail10_24	FILLED	already closed
PRJNA725227	collection_date	tail10_24	False	PMC8284452	pdf	True	True	https://doi.org/10.1128/aac.00360-21	Genomic Epidemiology of Carbapenemase-Producing <i>Enterobac	False	False	False	not_gated	0			0	0	0	0	not_generated	FILLED	not_gated	tail10_24	FILLED	already closed
PRJNA725227	isolation_source	tail10_24	False	PMC8284452	pdf	True	True	https://doi.org/10.1128/aac.00360-21	Genomic Epidemiology of Carbapenemase-Producing <i>Enterobac	False	False	False	not_gated	0			0	0	0	0	not_generated	FILLED	not_gated	tail10_24	FILLED	already closed
PRJNA725227	host	tail10_24	False	PMC8284452	pdf	True	True	https://doi.org/10.1128/aac.00360-21	Genomic Epidemiology of Carbapenemase-Producing <i>Enterobac	False	False	False	not_gated	0			0	0	0	0	not_generated	FILLED	not_gated	tail10_24	FILLED	already closed
PRJNA729628	country	tail10_24	False	PMC13243436	europepmc_fulltext	True	True	https://www.ncbi.nlm.nih.gov/pmc/articles/PMC13243436/	Clinical risk factors and genomic characterization of carbap	False	False	False	not_gated	0	abstained		0	0	0	0	not_generated	FILLED	not_gated	tail10_24	FILLED	already closed
PRJNA729628	collection_date	tail10_24	False	PMC13243436	europepmc_fulltext	True	True	https://www.ncbi.nlm.nih.gov/pmc/articles/PMC13243436/	Clinical risk factors and genomic characterization of carbap	False	False	False	not_gated	0	abstained		0	0	0	0	not_generated	FILLED	not_gated	tail10_24	FILLED	already closed
PRJNA729628	isolation_source	tail10_24	False	PMC13243436	europepmc_fulltext	True	True	https://www.ncbi.nlm.nih.gov/pmc/articles/PMC13243436/	Clinical risk factors and genomic characterization of carbap	False	False	False	residual_per_sample	7	abstained		0	0	0	7	not_generated	BLOCKED	needs_linkage	tail10_24	ACCEPTED	table has no ENA-mappable key (unanchored) or no per-isolate table exists
PRJNA729628	host	tail10_24	False	PMC13243436	europepmc_fulltext	True	True	https://www.ncbi.nlm.nih.gov/pmc/articles/PMC13243436/	Clinical risk factors and genomic characterization of carbap	False	False	False	not_gated	0	abstained		0	0	0	0	not_generated	FILLED	not_gated	tail10_24	FILLED	already closed
PRJNA729785	country	tail10_24	False	PMC9614223	europepmc_fulltext	True	True	https://doi.org/10.3389/fmicb.2022.1001169	Clinical and genomic characterization of hypervirulent <i>Kl	False	False	False	not_gated	0			0	0	0	0	not_generated	FILLED	not_gated	tail10_24	FILLED	already closed
PRJNA729785	collection_date	tail10_24	False	PMC9614223	europepmc_fulltext	True	True	https://doi.org/10.3389/fmicb.2022.1001169	Clinical and genomic characterization of hypervirulent <i>Kl	False	False	False	not_gated	0			0	0	0	0	not_generated	FILLED	not_gated	tail10_24	FILLED	already closed
PRJNA729785	isolation_source	tail10_24	False	PMC9614223	europepmc_fulltext	True	True	https://doi.org/10.3389/fmicb.2022.1001169	Clinical and genomic characterization of hypervirulent <i>Kl	False	False	False	not_gated	0			0	0	0	0	not_generated	FILLED	not_gated	tail10_24	FILLED	already closed
PRJNA729785	host	tail10_24	False	PMC9614223	europepmc_fulltext	True	True	https://doi.org/10.3389/fmicb.2022.1001169	Clinical and genomic characterization of hypervirulent <i>Kl	False	False	False	not_gated	0			0	0	0	0	not_generated	FILLED	not_gated	tail10_24	FILLED	already closed
PRJNA733872	country	tail10_24	False		none	False	False	https://doi.org/10.1093/jac/dkab380	In vivo evolution of carbapenem resistance in hypervirulent 	False	False	False	not_gated	0			0	0	0	0	not_generated	FILLED	not_gated	tail10_24	FILLED	already closed
PRJNA733872	collection_date	tail10_24	False		none	False	False	https://doi.org/10.1093/jac/dkab380	In vivo evolution of carbapenem resistance in hypervirulent 	False	False	False	not_gated	0			0	0	0	0	not_generated	FILLED	not_gated	tail10_24	FILLED	already closed
PRJNA733872	isolation_source	tail10_24	False		none	False	False	https://doi.org/10.1093/jac/dkab380	In vivo evolution of carbapenem resistance in hypervirulent 	False	False	False	not_gated	0			0	0	0	0	not_generated	FILLED	not_gated	tail10_24	FILLED	already closed
PRJNA733872	host	tail10_24	False		none	False	False	https://doi.org/10.1093/jac/dkab380	In vivo evolution of carbapenem resistance in hypervirulent 	False	False	False	not_gated	0			0	0	0	0	not_generated	FILLED	not_gated	tail10_24	FILLED	already closed
PRJNA739639	country	tail10_24	True		none	False	False			False	False	False	covered	18	NO_PMCID		18	0	0	18	not_generated	FILLED	whole_field	tail10_24	FILLED	already closed
PRJNA739639	collection_date	tail10_24	True		none	False	False			False	False	False	not_gated	0	NO_PMCID		0	0	0	0	not_generated	FILLED	not_gated	tail10_24	FILLED	already closed
PRJNA739639	isolation_source	tail10_24	True		none	False	False			False	False	False	not_gated	0	NO_PMCID		0	0	0	0	not_generated	FILLED	not_gated	tail10_24	FILLED	already closed
PRJNA739639	host	tail10_24	True		none	False	False			False	False	False	residual_per_sample	21	NO_PMCID	NO_PMCID	0	0	0	21	not_generated	EXHAUSTED	no_paper_findable	tail10_24	EXHAUSTED	already closed
PRJNA741866	country	tail10_24	False	PMC8787482	europepmc_fulltext	True	True	https://doi.org/10.1128/mbio.02631-21	Interbacterial Transfer of Carbapenem Resistance and Large A	False	False	False	not_gated	0	abstained		0	0	0	0	not_generated	FILLED	not_gated	tail10_24	FILLED	already closed
PRJNA741866	collection_date	tail10_24	False	PMC8787482	europepmc_fulltext	True	True	https://doi.org/10.1128/mbio.02631-21	Interbacterial Transfer of Carbapenem Resistance and Large A	False	False	False	not_gated	0	abstained		0	0	0	0	not_generated	FILLED	not_gated	tail10_24	FILLED	already closed
PRJNA741866	isolation_source	tail10_24	False	PMC8787482	europepmc_fulltext	True	True	https://doi.org/10.1128/mbio.02631-21	Interbacterial Transfer of Carbapenem Resistance and Large A	False	False	False	residual_per_sample	14	abstained		0	0	0	14	not_generated	BLOCKED	needs_linkage	tail10_24	ACCEPTED	table has no ENA-mappable key (unanchored) or no per-isolate table exists
PRJNA741866	host	tail10_24	False	PMC8787482	europepmc_fulltext	True	True	https://doi.org/10.1128/mbio.02631-21	Interbacterial Transfer of Carbapenem Resistance and Large A	False	False	False	not_gated	0	abstained		0	0	0	0	not_generated	FILLED	not_gated	tail10_24	FILLED	already closed
PRJNA744890	country	tail10_24	False	PMC9120164	europepmc_fulltext	True	True	https://doi.org/10.1038/s41598-022-12471-3	Genome-wide identification of carbapenem-resistant Gram-nega	False	False	False	covered	13	abstained		13	0	0	13	not_generated	FILLED	whole_field	tail10_24	FILLED	already closed
PRJNA744890	collection_date	tail10_24	False	PMC9120164	europepmc_fulltext	True	True	https://doi.org/10.1038/s41598-022-12471-3	Genome-wide identification of carbapenem-resistant Gram-nega	False	False	False	not_gated	0	abstained		0	0	0	0	not_generated	FILLED	not_gated	tail10_24	FILLED	already closed
PRJNA744890	isolation_source	tail10_24	False	PMC9120164	europepmc_fulltext	True	True	https://doi.org/10.1038/s41598-022-12471-3	Genome-wide identification of carbapenem-resistant Gram-nega	False	False	False	not_gated	0	abstained		0	0	0	0	not_generated	FILLED	not_gated	tail10_24	FILLED	already closed
PRJNA744890	host	tail10_24	False	PMC9120164	europepmc_fulltext	True	True	https://doi.org/10.1038/s41598-022-12471-3	Genome-wide identification of carbapenem-resistant Gram-nega	False	False	False	not_gated	0	abstained		0	0	0	0	not_generated	FILLED	not_gated	tail10_24	FILLED	already closed
PRJNA749142	country	tail10_24	False	PMC10114455	europepmc_fulltext	True	True	https://doi.org/10.1186/s13756-023-01233-z	Genome profiling of uropathogenic E. coli from strictly defi	False	False	False	not_gated	0	abstained		0	0	0	0	not_generated	FILLED	not_gated	tail10_24	FILLED	already closed
PRJNA749142	collection_date	tail10_24	False	PMC10114455	europepmc_fulltext	True	True	https://doi.org/10.1186/s13756-023-01233-z	Genome profiling of uropathogenic E. coli from strictly defi	False	False	False	residual_per_sample	4	abstained	no_supp	0	0	0	4	not_generated	EXHAUSTED	no_supp	tail10_24	EXHAUSTED	already closed
PRJNA749142	isolation_source	tail10_24	False	PMC10114455	europepmc_fulltext	True	True	https://doi.org/10.1186/s13756-023-01233-z	Genome profiling of uropathogenic E. coli from strictly defi	False	False	False	not_gated	0	abstained		0	0	0	0	not_generated	FILLED	not_gated	tail10_24	FILLED	already closed
PRJNA749142	host	tail10_24	False	PMC10114455	europepmc_fulltext	True	True	https://doi.org/10.1186/s13756-023-01233-z	Genome profiling of uropathogenic E. coli from strictly defi	False	False	False	not_gated	0	abstained		0	0	0	0	not_generated	FILLED	not_gated	tail10_24	FILLED	already closed
PRJNA751707	country	tail10_24	False	PMC8907832	europepmc_fulltext	True	True	https://doi.org/10.3389/fcimb.2022.719421	Predictors and Outcomes of Healthcare-Associated Infections 	False	False	False	not_gated	0	abstained		0	0	0	0	not_generated	FILLED	not_gated	tail10_24	FILLED	already closed
PRJNA751707	collection_date	tail10_24	False	PMC8907832	europepmc_fulltext	True	True	https://doi.org/10.3389/fcimb.2022.719421	Predictors and Outcomes of Healthcare-Associated Infections 	False	False	False	residual_per_sample	17	abstained	no_supp	0	0	0	17	not_generated	EXHAUSTED	no_supp	tail10_24	EXHAUSTED	already closed
PRJNA751707	isolation_source	tail10_24	False	PMC8907832	europepmc_fulltext	True	True	https://doi.org/10.3389/fcimb.2022.719421	Predictors and Outcomes of Healthcare-Associated Infections 	False	False	False	residual_per_sample	17	abstained	no_supp	0	0	0	17	not_generated	EXHAUSTED	no_supp	tail10_24	EXHAUSTED	already closed
PRJNA751707	host	tail10_24	False	PMC8907832	europepmc_fulltext	True	True	https://doi.org/10.3389/fcimb.2022.719421	Predictors and Outcomes of Healthcare-Associated Infections 	False	False	False	covered	17	abstained		17	0	0	17	not_generated	FILLED	whole_field	tail10_24	FILLED	already closed
PRJNA751993	country	tail10_24	False	PMC9241755	europepmc_fulltext	True	True	https://doi.org/10.1128/spectrum.02158-21	Co-Occurrence of Multidrug Resistant Klebsiella pneumoniae P	False	False	False	not_gated	0			0	0	0	0	not_generated	FILLED	not_gated	tail10_24	FILLED	already closed
PRJNA751993	collection_date	tail10_24	False	PMC9241755	europepmc_fulltext	True	True	https://doi.org/10.1128/spectrum.02158-21	Co-Occurrence of Multidrug Resistant Klebsiella pneumoniae P	False	False	False	not_gated	0			0	0	0	0	not_generated	FILLED	not_gated	tail10_24	FILLED	already closed
PRJNA751993	isolation_source	tail10_24	False	PMC9241755	europepmc_fulltext	True	True	https://doi.org/10.1128/spectrum.02158-21	Co-Occurrence of Multidrug Resistant Klebsiella pneumoniae P	False	False	False	not_gated	0			0	0	0	0	not_generated	FILLED	not_gated	tail10_24	FILLED	already closed
PRJNA751993	host	tail10_24	False	PMC9241755	europepmc_fulltext	True	True	https://doi.org/10.1128/spectrum.02158-21	Co-Occurrence of Multidrug Resistant Klebsiella pneumoniae P	False	False	False	not_gated	0			0	0	0	0	not_generated	FILLED	not_gated	tail10_24	FILLED	already closed
PRJNA757582	country	tail10_24	False	PMC9120164	europepmc_fulltext	True	True	https://doi.org/10.1038/s41598-022-12471-3	Genome-wide identification of carbapenem-resistant Gram-nega	False	False	False	covered	21	abstained		21	0	0	21	not_generated	FILLED	whole_field	tail10_24	FILLED	already closed
PRJNA757582	collection_date	tail10_24	False	PMC9120164	europepmc_fulltext	True	True	https://doi.org/10.1038/s41598-022-12471-3	Genome-wide identification of carbapenem-resistant Gram-nega	False	False	False	not_gated	0	abstained		0	0	0	0	not_generated	FILLED	not_gated	tail10_24	FILLED	already closed
PRJNA757582	isolation_source	tail10_24	False	PMC9120164	europepmc_fulltext	True	True	https://doi.org/10.1038/s41598-022-12471-3	Genome-wide identification of carbapenem-resistant Gram-nega	False	False	False	residual_per_sample	21	abstained	no_supp	0	0	0	21	not_generated	EXHAUSTED	no_supp	tail10_24	EXHAUSTED	already closed
PRJNA757582	host	tail10_24	False	PMC9120164	europepmc_fulltext	True	True	https://doi.org/10.1038/s41598-022-12471-3	Genome-wide identification of carbapenem-resistant Gram-nega	False	False	False	not_gated	0	abstained		0	0	0	0	not_generated	FILLED	not_gated	tail10_24	FILLED	already closed
PRJNA762527	country	tail10_24	False	PMC8896207	europepmc_fulltext	True	True	https://doi.org/10.1080/22221751.2022.2036078	Emergence of colistin-resistant hypervirulent <i>Klebsiella 	False	False	False	not_gated	0			0	0	0	0	not_generated	FILLED	not_gated	tail10_24	FILLED	already closed
PRJNA762527	collection_date	tail10_24	False	PMC8896207	europepmc_fulltext	True	True	https://doi.org/10.1080/22221751.2022.2036078	Emergence of colistin-resistant hypervirulent <i>Klebsiella 	False	False	False	not_gated	0			0	0	0	0	not_generated	FILLED	not_gated	tail10_24	FILLED	already closed
PRJNA762527	isolation_source	tail10_24	False	PMC8896207	europepmc_fulltext	True	True	https://doi.org/10.1080/22221751.2022.2036078	Emergence of colistin-resistant hypervirulent <i>Klebsiella 	False	False	False	not_gated	0			0	0	0	0	not_generated	FILLED	not_gated	tail10_24	FILLED	already closed
PRJNA762527	host	tail10_24	False	PMC8896207	europepmc_fulltext	True	True	https://doi.org/10.1080/22221751.2022.2036078	Emergence of colistin-resistant hypervirulent <i>Klebsiella 	False	False	False	not_gated	0			0	0	0	0	not_generated	FILLED	not_gated	tail10_24	FILLED	already closed
PRJNA775973	country	tail10_24	False		local_pdf	True	True	https://doi.org/10.1016/j.ijantimicag.2025.107551	Elucidating adaptive compensatory tigecycline resistance mec	True	True	False	not_gated	0	NO_PMCID		0	0	0	0	not_generated	FILLED	not_gated	tail10_24	FILLED	already closed
PRJNA775973	collection_date	tail10_24	False		local_pdf	True	True	https://doi.org/10.1016/j.ijantimicag.2025.107551	Elucidating adaptive compensatory tigecycline resistance mec	True	True	False	not_gated	0	NO_PMCID		0	0	0	0	not_generated	FILLED	not_gated	tail10_24	FILLED	already closed
PRJNA775973	isolation_source	tail10_24	False		local_pdf	True	True	https://doi.org/10.1016/j.ijantimicag.2025.107551	Elucidating adaptive compensatory tigecycline resistance mec	True	True	False	residual_per_sample	10	NO_PMCID	NO_PMCID	0	0	0	10	not_generated	EXHAUSTED	NO_PMCID	tail10_24	EXHAUSTED	already closed
PRJNA775973	host	tail10_24	False		local_pdf	True	True	https://doi.org/10.1016/j.ijantimicag.2025.107551	Elucidating adaptive compensatory tigecycline resistance mec	True	True	False	residual_per_sample	9	NO_PMCID	NO_PMCID	0	0	0	9	not_generated	EXHAUSTED	NO_PMCID	tail10_24	EXHAUSTED	already closed
PRJNA776891	country	tail10_24	True		none	False	False			False	False	False	not_gated	0	NO_PMCID		0	0	0	0	not_generated	FILLED	not_gated	tail10_24	FILLED	already closed
PRJNA776891	collection_date	tail10_24	True		none	False	False			False	False	False	not_gated	0	NO_PMCID		0	0	0	0	not_generated	FILLED	not_gated	tail10_24	FILLED	already closed
PRJNA776891	isolation_source	tail10_24	True		none	False	False			False	False	False	residual_per_sample	11	NO_PMCID	NO_PMCID	0	0	0	11	not_generated	EXHAUSTED	no_paper_findable	tail10_24	EXHAUSTED	already closed
PRJNA776891	host	tail10_24	True		none	False	False			False	False	False	not_gated	0	NO_PMCID		0	0	0	0	not_generated	FILLED	not_gated	tail10_24	FILLED	already closed
PRJNA777127	country	tail10_24	False	PMC9987243	europepmc_fulltext	True	True	https://doi.org/10.2147/idr.s403448	Carbapenem-Resistant and ESBL-Producing Enterobacterales Eme	False	False	False	not_gated	0	abstained		0	0	0	0	not_generated	FILLED	not_gated	tail10_24	FILLED	already closed
PRJNA777127	collection_date	tail10_24	False	PMC9987243	europepmc_fulltext	True	True	https://doi.org/10.2147/idr.s403448	Carbapenem-Resistant and ESBL-Producing Enterobacterales Eme	False	False	False	not_gated	0	abstained		0	0	0	0	not_generated	FILLED	not_gated	tail10_24	FILLED	already closed
PRJNA777127	isolation_source	tail10_24	False	PMC9987243	europepmc_fulltext	True	True	https://doi.org/10.2147/idr.s403448	Carbapenem-Resistant and ESBL-Producing Enterobacterales Eme	False	False	False	residual_per_sample	11	abstained	no_supp	0	0	0	11	not_generated	EXHAUSTED	no_supp	tail10_24	EXHAUSTED	already closed
PRJNA777127	host	tail10_24	False	PMC9987243	europepmc_fulltext	True	True	https://doi.org/10.2147/idr.s403448	Carbapenem-Resistant and ESBL-Producing Enterobacterales Eme	False	False	False	not_gated	0	abstained		0	0	0	0	not_generated	FILLED	not_gated	tail10_24	FILLED	already closed
PRJNA777533	country	tail10_24	False	PMC9176267	europepmc_fulltext	True	True	https://doi.org/10.1099/jmm.0.001496	Contribution of the efflux pump AcrAB-TolC to the tolerance 	False	False	False	not_gated	0	abstained		0	0	0	0	not_generated	FILLED	not_gated	tail10_24	FILLED	already closed
PRJNA777533	collection_date	tail10_24	False	PMC9176267	europepmc_fulltext	True	True	https://doi.org/10.1099/jmm.0.001496	Contribution of the efflux pump AcrAB-TolC to the tolerance 	False	False	False	covered	10	abstained		10	0	0	10	not_generated	FILLED	whole_field	tail10_24	FILLED	already closed
PRJNA777533	isolation_source	tail10_24	False	PMC9176267	europepmc_fulltext	True	True	https://doi.org/10.1099/jmm.0.001496	Contribution of the efflux pump AcrAB-TolC to the tolerance 	False	False	False	residual_per_sample	16	abstained	no_supp	0	0	0	16	not_generated	EXHAUSTED	no_supp	tail10_24	EXHAUSTED	already closed
PRJNA777533	host	tail10_24	False	PMC9176267	europepmc_fulltext	True	True	https://doi.org/10.1099/jmm.0.001496	Contribution of the efflux pump AcrAB-TolC to the tolerance 	False	False	False	residual_per_sample	7	abstained	no_supp	0	0	0	7	not_generated	EXHAUSTED	no_supp	tail10_24	EXHAUSTED	already closed
PRJNA786742	country	tail10_24	False	PMC8925887	pdf	True	True	https://doi.org/10.1128/jcm.02098-21	Multicenter Evaluation of the Acuitas AMR Gene Panel for Det	False	False	False	covered	21	abstained		21	0	0	21	not_generated	FILLED	whole_field	tail10_24	FILLED	already closed
PRJNA786742	collection_date	tail10_24	False	PMC8925887	pdf	True	True	https://doi.org/10.1128/jcm.02098-21	Multicenter Evaluation of the Acuitas AMR Gene Panel for Det	False	False	False	residual_per_sample	21	abstained	no_supp	0	0	0	21	not_generated	EXHAUSTED	no_supp	tail10_24	EXHAUSTED	already closed
PRJNA786742	isolation_source	tail10_24	False	PMC8925887	pdf	True	True	https://doi.org/10.1128/jcm.02098-21	Multicenter Evaluation of the Acuitas AMR Gene Panel for Det	False	False	False	residual_per_sample	21	abstained	no_supp	0	0	0	21	not_generated	EXHAUSTED	no_supp	tail10_24	EXHAUSTED	already closed
PRJNA786742	host	tail10_24	False	PMC8925887	pdf	True	True	https://doi.org/10.1128/jcm.02098-21	Multicenter Evaluation of the Acuitas AMR Gene Panel for Det	False	False	False	covered	6	abstained		6	0	0	6	not_generated	FILLED	whole_field	tail10_24	FILLED	already closed
PRJNA791930	country	tail10_24	False	PMC9241548	europepmc_fulltext	True	True	https://doi.org/10.1128/msphere.00190-22	In-Human Multiyear Evolution of Carbapenem-Resistant Klebsie	False	False	False	not_gated	0			0	0	0	0	not_generated	FILLED	not_gated	tail10_24	FILLED	already closed
PRJNA791930	collection_date	tail10_24	False	PMC9241548	europepmc_fulltext	True	True	https://doi.org/10.1128/msphere.00190-22	In-Human Multiyear Evolution of Carbapenem-Resistant Klebsie	False	False	False	not_gated	0			0	0	0	0	not_generated	FILLED	not_gated	tail10_24	FILLED	already closed
PRJNA791930	isolation_source	tail10_24	False	PMC9241548	europepmc_fulltext	True	True	https://doi.org/10.1128/msphere.00190-22	In-Human Multiyear Evolution of Carbapenem-Resistant Klebsie	False	False	False	not_gated	0			0	0	0	0	not_generated	FILLED	not_gated	tail10_24	FILLED	already closed
PRJNA791930	host	tail10_24	False	PMC9241548	europepmc_fulltext	True	True	https://doi.org/10.1128/msphere.00190-22	In-Human Multiyear Evolution of Carbapenem-Resistant Klebsie	False	False	False	not_gated	0			0	0	0	0	not_generated	FILLED	not_gated	tail10_24	FILLED	already closed
PRJNA795199	country	tail10_24	True		none	False	False			False	False	False	not_gated	0			0	0	0	0	not_generated	FILLED	not_gated	tail10_24	FILLED	already closed
PRJNA795199	collection_date	tail10_24	True		none	False	False			False	False	False	not_gated	0			0	0	0	0	not_generated	FILLED	not_gated	tail10_24	FILLED	already closed
PRJNA795199	isolation_source	tail10_24	True		none	False	False			False	False	False	not_gated	0			0	0	0	0	not_generated	FILLED	not_gated	tail10_24	FILLED	already closed
PRJNA795199	host	tail10_24	True		none	False	False			False	False	False	not_gated	0			0	0	0	0	not_generated	FILLED	not_gated	tail10_24	FILLED	already closed
PRJNA797874	country	tail10_24	False	PMC9602566	europepmc_fulltext	True	True	https://doi.org/10.1128/spectrum.00376-22	Comparative Analysis of Clinical and Genomic Characteristics	False	False	False	not_gated	0			0	0	0	0	not_generated	FILLED	not_gated	tail10_24	FILLED	already closed
PRJNA797874	collection_date	tail10_24	False	PMC9602566	europepmc_fulltext	True	True	https://doi.org/10.1128/spectrum.00376-22	Comparative Analysis of Clinical and Genomic Characteristics	False	False	False	not_gated	0			0	0	0	0	not_generated	FILLED	not_gated	tail10_24	FILLED	already closed
PRJNA797874	isolation_source	tail10_24	False	PMC9602566	europepmc_fulltext	True	True	https://doi.org/10.1128/spectrum.00376-22	Comparative Analysis of Clinical and Genomic Characteristics	False	False	False	not_gated	0			0	0	0	0	not_generated	FILLED	not_gated	tail10_24	FILLED	already closed
PRJNA797874	host	tail10_24	False	PMC9602566	europepmc_fulltext	True	True	https://doi.org/10.1128/spectrum.00376-22	Comparative Analysis of Clinical and Genomic Characteristics	False	False	False	not_gated	0			0	0	0	0	not_generated	FILLED	not_gated	tail10_24	FILLED	already closed
PRJNA799444	country	tail10_24	False	PMC9239081	europepmc_fulltext	True	True	https://doi.org/10.1128/msystems.01297-21	An Outbreak of ST859-K19 Carbapenem-Resistant Hypervirulent 	False	False	False	not_gated	0	abstained		0	0	0	0	not_generated	FILLED	not_gated	tail10_24	FILLED	already closed
PRJNA799444	collection_date	tail10_24	False	PMC9239081	europepmc_fulltext	True	True	https://doi.org/10.1128/msystems.01297-21	An Outbreak of ST859-K19 Carbapenem-Resistant Hypervirulent 	False	False	False	not_gated	0	abstained		0	0	0	0	not_generated	FILLED	not_gated	tail10_24	FILLED	already closed
PRJNA799444	isolation_source	tail10_24	False	PMC9239081	europepmc_fulltext	True	True	https://doi.org/10.1128/msystems.01297-21	An Outbreak of ST859-K19 Carbapenem-Resistant Hypervirulent 	False	False	False	residual_per_sample	11	abstained		0	0	0	11	not_generated	BLOCKED	needs_linkage	tail10_24	ACCEPTED	table has no ENA-mappable key (unanchored) or no per-isolate table exists
PRJNA799444	host	tail10_24	False	PMC9239081	europepmc_fulltext	True	True	https://doi.org/10.1128/msystems.01297-21	An Outbreak of ST859-K19 Carbapenem-Resistant Hypervirulent 	False	False	False	not_gated	0	abstained		0	0	0	0	not_generated	FILLED	not_gated	tail10_24	FILLED	already closed
PRJNA800400	country	tail10_24	False		local_pdf	True	True	https://doi.org/10.1016/j.scitotenv.2022.153632	Genomically diverse carbapenem resistant Enterobacteriaceae 	True	True	False	not_gated	0	NO_PMCID		0	0	0	0	not_generated	FILLED	not_gated	tail10_24	FILLED	already closed
PRJNA800400	collection_date	tail10_24	False		local_pdf	True	True	https://doi.org/10.1016/j.scitotenv.2022.153632	Genomically diverse carbapenem resistant Enterobacteriaceae 	True	True	False	not_gated	0	NO_PMCID		0	0	0	0	not_generated	FILLED	not_gated	tail10_24	FILLED	already closed
PRJNA800400	isolation_source	tail10_24	False		local_pdf	True	True	https://doi.org/10.1016/j.scitotenv.2022.153632	Genomically diverse carbapenem resistant Enterobacteriaceae 	True	True	False	not_gated	0	NO_PMCID		0	0	0	0	not_generated	FILLED	not_gated	tail10_24	FILLED	already closed
PRJNA800400	host	tail10_24	False		local_pdf	True	True	https://doi.org/10.1016/j.scitotenv.2022.153632	Genomically diverse carbapenem resistant Enterobacteriaceae 	True	True	False	covered	16	NO_PMCID		16	0	0	16	not_generated	FILLED	whole_field	tail10_24	FILLED	already closed
PRJNA800729	country	tail10_24	True		none	False	False			False	False	False	not_gated	0	NO_PMCID		0	0	0	0	not_generated	FILLED	not_gated	tail10_24	FILLED	already closed
PRJNA800729	collection_date	tail10_24	True		none	False	False			False	False	False	not_gated	0	NO_PMCID		0	0	0	0	not_generated	FILLED	not_gated	tail10_24	FILLED	already closed
PRJNA800729	isolation_source	tail10_24	True		none	False	False			False	False	False	not_gated	0	NO_PMCID		0	0	0	0	not_generated	FILLED	not_gated	tail10_24	FILLED	already closed
PRJNA800729	host	tail10_24	True		none	False	False			False	False	False	covered	9	NO_PMCID		9	0	0	9	not_generated	FILLED	whole_field	tail10_24	FILLED	already closed
PRJNA801425	country	tail10_24	False	PMC9328930	europepmc_fulltext	True	True	https://doi.org/10.3201/eid2808.212542	Dominant Carbapenemase-Encoding Plasmids in Clinical Enterob	False	False	False	not_gated	0	abstained		0	0	0	0	not_generated	FILLED	not_gated	tail10_24	FILLED	already closed
PRJNA801425	collection_date	tail10_24	False	PMC9328930	europepmc_fulltext	True	True	https://doi.org/10.3201/eid2808.212542	Dominant Carbapenemase-Encoding Plasmids in Clinical Enterob	False	False	False	residual_per_sample	19	abstained	no_supp	0	0	0	19	not_generated	EXHAUSTED	no_supp	tail10_24	EXHAUSTED	already closed
PRJNA801425	isolation_source	tail10_24	False	PMC9328930	europepmc_fulltext	True	True	https://doi.org/10.3201/eid2808.212542	Dominant Carbapenemase-Encoding Plasmids in Clinical Enterob	False	False	False	residual_per_sample	19	abstained	no_supp	0	0	0	19	not_generated	EXHAUSTED	no_supp	tail10_24	EXHAUSTED	already closed
PRJNA801425	host	tail10_24	False	PMC9328930	europepmc_fulltext	True	True	https://doi.org/10.3201/eid2808.212542	Dominant Carbapenemase-Encoding Plasmids in Clinical Enterob	False	False	False	covered	19	abstained		19	0	0	19	not_generated	FILLED	whole_field	tail10_24	FILLED	already closed
PRJNA803478	country	tail10_24	False	PMC10210951	europepmc_fulltext	True	True	https://doi.org/10.1099/mgen.0.000988	Evolutionary investigations of the biosynthetic diversity in	False	False	False	not_gated	0			0	0	0	0	not_generated	FILLED	not_gated	tail10_24	FILLED	already closed
PRJNA803478	collection_date	tail10_24	False	PMC10210951	europepmc_fulltext	True	True	https://doi.org/10.1099/mgen.0.000988	Evolutionary investigations of the biosynthetic diversity in	False	False	False	not_gated	0			0	0	0	0	not_generated	FILLED	not_gated	tail10_24	FILLED	already closed
PRJNA803478	isolation_source	tail10_24	False	PMC10210951	europepmc_fulltext	True	True	https://doi.org/10.1099/mgen.0.000988	Evolutionary investigations of the biosynthetic diversity in	False	False	False	not_gated	0			0	0	0	0	not_generated	FILLED	not_gated	tail10_24	FILLED	already closed
PRJNA803478	host	tail10_24	False	PMC10210951	europepmc_fulltext	True	True	https://doi.org/10.1099/mgen.0.000988	Evolutionary investigations of the biosynthetic diversity in	False	False	False	not_gated	0			0	0	0	0	not_generated	FILLED	not_gated	tail10_24	FILLED	already closed
PRJNA813961	country	tail10_24	False	PMC10464262	europepmc_fulltext	True	True	https://doi.org/10.1186/s12941-023-00601-2	Dissemination of the high-risk cloneST147 carbapenem-resista	False	False	False	not_gated	0			0	0	0	0	not_generated	FILLED	not_gated	tail10_24	FILLED	already closed
PRJNA813961	collection_date	tail10_24	False	PMC10464262	europepmc_fulltext	True	True	https://doi.org/10.1186/s12941-023-00601-2	Dissemination of the high-risk cloneST147 carbapenem-resista	False	False	False	not_gated	0			0	0	0	0	not_generated	FILLED	not_gated	tail10_24	FILLED	already closed
PRJNA813961	isolation_source	tail10_24	False	PMC10464262	europepmc_fulltext	True	True	https://doi.org/10.1186/s12941-023-00601-2	Dissemination of the high-risk cloneST147 carbapenem-resista	False	False	False	not_gated	0			0	0	0	0	not_generated	FILLED	not_gated	tail10_24	FILLED	already closed
PRJNA813961	host	tail10_24	False	PMC10464262	europepmc_fulltext	True	True	https://doi.org/10.1186/s12941-023-00601-2	Dissemination of the high-risk cloneST147 carbapenem-resista	False	False	False	not_gated	0			0	0	0	0	not_generated	FILLED	not_gated	tail10_24	FILLED	already closed
PRJNA817042	country	tail10_24	True		none	False	False			False	False	False	not_gated	0			0	0	0	0	not_generated	FILLED	not_gated	tail10_24	FILLED	already closed
PRJNA817042	collection_date	tail10_24	True		none	False	False			False	False	False	not_gated	0			0	0	0	0	not_generated	FILLED	not_gated	tail10_24	FILLED	already closed
PRJNA817042	isolation_source	tail10_24	True		none	False	False			False	False	False	not_gated	0			0	0	0	0	not_generated	FILLED	not_gated	tail10_24	FILLED	already closed
PRJNA817042	host	tail10_24	True		none	False	False			False	False	False	not_gated	0			0	0	0	0	not_generated	FILLED	not_gated	tail10_24	FILLED	already closed
PRJNA823356	country	tail10_24	True		none	False	False			False	False	False	not_gated	0	NO_PMCID		0	0	0	0	not_generated	FILLED	not_gated	tail10_24	FILLED	already closed
PRJNA823356	collection_date	tail10_24	True		none	False	False			False	False	False	not_gated	0	NO_PMCID		0	0	0	0	not_generated	FILLED	not_gated	tail10_24	FILLED	already closed
PRJNA823356	isolation_source	tail10_24	True		none	False	False			False	False	False	residual_per_sample	21	NO_PMCID	NO_PMCID	0	0	0	21	not_generated	EXHAUSTED	no_paper_findable	tail10_24	EXHAUSTED	already closed
PRJNA823356	host	tail10_24	True		none	False	False			False	False	False	not_gated	0	NO_PMCID		0	0	0	0	not_generated	FILLED	not_gated	tail10_24	FILLED	already closed
PRJNA827103	country	tail10_24	True		none	False	False			False	False	False	not_gated	0			0	0	0	0	not_generated	FILLED	not_gated	tail10_24	FILLED	already closed
PRJNA827103	collection_date	tail10_24	True		none	False	False			False	False	False	not_gated	0			0	0	0	0	not_generated	FILLED	not_gated	tail10_24	FILLED	already closed
PRJNA827103	isolation_source	tail10_24	True		none	False	False			False	False	False	not_gated	0			0	0	0	0	not_generated	FILLED	not_gated	tail10_24	FILLED	already closed
PRJNA827103	host	tail10_24	True		none	False	False			False	False	False	not_gated	0			0	0	0	0	not_generated	FILLED	not_gated	tail10_24	FILLED	already closed
PRJNA830444	country	tail10_24	False	PMC9676029	europepmc_fulltext	True	True	https://doi.org/10.1099/mgen.0.000892	IS<i>26</i>-mediated plasmid reshuffling results in converge	False	False	False	not_gated	0			0	0	0	0	not_generated	FILLED	not_gated	tail10_24	FILLED	already closed
PRJNA830444	collection_date	tail10_24	False	PMC9676029	europepmc_fulltext	True	True	https://doi.org/10.1099/mgen.0.000892	IS<i>26</i>-mediated plasmid reshuffling results in converge	False	False	False	not_gated	0			0	0	0	0	not_generated	FILLED	not_gated	tail10_24	FILLED	already closed
PRJNA830444	isolation_source	tail10_24	False	PMC9676029	europepmc_fulltext	True	True	https://doi.org/10.1099/mgen.0.000892	IS<i>26</i>-mediated plasmid reshuffling results in converge	False	False	False	not_gated	0			0	0	0	0	not_generated	FILLED	not_gated	tail10_24	FILLED	already closed
PRJNA830444	host	tail10_24	False	PMC9676029	europepmc_fulltext	True	True	https://doi.org/10.1099/mgen.0.000892	IS<i>26</i>-mediated plasmid reshuffling results in converge	False	False	False	not_gated	0			0	0	0	0	not_generated	FILLED	not_gated	tail10_24	FILLED	already closed
PRJNA832331	country	tail10_24	False	PMC12460818	europepmc_fulltext	True	True	https://doi.org/10.1038/s42003-025-08756-8	Analysis of the microbiota of raw commercial feline diets to	False	False	False	not_gated	0	abstained		0	0	0	0	not_generated	FILLED	not_gated	tail10_24	FILLED	already closed
PRJNA832331	collection_date	tail10_24	False	PMC12460818	europepmc_fulltext	True	True	https://doi.org/10.1038/s42003-025-08756-8	Analysis of the microbiota of raw commercial feline diets to	False	False	False	not_gated	0	abstained		0	0	0	0	not_generated	FILLED	not_gated	tail10_24	FILLED	already closed
PRJNA832331	isolation_source	tail10_24	False	PMC12460818	europepmc_fulltext	True	True	https://doi.org/10.1038/s42003-025-08756-8	Analysis of the microbiota of raw commercial feline diets to	False	False	False	not_gated	0	abstained		0	0	0	0	not_generated	FILLED	not_gated	tail10_24	FILLED	already closed
PRJNA832331	host	tail10_24	False	PMC12460818	europepmc_fulltext	True	True	https://doi.org/10.1038/s42003-025-08756-8	Analysis of the microbiota of raw commercial feline diets to	False	False	False	covered	12	abstained		12	0	0	12	not_generated	FILLED	whole_field	tail10_24	FILLED	already closed
PRJNA833742	country	tail10_24	True		none	False	False			False	False	False	not_gated	0	NO_PMCID		0	0	0	0	not_generated	FILLED	not_gated	tail10_24	FILLED	already closed
PRJNA833742	collection_date	tail10_24	True		none	False	False			False	False	False	not_gated	0	NO_PMCID		0	0	0	0	not_generated	FILLED	not_gated	tail10_24	FILLED	already closed
PRJNA833742	isolation_source	tail10_24	True		none	False	False			False	False	False	not_gated	0	NO_PMCID		0	0	0	0	not_generated	FILLED	not_gated	tail10_24	FILLED	already closed
PRJNA833742	host	tail10_24	True		none	False	False			False	False	False	residual_per_sample	17	NO_PMCID	NO_PMCID	0	0	0	17	not_generated	EXHAUSTED	no_paper_findable	tail10_24	EXHAUSTED	already closed
PRJNA835887	country	tail10_24	True		none	False	False			False	False	False	not_gated	0	NO_PMCID		0	0	0	0	not_generated	FILLED	not_gated	tail10_24	FILLED	already closed
PRJNA835887	collection_date	tail10_24	True		none	False	False			False	False	False	residual_per_sample	12	NO_PMCID	NO_PMCID	0	0	0	12	not_generated	EXHAUSTED	no_paper_findable	tail10_24	EXHAUSTED	already closed
PRJNA835887	isolation_source	tail10_24	True		none	False	False			False	False	False	residual_per_sample	12	NO_PMCID	NO_PMCID	0	0	0	12	not_generated	EXHAUSTED	no_paper_findable	tail10_24	EXHAUSTED	already closed
PRJNA835887	host	tail10_24	True		none	False	False			False	False	False	residual_per_sample	12	NO_PMCID	NO_PMCID	0	0	0	12	not_generated	EXHAUSTED	no_paper_findable	tail10_24	EXHAUSTED	already closed
PRJNA838107	country	tail10_24	False	PMC7613874	europepmc_fulltext	True	True	https://doi.org/10.1038/s41559-022-01908-7	Within-patient evolution of plasmid-mediated antimicrobial r	False	False	False	not_gated	0			0	0	0	0	not_generated	FILLED	not_gated	tail10_24	FILLED	already closed
PRJNA838107	collection_date	tail10_24	False	PMC7613874	europepmc_fulltext	True	True	https://doi.org/10.1038/s41559-022-01908-7	Within-patient evolution of plasmid-mediated antimicrobial r	False	False	False	not_gated	0			0	0	0	0	not_generated	FILLED	not_gated	tail10_24	FILLED	already closed
PRJNA838107	isolation_source	tail10_24	False	PMC7613874	europepmc_fulltext	True	True	https://doi.org/10.1038/s41559-022-01908-7	Within-patient evolution of plasmid-mediated antimicrobial r	False	False	False	not_gated	0			0	0	0	0	not_generated	FILLED	not_gated	tail10_24	FILLED	already closed
PRJNA838107	host	tail10_24	False	PMC7613874	europepmc_fulltext	True	True	https://doi.org/10.1038/s41559-022-01908-7	Within-patient evolution of plasmid-mediated antimicrobial r	False	False	False	not_gated	0			0	0	0	0	not_generated	FILLED	not_gated	tail10_24	FILLED	already closed
PRJNA845217	country	tail10_24	False	PMC10105422	europepmc_fulltext	True	True	https://doi.org/10.1186/s13756-023-01236-w	Hospital sanitary facilities on wards with high antibiotic e	False	False	False	not_gated	0	abstained		0	0	0	0	not_generated	FILLED	not_gated	tail10_24	FILLED	already closed
PRJNA845217	collection_date	tail10_24	False	PMC10105422	europepmc_fulltext	True	True	https://doi.org/10.1186/s13756-023-01236-w	Hospital sanitary facilities on wards with high antibiotic e	False	False	False	not_gated	0	abstained		0	0	0	0	not_generated	FILLED	not_gated	tail10_24	FILLED	already closed
PRJNA845217	isolation_source	tail10_24	False	PMC10105422	europepmc_fulltext	True	True	https://doi.org/10.1186/s13756-023-01236-w	Hospital sanitary facilities on wards with high antibiotic e	False	False	False	residual_per_sample	10	abstained	no_supp	0	0	0	10	not_generated	EXHAUSTED	no_supp	tail10_24	EXHAUSTED	already closed
PRJNA845217	host	tail10_24	False	PMC10105422	europepmc_fulltext	True	True	https://doi.org/10.1186/s13756-023-01236-w	Hospital sanitary facilities on wards with high antibiotic e	False	False	False	not_gated	0	abstained		0	0	0	0	not_generated	FILLED	not_gated	tail10_24	FILLED	already closed
PRJNA857878	country	tail10_24	True		none	False	False			False	False	False	not_gated	0	NO_PMCID		0	0	0	0	not_generated	FILLED	not_gated	tail10_24	FILLED	already closed
PRJNA857878	collection_date	tail10_24	True		none	False	False			False	False	False	not_gated	0	NO_PMCID		0	0	0	0	not_generated	FILLED	not_gated	tail10_24	FILLED	already closed
PRJNA857878	isolation_source	tail10_24	True		none	False	False			False	False	False	residual_per_sample	16	NO_PMCID	NO_PMCID	0	0	0	16	not_generated	EXHAUSTED	no_paper_findable	tail10_24	EXHAUSTED	already closed
PRJNA857878	host	tail10_24	True		none	False	False			False	False	False	not_gated	0	NO_PMCID		0	0	0	0	not_generated	FILLED	not_gated	tail10_24	FILLED	already closed
PRJNA865026	country	tail10_24	False	PMC10846045	europepmc_fulltext	True	True	https://doi.org/10.1128/spectrum.02503-23	Molecular characterization of carbapenemase-producing Entero	False	False	False	not_gated	0	abstained		0	0	0	0	not_generated	FILLED	not_gated	tail10_24	FILLED	already closed
PRJNA865026	collection_date	tail10_24	False	PMC10846045	europepmc_fulltext	True	True	https://doi.org/10.1128/spectrum.02503-23	Molecular characterization of carbapenemase-producing Entero	False	False	False	not_gated	0	abstained		0	0	0	0	not_generated	FILLED	not_gated	tail10_24	FILLED	already closed
PRJNA865026	isolation_source	tail10_24	False	PMC10846045	europepmc_fulltext	True	True	https://doi.org/10.1128/spectrum.02503-23	Molecular characterization of carbapenemase-producing Entero	False	False	False	residual_per_sample	15	abstained		0	0	0	15	not_generated	BLOCKED	needs_linkage	tail10_24	ACCEPTED	table has no ENA-mappable key (unanchored) or no per-isolate table exists
PRJNA865026	host	tail10_24	False	PMC10846045	europepmc_fulltext	True	True	https://doi.org/10.1128/spectrum.02503-23	Molecular characterization of carbapenemase-producing Entero	False	False	False	not_gated	0	abstained		0	0	0	0	not_generated	FILLED	not_gated	tail10_24	FILLED	already closed
PRJNA867572	country	tail10_24	True		none	False	False			False	False	False	not_gated	0			0	0	0	0	not_generated	FILLED	not_gated	tail10_24	FILLED	already closed
PRJNA867572	collection_date	tail10_24	True		none	False	False			False	False	False	not_gated	0			0	0	0	0	not_generated	FILLED	not_gated	tail10_24	FILLED	already closed
PRJNA867572	isolation_source	tail10_24	True		none	False	False			False	False	False	not_gated	0			0	0	0	0	not_generated	FILLED	not_gated	tail10_24	FILLED	already closed
PRJNA867572	host	tail10_24	True		none	False	False			False	False	False	not_gated	0			0	0	0	0	not_generated	FILLED	not_gated	tail10_24	FILLED	already closed
PRJNA869900	country	tail10_24	False	PMC9578389	pdf	True	True	https://doi.org/10.1128/aac.00918-22	<i>In Vitro</i> Mechanisms of Resistance Development to Imip	False	False	False	not_gated	0	abstained		0	0	0	0	not_generated	FILLED	not_gated	tail10_24	FILLED	already closed
PRJNA869900	collection_date	tail10_24	False	PMC9578389	pdf	True	True	https://doi.org/10.1128/aac.00918-22	<i>In Vitro</i> Mechanisms of Resistance Development to Imip	False	False	False	residual_per_sample	15	abstained	no_supp	0	0	0	15	not_generated	EXHAUSTED	no_supp	tail10_24	EXHAUSTED	already closed
PRJNA869900	isolation_source	tail10_24	False	PMC9578389	pdf	True	True	https://doi.org/10.1128/aac.00918-22	<i>In Vitro</i> Mechanisms of Resistance Development to Imip	False	False	False	residual_per_sample	15	abstained	no_supp	0	0	0	15	not_generated	EXHAUSTED	no_supp	tail10_24	EXHAUSTED	already closed
PRJNA869900	host	tail10_24	False	PMC9578389	pdf	True	True	https://doi.org/10.1128/aac.00918-22	<i>In Vitro</i> Mechanisms of Resistance Development to Imip	False	False	False	residual_per_sample	15	abstained	no_supp	0	0	0	15	not_generated	EXHAUSTED	no_supp	tail10_24	EXHAUSTED	already closed
PRJNA887042	country	tail10_24	False	PMC9615416	europepmc_fulltext	True	True	https://doi.org/10.2807/1560-7917.es.2022.27.43.2200795	Nosocomial outbreak by NDM-1-producing <i>Klebsiella pneumon	False	False	False	not_gated	0			0	0	0	0	not_generated	FILLED	not_gated	tail10_24	FILLED	already closed
PRJNA887042	collection_date	tail10_24	False	PMC9615416	europepmc_fulltext	True	True	https://doi.org/10.2807/1560-7917.es.2022.27.43.2200795	Nosocomial outbreak by NDM-1-producing <i>Klebsiella pneumon	False	False	False	not_gated	0			0	0	0	0	not_generated	FILLED	not_gated	tail10_24	FILLED	already closed
PRJNA887042	isolation_source	tail10_24	False	PMC9615416	europepmc_fulltext	True	True	https://doi.org/10.2807/1560-7917.es.2022.27.43.2200795	Nosocomial outbreak by NDM-1-producing <i>Klebsiella pneumon	False	False	False	not_gated	0			0	0	0	0	not_generated	FILLED	not_gated	tail10_24	FILLED	already closed
PRJNA887042	host	tail10_24	False	PMC9615416	europepmc_fulltext	True	True	https://doi.org/10.2807/1560-7917.es.2022.27.43.2200795	Nosocomial outbreak by NDM-1-producing <i>Klebsiella pneumon	False	False	False	not_gated	0			0	0	0	0	not_generated	FILLED	not_gated	tail10_24	FILLED	already closed
PRJNA897716	country	tail10_24	False		local_pdf	True	True	https://doi.org/10.1016/j.ijantimicag.2023.106709	In vitro-obtained meropenem-vaborbactam resistance mechanism	True	True	False	residual_per_sample	12	NO_PMCID	NO_PMCID	0	0	0	12	not_generated	EXHAUSTED	NO_PMCID	tail10_24	EXHAUSTED	already closed
PRJNA897716	collection_date	tail10_24	False		local_pdf	True	True	https://doi.org/10.1016/j.ijantimicag.2023.106709	In vitro-obtained meropenem-vaborbactam resistance mechanism	True	True	False	residual_per_sample	4	NO_PMCID	NO_PMCID	0	0	0	4	not_generated	EXHAUSTED	NO_PMCID	tail10_24	EXHAUSTED	already closed
PRJNA897716	isolation_source	tail10_24	False		local_pdf	True	True	https://doi.org/10.1016/j.ijantimicag.2023.106709	In vitro-obtained meropenem-vaborbactam resistance mechanism	True	True	False	residual_per_sample	4	NO_PMCID	NO_PMCID	0	0	0	4	not_generated	EXHAUSTED	NO_PMCID	tail10_24	EXHAUSTED	already closed
PRJNA897716	host	tail10_24	False		local_pdf	True	True	https://doi.org/10.1016/j.ijantimicag.2023.106709	In vitro-obtained meropenem-vaborbactam resistance mechanism	True	True	False	residual_per_sample	12	NO_PMCID	NO_PMCID	0	0	0	12	not_generated	EXHAUSTED	NO_PMCID	tail10_24	EXHAUSTED	already closed
PRJNA906139	country	tail10_24	False	PMC11515790	europepmc_fulltext	True	True	https://doi.org/10.1186/s12879-024-10056-1	Genomic dynamics of high-risk carbapenem-resistant klebsiell	False	False	False	not_gated	0	abstained		0	0	0	0	not_generated	FILLED	not_gated	tail10_24	FILLED	already closed
PRJNA906139	collection_date	tail10_24	False	PMC11515790	europepmc_fulltext	True	True	https://doi.org/10.1186/s12879-024-10056-1	Genomic dynamics of high-risk carbapenem-resistant klebsiell	False	False	False	not_gated	0	abstained		0	0	0	0	not_generated	FILLED	not_gated	tail10_24	FILLED	already closed
PRJNA906139	isolation_source	tail10_24	False	PMC11515790	europepmc_fulltext	True	True	https://doi.org/10.1186/s12879-024-10056-1	Genomic dynamics of high-risk carbapenem-resistant klebsiell	False	False	False	residual_per_sample	11	abstained		0	0	0	11	not_generated	BLOCKED	needs_linkage	tail10_24	ACCEPTED	table has no ENA-mappable key (unanchored) or no per-isolate table exists
PRJNA906139	host	tail10_24	False	PMC11515790	europepmc_fulltext	True	True	https://doi.org/10.1186/s12879-024-10056-1	Genomic dynamics of high-risk carbapenem-resistant klebsiell	False	False	False	not_gated	0	abstained		0	0	0	0	not_generated	FILLED	not_gated	tail10_24	FILLED	already closed
PRJNA908117	country	tail10_24	False	PMC10581156	europepmc_fulltext	True	True	https://doi.org/10.1128/spectrum.00549-23	Phylogenetic lineages and antimicrobial resistance determina	False	False	False	covered	20	two_hop		0	20	0	0	not_generated	FILLED	whole_field	tail10_24	FILLED	already closed
PRJNA908117	collection_date	tail10_24	False	PMC10581156	europepmc_fulltext	True	True	https://doi.org/10.1128/spectrum.00549-23	Phylogenetic lineages and antimicrobial resistance determina	False	False	False	covered	20	two_hop		0	20	0	0	not_generated	FILLED	whole_field	tail10_24	FILLED	already closed
PRJNA908117	isolation_source	tail10_24	False	PMC10581156	europepmc_fulltext	True	True	https://doi.org/10.1128/spectrum.00549-23	Phylogenetic lineages and antimicrobial resistance determina	False	False	False	covered	20	two_hop		0	20	0	0	not_generated	FILLED	whole_field	tail10_24	FILLED	already closed
PRJNA908117	host	tail10_24	False	PMC10581156	europepmc_fulltext	True	True	https://doi.org/10.1128/spectrum.00549-23	Phylogenetic lineages and antimicrobial resistance determina	False	False	False	covered	20	two_hop		0	20	0	0	not_generated	FILLED	whole_field	tail10_24	FILLED	already closed
PRJNA915250	country	tail10_24	False	PMC10483422	europepmc_fulltext	True	True	https://doi.org/10.1099/mgen.0.001098	Enhancing capacity for national genomics surveillance of ant	False	False	False	not_gated	0			0	0	0	0	not_generated	FILLED	not_gated	tail10_24	FILLED	already closed
PRJNA915250	collection_date	tail10_24	False	PMC10483422	europepmc_fulltext	True	True	https://doi.org/10.1099/mgen.0.001098	Enhancing capacity for national genomics surveillance of ant	False	False	False	not_gated	0			0	0	0	0	not_generated	FILLED	not_gated	tail10_24	FILLED	already closed
PRJNA915250	isolation_source	tail10_24	False	PMC10483422	europepmc_fulltext	True	True	https://doi.org/10.1099/mgen.0.001098	Enhancing capacity for national genomics surveillance of ant	False	False	False	not_gated	0			0	0	0	0	not_generated	FILLED	not_gated	tail10_24	FILLED	already closed
PRJNA915250	host	tail10_24	False	PMC10483422	europepmc_fulltext	True	True	https://doi.org/10.1099/mgen.0.001098	Enhancing capacity for national genomics surveillance of ant	False	False	False	not_gated	0			0	0	0	0	not_generated	FILLED	not_gated	tail10_24	FILLED	already closed
PRJNA917066	country	tail10_24	False	PMC10492301	europepmc_fulltext	True	True	https://doi.org/10.1186/s12941-023-00632-9	Genomic characterization of colistin-resistant Klebsiella pn	False	False	False	not_gated	0			0	0	0	0	not_generated	FILLED	not_gated	tail10_24	FILLED	already closed
PRJNA917066	collection_date	tail10_24	False	PMC10492301	europepmc_fulltext	True	True	https://doi.org/10.1186/s12941-023-00632-9	Genomic characterization of colistin-resistant Klebsiella pn	False	False	False	not_gated	0			0	0	0	0	not_generated	FILLED	not_gated	tail10_24	FILLED	already closed
PRJNA917066	isolation_source	tail10_24	False	PMC10492301	europepmc_fulltext	True	True	https://doi.org/10.1186/s12941-023-00632-9	Genomic characterization of colistin-resistant Klebsiella pn	False	False	False	not_gated	0			0	0	0	0	not_generated	FILLED	not_gated	tail10_24	FILLED	already closed
PRJNA917066	host	tail10_24	False	PMC10492301	europepmc_fulltext	True	True	https://doi.org/10.1186/s12941-023-00632-9	Genomic characterization of colistin-resistant Klebsiella pn	False	False	False	not_gated	0			0	0	0	0	not_generated	FILLED	not_gated	tail10_24	FILLED	already closed
PRJNA919159	country	tail10_24	False		local_pdf	True	True	https://doi.org/10.3168/jds.2023-23721	Comparative genomic analyses of Klebsiella pneumoniae K57 ca	True	True	False	covered	21	NO_PMCID		21	0	0	21	not_generated	FILLED	whole_field	tail10_24	FILLED	already closed
PRJNA919159	collection_date	tail10_24	False		local_pdf	True	True	https://doi.org/10.3168/jds.2023-23721	Comparative genomic analyses of Klebsiella pneumoniae K57 ca	True	True	False	covered	21	NO_PMCID		21	0	0	21	not_generated	FILLED	whole_field	tail10_24	FILLED	already closed
PRJNA919159	isolation_source	tail10_24	False		local_pdf	True	True	https://doi.org/10.3168/jds.2023-23721	Comparative genomic analyses of Klebsiella pneumoniae K57 ca	True	True	False	not_gated	0	NO_PMCID		0	0	0	0	not_generated	FILLED	not_gated	tail10_24	FILLED	already closed
PRJNA919159	host	tail10_24	False		local_pdf	True	True	https://doi.org/10.3168/jds.2023-23721	Comparative genomic analyses of Klebsiella pneumoniae K57 ca	True	True	False	not_gated	0	NO_PMCID		0	0	0	0	not_generated	FILLED	not_gated	tail10_24	FILLED	already closed
PRJNA922195	country	tail10_24	True		none	False	False			False	False	False	not_gated	0			0	0	0	0	not_generated	FILLED	not_gated	tail10_24	FILLED	already closed
PRJNA922195	collection_date	tail10_24	True		none	False	False			False	False	False	not_gated	0			0	0	0	0	not_generated	FILLED	not_gated	tail10_24	FILLED	already closed
PRJNA922195	isolation_source	tail10_24	True		none	False	False			False	False	False	not_gated	0			0	0	0	0	not_generated	FILLED	not_gated	tail10_24	FILLED	already closed
PRJNA922195	host	tail10_24	True		none	False	False			False	False	False	not_gated	0			0	0	0	0	not_generated	FILLED	not_gated	tail10_24	FILLED	already closed
PRJNA923792	country	tail10_24	False	PMC12079993	europepmc_fulltext	True	True	https://doi.org/10.1186/s12866-025-04002-7	Nodules-associated Klebsiella oxytoca complex: genomic insig	False	False	False	not_gated	0			0	0	0	0	not_generated	FILLED	not_gated	tail10_24	FILLED	already closed
PRJNA923792	collection_date	tail10_24	False	PMC12079993	europepmc_fulltext	True	True	https://doi.org/10.1186/s12866-025-04002-7	Nodules-associated Klebsiella oxytoca complex: genomic insig	False	False	False	not_gated	0			0	0	0	0	not_generated	FILLED	not_gated	tail10_24	FILLED	already closed
PRJNA923792	isolation_source	tail10_24	False	PMC12079993	europepmc_fulltext	True	True	https://doi.org/10.1186/s12866-025-04002-7	Nodules-associated Klebsiella oxytoca complex: genomic insig	False	False	False	not_gated	0			0	0	0	0	not_generated	FILLED	not_gated	tail10_24	FILLED	already closed
PRJNA923792	host	tail10_24	False	PMC12079993	europepmc_fulltext	True	True	https://doi.org/10.1186/s12866-025-04002-7	Nodules-associated Klebsiella oxytoca complex: genomic insig	False	False	False	not_gated	0			0	0	0	0	not_generated	FILLED	not_gated	tail10_24	FILLED	already closed
PRJNA947477	country	tail10_24	False	PMC10501869	europepmc_fulltext	True	True	https://doi.org/10.1016/j.apsb.2023.06.003	Polymyxin resistance caused by large-scale genomic inversion	False	False	False	not_gated	0	abstained		0	0	0	0	not_generated	FILLED	not_gated	tail10_24	FILLED	already closed
PRJNA947477	collection_date	tail10_24	False	PMC10501869	europepmc_fulltext	True	True	https://doi.org/10.1016/j.apsb.2023.06.003	Polymyxin resistance caused by large-scale genomic inversion	False	False	False	not_gated	0	abstained		0	0	0	0	not_generated	FILLED	not_gated	tail10_24	FILLED	already closed
PRJNA947477	isolation_source	tail10_24	False	PMC10501869	europepmc_fulltext	True	True	https://doi.org/10.1016/j.apsb.2023.06.003	Polymyxin resistance caused by large-scale genomic inversion	False	False	False	residual_per_sample	11	abstained		0	0	0	11	not_generated	BLOCKED	needs_linkage	tail10_24	ACCEPTED	table has no ENA-mappable key (unanchored) or no per-isolate table exists
PRJNA947477	host	tail10_24	False	PMC10501869	europepmc_fulltext	True	True	https://doi.org/10.1016/j.apsb.2023.06.003	Polymyxin resistance caused by large-scale genomic inversion	False	False	False	residual_per_sample	11	abstained		0	0	0	11	not_generated	BLOCKED	needs_linkage	tail10_24	ACCEPTED	table has no ENA-mappable key (unanchored) or no per-isolate table exists
PRJNA949542	country	tail10_24	True		none	False	False			False	False	False	not_gated	0	NO_PMCID		0	0	0	0	not_generated	FILLED	not_gated	tail10_24	FILLED	already closed
PRJNA949542	collection_date	tail10_24	True		none	False	False			False	False	False	not_gated	0	NO_PMCID		0	0	0	0	not_generated	FILLED	not_gated	tail10_24	FILLED	already closed
PRJNA949542	isolation_source	tail10_24	True		none	False	False			False	False	False	residual_per_sample	16	NO_PMCID	NO_PMCID	0	0	0	16	not_generated	EXHAUSTED	no_paper_findable	tail10_24	EXHAUSTED	already closed
PRJNA949542	host	tail10_24	True		none	False	False			False	False	False	not_gated	0	NO_PMCID		0	0	0	0	not_generated	FILLED	not_gated	tail10_24	FILLED	already closed
PRJNA951070	country	tail10_24	False	PMC10301528	europepmc_fulltext	True	True	https://doi.org/10.3390/microorganisms11061365	Used Nasogastric Feeding Tubes from Neonates Contain Infant-	False	False	False	not_gated	0	abstained		0	0	0	0	not_generated	FILLED	not_gated	tail10_24	FILLED	already closed
PRJNA951070	collection_date	tail10_24	False	PMC10301528	europepmc_fulltext	True	True	https://doi.org/10.3390/microorganisms11061365	Used Nasogastric Feeding Tubes from Neonates Contain Infant-	False	False	False	not_gated	0	abstained		0	0	0	0	not_generated	FILLED	not_gated	tail10_24	FILLED	already closed
PRJNA951070	isolation_source	tail10_24	False	PMC10301528	europepmc_fulltext	True	True	https://doi.org/10.3390/microorganisms11061365	Used Nasogastric Feeding Tubes from Neonates Contain Infant-	False	False	False	covered	12	abstained		12	0	0	12	not_generated	FILLED	whole_field	tail10_24	FILLED	already closed
PRJNA951070	host	tail10_24	False	PMC10301528	europepmc_fulltext	True	True	https://doi.org/10.3390/microorganisms11061365	Used Nasogastric Feeding Tubes from Neonates Contain Infant-	False	False	False	not_gated	0	abstained		0	0	0	0	not_generated	FILLED	not_gated	tail10_24	FILLED	already closed
PRJNA951629	country	tail10_24	False	PMC12625365	europepmc_fulltext	True	True	https://doi.org/10.1186/s12866-025-04494-3	Multidrug resistant hypervirulent ST307 clone from genomic s	False	False	False	not_gated	0			0	0	0	0	not_generated	FILLED	not_gated	tail10_24	FILLED	already closed
PRJNA951629	collection_date	tail10_24	False	PMC12625365	europepmc_fulltext	True	True	https://doi.org/10.1186/s12866-025-04494-3	Multidrug resistant hypervirulent ST307 clone from genomic s	False	False	False	not_gated	0			0	0	0	0	not_generated	FILLED	not_gated	tail10_24	FILLED	already closed
PRJNA951629	isolation_source	tail10_24	False	PMC12625365	europepmc_fulltext	True	True	https://doi.org/10.1186/s12866-025-04494-3	Multidrug resistant hypervirulent ST307 clone from genomic s	False	False	False	not_gated	0			0	0	0	0	not_generated	FILLED	not_gated	tail10_24	FILLED	already closed
PRJNA951629	host	tail10_24	False	PMC12625365	europepmc_fulltext	True	True	https://doi.org/10.1186/s12866-025-04494-3	Multidrug resistant hypervirulent ST307 clone from genomic s	False	False	False	not_gated	0			0	0	0	0	not_generated	FILLED	not_gated	tail10_24	FILLED	already closed
PRJNA951736	country	tail10_24	False	PMC10525843	europepmc_fulltext	True	True	https://doi.org/10.3390/antibiotics12091439	Polyclonal Multidrug ESBL-Producing <i>Klebsiella pneumoniae	False	False	False	not_gated	0			0	0	0	0	not_generated	FILLED	not_gated	tail10_24	FILLED	already closed
PRJNA951736	collection_date	tail10_24	False	PMC10525843	europepmc_fulltext	True	True	https://doi.org/10.3390/antibiotics12091439	Polyclonal Multidrug ESBL-Producing <i>Klebsiella pneumoniae	False	False	False	not_gated	0			0	0	0	0	not_generated	FILLED	not_gated	tail10_24	FILLED	already closed
PRJNA951736	isolation_source	tail10_24	False	PMC10525843	europepmc_fulltext	True	True	https://doi.org/10.3390/antibiotics12091439	Polyclonal Multidrug ESBL-Producing <i>Klebsiella pneumoniae	False	False	False	not_gated	0			0	0	0	0	not_generated	FILLED	not_gated	tail10_24	FILLED	already closed
PRJNA951736	host	tail10_24	False	PMC10525843	europepmc_fulltext	True	True	https://doi.org/10.3390/antibiotics12091439	Polyclonal Multidrug ESBL-Producing <i>Klebsiella pneumoniae	False	False	False	not_gated	0			0	0	0	0	not_generated	FILLED	not_gated	tail10_24	FILLED	already closed
PRJNA952961	country	tail10_24	False	PMC10918111	europepmc_fulltext	True	True	https://doi.org/10.1038/s41467-024-46147-5	Capsules and their traits shape phage susceptibility and pla	False	False	False	not_gated	0	abstained		0	0	0	0	not_generated	FILLED	not_gated	tail10_24	FILLED	already closed
PRJNA952961	collection_date	tail10_24	False	PMC10918111	europepmc_fulltext	True	True	https://doi.org/10.1038/s41467-024-46147-5	Capsules and their traits shape phage susceptibility and pla	False	False	False	not_gated	0	abstained		0	0	0	0	not_generated	FILLED	not_gated	tail10_24	FILLED	already closed
PRJNA952961	isolation_source	tail10_24	False	PMC10918111	europepmc_fulltext	True	True	https://doi.org/10.1038/s41467-024-46147-5	Capsules and their traits shape phage susceptibility and pla	False	False	False	residual_per_sample	15	abstained		0	0	0	15	not_generated	BLOCKED	needs_linkage	tail10_24	ACCEPTED	table has no ENA-mappable key (unanchored) or no per-isolate table exists
PRJNA952961	host	tail10_24	False	PMC10918111	europepmc_fulltext	True	True	https://doi.org/10.1038/s41467-024-46147-5	Capsules and their traits shape phage susceptibility and pla	False	False	False	residual_per_sample	15	abstained		0	0	0	15	not_generated	BLOCKED	needs_linkage	tail10_24	ACCEPTED	table has no ENA-mappable key (unanchored) or no per-isolate table exists
PRJNA956653	country	tail10_24	False	PMC11451243	europepmc_fulltext	True	True	https://doi.org/10.1186/s12864-024-10835-9	Whole-genome sequencing of Klebsiella pneumoniae MDR circula	False	False	False	not_gated	0			0	0	0	0	not_generated	FILLED	not_gated	tail10_24	FILLED	already closed
PRJNA956653	collection_date	tail10_24	False	PMC11451243	europepmc_fulltext	True	True	https://doi.org/10.1186/s12864-024-10835-9	Whole-genome sequencing of Klebsiella pneumoniae MDR circula	False	False	False	not_gated	0			0	0	0	0	not_generated	FILLED	not_gated	tail10_24	FILLED	already closed
PRJNA956653	isolation_source	tail10_24	False	PMC11451243	europepmc_fulltext	True	True	https://doi.org/10.1186/s12864-024-10835-9	Whole-genome sequencing of Klebsiella pneumoniae MDR circula	False	False	False	not_gated	0			0	0	0	0	not_generated	FILLED	not_gated	tail10_24	FILLED	already closed
PRJNA956653	host	tail10_24	False	PMC11451243	europepmc_fulltext	True	True	https://doi.org/10.1186/s12864-024-10835-9	Whole-genome sequencing of Klebsiella pneumoniae MDR circula	False	False	False	not_gated	0			0	0	0	0	not_generated	FILLED	not_gated	tail10_24	FILLED	already closed
PRJNA956693	country	tail10_24	False	PMC11599855	europepmc_fulltext	True	True	https://doi.org/10.3389/fvets.2024.1455021	Antibiotic efficacy and resistance patterns of urinary tract	False	False	False	not_gated	0			0	0	0	0	not_generated	FILLED	not_gated	tail10_24	FILLED	already closed
PRJNA956693	collection_date	tail10_24	False	PMC11599855	europepmc_fulltext	True	True	https://doi.org/10.3389/fvets.2024.1455021	Antibiotic efficacy and resistance patterns of urinary tract	False	False	False	not_gated	0			0	0	0	0	not_generated	FILLED	not_gated	tail10_24	FILLED	already closed
PRJNA956693	isolation_source	tail10_24	False	PMC11599855	europepmc_fulltext	True	True	https://doi.org/10.3389/fvets.2024.1455021	Antibiotic efficacy and resistance patterns of urinary tract	False	False	False	not_gated	0			0	0	0	0	not_generated	FILLED	not_gated	tail10_24	FILLED	already closed
PRJNA956693	host	tail10_24	False	PMC11599855	europepmc_fulltext	True	True	https://doi.org/10.3389/fvets.2024.1455021	Antibiotic efficacy and resistance patterns of urinary tract	False	False	False	not_gated	0			0	0	0	0	not_generated	FILLED	not_gated	tail10_24	FILLED	already closed
PRJNA956822	country	tail10_24	False	PMC10474722	europepmc_fulltext	True	True	https://doi.org/10.1186/s12866-023-02974-y	Exploring multidrug-resistant Klebsiella pneumoniae antimicr	False	False	False	not_gated	0	abstained		0	0	0	0	not_generated	FILLED	not_gated	tail10_24	FILLED	already closed
PRJNA956822	collection_date	tail10_24	False	PMC10474722	europepmc_fulltext	True	True	https://doi.org/10.1186/s12866-023-02974-y	Exploring multidrug-resistant Klebsiella pneumoniae antimicr	False	False	False	not_gated	0	abstained		0	0	0	0	not_generated	FILLED	not_gated	tail10_24	FILLED	already closed
PRJNA956822	isolation_source	tail10_24	False	PMC10474722	europepmc_fulltext	True	True	https://doi.org/10.1186/s12866-023-02974-y	Exploring multidrug-resistant Klebsiella pneumoniae antimicr	False	False	False	residual_per_sample	19	abstained		0	0	0	19	not_generated	BLOCKED	needs_linkage	tail10_24	ACCEPTED	table has no ENA-mappable key (unanchored) or no per-isolate table exists
PRJNA956822	host	tail10_24	False	PMC10474722	europepmc_fulltext	True	True	https://doi.org/10.1186/s12866-023-02974-y	Exploring multidrug-resistant Klebsiella pneumoniae antimicr	False	False	False	covered	19	abstained		19	0	0	19	not_generated	FILLED	whole_field	tail10_24	FILLED	already closed
PRJNA962867	country	tail10_24	False	PMC10433420	europepmc_fulltext	True	True	https://doi.org/10.1099/mic.0.001369	The distribution of fitness effects of plasmid pOXA-48 in cl	False	False	False	not_gated	0			0	0	0	0	not_generated	FILLED	not_gated	tail10_24	FILLED	already closed
PRJNA962867	collection_date	tail10_24	False	PMC10433420	europepmc_fulltext	True	True	https://doi.org/10.1099/mic.0.001369	The distribution of fitness effects of plasmid pOXA-48 in cl	False	False	False	not_gated	0			0	0	0	0	not_generated	FILLED	not_gated	tail10_24	FILLED	already closed
PRJNA962867	isolation_source	tail10_24	False	PMC10433420	europepmc_fulltext	True	True	https://doi.org/10.1099/mic.0.001369	The distribution of fitness effects of plasmid pOXA-48 in cl	False	False	False	not_gated	0			0	0	0	0	not_generated	FILLED	not_gated	tail10_24	FILLED	already closed
PRJNA962867	host	tail10_24	False	PMC10433420	europepmc_fulltext	True	True	https://doi.org/10.1099/mic.0.001369	The distribution of fitness effects of plasmid pOXA-48 in cl	False	False	False	not_gated	0			0	0	0	0	not_generated	FILLED	not_gated	tail10_24	FILLED	already closed
PRJNA982765	country	tail10_24	True		none	False	False			False	False	False	not_gated	0	NO_PMCID		0	0	0	0	not_generated	FILLED	not_gated	tail10_24	FILLED	already closed
PRJNA982765	collection_date	tail10_24	True		none	False	False			False	False	False	not_gated	0	NO_PMCID		0	0	0	0	not_generated	FILLED	not_gated	tail10_24	FILLED	already closed
PRJNA982765	isolation_source	tail10_24	True		none	False	False			False	False	False	not_gated	0	NO_PMCID		0	0	0	0	not_generated	FILLED	not_gated	tail10_24	FILLED	already closed
PRJNA982765	host	tail10_24	True		none	False	False			False	False	False	covered	9	NO_PMCID		9	0	0	9	not_generated	FILLED	whole_field	tail10_24	FILLED	already closed
PRJNA984017	country	tail10_24	False	PMC11913740	europepmc_fulltext	True	True	https://doi.org/10.1016/j.eng.2024.02.010	The Triple Combination of Meropenem, Avibactam, and a Metall	False	False	False	residual_per_sample	15	abstained		0	0	0	15	not_generated	BLOCKED	needs_linkage	tail10_24	ACCEPTED	table has no ENA-mappable key (unanchored) or no per-isolate table exists
PRJNA984017	collection_date	tail10_24	False	PMC11913740	europepmc_fulltext	True	True	https://doi.org/10.1016/j.eng.2024.02.010	The Triple Combination of Meropenem, Avibactam, and a Metall	False	False	False	residual_per_sample	15	abstained		0	0	0	15	not_generated	BLOCKED	needs_linkage	tail10_24	ACCEPTED	table has no ENA-mappable key (unanchored) or no per-isolate table exists
PRJNA984017	isolation_source	tail10_24	False	PMC11913740	europepmc_fulltext	True	True	https://doi.org/10.1016/j.eng.2024.02.010	The Triple Combination of Meropenem, Avibactam, and a Metall	False	False	False	residual_per_sample	15	abstained		0	0	0	15	not_generated	BLOCKED	needs_linkage	tail10_24	ACCEPTED	table has no ENA-mappable key (unanchored) or no per-isolate table exists
PRJNA984017	host	tail10_24	False	PMC11913740	europepmc_fulltext	True	True	https://doi.org/10.1016/j.eng.2024.02.010	The Triple Combination of Meropenem, Avibactam, and a Metall	False	False	False	residual_per_sample	15	abstained		0	0	0	15	not_generated	BLOCKED	needs_linkage	tail10_24	ACCEPTED	table has no ENA-mappable key (unanchored) or no per-isolate table exists
PRJNA984710	country	tail10_24	False	PMC11784238	europepmc_fulltext	True	True	https://doi.org/10.1128/iai.00486-24	Prevalence and features of hypervirulent &lt;i&gt;Klebsiella	False	False	False	covered	11	abstained		11	0	0	11	not_generated	FILLED	whole_field	tail10_24	FILLED	already closed
PRJNA984710	collection_date	tail10_24	False	PMC11784238	europepmc_fulltext	True	True	https://doi.org/10.1128/iai.00486-24	Prevalence and features of hypervirulent &lt;i&gt;Klebsiella	False	False	False	residual_per_sample	11	abstained	no_supp	0	0	0	11	not_generated	EXHAUSTED	no_supp	tail10_24	EXHAUSTED	already closed
PRJNA984710	isolation_source	tail10_24	False	PMC11784238	europepmc_fulltext	True	True	https://doi.org/10.1128/iai.00486-24	Prevalence and features of hypervirulent &lt;i&gt;Klebsiella	False	False	False	covered	11	abstained		11	0	0	11	not_generated	FILLED	whole_field	tail10_24	FILLED	already closed
PRJNA984710	host	tail10_24	False	PMC11784238	europepmc_fulltext	True	True	https://doi.org/10.1128/iai.00486-24	Prevalence and features of hypervirulent &lt;i&gt;Klebsiella	False	False	False	covered	11	abstained		11	0	0	11	not_generated	FILLED	whole_field	tail10_24	FILLED	already closed
PRJNA986550	country	tail10_24	False	PMC10597399	europepmc_fulltext	True	True	https://doi.org/10.1128/msphere.00288-23	Urine-mediated suppression of <i>Klebsiella pneumoniae</i> m	False	False	False	residual_per_sample	23	abstained		0	0	0	23	not_generated	BLOCKED	needs_linkage	tail10_24	ACCEPTED	table has no ENA-mappable key (unanchored) or no per-isolate table exists
PRJNA986550	collection_date	tail10_24	False	PMC10597399	europepmc_fulltext	True	True	https://doi.org/10.1128/msphere.00288-23	Urine-mediated suppression of <i>Klebsiella pneumoniae</i> m	False	False	False	residual_per_sample	23	abstained		0	0	0	23	not_generated	BLOCKED	needs_linkage	tail10_24	ACCEPTED	table has no ENA-mappable key (unanchored) or no per-isolate table exists
PRJNA986550	isolation_source	tail10_24	False	PMC10597399	europepmc_fulltext	True	True	https://doi.org/10.1128/msphere.00288-23	Urine-mediated suppression of <i>Klebsiella pneumoniae</i> m	False	False	False	residual_per_sample	23	abstained		0	0	0	23	not_generated	BLOCKED	needs_linkage	tail10_24	ACCEPTED	table has no ENA-mappable key (unanchored) or no per-isolate table exists
PRJNA986550	host	tail10_24	False	PMC10597399	europepmc_fulltext	True	True	https://doi.org/10.1128/msphere.00288-23	Urine-mediated suppression of <i>Klebsiella pneumoniae</i> m	False	False	False	residual_per_sample	23	abstained		0	0	0	23	not_generated	BLOCKED	needs_linkage	tail10_24	ACCEPTED	table has no ENA-mappable key (unanchored) or no per-isolate table exists
PRJNA986585	country	tail10_24	False	PMC10383945	europepmc_fulltext	True	True	https://doi.org/10.3390/microorganisms11071717	Clinical and Genomic Characterization of Carbapenem-Resistan	False	False	False	not_gated	0			0	0	0	0	not_generated	FILLED	not_gated	tail10_24	FILLED	already closed
PRJNA986585	collection_date	tail10_24	False	PMC10383945	europepmc_fulltext	True	True	https://doi.org/10.3390/microorganisms11071717	Clinical and Genomic Characterization of Carbapenem-Resistan	False	False	False	not_gated	0			0	0	0	0	not_generated	FILLED	not_gated	tail10_24	FILLED	already closed
PRJNA986585	isolation_source	tail10_24	False	PMC10383945	europepmc_fulltext	True	True	https://doi.org/10.3390/microorganisms11071717	Clinical and Genomic Characterization of Carbapenem-Resistan	False	False	False	not_gated	0			0	0	0	0	not_generated	FILLED	not_gated	tail10_24	FILLED	already closed
PRJNA986585	host	tail10_24	False	PMC10383945	europepmc_fulltext	True	True	https://doi.org/10.3390/microorganisms11071717	Clinical and Genomic Characterization of Carbapenem-Resistan	False	False	False	not_gated	0			0	0	0	0	not_generated	FILLED	not_gated	tail10_24	FILLED	already closed
PRJNA994484	country	tail10_24	False	PMC11481518	europepmc_fulltext	True	True	https://doi.org/10.1128/mbio.01393-24	Phage-antibiotic synergy suppresses resistance emergence of 	False	False	False	not_gated	0	abstained		0	0	0	0	not_generated	FILLED	not_gated	tail10_24	FILLED	already closed
PRJNA994484	collection_date	tail10_24	False	PMC11481518	europepmc_fulltext	True	True	https://doi.org/10.1128/mbio.01393-24	Phage-antibiotic synergy suppresses resistance emergence of 	False	False	False	not_gated	0	abstained		0	0	0	0	not_generated	FILLED	not_gated	tail10_24	FILLED	already closed
PRJNA994484	isolation_source	tail10_24	False	PMC11481518	europepmc_fulltext	True	True	https://doi.org/10.1128/mbio.01393-24	Phage-antibiotic synergy suppresses resistance emergence of 	False	False	False	residual_per_sample	11	abstained		0	0	0	11	not_generated	BLOCKED	needs_linkage	tail10_24	ACCEPTED	table has no ENA-mappable key (unanchored) or no per-isolate table exists
PRJNA994484	host	tail10_24	False	PMC11481518	europepmc_fulltext	True	True	https://doi.org/10.1128/mbio.01393-24	Phage-antibiotic synergy suppresses resistance emergence of 	False	False	False	not_gated	0	abstained		0	0	0	0	not_generated	FILLED	not_gated	tail10_24	FILLED	already closed
PRJNA994967	country	tail10_24	False	PMC10865842	europepmc_fulltext	True	True	https://doi.org/10.1128/mbio.02867-23	Differentiation of hypervirulent and classical &lt;i&gt;Kleb	False	False	False	not_gated	0	abstained		0	0	0	0	not_generated	FILLED	not_gated	tail10_24	FILLED	already closed
PRJNA994967	collection_date	tail10_24	False	PMC10865842	europepmc_fulltext	True	True	https://doi.org/10.1128/mbio.02867-23	Differentiation of hypervirulent and classical &lt;i&gt;Kleb	False	False	False	not_gated	0	abstained		0	0	0	0	not_generated	FILLED	not_gated	tail10_24	FILLED	already closed
PRJNA994967	isolation_source	tail10_24	False	PMC10865842	europepmc_fulltext	True	True	https://doi.org/10.1128/mbio.02867-23	Differentiation of hypervirulent and classical &lt;i&gt;Kleb	False	False	False	residual_per_sample	19	abstained	abstained_other	0	0	0	19	not_generated	EXHAUSTED	abstained_other	tail10_24	EXHAUSTED	already closed
PRJNA994967	host	tail10_24	False	PMC10865842	europepmc_fulltext	True	True	https://doi.org/10.1128/mbio.02867-23	Differentiation of hypervirulent and classical &lt;i&gt;Kleb	False	False	False	not_gated	0	abstained		0	0	0	0	not_generated	FILLED	not_gated	tail10_24	FILLED	already closed
PRJNA996741	country	tail10_24	True		none	False	False			False	False	False	not_gated	0			0	0	0	0	not_generated	FILLED	not_gated	tail10_24	FILLED	already closed
PRJNA996741	collection_date	tail10_24	True		none	False	False			False	False	False	not_gated	0			0	0	0	0	not_generated	FILLED	not_gated	tail10_24	FILLED	already closed
PRJNA996741	isolation_source	tail10_24	True		none	False	False			False	False	False	not_gated	0			0	0	0	0	not_generated	FILLED	not_gated	tail10_24	FILLED	already closed
PRJNA996741	host	tail10_24	True		none	False	False			False	False	False	not_gated	0			0	0	0	0	not_generated	FILLED	not_gated	tail10_24	FILLED	already closed
