tag	study_accession	sample_accession	field	ena_value	applied_value	changed	class	review_flag	evidence	paper
train	PRJEB36683	SAMEA6531361	isolation_source	Human body sites or biosamples	SCALP	True	categorical_change		13073_2024_1332_MOESM1_ESM.xlsx:ERR3891098	https://pmc.ncbi.nlm.nih.gov/articles/PMC11025284/
train	PRJEB36683	SAMEA6531354	isolation_source	Human body sites or biosamples	BLOOD	True	categorical_change		13073_2024_1332_MOESM1_ESM.xlsx:ERR3891091	https://pmc.ncbi.nlm.nih.gov/articles/PMC11025284/
train	PRJEB36683	SAMEA6531286	isolation_source	Human body sites or biosamples	URINE	True	categorical_change		13073_2024_1332_MOESM1_ESM.xlsx:ERR3891023	https://pmc.ncbi.nlm.nih.gov/articles/PMC11025284/
train	PRJEB36683	SAMEA6531376	isolation_source	Human body sites or biosamples	EAR	True	categorical_change		13073_2024_1332_MOESM1_ESM.xlsx:ERR3891113	https://pmc.ncbi.nlm.nih.gov/articles/PMC11025284/
train	PRJEB36683	SAMEA6531312	isolation_source	Human body sites or biosamples	LUNG	True	categorical_change		13073_2024_1332_MOESM1_ESM.xlsx:ERR3891049	https://pmc.ncbi.nlm.nih.gov/articles/PMC11025284/
train	PRJEB36683	SAMEA6531307	isolation_source	Human body sites or biosamples	ABDOMEN	True	categorical_change		13073_2024_1332_MOESM1_ESM.xlsx:ERR3891044	https://pmc.ncbi.nlm.nih.gov/articles/PMC11025284/
train	PRJEB36683	SAMEA6531340	isolation_source	Human body sites or biosamples	BLOOD	True	categorical_change		13073_2024_1332_MOESM1_ESM.xlsx:ERR3891077	https://pmc.ncbi.nlm.nih.gov/articles/PMC11025284/
train	PRJEB36683	SAMEA6531323	isolation_source	Human body sites or biosamples	URINE	True	categorical_change		13073_2024_1332_MOESM1_ESM.xlsx:ERR3891060	https://pmc.ncbi.nlm.nih.gov/articles/PMC11025284/
train	PRJEB36683	SAMEA6531330	isolation_source	Human body sites or biosamples	URINE	True	categorical_change		13073_2024_1332_MOESM1_ESM.xlsx:ERR3891067	https://pmc.ncbi.nlm.nih.gov/articles/PMC11025284/
train	PRJEB36683	SAMEA6531333	isolation_source	Human body sites or biosamples	BLOOD	True	categorical_change		13073_2024_1332_MOESM1_ESM.xlsx:ERR3891070	https://pmc.ncbi.nlm.nih.gov/articles/PMC11025284/
train	PRJEB36683	SAMEA6531364	isolation_source	Human body sites or biosamples	LUNG	True	categorical_change		13073_2024_1332_MOESM1_ESM.xlsx:ERR3891101	https://pmc.ncbi.nlm.nih.gov/articles/PMC11025284/
train	PRJEB36683	SAMEA6531277	isolation_source	Human body sites or biosamples	URINE	True	categorical_change		13073_2024_1332_MOESM1_ESM.xlsx:ERR3891014	https://pmc.ncbi.nlm.nih.gov/articles/PMC11025284/
train	PRJEB36683	SAMEA6531382	isolation_source	Human body sites or biosamples	URINE	True	categorical_change		13073_2024_1332_MOESM1_ESM.xlsx:ERR3891119	https://pmc.ncbi.nlm.nih.gov/articles/PMC11025284/
train	PRJEB36683	SAMEA6531318	isolation_source	Human body sites or biosamples	BLOOD	True	categorical_change		13073_2024_1332_MOESM1_ESM.xlsx:ERR3891055	https://pmc.ncbi.nlm.nih.gov/articles/PMC11025284/
train	PRJEB36683	SAMEA6531478	isolation_source	Human body sites or biosamples	URINE	True	categorical_change		13073_2024_1332_MOESM1_ESM.xlsx:ERR3891214	https://pmc.ncbi.nlm.nih.gov/articles/PMC11025284/
train	PRJEB36683	SAMEA6531337	isolation_source	Human body sites or biosamples	URINE	True	categorical_change		13073_2024_1332_MOESM1_ESM.xlsx:ERR3891074	https://pmc.ncbi.nlm.nih.gov/articles/PMC11025284/
train	PRJEB36683	SAMEA6531310	isolation_source	Human body sites or biosamples	LUNG	True	categorical_change		13073_2024_1332_MOESM1_ESM.xlsx:ERR3891047	https://pmc.ncbi.nlm.nih.gov/articles/PMC11025284/
train	PRJEB36683	SAMEA6531405	isolation_source	Human body sites or biosamples	Others	True	categorical_change		13073_2024_1332_MOESM1_ESM.xlsx:ERR3891142	https://pmc.ncbi.nlm.nih.gov/articles/PMC11025284/
train	PRJEB36683	SAMEA6531324	isolation_source	Human body sites or biosamples	URINE	True	categorical_change		13073_2024_1332_MOESM1_ESM.xlsx:ERR3891061	https://pmc.ncbi.nlm.nih.gov/articles/PMC11025284/
train	PRJEB36683	SAMEA6531331	isolation_source	Human body sites or biosamples	URINE	True	categorical_change		13073_2024_1332_MOESM1_ESM.xlsx:ERR3891068	https://pmc.ncbi.nlm.nih.gov/articles/PMC11025284/
train	PRJEB36683	SAMEA6531341	isolation_source	Human body sites or biosamples	LUNG	True	categorical_change		13073_2024_1332_MOESM1_ESM.xlsx:ERR3891078	https://pmc.ncbi.nlm.nih.gov/articles/PMC11025284/
train	PRJEB36683	SAMEA6531271	isolation_source	Human body sites or biosamples	LUNG	True	categorical_change		13073_2024_1332_MOESM1_ESM.xlsx:ERR3891008	https://pmc.ncbi.nlm.nih.gov/articles/PMC11025284/
train	PRJEB36683	SAMEA114126188	isolation_source	Clinical sample	MB	True	categorical_change		13073_2024_1332_MOESM1_ESM.xlsx:ERR11752388	https://pmc.ncbi.nlm.nih.gov/articles/PMC11025284/
train	PRJEB36683	SAMEA114126203	isolation_source	Clinical sample	BLOOD	True	categorical_change		13073_2024_1332_MOESM1_ESM.xlsx:ERR11752349	https://pmc.ncbi.nlm.nih.gov/articles/PMC11025284/
train	PRJEB36683	SAMEA6531380	isolation_source	Human body sites or biosamples	ABDOMEN	True	categorical_change		13073_2024_1332_MOESM1_ESM.xlsx:ERR3891117	https://pmc.ncbi.nlm.nih.gov/articles/PMC11025284/
train	PRJEB36683	SAMEA6531316	isolation_source	Human body sites or biosamples	URINE	True	categorical_change		13073_2024_1332_MOESM1_ESM.xlsx:ERR3891053	https://pmc.ncbi.nlm.nih.gov/articles/PMC11025284/
train	PRJEB36683	SAMEA6531305	isolation_source	Human body sites or biosamples	LUNG	True	categorical_change		13073_2024_1332_MOESM1_ESM.xlsx:ERR3891042	https://pmc.ncbi.nlm.nih.gov/articles/PMC11025284/
train	PRJEB36683	SAMEA6531281	isolation_source	Human body sites or biosamples	RT TRUNK	True	categorical_change		13073_2024_1332_MOESM1_ESM.xlsx:ERR3891018	https://pmc.ncbi.nlm.nih.gov/articles/PMC11025284/
train	PRJEB36683	SAMEA114126261	isolation_source	Clinical sample	BLOOD	True	categorical_change		13073_2024_1332_MOESM1_ESM.xlsx:ERR11752351	https://pmc.ncbi.nlm.nih.gov/articles/PMC11025284/
train	PRJEB36683	SAMEA6531309	isolation_source	Human body sites or biosamples	URINE	True	categorical_change		13073_2024_1332_MOESM1_ESM.xlsx:ERR3891046	https://pmc.ncbi.nlm.nih.gov/articles/PMC11025284/
train	PRJEB36683	SAMEA6531445	isolation_source	Human body sites or biosamples	LUNG	True	categorical_change		13073_2024_1332_MOESM1_ESM.xlsx:ERR3891181	https://pmc.ncbi.nlm.nih.gov/articles/PMC11025284/
train	PRJEB36683	SAMEA6531321	isolation_source	Human body sites or biosamples	ABDOMEN	True	categorical_change		13073_2024_1332_MOESM1_ESM.xlsx:ERR3891058	https://pmc.ncbi.nlm.nih.gov/articles/PMC11025284/
train	PRJEB36683	SAMEA6531353	isolation_source	Human body sites or biosamples	Others	True	categorical_change		13073_2024_1332_MOESM1_ESM.xlsx:ERR3891090	https://pmc.ncbi.nlm.nih.gov/articles/PMC11025284/
train	PRJEB36683	SAMEA6531368	isolation_source	Human body sites or biosamples	Others	True	categorical_change		13073_2024_1332_MOESM1_ESM.xlsx:ERR3891105	https://pmc.ncbi.nlm.nih.gov/articles/PMC11025284/
train	PRJEB36683	SAMEA6531471	isolation_source	Human body sites or biosamples	RT TRUNK	True	categorical_change		13073_2024_1332_MOESM1_ESM.xlsx:ERR3891207	https://pmc.ncbi.nlm.nih.gov/articles/PMC11025284/
train	PRJEB36683	SAMEA6531371	isolation_source	Human body sites or biosamples	Others	True	categorical_change		13073_2024_1332_MOESM1_ESM.xlsx:ERR3891108	https://pmc.ncbi.nlm.nih.gov/articles/PMC11025284/
train	PRJEB36683	SAMEA6531289	isolation_source	Human body sites or biosamples	BLOOD	True	categorical_change		13073_2024_1332_MOESM1_ESM.xlsx:ERR3891026	https://pmc.ncbi.nlm.nih.gov/articles/PMC11025284/
train	PRJEB36683	SAMEA6531320	isolation_source	Human body sites or biosamples	URINE	True	categorical_change		13073_2024_1332_MOESM1_ESM.xlsx:ERR3891057	https://pmc.ncbi.nlm.nih.gov/articles/PMC11025284/
train	PRJEB36683	SAMEA6531473	isolation_source	Human body sites or biosamples	URINE	True	categorical_change		13073_2024_1332_MOESM1_ESM.xlsx:ERR3891209	https://pmc.ncbi.nlm.nih.gov/articles/PMC11025284/
train	PRJEB36683	SAMEA6531270	isolation_source	Human body sites or biosamples	URINE	True	categorical_change		13073_2024_1332_MOESM1_ESM.xlsx:ERR3891007	https://pmc.ncbi.nlm.nih.gov/articles/PMC11025284/
train	PRJEB36683	SAMEA6531346	isolation_source	Human body sites or biosamples	URINE	True	categorical_change		13073_2024_1332_MOESM1_ESM.xlsx:ERR3891083	https://pmc.ncbi.nlm.nih.gov/articles/PMC11025284/
train	PRJEB36683	SAMEA6531402	isolation_source	Human body sites or biosamples	BLOOD	True	categorical_change		13073_2024_1332_MOESM1_ESM.xlsx:ERR3891139	https://pmc.ncbi.nlm.nih.gov/articles/PMC11025284/
train	PRJEB36683	SAMEA6531339	isolation_source	Human body sites or biosamples	LUNG	True	categorical_change		13073_2024_1332_MOESM1_ESM.xlsx:ERR3891076	https://pmc.ncbi.nlm.nih.gov/articles/PMC11025284/
train	PRJEB36683	SAMEA6531298	isolation_source	Human body sites or biosamples	LUNG	True	categorical_change		13073_2024_1332_MOESM1_ESM.xlsx:ERR3891035	https://pmc.ncbi.nlm.nih.gov/articles/PMC11025284/
train	PRJEB36683	SAMEA6531375	isolation_source	Human body sites or biosamples	URINE	True	categorical_change		13073_2024_1332_MOESM1_ESM.xlsx:ERR3891112	https://pmc.ncbi.nlm.nih.gov/articles/PMC11025284/
train	PRJEB36683	SAMEA114126252	isolation_source	Clinical sample	MB	True	categorical_change		13073_2024_1332_MOESM1_ESM.xlsx:ERR11752339	https://pmc.ncbi.nlm.nih.gov/articles/PMC11025284/
train	PRJEB36683	SAMEA6531314	isolation_source	Human body sites or biosamples	Others	True	categorical_change		13073_2024_1332_MOESM1_ESM.xlsx:ERR3891051	https://pmc.ncbi.nlm.nih.gov/articles/PMC11025284/
train	PRJEB36683	SAMEA6531367	isolation_source	Human body sites or biosamples	URINE	True	categorical_change		13073_2024_1332_MOESM1_ESM.xlsx:ERR3891104	https://pmc.ncbi.nlm.nih.gov/articles/PMC11025284/
train	PRJEB36683	SAMEA114126236	isolation_source	Clinical sample	BLOOD	True	categorical_change		13073_2024_1332_MOESM1_ESM.xlsx:ERR11752359	https://pmc.ncbi.nlm.nih.gov/articles/PMC11025284/
train	PRJEB36683	SAMEA114126195	isolation_source	Clinical sample	BLOOD	True	categorical_change		13073_2024_1332_MOESM1_ESM.xlsx:ERR11752387	https://pmc.ncbi.nlm.nih.gov/articles/PMC11025284/
train	PRJEB36683	SAMEA114126204	isolation_source	Clinical sample	BLOOD	True	categorical_change		13073_2024_1332_MOESM1_ESM.xlsx:ERR11752326	https://pmc.ncbi.nlm.nih.gov/articles/PMC11025284/
train	PRJEB36683	SAMEA114126219	isolation_source	Clinical sample	BLOOD	True	categorical_change		13073_2024_1332_MOESM1_ESM.xlsx:ERR11752331	https://pmc.ncbi.nlm.nih.gov/articles/PMC11025284/
train	PRJEB36683	SAMEA6531475	isolation_source	Human body sites or biosamples	BUTTOCK	True	categorical_change		13073_2024_1332_MOESM1_ESM.xlsx:ERR3891211	https://pmc.ncbi.nlm.nih.gov/articles/PMC11025284/
train	PRJEB36683	SAMEA6531322	isolation_source	Human body sites or biosamples	ANKLE L	True	categorical_change		13073_2024_1332_MOESM1_ESM.xlsx:ERR3891059	https://pmc.ncbi.nlm.nih.gov/articles/PMC11025284/
train	PRJEB36683	SAMEA6531381	isolation_source	Human body sites or biosamples	CATH	True	categorical_change		13073_2024_1332_MOESM1_ESM.xlsx:ERR3891118	https://pmc.ncbi.nlm.nih.gov/articles/PMC11025284/
train	PRJEB36683	SAMEA6531326	isolation_source	Human body sites or biosamples	C LINE	True	categorical_change		13073_2024_1332_MOESM1_ESM.xlsx:ERR3891063	https://pmc.ncbi.nlm.nih.gov/articles/PMC11025284/
train	PRJEB36683	SAMEA6531343	isolation_source	Human body sites or biosamples	BACK	True	categorical_change		13073_2024_1332_MOESM1_ESM.xlsx:ERR3891080	https://pmc.ncbi.nlm.nih.gov/articles/PMC11025284/
train	PRJEB36683	SAMEA6531390	isolation_source	Human body sites or biosamples	BLOOD	True	categorical_change		13073_2024_1332_MOESM1_ESM.xlsx:ERR3891127	https://pmc.ncbi.nlm.nih.gov/articles/PMC11025284/
train	PRJEB36683	SAMEA6531378	isolation_source	Human body sites or biosamples	Others	True	categorical_change		13073_2024_1332_MOESM1_ESM.xlsx:ERR3891115	https://pmc.ncbi.nlm.nih.gov/articles/PMC11025284/
train	PRJEB36683	SAMEA6531379	isolation_source	Human body sites or biosamples	THIGH R	True	categorical_change		13073_2024_1332_MOESM1_ESM.xlsx:ERR3891116	https://pmc.ncbi.nlm.nih.gov/articles/PMC11025284/
train	PRJEB36683	SAMEA6531489	isolation_source	Human body sites or biosamples	RT TRUNK	True	categorical_change		13073_2024_1332_MOESM1_ESM.xlsx:ERR3891225	https://pmc.ncbi.nlm.nih.gov/articles/PMC11025284/
train	PRJEB36683	SAMEA114126194	isolation_source	Clinical sample	BLOOD	True	categorical_change		13073_2024_1332_MOESM1_ESM.xlsx:ERR11752391	https://pmc.ncbi.nlm.nih.gov/articles/PMC11025284/
train	PRJEB36683	SAMEA114126211	isolation_source	Clinical sample	BLOOD	True	categorical_change		13073_2024_1332_MOESM1_ESM.xlsx:ERR11752311	https://pmc.ncbi.nlm.nih.gov/articles/PMC11025284/
train	PRJEB36683	SAMEA114126223	isolation_source	Clinical sample	BLOOD	True	categorical_change		13073_2024_1332_MOESM1_ESM.xlsx:ERR11752378	https://pmc.ncbi.nlm.nih.gov/articles/PMC11025284/
train	PRJEB36683	SAMEA114126246	isolation_source	Clinical sample	MB	True	categorical_change		13073_2024_1332_MOESM1_ESM.xlsx:ERR11752312	https://pmc.ncbi.nlm.nih.gov/articles/PMC11025284/
train	PRJEB36683	SAMEA114126227	isolation_source	Clinical sample	BLOOD	True	categorical_change		13073_2024_1332_MOESM1_ESM.xlsx:ERR11752397	https://pmc.ncbi.nlm.nih.gov/articles/PMC11025284/
train	PRJEB36683	SAMEA6531493	isolation_source	Human body sites or biosamples	RT TRUNK	True	categorical_change		13073_2024_1332_MOESM1_ESM.xlsx:ERR3891229	https://pmc.ncbi.nlm.nih.gov/articles/PMC11025284/
train	PRJEB36683	SAMEA6531306	isolation_source	Human body sites or biosamples	BACK	True	categorical_change		13073_2024_1332_MOESM1_ESM.xlsx:ERR3891043	https://pmc.ncbi.nlm.nih.gov/articles/PMC11025284/
train	PRJEB36683	SAMEA6531356	isolation_source	Human body sites or biosamples	LUNG	True	categorical_change		13073_2024_1332_MOESM1_ESM.xlsx:ERR3891093	https://pmc.ncbi.nlm.nih.gov/articles/PMC11025284/
train	PRJEB36683	SAMEA6531304	isolation_source	Human body sites or biosamples	LUNG	True	categorical_change		13073_2024_1332_MOESM1_ESM.xlsx:ERR3891041	https://pmc.ncbi.nlm.nih.gov/articles/PMC11025284/
train	PRJEB36683	SAMEA6531332	isolation_source	Human body sites or biosamples	BUTTOCK	True	categorical_change		13073_2024_1332_MOESM1_ESM.xlsx:ERR3891069	https://pmc.ncbi.nlm.nih.gov/articles/PMC11025284/
train	PRJEB36683	SAMEA6531363	isolation_source	Human body sites or biosamples	BLOOD	True	categorical_change		13073_2024_1332_MOESM1_ESM.xlsx:ERR3891100	https://pmc.ncbi.nlm.nih.gov/articles/PMC11025284/
train	PRJEB36683	SAMEA6531342	isolation_source	Human body sites or biosamples	LUNG	True	categorical_change		13073_2024_1332_MOESM1_ESM.xlsx:ERR3891079	https://pmc.ncbi.nlm.nih.gov/articles/PMC11025284/
train	PRJEB36683	SAMEA6531357	isolation_source	Human body sites or biosamples	LUNG	True	categorical_change		13073_2024_1332_MOESM1_ESM.xlsx:ERR3891094	https://pmc.ncbi.nlm.nih.gov/articles/PMC11025284/
train	PRJEB36683	SAMEA114126262	isolation_source	Clinical sample	BLOOD	True	categorical_change		13073_2024_1332_MOESM1_ESM.xlsx:ERR11752320	https://pmc.ncbi.nlm.nih.gov/articles/PMC11025284/
train	PRJEB36683	SAMEA6531317	isolation_source	Human body sites or biosamples	URINE	True	categorical_change		13073_2024_1332_MOESM1_ESM.xlsx:ERR3891054	https://pmc.ncbi.nlm.nih.gov/articles/PMC11025284/
train	PRJEB36683	SAMEA6531351	isolation_source	Human body sites or biosamples	LUNG	True	categorical_change		13073_2024_1332_MOESM1_ESM.xlsx:ERR3891088	https://pmc.ncbi.nlm.nih.gov/articles/PMC11025284/
train	PRJEB36683	SAMEA6531284	isolation_source	Human body sites or biosamples	URINE	True	categorical_change		13073_2024_1332_MOESM1_ESM.xlsx:ERR3891021	https://pmc.ncbi.nlm.nih.gov/articles/PMC11025284/
train	PRJEB36683	SAMEA6531315	isolation_source	Human body sites or biosamples	BACK	True	categorical_change		13073_2024_1332_MOESM1_ESM.xlsx:ERR3891052	https://pmc.ncbi.nlm.nih.gov/articles/PMC11025284/
train	PRJEB36683	SAMEA6531407	isolation_source	Human body sites or biosamples	URINE	True	categorical_change		13073_2024_1332_MOESM1_ESM.xlsx:ERR3891144	https://pmc.ncbi.nlm.nih.gov/articles/PMC11025284/
train	PRJEB36683	SAMEA6531440	isolation_source	Human body sites or biosamples	URINE	True	categorical_change		13073_2024_1332_MOESM1_ESM.xlsx:ERR3891176	https://pmc.ncbi.nlm.nih.gov/articles/PMC11025284/
train	PRJEB36683	SAMEA6531464	isolation_source	Human body sites or biosamples	BLOOD	True	categorical_change		13073_2024_1332_MOESM1_ESM.xlsx:ERR3891200	https://pmc.ncbi.nlm.nih.gov/articles/PMC11025284/
train	PRJEB36683	SAMEA114126181	isolation_source	Clinical sample	BLOOD	True	categorical_change		13073_2024_1332_MOESM1_ESM.xlsx:ERR11752383	https://pmc.ncbi.nlm.nih.gov/articles/PMC11025284/
train	PRJEB36683	SAMEA6531325	isolation_source	Human body sites or biosamples	URINE	True	categorical_change		13073_2024_1332_MOESM1_ESM.xlsx:ERR3891062	https://pmc.ncbi.nlm.nih.gov/articles/PMC11025284/
train	PRJEB36683	SAMEA6531311	isolation_source	Human body sites or biosamples	BLOOD	True	categorical_change		13073_2024_1332_MOESM1_ESM.xlsx:ERR3891048	https://pmc.ncbi.nlm.nih.gov/articles/PMC11025284/
train	PRJEB36683	SAMEA6531366	isolation_source	Human body sites or biosamples	URINE	True	categorical_change		13073_2024_1332_MOESM1_ESM.xlsx:ERR3891103	https://pmc.ncbi.nlm.nih.gov/articles/PMC11025284/
train	PRJEB36683	SAMEA6531451	isolation_source	Human body sites or biosamples	LUNG	True	categorical_change		13073_2024_1332_MOESM1_ESM.xlsx:ERR3891187	https://pmc.ncbi.nlm.nih.gov/articles/PMC11025284/
train	PRJEB36683	SAMEA6531349	isolation_source	Human body sites or biosamples	LUNG	True	categorical_change		13073_2024_1332_MOESM1_ESM.xlsx:ERR3891086	https://pmc.ncbi.nlm.nih.gov/articles/PMC11025284/
train	PRJEB36683	SAMEA6531374	isolation_source	Human body sites or biosamples	URINE	True	categorical_change		13073_2024_1332_MOESM1_ESM.xlsx:ERR3891111	https://pmc.ncbi.nlm.nih.gov/articles/PMC11025284/
train	PRJEB36683	SAMEA6531350	isolation_source	Human body sites or biosamples	LUNG	True	categorical_change		13073_2024_1332_MOESM1_ESM.xlsx:ERR3891087	https://pmc.ncbi.nlm.nih.gov/articles/PMC11025284/
train	PRJEB36683	SAMEA114126249	isolation_source	Clinical sample	BLOOD	True	categorical_change		13073_2024_1332_MOESM1_ESM.xlsx:ERR11752317	https://pmc.ncbi.nlm.nih.gov/articles/PMC11025284/
train	PRJEB36683	SAMEA6531485	isolation_source	Human body sites or biosamples	URINE	True	categorical_change		13073_2024_1332_MOESM1_ESM.xlsx:ERR3891221	https://pmc.ncbi.nlm.nih.gov/articles/PMC11025284/
train	PRJEB36683	SAMEA6531372	isolation_source	Human body sites or biosamples	LUNG	True	categorical_change		13073_2024_1332_MOESM1_ESM.xlsx:ERR3891109	https://pmc.ncbi.nlm.nih.gov/articles/PMC11025284/
train	PRJEB36683	SAMEA6531482	isolation_source	Human body sites or biosamples	LUNG	True	categorical_change		13073_2024_1332_MOESM1_ESM.xlsx:ERR3891218	https://pmc.ncbi.nlm.nih.gov/articles/PMC11025284/
train	PRJEB36683	SAMEA6531385	isolation_source	Human body sites or biosamples	BLOOD	True	categorical_change		13073_2024_1332_MOESM1_ESM.xlsx:ERR3891122	https://pmc.ncbi.nlm.nih.gov/articles/PMC11025284/
train	PRJEB36683	SAMEA114126199	isolation_source	Clinical sample	MB	True	categorical_change		13073_2024_1332_MOESM1_ESM.xlsx:ERR11752373	https://pmc.ncbi.nlm.nih.gov/articles/PMC11025284/
train	PRJEB36683	SAMEA6531453	isolation_source	Human body sites or biosamples	LUNG	True	categorical_change		13073_2024_1332_MOESM1_ESM.xlsx:ERR3891189	https://pmc.ncbi.nlm.nih.gov/articles/PMC11025284/
train	PRJEB36683	SAMEA6531399	isolation_source	Human body sites or biosamples	FLUID FROM THE DRAIN	True	categorical_change		13073_2024_1332_MOESM1_ESM.xlsx:ERR3891136	https://pmc.ncbi.nlm.nih.gov/articles/PMC11025284/
train	PRJEB36683	SAMEA6531427	isolation_source	Human body sites or biosamples	URINE	True	categorical_change		13073_2024_1332_MOESM1_ESM.xlsx:ERR3891163	https://pmc.ncbi.nlm.nih.gov/articles/PMC11025284/
train	PRJEB36683	SAMEA6531288	isolation_source	Human body sites or biosamples	LT LOWER LIMB	True	categorical_change		13073_2024_1332_MOESM1_ESM.xlsx:ERR3891025	https://pmc.ncbi.nlm.nih.gov/articles/PMC11025284/
train	PRJEB36683	SAMEA6531401	isolation_source	Human body sites or biosamples	BLOOD	True	categorical_change		13073_2024_1332_MOESM1_ESM.xlsx:ERR3891138	https://pmc.ncbi.nlm.nih.gov/articles/PMC11025284/
train	PRJEB36683	SAMEA114126230	isolation_source	Clinical sample	BLOOD	True	categorical_change		13073_2024_1332_MOESM1_ESM.xlsx:ERR11752343	https://pmc.ncbi.nlm.nih.gov/articles/PMC11025284/
train	PRJEB36683	SAMEA114126168	isolation_source	Clinical sample	BLOOD	True	categorical_change		13073_2024_1332_MOESM1_ESM.xlsx:ERR11752401	https://pmc.ncbi.nlm.nih.gov/articles/PMC11025284/
train	PRJEB36683	SAMEA6531344	isolation_source	Human body sites or biosamples	URINE	True	categorical_change		13073_2024_1332_MOESM1_ESM.xlsx:ERR3891081	https://pmc.ncbi.nlm.nih.gov/articles/PMC11025284/
train	PRJEB36683	SAMEA6531365	isolation_source	Human body sites or biosamples	THIGH R	True	categorical_change		13073_2024_1332_MOESM1_ESM.xlsx:ERR3891102	https://pmc.ncbi.nlm.nih.gov/articles/PMC11025284/
train	PRJEB36683	SAMEA6531308	isolation_source	Human body sites or biosamples	URINE	True	categorical_change		13073_2024_1332_MOESM1_ESM.xlsx:ERR3891045	https://pmc.ncbi.nlm.nih.gov/articles/PMC11025284/
train	PRJEB36683	SAMEA6531355	isolation_source	Human body sites or biosamples	C LINE	True	categorical_change		13073_2024_1332_MOESM1_ESM.xlsx:ERR3891092	https://pmc.ncbi.nlm.nih.gov/articles/PMC11025284/
train	PRJEB36683	SAMEA6531488	isolation_source	Human body sites or biosamples	LUNG	True	categorical_change		13073_2024_1332_MOESM1_ESM.xlsx:ERR3891224	https://pmc.ncbi.nlm.nih.gov/articles/PMC11025284/
train	PRJEB36683	SAMEA6531303	isolation_source	Human body sites or biosamples	LUNG	True	categorical_change		13073_2024_1332_MOESM1_ESM.xlsx:ERR3891040	https://pmc.ncbi.nlm.nih.gov/articles/PMC11025284/
train	PRJEB36683	SAMEA6531404	isolation_source	Human body sites or biosamples	ABDOMEN	True	categorical_change		13073_2024_1332_MOESM1_ESM.xlsx:ERR3891141	https://pmc.ncbi.nlm.nih.gov/articles/PMC11025284/
train	PRJEB36683	SAMEA6531423	isolation_source	Human body sites or biosamples	URINE	True	categorical_change		13073_2024_1332_MOESM1_ESM.xlsx:ERR3891159	https://pmc.ncbi.nlm.nih.gov/articles/PMC11025284/
train	PRJEB36683	SAMEA6531392	isolation_source	Human body sites or biosamples	URINE	True	categorical_change		13073_2024_1332_MOESM1_ESM.xlsx:ERR3891129	https://pmc.ncbi.nlm.nih.gov/articles/PMC11025284/
train	PRJEB36683	SAMEA6531467	isolation_source	Human body sites or biosamples	LUNG	True	categorical_change		13073_2024_1332_MOESM1_ESM.xlsx:ERR3891203	https://pmc.ncbi.nlm.nih.gov/articles/PMC11025284/
train	PRJEB36683	SAMEA6531408	isolation_source	Human body sites or biosamples	Others	True	categorical_change		13073_2024_1332_MOESM1_ESM.xlsx:ERR3891145	https://pmc.ncbi.nlm.nih.gov/articles/PMC11025284/
train	PRJEB36683	SAMEA6531410	isolation_source	Human body sites or biosamples	Others	True	categorical_change		13073_2024_1332_MOESM1_ESM.xlsx:ERR3891147	https://pmc.ncbi.nlm.nih.gov/articles/PMC11025284/
train	PRJEB36683	SAMEA114126256	isolation_source	Clinical sample	BLOOD	True	categorical_change		13073_2024_1332_MOESM1_ESM.xlsx:ERR11752332	https://pmc.ncbi.nlm.nih.gov/articles/PMC11025284/
train	PRJEB36683	SAMEA6531266	isolation_source	Human body sites or biosamples	C TIP	True	categorical_change		13073_2024_1332_MOESM1_ESM.xlsx:ERR3891003	https://pmc.ncbi.nlm.nih.gov/articles/PMC11025284/
train	PRJEB36683	SAMEA6531347	isolation_source	Human body sites or biosamples	URINE	True	categorical_change		13073_2024_1332_MOESM1_ESM.xlsx:ERR3891084	https://pmc.ncbi.nlm.nih.gov/articles/PMC11025284/
train	PRJEB36683	SAMEA6531403	isolation_source	Human body sites or biosamples	LUNG	True	categorical_change		13073_2024_1332_MOESM1_ESM.xlsx:ERR3891140	https://pmc.ncbi.nlm.nih.gov/articles/PMC11025284/
train	PRJEB36683	SAMEA6531469	isolation_source	Human body sites or biosamples	LUNG	True	categorical_change		13073_2024_1332_MOESM1_ESM.xlsx:ERR3891205	https://pmc.ncbi.nlm.nih.gov/articles/PMC11025284/
train	PRJEB36683	SAMEA6531272	isolation_source	Human body sites or biosamples	C TIP	True	categorical_change		13073_2024_1332_MOESM1_ESM.xlsx:ERR3891009	https://pmc.ncbi.nlm.nih.gov/articles/PMC11025284/
train	PRJEB36683	SAMEA6531468	isolation_source	Human body sites or biosamples	URINE	True	categorical_change		13073_2024_1332_MOESM1_ESM.xlsx:ERR3891204	https://pmc.ncbi.nlm.nih.gov/articles/PMC11025284/
train	PRJEB36683	SAMEA6531369	isolation_source	Human body sites or biosamples	RIGHT HIP	True	categorical_change		13073_2024_1332_MOESM1_ESM.xlsx:ERR3891106	https://pmc.ncbi.nlm.nih.gov/articles/PMC11025284/
train	PRJEB36683	SAMEA114126175	isolation_source	Clinical sample	BLOOD	True	categorical_change		13073_2024_1332_MOESM1_ESM.xlsx:ERR11752375	https://pmc.ncbi.nlm.nih.gov/articles/PMC11025284/
train	PRJEB36683	SAMEA114126206	isolation_source	Clinical sample	BLOOD	True	categorical_change		13073_2024_1332_MOESM1_ESM.xlsx:ERR11752324	https://pmc.ncbi.nlm.nih.gov/articles/PMC11025284/
train	PRJEB36683	SAMEA114126228	isolation_source	Clinical sample	BLOOD	True	categorical_change		13073_2024_1332_MOESM1_ESM.xlsx:ERR11752365	https://pmc.ncbi.nlm.nih.gov/articles/PMC11025284/
train	PRJEB36683	SAMEA6531412	isolation_source	Human body sites or biosamples	URINE	True	categorical_change		13073_2024_1332_MOESM1_ESM.xlsx:ERR3891149	https://pmc.ncbi.nlm.nih.gov/articles/PMC11025284/
train	PRJEB36683	SAMEA6531476	isolation_source	Human body sites or biosamples	BUTTOCK	True	categorical_change		13073_2024_1332_MOESM1_ESM.xlsx:ERR3891212	https://pmc.ncbi.nlm.nih.gov/articles/PMC11025284/
train	PRJEB36683	SAMEA6531435	isolation_source	Human body sites or biosamples	BLOOD	True	categorical_change		13073_2024_1332_MOESM1_ESM.xlsx:ERR3891171	https://pmc.ncbi.nlm.nih.gov/articles/PMC11025284/
train	PRJEB36683	SAMEA6531319	isolation_source	Human body sites or biosamples	BLOOD	True	categorical_change		13073_2024_1332_MOESM1_ESM.xlsx:ERR3891056	https://pmc.ncbi.nlm.nih.gov/articles/PMC11025284/
train	PRJEB36683	SAMEA6531466	isolation_source	Human body sites or biosamples	C TIP	True	categorical_change		13073_2024_1332_MOESM1_ESM.xlsx:ERR3891202	https://pmc.ncbi.nlm.nih.gov/articles/PMC11025284/
train	PRJEB36683	SAMEA114126174	isolation_source	Clinical sample	BLOOD	True	categorical_change		13073_2024_1332_MOESM1_ESM.xlsx:ERR11752353	https://pmc.ncbi.nlm.nih.gov/articles/PMC11025284/
train	PRJEB36683	SAMEA114126186	isolation_source	Clinical sample	BLOOD	True	categorical_change		13073_2024_1332_MOESM1_ESM.xlsx:ERR11752363	https://pmc.ncbi.nlm.nih.gov/articles/PMC11025284/
train	PRJEB36683	SAMEA114126192	isolation_source	Clinical sample	BLOOD	True	categorical_change		13073_2024_1332_MOESM1_ESM.xlsx:ERR11752402	https://pmc.ncbi.nlm.nih.gov/articles/PMC11025284/
train	PRJEB36683	SAMEA6531370	isolation_source	Human body sites or biosamples	LUNG	True	categorical_change		13073_2024_1332_MOESM1_ESM.xlsx:ERR3891107	https://pmc.ncbi.nlm.nih.gov/articles/PMC11025284/
train	PRJEB36683	SAMEA6531389	isolation_source	Human body sites or biosamples	URINE	True	categorical_change		13073_2024_1332_MOESM1_ESM.xlsx:ERR3891126	https://pmc.ncbi.nlm.nih.gov/articles/PMC11025284/
train	PRJEB36683	SAMEA6531416	isolation_source	Human body sites or biosamples	LUNG	True	categorical_change		13073_2024_1332_MOESM1_ESM.xlsx:ERR3891153	https://pmc.ncbi.nlm.nih.gov/articles/PMC11025284/
train	PRJEB36683	SAMEA6531424	isolation_source	Human body sites or biosamples	LUNG	True	categorical_change		13073_2024_1332_MOESM1_ESM.xlsx:ERR3891160	https://pmc.ncbi.nlm.nih.gov/articles/PMC11025284/
train	PRJEB36683	SAMEA114126250	isolation_source	Clinical sample	BLOOD	True	categorical_change		13073_2024_1332_MOESM1_ESM.xlsx:ERR11752354	https://pmc.ncbi.nlm.nih.gov/articles/PMC11025284/
train	PRJEB36683	SAMEA6531267	isolation_source	Human body sites or biosamples	URINE	True	categorical_change		13073_2024_1332_MOESM1_ESM.xlsx:ERR3891004	https://pmc.ncbi.nlm.nih.gov/articles/PMC11025284/
train	PRJEB36683	SAMEA6531483	isolation_source	Human body sites or biosamples	BLOOD	True	categorical_change		13073_2024_1332_MOESM1_ESM.xlsx:ERR3891219	https://pmc.ncbi.nlm.nih.gov/articles/PMC11025284/
train	PRJEB36683	SAMEA114126239	isolation_source	Clinical sample	BLOOD	True	categorical_change		13073_2024_1332_MOESM1_ESM.xlsx:ERR11752357	https://pmc.ncbi.nlm.nih.gov/articles/PMC11025284/
train	PRJEB36683	SAMEA6531438	isolation_source	Human body sites or biosamples	URINE	True	categorical_change		13073_2024_1332_MOESM1_ESM.xlsx:ERR3891174	https://pmc.ncbi.nlm.nih.gov/articles/PMC11025284/
train	PRJEB36683	SAMEA6531377	isolation_source	Human body sites or biosamples	BLOOD	True	categorical_change		13073_2024_1332_MOESM1_ESM.xlsx:ERR3891114	https://pmc.ncbi.nlm.nih.gov/articles/PMC11025284/
train	PRJEB36683	SAMEA114126200	isolation_source	Clinical sample	BLOOD	True	categorical_change		13073_2024_1332_MOESM1_ESM.xlsx:ERR11752338	https://pmc.ncbi.nlm.nih.gov/articles/PMC11025284/
train	PRJEB36683	SAMEA6531269	isolation_source	Human body sites or biosamples	URINE	True	categorical_change		13073_2024_1332_MOESM1_ESM.xlsx:ERR3891006	https://pmc.ncbi.nlm.nih.gov/articles/PMC11025284/
train	PRJEB36683	SAMEA6531487	isolation_source	Human body sites or biosamples	LUNG	True	categorical_change		13073_2024_1332_MOESM1_ESM.xlsx:ERR3891223	https://pmc.ncbi.nlm.nih.gov/articles/PMC11025284/
train	PRJEB36683	SAMEA6531283	isolation_source	Human body sites or biosamples	URINE	True	categorical_change		13073_2024_1332_MOESM1_ESM.xlsx:ERR3891020	https://pmc.ncbi.nlm.nih.gov/articles/PMC11025284/
train	PRJEB36683	SAMEA6531400	isolation_source	Human body sites or biosamples	LUNG	True	categorical_change		13073_2024_1332_MOESM1_ESM.xlsx:ERR3891137	https://pmc.ncbi.nlm.nih.gov/articles/PMC11025284/
train	PRJEB36683	SAMEA6531470	isolation_source	Human body sites or biosamples	RT TRUNK	True	categorical_change		13073_2024_1332_MOESM1_ESM.xlsx:ERR3891206	https://pmc.ncbi.nlm.nih.gov/articles/PMC11025284/
train	PRJEB36683	SAMEA114126214	isolation_source	Clinical sample	BLOOD	True	categorical_change		13073_2024_1332_MOESM1_ESM.xlsx:ERR11752355	https://pmc.ncbi.nlm.nih.gov/articles/PMC11025284/
train	PRJEB36683	SAMEA114126169	isolation_source	Clinical sample	BLOOD	True	categorical_change		13073_2024_1332_MOESM1_ESM.xlsx:ERR11752396	https://pmc.ncbi.nlm.nih.gov/articles/PMC11025284/
train	PRJEB36683	SAMEA6531387	isolation_source	Human body sites or biosamples	Others	True	categorical_change		13073_2024_1332_MOESM1_ESM.xlsx:ERR3891124	https://pmc.ncbi.nlm.nih.gov/articles/PMC11025284/
train	PRJEB36683	SAMEA6531411	isolation_source	Human body sites or biosamples	LUNG	True	categorical_change		13073_2024_1332_MOESM1_ESM.xlsx:ERR3891148	https://pmc.ncbi.nlm.nih.gov/articles/PMC11025284/
train	PRJEB36683	SAMEA114126177	isolation_source	Clinical sample	BLOOD	True	categorical_change		13073_2024_1332_MOESM1_ESM.xlsx:ERR11752394	https://pmc.ncbi.nlm.nih.gov/articles/PMC11025284/
train	PRJEB36683	SAMEA6531291	isolation_source	Human body sites or biosamples	RT TRUNK	True	categorical_change		13073_2024_1332_MOESM1_ESM.xlsx:ERR3891028	https://pmc.ncbi.nlm.nih.gov/articles/PMC11025284/
train	PRJEB36683	SAMEA6531428	isolation_source	Human body sites or biosamples	URINE	True	categorical_change		13073_2024_1332_MOESM1_ESM.xlsx:ERR3891164	https://pmc.ncbi.nlm.nih.gov/articles/PMC11025284/
train	PRJEB36683	SAMEA6531472	isolation_source	Human body sites or biosamples	URINE	True	categorical_change		13073_2024_1332_MOESM1_ESM.xlsx:ERR3891208	https://pmc.ncbi.nlm.nih.gov/articles/PMC11025284/
train	PRJEB36683	SAMEA114126187	isolation_source	Clinical sample	BLOOD	True	categorical_change		13073_2024_1332_MOESM1_ESM.xlsx:ERR11752381	https://pmc.ncbi.nlm.nih.gov/articles/PMC11025284/
train	PRJEB36683	SAMEA114126243	isolation_source	Clinical sample	MB	True	categorical_change		13073_2024_1332_MOESM1_ESM.xlsx:ERR11752344	https://pmc.ncbi.nlm.nih.gov/articles/PMC11025284/
train	PRJEB36683	SAMEA6531359	isolation_source	Human body sites or biosamples	BUTTOCK	True	categorical_change		13073_2024_1332_MOESM1_ESM.xlsx:ERR3891096	https://pmc.ncbi.nlm.nih.gov/articles/PMC11025284/
train	PRJEB36683	SAMEA114126189	isolation_source	Clinical sample	BLOOD	True	categorical_change		13073_2024_1332_MOESM1_ESM.xlsx:ERR11752390	https://pmc.ncbi.nlm.nih.gov/articles/PMC11025284/
train	PRJEB36683	SAMEA6531441	isolation_source	Human body sites or biosamples	LT LOWER LIMB	True	categorical_change		13073_2024_1332_MOESM1_ESM.xlsx:ERR3891177	https://pmc.ncbi.nlm.nih.gov/articles/PMC11025284/
train	PRJEB36683	SAMEA114126222	isolation_source	Clinical sample	BLOOD	True	categorical_change		13073_2024_1332_MOESM1_ESM.xlsx:ERR11752328	https://pmc.ncbi.nlm.nih.gov/articles/PMC11025284/
train	PRJEB36683	SAMEA6531294	isolation_source	Human body sites or biosamples	LUNG	True	categorical_change		13073_2024_1332_MOESM1_ESM.xlsx:ERR3891031	https://pmc.ncbi.nlm.nih.gov/articles/PMC11025284/
train	PRJEB36683	SAMEA6531481	isolation_source	Human body sites or biosamples	LUNG	True	categorical_change		13073_2024_1332_MOESM1_ESM.xlsx:ERR3891217	https://pmc.ncbi.nlm.nih.gov/articles/PMC11025284/
train	PRJEB36683	SAMEA6531384	isolation_source	Human body sites or biosamples	LUNG	True	categorical_change		13073_2024_1332_MOESM1_ESM.xlsx:ERR3891121	https://pmc.ncbi.nlm.nih.gov/articles/PMC11025284/
train	PRJEB36683	SAMEA6531386	isolation_source	Human body sites or biosamples	LUNG	True	categorical_change		13073_2024_1332_MOESM1_ESM.xlsx:ERR3891123	https://pmc.ncbi.nlm.nih.gov/articles/PMC11025284/
train	PRJEB36683	SAMEA6531409	isolation_source	Human body sites or biosamples	CHEST	True	categorical_change		13073_2024_1332_MOESM1_ESM.xlsx:ERR3891146	https://pmc.ncbi.nlm.nih.gov/articles/PMC11025284/
train	PRJEB36683	SAMEA6531391	isolation_source	Human body sites or biosamples	Others	True	categorical_change		13073_2024_1332_MOESM1_ESM.xlsx:ERR3891128	https://pmc.ncbi.nlm.nih.gov/articles/PMC11025284/
train	PRJEB36683	SAMEA6531394	isolation_source	Human body sites or biosamples	URINE	True	categorical_change		13073_2024_1332_MOESM1_ESM.xlsx:ERR3891131	https://pmc.ncbi.nlm.nih.gov/articles/PMC11025284/
train	PRJEB36683	SAMEA6531396	isolation_source	Human body sites or biosamples	Others	True	categorical_change		13073_2024_1332_MOESM1_ESM.xlsx:ERR3891133	https://pmc.ncbi.nlm.nih.gov/articles/PMC11025284/
train	PRJEB36683	SAMEA6531426	isolation_source	Human body sites or biosamples	WOUND	True	categorical_change		13073_2024_1332_MOESM1_ESM.xlsx:ERR3891162	https://pmc.ncbi.nlm.nih.gov/articles/PMC11025284/
train	PRJEB36683	SAMEA6531397	isolation_source	Human body sites or biosamples	Others	True	categorical_change		13073_2024_1332_MOESM1_ESM.xlsx:ERR3891134	https://pmc.ncbi.nlm.nih.gov/articles/PMC11025284/
train	PRJEB36683	SAMEA6531275	isolation_source	Human body sites or biosamples	LUNG	True	categorical_change		13073_2024_1332_MOESM1_ESM.xlsx:ERR3891012	https://pmc.ncbi.nlm.nih.gov/articles/PMC11025284/
train	PRJEB36683	SAMEA6531293	isolation_source	Human body sites or biosamples	LUNG	True	categorical_change		13073_2024_1332_MOESM1_ESM.xlsx:ERR3891030	https://pmc.ncbi.nlm.nih.gov/articles/PMC11025284/
train	PRJEB36683	SAMEA6531442	isolation_source	Human body sites or biosamples	LEFT FOOT	True	categorical_change		13073_2024_1332_MOESM1_ESM.xlsx:ERR3891178	https://pmc.ncbi.nlm.nih.gov/articles/PMC11025284/
train	PRJEB36683	SAMEA6531264	isolation_source	Human body sites or biosamples	Others	True	categorical_change		13073_2024_1332_MOESM1_ESM.xlsx:ERR3891001	https://pmc.ncbi.nlm.nih.gov/articles/PMC11025284/
train	PRJEB36683	SAMEA6531430	isolation_source	Human body sites or biosamples	BLOOD	True	categorical_change		13073_2024_1332_MOESM1_ESM.xlsx:ERR3891166	https://pmc.ncbi.nlm.nih.gov/articles/PMC11025284/
train	PRJEB36683	SAMEA6531280	isolation_source	Human body sites or biosamples	RIGHT THIGH	True	categorical_change		13073_2024_1332_MOESM1_ESM.xlsx:ERR3891017	https://pmc.ncbi.nlm.nih.gov/articles/PMC11025284/
train	PRJEB36683	SAMEA6531417	isolation_source	Human body sites or biosamples	BLOOD	True	categorical_change		13073_2024_1332_MOESM1_ESM.xlsx:ERR3891154	https://pmc.ncbi.nlm.nih.gov/articles/PMC11025284/
train	PRJEB36683	SAMEA6531300	isolation_source	Human body sites or biosamples	LUNG	True	categorical_change		13073_2024_1332_MOESM1_ESM.xlsx:ERR3891037	https://pmc.ncbi.nlm.nih.gov/articles/PMC11025284/
train	PRJEB36683	SAMEA114126173	isolation_source	Clinical sample	BLOOD	True	categorical_change		13073_2024_1332_MOESM1_ESM.xlsx:ERR11752399	https://pmc.ncbi.nlm.nih.gov/articles/PMC11025284/
train	PRJEB36683	SAMEA6531274	isolation_source	Human body sites or biosamples	LUNG	True	categorical_change		13073_2024_1332_MOESM1_ESM.xlsx:ERR3891011	https://pmc.ncbi.nlm.nih.gov/articles/PMC11025284/
train	PRJEB36683	SAMEA6531327	isolation_source	Human body sites or biosamples	LUNG	True	categorical_change		13073_2024_1332_MOESM1_ESM.xlsx:ERR3891064	https://pmc.ncbi.nlm.nih.gov/articles/PMC11025284/
train	PRJEB36683	SAMEA6531373	isolation_source	Human body sites or biosamples	URINE	True	categorical_change		13073_2024_1332_MOESM1_ESM.xlsx:ERR3891110	https://pmc.ncbi.nlm.nih.gov/articles/PMC11025284/
train	PRJEB36683	SAMEA6531328	isolation_source	Human body sites or biosamples	LUNG	True	categorical_change		13073_2024_1332_MOESM1_ESM.xlsx:ERR3891065	https://pmc.ncbi.nlm.nih.gov/articles/PMC11025284/
train	PRJEB36683	SAMEA6531433	isolation_source	Human body sites or biosamples	LUNG	True	categorical_change		13073_2024_1332_MOESM1_ESM.xlsx:ERR3891169	https://pmc.ncbi.nlm.nih.gov/articles/PMC11025284/
train	PRJEB36683	SAMEA6531388	isolation_source	Human body sites or biosamples	URINE	True	categorical_change		13073_2024_1332_MOESM1_ESM.xlsx:ERR3891125	https://pmc.ncbi.nlm.nih.gov/articles/PMC11025284/
train	PRJEB36683	SAMEA6531425	isolation_source	Human body sites or biosamples	LUNG	True	categorical_change		13073_2024_1332_MOESM1_ESM.xlsx:ERR3891161	https://pmc.ncbi.nlm.nih.gov/articles/PMC11025284/
train	PRJEB36683	SAMEA6531276	isolation_source	Human body sites or biosamples	LUNG	True	categorical_change		13073_2024_1332_MOESM1_ESM.xlsx:ERR3891013	https://pmc.ncbi.nlm.nih.gov/articles/PMC11025284/
train	PRJEB36683	SAMEA6531302	isolation_source	Human body sites or biosamples	BLOOD	True	categorical_change		13073_2024_1332_MOESM1_ESM.xlsx:ERR3891039	https://pmc.ncbi.nlm.nih.gov/articles/PMC11025284/
train	PRJEB36683	SAMEA6531447	isolation_source	Human body sites or biosamples	URINE	True	categorical_change		13073_2024_1332_MOESM1_ESM.xlsx:ERR3891183	https://pmc.ncbi.nlm.nih.gov/articles/PMC11025284/
train	PRJEB36683	SAMEA6531362	isolation_source	Human body sites or biosamples	BLOOD	True	categorical_change		13073_2024_1332_MOESM1_ESM.xlsx:ERR3891099	https://pmc.ncbi.nlm.nih.gov/articles/PMC11025284/
train	PRJEB36683	SAMEA114126264	isolation_source	Clinical sample	BLOOD	True	categorical_change		13073_2024_1332_MOESM1_ESM.xlsx:ERR11752347	https://pmc.ncbi.nlm.nih.gov/articles/PMC11025284/
train	PRJEB36683	SAMEA6531419	isolation_source	Human body sites or biosamples	LUNG	True	categorical_change		13073_2024_1332_MOESM1_ESM.xlsx:ERR3891155	https://pmc.ncbi.nlm.nih.gov/articles/PMC11025284/
train	PRJEB36683	SAMEA6531420	isolation_source	Human body sites or biosamples	BLOOD	True	categorical_change		13073_2024_1332_MOESM1_ESM.xlsx:ERR3891156	https://pmc.ncbi.nlm.nih.gov/articles/PMC11025284/
train	PRJEB36683	SAMEA6531290	isolation_source	Human body sites or biosamples	BLOOD	True	categorical_change		13073_2024_1332_MOESM1_ESM.xlsx:ERR3891027	https://pmc.ncbi.nlm.nih.gov/articles/PMC11025284/
train	PRJEB36683	SAMEA6531301	isolation_source	Human body sites or biosamples	BLOOD	True	categorical_change		13073_2024_1332_MOESM1_ESM.xlsx:ERR3891038	https://pmc.ncbi.nlm.nih.gov/articles/PMC11025284/
train	PRJEB36683	SAMEA6531415	isolation_source	Human body sites or biosamples	URINE	True	categorical_change		13073_2024_1332_MOESM1_ESM.xlsx:ERR3891152	https://pmc.ncbi.nlm.nih.gov/articles/PMC11025284/
train	PRJEB36683	SAMEA6531421	isolation_source	Human body sites or biosamples	CATH	True	categorical_change		13073_2024_1332_MOESM1_ESM.xlsx:ERR3891157	https://pmc.ncbi.nlm.nih.gov/articles/PMC11025284/
train	PRJEB36683	SAMEA114126238	isolation_source	Clinical sample	BLOOD	True	categorical_change		13073_2024_1332_MOESM1_ESM.xlsx:ERR11752325	https://pmc.ncbi.nlm.nih.gov/articles/PMC11025284/
train	PRJEB36683	SAMEA6531459	isolation_source	Human body sites or biosamples	BACK	True	categorical_change		13073_2024_1332_MOESM1_ESM.xlsx:ERR3891195	https://pmc.ncbi.nlm.nih.gov/articles/PMC11025284/
train	PRJEB36683	SAMEA6531450	isolation_source	Human body sites or biosamples	LUNG	True	categorical_change		13073_2024_1332_MOESM1_ESM.xlsx:ERR3891186	https://pmc.ncbi.nlm.nih.gov/articles/PMC11025284/
train	PRJEB36683	SAMEA6531449	isolation_source	Human body sites or biosamples	RT TRUNK	True	categorical_change		13073_2024_1332_MOESM1_ESM.xlsx:ERR3891185	https://pmc.ncbi.nlm.nih.gov/articles/PMC11025284/
train	PRJEB36683	SAMEA114126182	isolation_source	Clinical sample	BLOOD	True	categorical_change		13073_2024_1332_MOESM1_ESM.xlsx:ERR11752382	https://pmc.ncbi.nlm.nih.gov/articles/PMC11025284/
train	PRJEB36683	SAMEA114126260	isolation_source	Clinical sample	BLOOD	True	categorical_change		13073_2024_1332_MOESM1_ESM.xlsx:ERR11752360	https://pmc.ncbi.nlm.nih.gov/articles/PMC11025284/
train	PRJEB36683	SAMEA114126233	isolation_source	Clinical sample	BLOOD	True	categorical_change		13073_2024_1332_MOESM1_ESM.xlsx:ERR11752315	https://pmc.ncbi.nlm.nih.gov/articles/PMC11025284/
train	PRJEB36683	SAMEA6531456	isolation_source	Human body sites or biosamples	URINE	True	categorical_change		13073_2024_1332_MOESM1_ESM.xlsx:ERR3891192	https://pmc.ncbi.nlm.nih.gov/articles/PMC11025284/
train	PRJEB36683	SAMEA6531406	isolation_source	Human body sites or biosamples	LUNG	True	categorical_change		13073_2024_1332_MOESM1_ESM.xlsx:ERR3891143	https://pmc.ncbi.nlm.nih.gov/articles/PMC11025284/
train	PRJEB36683	SAMEA6531457	isolation_source	Human body sites or biosamples	BLOOD	True	categorical_change		13073_2024_1332_MOESM1_ESM.xlsx:ERR3891193	https://pmc.ncbi.nlm.nih.gov/articles/PMC11025284/
train	PRJEB36683	SAMEA6531422	isolation_source	Human body sites or biosamples	LUNG	True	categorical_change		13073_2024_1332_MOESM1_ESM.xlsx:ERR3891158	https://pmc.ncbi.nlm.nih.gov/articles/PMC11025284/
train	PRJEB36683	SAMEA114126247	isolation_source	Clinical sample	BLOOD	True	categorical_change		13073_2024_1332_MOESM1_ESM.xlsx:ERR11752335	https://pmc.ncbi.nlm.nih.gov/articles/PMC11025284/
train	PRJEB36683	SAMEA114126229	isolation_source	Clinical sample	BLOOD	True	categorical_change		13073_2024_1332_MOESM1_ESM.xlsx:ERR11752376	https://pmc.ncbi.nlm.nih.gov/articles/PMC11025284/
train	PRJEB36683	SAMEA114126191	isolation_source	Clinical sample	BLOOD	True	categorical_change		13073_2024_1332_MOESM1_ESM.xlsx:ERR11752372	https://pmc.ncbi.nlm.nih.gov/articles/PMC11025284/
train	PRJEB36683	SAMEA114126201	isolation_source	Clinical sample	BLOOD	True	categorical_change		13073_2024_1332_MOESM1_ESM.xlsx:ERR11752309	https://pmc.ncbi.nlm.nih.gov/articles/PMC11025284/
train	PRJEB36683	SAMEA114126210	isolation_source	Clinical sample	BLOOD	True	categorical_change		13073_2024_1332_MOESM1_ESM.xlsx:ERR11752307	https://pmc.ncbi.nlm.nih.gov/articles/PMC11025284/
train	PRJEB36683	SAMEA114126216	isolation_source	Clinical sample	BLOOD	True	categorical_change		13073_2024_1332_MOESM1_ESM.xlsx:ERR11752368	https://pmc.ncbi.nlm.nih.gov/articles/PMC11025284/
train	PRJEB36683	SAMEA114126258	isolation_source	Clinical sample	MB	True	categorical_change		13073_2024_1332_MOESM1_ESM.xlsx:ERR11752342	https://pmc.ncbi.nlm.nih.gov/articles/PMC11025284/
train	PRJEB36683	SAMEA114126265	isolation_source	Clinical sample	BLOOD	True	categorical_change		13073_2024_1332_MOESM1_ESM.xlsx:ERR11752367	https://pmc.ncbi.nlm.nih.gov/articles/PMC11025284/
train	PRJEB36683	SAMEA114126205	isolation_source	Clinical sample	BLOOD	True	categorical_change		13073_2024_1332_MOESM1_ESM.xlsx:ERR11752310	https://pmc.ncbi.nlm.nih.gov/articles/PMC11025284/
train	PRJEB36683	SAMEA6531460	isolation_source	Human body sites or biosamples	Others	True	categorical_change		13073_2024_1332_MOESM1_ESM.xlsx:ERR3891196	https://pmc.ncbi.nlm.nih.gov/articles/PMC11025284/
train	PRJEB36683	SAMEA6531463	isolation_source	Human body sites or biosamples	BLOOD	True	categorical_change		13073_2024_1332_MOESM1_ESM.xlsx:ERR3891199	https://pmc.ncbi.nlm.nih.gov/articles/PMC11025284/
train	PRJEB36683	SAMEA114126259	isolation_source	Clinical sample	BLOOD	True	categorical_change		13073_2024_1332_MOESM1_ESM.xlsx:ERR11752330	https://pmc.ncbi.nlm.nih.gov/articles/PMC11025284/
train	PRJEB36683	SAMEA6531479	isolation_source	Human body sites or biosamples	BACK	True	categorical_change		13073_2024_1332_MOESM1_ESM.xlsx:ERR3891215	https://pmc.ncbi.nlm.nih.gov/articles/PMC11025284/
train	PRJEB36683	SAMEA6531348	isolation_source	Human body sites or biosamples	LUNG	True	categorical_change		13073_2024_1332_MOESM1_ESM.xlsx:ERR3891085	https://pmc.ncbi.nlm.nih.gov/articles/PMC11025284/
train	PRJEB36683	SAMEA6531335	isolation_source	Human body sites or biosamples	LUNG	True	categorical_change		13073_2024_1332_MOESM1_ESM.xlsx:ERR3891072	https://pmc.ncbi.nlm.nih.gov/articles/PMC11025284/
train	PRJEB36683	SAMEA6531336	isolation_source	Human body sites or biosamples	BUTTOCK	True	categorical_change		13073_2024_1332_MOESM1_ESM.xlsx:ERR3891073	https://pmc.ncbi.nlm.nih.gov/articles/PMC11025284/
train	PRJEB36683	SAMEA6531358	isolation_source	Human body sites or biosamples	URINE	True	categorical_change		13073_2024_1332_MOESM1_ESM.xlsx:ERR3891095	https://pmc.ncbi.nlm.nih.gov/articles/PMC11025284/
train	PRJEB36683	SAMEA6531360	isolation_source	Human body sites or biosamples	URINE	True	categorical_change		13073_2024_1332_MOESM1_ESM.xlsx:ERR3891097	https://pmc.ncbi.nlm.nih.gov/articles/PMC11025284/
train	PRJEB36683	SAMEA6531352	isolation_source	Human body sites or biosamples	URINE	True	categorical_change		13073_2024_1332_MOESM1_ESM.xlsx:ERR3891089	https://pmc.ncbi.nlm.nih.gov/articles/PMC11025284/
train	PRJEB36683	SAMEA6531414	isolation_source	Human body sites or biosamples	URINE	True	categorical_change		13073_2024_1332_MOESM1_ESM.xlsx:ERR3891151	https://pmc.ncbi.nlm.nih.gov/articles/PMC11025284/
train	PRJEB36683	SAMEA6531494	isolation_source	Human body sites or biosamples	URINE	True	categorical_change		13073_2024_1332_MOESM1_ESM.xlsx:ERR3891230	https://pmc.ncbi.nlm.nih.gov/articles/PMC11025284/
train	PRJEB36683	SAMEA6531480	isolation_source	Human body sites or biosamples	ABDOMEN	True	categorical_change		13073_2024_1332_MOESM1_ESM.xlsx:ERR3891216	https://pmc.ncbi.nlm.nih.gov/articles/PMC11025284/
train	PRJEB36683	SAMEA114126231	isolation_source	Clinical sample	BLOOD	True	categorical_change		13073_2024_1332_MOESM1_ESM.xlsx:ERR11752337	https://pmc.ncbi.nlm.nih.gov/articles/PMC11025284/
train	PRJEB36683	SAMEA6531295	isolation_source	Human body sites or biosamples	BLOOD	True	categorical_change		13073_2024_1332_MOESM1_ESM.xlsx:ERR3891032	https://pmc.ncbi.nlm.nih.gov/articles/PMC11025284/
train	PRJEB36683	SAMEA114126166	isolation_source	Clinical sample	BLOOD	True	categorical_change		13073_2024_1332_MOESM1_ESM.xlsx:ERR11752214	https://pmc.ncbi.nlm.nih.gov/articles/PMC11025284/
train	PRJEB36683	SAMEA6531432	isolation_source	Human body sites or biosamples	SPINE	True	categorical_change		13073_2024_1332_MOESM1_ESM.xlsx:ERR3891168	https://pmc.ncbi.nlm.nih.gov/articles/PMC11025284/
train	PRJEB36683	SAMEA6531454	isolation_source	Human body sites or biosamples	LUNG	True	categorical_change		13073_2024_1332_MOESM1_ESM.xlsx:ERR3891190	https://pmc.ncbi.nlm.nih.gov/articles/PMC11025284/
train	PRJEB36683	SAMEA6531398	isolation_source	Human body sites or biosamples	SPINE	True	categorical_change		13073_2024_1332_MOESM1_ESM.xlsx:ERR3891135	https://pmc.ncbi.nlm.nih.gov/articles/PMC11025284/
train	PRJEB36683	SAMEA6531462	isolation_source	Human body sites or biosamples	BLOOD	True	categorical_change		13073_2024_1332_MOESM1_ESM.xlsx:ERR3891198	https://pmc.ncbi.nlm.nih.gov/articles/PMC11025284/
train	PRJEB36683	SAMEA6531443	isolation_source	Human body sites or biosamples	LUNG	True	categorical_change		13073_2024_1332_MOESM1_ESM.xlsx:ERR3891179	https://pmc.ncbi.nlm.nih.gov/articles/PMC11025284/
train	PRJEB36683	SAMEA114126207	isolation_source	Clinical sample	BLOOD	True	categorical_change		13073_2024_1332_MOESM1_ESM.xlsx:ERR11752346	https://pmc.ncbi.nlm.nih.gov/articles/PMC11025284/
train	PRJEB36683	SAMEA6531292	isolation_source	Human body sites or biosamples	URINE	True	categorical_change		13073_2024_1332_MOESM1_ESM.xlsx:ERR3891029	https://pmc.ncbi.nlm.nih.gov/articles/PMC11025284/
train	PRJEB36683	SAMEA6531297	isolation_source	Human body sites or biosamples	Others	True	categorical_change		13073_2024_1332_MOESM1_ESM.xlsx:ERR3891034	https://pmc.ncbi.nlm.nih.gov/articles/PMC11025284/
train	PRJEB36683	SAMEA6531299	isolation_source	Human body sites or biosamples	BLOOD	True	categorical_change		13073_2024_1332_MOESM1_ESM.xlsx:ERR3891036	https://pmc.ncbi.nlm.nih.gov/articles/PMC11025284/
train	PRJEB36683	SAMEA114126202	isolation_source	Clinical sample	BLOOD	True	categorical_change		13073_2024_1332_MOESM1_ESM.xlsx:ERR11752318	https://pmc.ncbi.nlm.nih.gov/articles/PMC11025284/
train	PRJEB36683	SAMEA6531296	isolation_source	Human body sites or biosamples	Others	True	categorical_change		13073_2024_1332_MOESM1_ESM.xlsx:ERR3891033	https://pmc.ncbi.nlm.nih.gov/articles/PMC11025284/
train	PRJEB36683	SAMEA6531313	isolation_source	Human body sites or biosamples	LUNG	True	categorical_change		13073_2024_1332_MOESM1_ESM.xlsx:ERR3891050	https://pmc.ncbi.nlm.nih.gov/articles/PMC11025284/
train	PRJEB36683	SAMEA114126244	isolation_source	Clinical sample	BLOOD	True	categorical_change		13073_2024_1332_MOESM1_ESM.xlsx:ERR11752336	https://pmc.ncbi.nlm.nih.gov/articles/PMC11025284/
train	PRJEB36683	SAMEA114126224	isolation_source	Clinical sample	BLOOD	True	categorical_change		13073_2024_1332_MOESM1_ESM.xlsx:ERR11752385	https://pmc.ncbi.nlm.nih.gov/articles/PMC11025284/
train	PRJEB36683	SAMEA6531461	isolation_source	Human body sites or biosamples	LUNG	True	categorical_change		13073_2024_1332_MOESM1_ESM.xlsx:ERR3891197	https://pmc.ncbi.nlm.nih.gov/articles/PMC11025284/
train	PRJEB36683	SAMEA6531446	isolation_source	Human body sites or biosamples	C LINE	True	categorical_change		13073_2024_1332_MOESM1_ESM.xlsx:ERR3891182	https://pmc.ncbi.nlm.nih.gov/articles/PMC11025284/
train	PRJEB36683	SAMEA114126253	isolation_source	Clinical sample	BLOOD	True	categorical_change		13073_2024_1332_MOESM1_ESM.xlsx:ERR11752314	https://pmc.ncbi.nlm.nih.gov/articles/PMC11025284/
train	PRJEB36683	SAMEA114126180	isolation_source	Clinical sample	BLOOD	True	categorical_change		13073_2024_1332_MOESM1_ESM.xlsx:ERR11752380	https://pmc.ncbi.nlm.nih.gov/articles/PMC11025284/
train	PRJEB36683	SAMEA6531345	isolation_source	Human body sites or biosamples	TOE	True	categorical_change		13073_2024_1332_MOESM1_ESM.xlsx:ERR3891082	https://pmc.ncbi.nlm.nih.gov/articles/PMC11025284/
train	PRJEB36683	SAMEA114126234	isolation_source	Clinical sample	BLOOD	True	categorical_change		13073_2024_1332_MOESM1_ESM.xlsx:ERR11752364	https://pmc.ncbi.nlm.nih.gov/articles/PMC11025284/
train	PRJEB36683	SAMEA114126255	isolation_source	Clinical sample	MB	True	categorical_change		13073_2024_1332_MOESM1_ESM.xlsx:ERR11752345	https://pmc.ncbi.nlm.nih.gov/articles/PMC11025284/
train	PRJEB36683	SAMEA6531429	isolation_source	Human body sites or biosamples	SCROTAL	True	categorical_change		13073_2024_1332_MOESM1_ESM.xlsx:ERR3891165	https://pmc.ncbi.nlm.nih.gov/articles/PMC11025284/
train	PRJEB36683	SAMEA6531287	isolation_source	Human body sites or biosamples	URINE	True	categorical_change		13073_2024_1332_MOESM1_ESM.xlsx:ERR3891024	https://pmc.ncbi.nlm.nih.gov/articles/PMC11025284/
train	PRJEB36683	SAMEA114126185	isolation_source	Clinical sample	BLOOD	True	categorical_change		13073_2024_1332_MOESM1_ESM.xlsx:ERR11752393	https://pmc.ncbi.nlm.nih.gov/articles/PMC11025284/
train	PRJEB36683	SAMEA6531458	isolation_source	Human body sites or biosamples	BLOOD	True	categorical_change		13073_2024_1332_MOESM1_ESM.xlsx:ERR3891194	https://pmc.ncbi.nlm.nih.gov/articles/PMC11025284/
train	PRJEB36683	SAMEA114126241	isolation_source	Clinical sample	BLOOD	True	categorical_change		13073_2024_1332_MOESM1_ESM.xlsx:ERR11752350	https://pmc.ncbi.nlm.nih.gov/articles/PMC11025284/
train	PRJEB36683	SAMEA6531263	isolation_source	Human body sites or biosamples	BLOOD	True	categorical_change		13073_2024_1332_MOESM1_ESM.xlsx:ERR3891000	https://pmc.ncbi.nlm.nih.gov/articles/PMC11025284/
train	PRJEB36683	SAMEA6531279	isolation_source	Human body sites or biosamples	URINE	True	categorical_change		13073_2024_1332_MOESM1_ESM.xlsx:ERR3891016	https://pmc.ncbi.nlm.nih.gov/articles/PMC11025284/
train	PRJEB36683	SAMEA114126245	isolation_source	Clinical sample	BLOOD	True	categorical_change		13073_2024_1332_MOESM1_ESM.xlsx:ERR11752321	https://pmc.ncbi.nlm.nih.gov/articles/PMC11025284/
train	PRJEB36683	SAMEA114126198	isolation_source	Clinical sample	BLOOD	True	categorical_change		13073_2024_1332_MOESM1_ESM.xlsx:ERR11752316	https://pmc.ncbi.nlm.nih.gov/articles/PMC11025284/
train	PRJEB36683	SAMEA114126213	isolation_source	Clinical sample	BLOOD	True	categorical_change		13073_2024_1332_MOESM1_ESM.xlsx:ERR11752319	https://pmc.ncbi.nlm.nih.gov/articles/PMC11025284/
train	PRJEB36683	SAMEA114126197	isolation_source	Clinical sample	BLOOD	True	categorical_change		13073_2024_1332_MOESM1_ESM.xlsx:ERR11752352	https://pmc.ncbi.nlm.nih.gov/articles/PMC11025284/
train	PRJEB36683	SAMEA6531439	isolation_source	Human body sites or biosamples	URINE	True	categorical_change		13073_2024_1332_MOESM1_ESM.xlsx:ERR3891175	https://pmc.ncbi.nlm.nih.gov/articles/PMC11025284/
train	PRJEB36683	SAMEA114126209	isolation_source	Clinical sample	BLOOD	True	categorical_change		13073_2024_1332_MOESM1_ESM.xlsx:ERR11752313	https://pmc.ncbi.nlm.nih.gov/articles/PMC11025284/
train	PRJEB36683	SAMEA6531413	isolation_source	Human body sites or biosamples	BLOOD	True	categorical_change		13073_2024_1332_MOESM1_ESM.xlsx:ERR3891150	https://pmc.ncbi.nlm.nih.gov/articles/PMC11025284/
train	PRJEB36683	SAMEA114126217	isolation_source	Clinical sample	BLOOD	True	categorical_change		13073_2024_1332_MOESM1_ESM.xlsx:ERR11752386	https://pmc.ncbi.nlm.nih.gov/articles/PMC11025284/
train	PRJEB36683	SAMEA6531285	isolation_source	Human body sites or biosamples	BLOOD	True	categorical_change		13073_2024_1332_MOESM1_ESM.xlsx:ERR3891022	https://pmc.ncbi.nlm.nih.gov/articles/PMC11025284/
train	PRJEB36683	SAMEA6531465	isolation_source	Human body sites or biosamples	LUNG	True	categorical_change		13073_2024_1332_MOESM1_ESM.xlsx:ERR3891201	https://pmc.ncbi.nlm.nih.gov/articles/PMC11025284/
train	PRJEB36683	SAMEA6531431	isolation_source	Human body sites or biosamples	URINE	True	categorical_change		13073_2024_1332_MOESM1_ESM.xlsx:ERR3891167	https://pmc.ncbi.nlm.nih.gov/articles/PMC11025284/
train	PRJEB36683	SAMEA6531282	isolation_source	Human body sites or biosamples	ABDOMEN	True	categorical_change		13073_2024_1332_MOESM1_ESM.xlsx:ERR3891019	https://pmc.ncbi.nlm.nih.gov/articles/PMC11025284/
train	PRJEB36683	SAMEA114126237	isolation_source	Clinical sample	BLOOD	True	categorical_change		13073_2024_1332_MOESM1_ESM.xlsx:ERR11752369	https://pmc.ncbi.nlm.nih.gov/articles/PMC11025284/
train	PRJEB36683	SAMEA6531261	isolation_source	Human body sites or biosamples	URINE	True	categorical_change		13073_2024_1332_MOESM1_ESM.xlsx:ERR3890998	https://pmc.ncbi.nlm.nih.gov/articles/PMC11025284/
train	PRJEB36683	SAMEA114126263	isolation_source	Clinical sample	BLOOD	True	categorical_change		13073_2024_1332_MOESM1_ESM.xlsx:ERR11752341	https://pmc.ncbi.nlm.nih.gov/articles/PMC11025284/
train	PRJEB36683	SAMEA6531477	isolation_source	Human body sites or biosamples	LUNG	True	categorical_change		13073_2024_1332_MOESM1_ESM.xlsx:ERR3891213	https://pmc.ncbi.nlm.nih.gov/articles/PMC11025284/
train	PRJEB36683	SAMEA114126172	isolation_source	Clinical sample	BLOOD	True	categorical_change		13073_2024_1332_MOESM1_ESM.xlsx:ERR11752384	https://pmc.ncbi.nlm.nih.gov/articles/PMC11025284/
train	PRJEB36683	SAMEA6531444	isolation_source	Human body sites or biosamples	WOUND	True	categorical_change		13073_2024_1332_MOESM1_ESM.xlsx:ERR3891180	https://pmc.ncbi.nlm.nih.gov/articles/PMC11025284/
train	PRJEB36683	SAMEA6531273	isolation_source	Human body sites or biosamples	LT CHEST DRAIN	True	categorical_change		13073_2024_1332_MOESM1_ESM.xlsx:ERR3891010	https://pmc.ncbi.nlm.nih.gov/articles/PMC11025284/
train	PRJEB36683	SAMEA114126183	isolation_source	Clinical sample	MB	True	categorical_change		13073_2024_1332_MOESM1_ESM.xlsx:ERR11752400	https://pmc.ncbi.nlm.nih.gov/articles/PMC11025284/
train	PRJEB36683	SAMEA114126215	isolation_source	Clinical sample	BLOOD	True	categorical_change		13073_2024_1332_MOESM1_ESM.xlsx:ERR11752329	https://pmc.ncbi.nlm.nih.gov/articles/PMC11025284/
train	PRJEB36683	SAMEA114126225	isolation_source	Clinical sample	MB	True	categorical_change		13073_2024_1332_MOESM1_ESM.xlsx:ERR11752374	https://pmc.ncbi.nlm.nih.gov/articles/PMC11025284/
train	PRJEB36683	SAMEA114126218	isolation_source	Clinical sample	BLOOD	True	categorical_change		13073_2024_1332_MOESM1_ESM.xlsx:ERR11752371	https://pmc.ncbi.nlm.nih.gov/articles/PMC11025284/
train	PRJEB36683	SAMEA114126184	isolation_source	Clinical sample	BLOOD	True	categorical_change		13073_2024_1332_MOESM1_ESM.xlsx:ERR11752403	https://pmc.ncbi.nlm.nih.gov/articles/PMC11025284/
train	PRJEB36683	SAMEA6531393	isolation_source	Human body sites or biosamples	URINE	True	categorical_change		13073_2024_1332_MOESM1_ESM.xlsx:ERR3891130	https://pmc.ncbi.nlm.nih.gov/articles/PMC11025284/
train	PRJEB36683	SAMEA6531395	isolation_source	Human body sites or biosamples	Others	True	categorical_change		13073_2024_1332_MOESM1_ESM.xlsx:ERR3891132	https://pmc.ncbi.nlm.nih.gov/articles/PMC11025284/
train	PRJEB36683	SAMEA6531455	isolation_source	Human body sites or biosamples	LUNG	True	categorical_change		13073_2024_1332_MOESM1_ESM.xlsx:ERR3891191	https://pmc.ncbi.nlm.nih.gov/articles/PMC11025284/
train	PRJEB36683	SAMEA114126232	isolation_source	Clinical sample	BLOOD	True	categorical_change		13073_2024_1332_MOESM1_ESM.xlsx:ERR11752348	https://pmc.ncbi.nlm.nih.gov/articles/PMC11025284/
train	PRJEB36683	SAMEA114126221	isolation_source	Clinical sample	BLOOD	True	categorical_change		13073_2024_1332_MOESM1_ESM.xlsx:ERR11752358	https://pmc.ncbi.nlm.nih.gov/articles/PMC11025284/
train	PRJEB36683	SAMEA114126208	isolation_source	Clinical sample	BLOOD	True	categorical_change		13073_2024_1332_MOESM1_ESM.xlsx:ERR11752366	https://pmc.ncbi.nlm.nih.gov/articles/PMC11025284/
train	PRJEB36683	SAMEA114126190	isolation_source	Clinical sample	BLOOD	True	categorical_change		13073_2024_1332_MOESM1_ESM.xlsx:ERR11752379	https://pmc.ncbi.nlm.nih.gov/articles/PMC11025284/
train	PRJEB36683	SAMEA6531436	isolation_source	Human body sites or biosamples	BLOOD	True	categorical_change		13073_2024_1332_MOESM1_ESM.xlsx:ERR3891172	https://pmc.ncbi.nlm.nih.gov/articles/PMC11025284/
train	PRJEB36683	SAMEA114126176	isolation_source	Clinical sample	MB	True	categorical_change		13073_2024_1332_MOESM1_ESM.xlsx:ERR11752389	https://pmc.ncbi.nlm.nih.gov/articles/PMC11025284/
train	PRJEB36683	SAMEA6531278	isolation_source	Human body sites or biosamples	BLOOD	True	categorical_change		13073_2024_1332_MOESM1_ESM.xlsx:ERR3891015	https://pmc.ncbi.nlm.nih.gov/articles/PMC11025284/
train	PRJEB36683	SAMEA114126178	isolation_source	Clinical sample	BLOOD	True	categorical_change		13073_2024_1332_MOESM1_ESM.xlsx:ERR11752334	https://pmc.ncbi.nlm.nih.gov/articles/PMC11025284/
train	PRJEB36683	SAMEA114126193	isolation_source	Clinical sample	BLOOD	True	categorical_change		13073_2024_1332_MOESM1_ESM.xlsx:ERR11752395	https://pmc.ncbi.nlm.nih.gov/articles/PMC11025284/
train	PRJEB36683	SAMEA6531434	isolation_source	Human body sites or biosamples	LUNG	True	categorical_change		13073_2024_1332_MOESM1_ESM.xlsx:ERR3891170	https://pmc.ncbi.nlm.nih.gov/articles/PMC11025284/
train	PRJEB36683	SAMEA6531268	isolation_source	Human body sites or biosamples	BLOOD	True	categorical_change		13073_2024_1332_MOESM1_ESM.xlsx:ERR3891005	https://pmc.ncbi.nlm.nih.gov/articles/PMC11025284/
train	PRJEB36683	SAMEA114126251	isolation_source	Clinical sample	BLOOD	True	categorical_change		13073_2024_1332_MOESM1_ESM.xlsx:ERR11752362	https://pmc.ncbi.nlm.nih.gov/articles/PMC11025284/
train	PRJEB36683	SAMEA6531262	isolation_source	Human body sites or biosamples	Others	True	categorical_change		13073_2024_1332_MOESM1_ESM.xlsx:ERR3890999	https://pmc.ncbi.nlm.nih.gov/articles/PMC11025284/
train	PRJEB36683	SAMEA114126212	isolation_source	Clinical sample	BLOOD	True	categorical_change		13073_2024_1332_MOESM1_ESM.xlsx:ERR11752340	https://pmc.ncbi.nlm.nih.gov/articles/PMC11025284/
train	PRJEB36683	SAMEA114126170	isolation_source	Clinical sample	BLOOD	True	categorical_change		13073_2024_1332_MOESM1_ESM.xlsx:ERR11752392	https://pmc.ncbi.nlm.nih.gov/articles/PMC11025284/
train	PRJEB36683	SAMEA114126235	isolation_source	Clinical sample	BLOOD	True	categorical_change		13073_2024_1332_MOESM1_ESM.xlsx:ERR11752327	https://pmc.ncbi.nlm.nih.gov/articles/PMC11025284/
train	PRJEB36683	SAMEA114126226	isolation_source	Clinical sample	BLOOD	True	categorical_change		13073_2024_1332_MOESM1_ESM.xlsx:ERR11752308	https://pmc.ncbi.nlm.nih.gov/articles/PMC11025284/
train	PRJEB36683	SAMEA114126257	isolation_source	Clinical sample	BLOOD	True	categorical_change		13073_2024_1332_MOESM1_ESM.xlsx:ERR11752356	https://pmc.ncbi.nlm.nih.gov/articles/PMC11025284/
train	PRJEB36683	SAMEA114126171	isolation_source	Clinical sample	BLOOD	True	categorical_change		13073_2024_1332_MOESM1_ESM.xlsx:ERR11752398	https://pmc.ncbi.nlm.nih.gov/articles/PMC11025284/
train	PRJEB36683	SAMEA114126248	isolation_source	Clinical sample	BLOOD	True	categorical_change		13073_2024_1332_MOESM1_ESM.xlsx:ERR11752322	https://pmc.ncbi.nlm.nih.gov/articles/PMC11025284/
train	PRJEB36683	SAMEA114126242	isolation_source	Clinical sample	BLOOD	True	categorical_change		13073_2024_1332_MOESM1_ESM.xlsx:ERR11752361	https://pmc.ncbi.nlm.nih.gov/articles/PMC11025284/
train	PRJEB36683	SAMEA6531452	isolation_source	Human body sites or biosamples	Others	True	categorical_change		13073_2024_1332_MOESM1_ESM.xlsx:ERR3891188	https://pmc.ncbi.nlm.nih.gov/articles/PMC11025284/
train	PRJEB36683	SAMEA6531329	isolation_source	Human body sites or biosamples	Others	True	categorical_change		13073_2024_1332_MOESM1_ESM.xlsx:ERR3891066	https://pmc.ncbi.nlm.nih.gov/articles/PMC11025284/
train	PRJEB36683	SAMEA6531334	isolation_source	Human body sites or biosamples	BLOOD	True	categorical_change		13073_2024_1332_MOESM1_ESM.xlsx:ERR3891071	https://pmc.ncbi.nlm.nih.gov/articles/PMC11025284/
train	PRJEB36683	SAMEA6531496	isolation_source	Human body sites or biosamples	URINE	True	categorical_change		13073_2024_1332_MOESM1_ESM.xlsx:ERR3891232	https://pmc.ncbi.nlm.nih.gov/articles/PMC11025284/
train	PRJEB36683	SAMEA114126179	isolation_source	Clinical sample	BLOOD	True	categorical_change		13073_2024_1332_MOESM1_ESM.xlsx:ERR11752377	https://pmc.ncbi.nlm.nih.gov/articles/PMC11025284/
train	PRJEB36683	SAMEA6531437	isolation_source	Human body sites or biosamples	BLOOD	True	categorical_change		13073_2024_1332_MOESM1_ESM.xlsx:ERR3891173	https://pmc.ncbi.nlm.nih.gov/articles/PMC11025284/
train	PRJEB36683	SAMEA6531448	isolation_source	Human body sites or biosamples	RT TRUNK	True	categorical_change		13073_2024_1332_MOESM1_ESM.xlsx:ERR3891184	https://pmc.ncbi.nlm.nih.gov/articles/PMC11025284/
train	PRJEB36683	SAMEA114126254	isolation_source	Clinical sample	BLOOD	True	categorical_change		13073_2024_1332_MOESM1_ESM.xlsx:ERR11752333	https://pmc.ncbi.nlm.nih.gov/articles/PMC11025284/
train	PRJEB36683	SAMEA114126196	isolation_source	Clinical sample	BLOOD	True	categorical_change		13073_2024_1332_MOESM1_ESM.xlsx:ERR11752404	https://pmc.ncbi.nlm.nih.gov/articles/PMC11025284/
train	PRJEB36683	SAMEA6531383	isolation_source	Human body sites or biosamples	BAL	True	categorical_change		13073_2024_1332_MOESM1_ESM.xlsx:ERR3891120	https://pmc.ncbi.nlm.nih.gov/articles/PMC11025284/
train	PRJEB48990	SAMEA11350734	collection_date	2019	2019-11-28 00:00:00	True	date_same_year_refinement		mgen-9-1016-s001.xlsx:ERS8995927	https://pmc.ncbi.nlm.nih.gov/articles/PMC10272877/
train	PRJEB48990	SAMEA11350784	collection_date	2020	2020-03-12 00:00:00	True	date_same_year_refinement		mgen-9-1016-s001.xlsx:ERS8995977	https://pmc.ncbi.nlm.nih.gov/articles/PMC10272877/
train	PRJEB48990	SAMEA11350740	collection_date	2015	2015-12-10 00:00:00	True	date_same_year_refinement		mgen-9-1016-s001.xlsx:ERS8995934	https://pmc.ncbi.nlm.nih.gov/articles/PMC10272877/
train	PRJEB48990	SAMEA11351070	collection_date	2017	2017-07-29 00:00:00	True	date_same_year_refinement		mgen-9-1016-s001.xlsx:ERS8996262	https://pmc.ncbi.nlm.nih.gov/articles/PMC10272877/
train	PRJEB48990	SAMEA11350921	collection_date	2017	2017-12-01 00:00:00	True	date_same_year_refinement		mgen-9-1016-s001.xlsx:ERS8996113	https://pmc.ncbi.nlm.nih.gov/articles/PMC10272877/
train	PRJEB48990	SAMEA11350874	collection_date	2018	2018-08-11 00:00:00	True	date_same_year_refinement		mgen-9-1016-s001.xlsx:ERS8996067	https://pmc.ncbi.nlm.nih.gov/articles/PMC10272877/
train	PRJEB48990	SAMEA11350733	collection_date	2018	2018-11-05 00:00:00	True	date_same_year_refinement		mgen-9-1016-s001.xlsx:ERS8995925	https://pmc.ncbi.nlm.nih.gov/articles/PMC10272877/
train	PRJEB48990	SAMEA11350947	collection_date	2019	2019-08-31 00:00:00	True	date_same_year_refinement		mgen-9-1016-s001.xlsx:ERS8996141	https://pmc.ncbi.nlm.nih.gov/articles/PMC10272877/
train	PRJEB48990	SAMEA11350877	collection_date	2019	2019-09-10 00:00:00	True	date_same_year_refinement		mgen-9-1016-s001.xlsx:ERS8996070	https://pmc.ncbi.nlm.nih.gov/articles/PMC10272877/
train	PRJEB48990	SAMEA11350895	collection_date	2019	2019-10-20 00:00:00	True	date_same_year_refinement		mgen-9-1016-s001.xlsx:ERS8996087	https://pmc.ncbi.nlm.nih.gov/articles/PMC10272877/
train	PRJEB48990	SAMEA11350892	collection_date	2019	2019-11-12 00:00:00	True	date_same_year_refinement		mgen-9-1016-s001.xlsx:ERS8996086	https://pmc.ncbi.nlm.nih.gov/articles/PMC10272877/
train	PRJEB48990	SAMEA11350716	collection_date	2019	2019-12-18 00:00:00	True	date_same_year_refinement		mgen-9-1016-s001.xlsx:ERS8995908	https://pmc.ncbi.nlm.nih.gov/articles/PMC10272877/
train	PRJEB48990	SAMEA11351173	collection_date	2020	2020-01-20 00:00:00	True	date_same_year_refinement		mgen-9-1016-s001.xlsx:ERS8996365	https://pmc.ncbi.nlm.nih.gov/articles/PMC10272877/
train	PRJEB48990	SAMEA11350965	collection_date	2019	2019-09-07 00:00:00	True	date_same_year_refinement		mgen-9-1016-s001.xlsx:ERS8996156	https://pmc.ncbi.nlm.nih.gov/articles/PMC10272877/
train	PRJEB48990	SAMEA11351005	collection_date	2020	2020-03-17 00:00:00	True	date_same_year_refinement		mgen-9-1016-s001.xlsx:ERS8996197	https://pmc.ncbi.nlm.nih.gov/articles/PMC10272877/
train	PRJEB48990	SAMEA11351073	collection_date	2017	2017-03-17 00:00:00	True	date_same_year_refinement		mgen-9-1016-s001.xlsx:ERS8996265	https://pmc.ncbi.nlm.nih.gov/articles/PMC10272877/
train	PRJEB48990	SAMEA11350968	collection_date	2018	2018-01-06 00:00:00	True	date_same_year_refinement		mgen-9-1016-s001.xlsx:ERS8996161	https://pmc.ncbi.nlm.nih.gov/articles/PMC10272877/
train	PRJEB48990	SAMEA11350756	collection_date	2017	2017-04-03 00:00:00	True	date_same_year_refinement		mgen-9-1016-s001.xlsx:ERS8995949	https://pmc.ncbi.nlm.nih.gov/articles/PMC10272877/
train	PRJEB48990	SAMEA11351136	collection_date	2019	2019-10-23 00:00:00	True	date_same_year_refinement		mgen-9-1016-s001.xlsx:ERS8996328	https://pmc.ncbi.nlm.nih.gov/articles/PMC10272877/
train	PRJEB48990	SAMEA11350906	collection_date	2020	2020-03-16 00:00:00	True	date_same_year_refinement		mgen-9-1016-s001.xlsx:ERS8996099	https://pmc.ncbi.nlm.nih.gov/articles/PMC10272877/
train	PRJEB48990	SAMEA11350991	collection_date	2019	2019-09-13 00:00:00	True	date_same_year_refinement		mgen-9-1016-s001.xlsx:ERS8996184	https://pmc.ncbi.nlm.nih.gov/articles/PMC10272877/
train	PRJEB48990	SAMEA11350993	collection_date	2015	2015-10-07 00:00:00	True	date_same_year_refinement		mgen-9-1016-s001.xlsx:ERS8996183	https://pmc.ncbi.nlm.nih.gov/articles/PMC10272877/
train	PRJEB48990	SAMEA11350864	collection_date	2019	2019-09-23 00:00:00	True	date_same_year_refinement		mgen-9-1016-s001.xlsx:ERS8996057	https://pmc.ncbi.nlm.nih.gov/articles/PMC10272877/
train	PRJEB48990	SAMEA11351127	collection_date	2014	2014-02-06 00:00:00	True	date_same_year_refinement		mgen-9-1016-s001.xlsx:ERS8996320	https://pmc.ncbi.nlm.nih.gov/articles/PMC10272877/
train	PRJEB48990	SAMEA11351047	collection_date	2018	2018-04-29 00:00:00	True	date_same_year_refinement		mgen-9-1016-s001.xlsx:ERS8996239	https://pmc.ncbi.nlm.nih.gov/articles/PMC10272877/
train	PRJEB48990	SAMEA11350711	collection_date	2019	2019-07-09 00:00:00	True	date_same_year_refinement		mgen-9-1016-s001.xlsx:ERS8995904	https://pmc.ncbi.nlm.nih.gov/articles/PMC10272877/
train	PRJEB48990	SAMEA11350720	collection_date	2019	2019-09-03 00:00:00	True	date_same_year_refinement		mgen-9-1016-s001.xlsx:ERS8995913	https://pmc.ncbi.nlm.nih.gov/articles/PMC10272877/
train	PRJEB48990	SAMEA11350924	collection_date	2019	2019-11-12 00:00:00	True	date_same_year_refinement		mgen-9-1016-s001.xlsx:ERS8996116	https://pmc.ncbi.nlm.nih.gov/articles/PMC10272877/
train	PRJEB48990	SAMEA11350934	collection_date	2019	2019-08-21 00:00:00	True	date_same_year_refinement		mgen-9-1016-s001.xlsx:ERS8996125	https://pmc.ncbi.nlm.nih.gov/articles/PMC10272877/
train	PRJEB48990	SAMEA11350891	collection_date	2019	2019-06-23 00:00:00	True	date_same_year_refinement		mgen-9-1016-s001.xlsx:ERS8996085	https://pmc.ncbi.nlm.nih.gov/articles/PMC10272877/
train	PRJEB48990	SAMEA11351111	collection_date	2018	2018-04-23 00:00:00	True	date_same_year_refinement		mgen-9-1016-s001.xlsx:ERS8996304	https://pmc.ncbi.nlm.nih.gov/articles/PMC10272877/
train	PRJEB48990	SAMEA11351020	collection_date	2013	2013-07-25 00:00:00	True	date_same_year_refinement		mgen-9-1016-s001.xlsx:ERS8996211	https://pmc.ncbi.nlm.nih.gov/articles/PMC10272877/
train	PRJEB48990	SAMEA11351091	collection_date	2019	2019-03-24 00:00:00	True	date_same_year_refinement		mgen-9-1016-s001.xlsx:ERS8996284	https://pmc.ncbi.nlm.nih.gov/articles/PMC10272877/
train	PRJEB48990	SAMEA11351145	collection_date	2014	2014-02-05 00:00:00	True	date_same_year_refinement		mgen-9-1016-s001.xlsx:ERS8996337	https://pmc.ncbi.nlm.nih.gov/articles/PMC10272877/
train	PRJEB48990	SAMEA11350960	collection_date	2020	2020-02-03 00:00:00	True	date_same_year_refinement		mgen-9-1016-s001.xlsx:ERS8996152	https://pmc.ncbi.nlm.nih.gov/articles/PMC10272877/
train	PRJEB48990	SAMEA11350734	host	human	human	False	no_change	no_change	mgen-9-1016-s001.xlsx:ERS8995927 (rescued 'Clinical')	https://pmc.ncbi.nlm.nih.gov/articles/PMC10272877/
train	PRJEB48990	SAMEA11350784	host	human	human	False	no_change	no_change	mgen-9-1016-s001.xlsx:ERS8995977 (rescued 'Clinical')	https://pmc.ncbi.nlm.nih.gov/articles/PMC10272877/
train	PRJEB48990	SAMEA11350740	host	human	human	False	no_change	no_change	mgen-9-1016-s001.xlsx:ERS8995934 (rescued 'Clinical')	https://pmc.ncbi.nlm.nih.gov/articles/PMC10272877/
train	PRJEB48990	SAMEA11351070	host	human	human	False	no_change	no_change	mgen-9-1016-s001.xlsx:ERS8996262 (rescued 'Clinical')	https://pmc.ncbi.nlm.nih.gov/articles/PMC10272877/
train	PRJEB48990	SAMEA11350921	host	human	human	False	no_change	no_change	mgen-9-1016-s001.xlsx:ERS8996113 (rescued 'Clinical')	https://pmc.ncbi.nlm.nih.gov/articles/PMC10272877/
train	PRJEB48990	SAMEA11350874	host	human	human	False	no_change	no_change	mgen-9-1016-s001.xlsx:ERS8996067 (rescued 'Clinical')	https://pmc.ncbi.nlm.nih.gov/articles/PMC10272877/
train	PRJEB48990	SAMEA11350733	host	human	human	False	no_change	no_change	mgen-9-1016-s001.xlsx:ERS8995925 (rescued 'Clinical')	https://pmc.ncbi.nlm.nih.gov/articles/PMC10272877/
train	PRJEB48990	SAMEA11350947	host	human	human	False	no_change	no_change	mgen-9-1016-s001.xlsx:ERS8996141 (rescued 'Screen')	https://pmc.ncbi.nlm.nih.gov/articles/PMC10272877/
train	PRJEB48990	SAMEA11350877	host	human	human	False	no_change	no_change	mgen-9-1016-s001.xlsx:ERS8996070 (rescued 'Screen')	https://pmc.ncbi.nlm.nih.gov/articles/PMC10272877/
train	PRJEB48990	SAMEA11350895	host	human	human	False	no_change	no_change	mgen-9-1016-s001.xlsx:ERS8996087 (rescued 'Screen')	https://pmc.ncbi.nlm.nih.gov/articles/PMC10272877/
train	PRJEB48990	SAMEA11350892	host	human	human	False	no_change	no_change	mgen-9-1016-s001.xlsx:ERS8996086 (rescued 'Screen')	https://pmc.ncbi.nlm.nih.gov/articles/PMC10272877/
train	PRJEB48990	SAMEA11350716	host	human	human	False	no_change	no_change	mgen-9-1016-s001.xlsx:ERS8995908 (rescued 'Screen')	https://pmc.ncbi.nlm.nih.gov/articles/PMC10272877/
train	PRJEB48990	SAMEA11351173	host	environmental	environment_soil	True	categorical_change		mgen-9-1016-s001.xlsx:ERS8996365 (rescued 'Environmental')	https://pmc.ncbi.nlm.nih.gov/articles/PMC10272877/
train	PRJEB48990	SAMEA11350965	host	human	human	False	no_change	no_change	mgen-9-1016-s001.xlsx:ERS8996156 (rescued 'Clinical')	https://pmc.ncbi.nlm.nih.gov/articles/PMC10272877/
train	PRJEB48990	SAMEA11351005	host	human	human	False	no_change	no_change	mgen-9-1016-s001.xlsx:ERS8996197 (rescued 'Screen')	https://pmc.ncbi.nlm.nih.gov/articles/PMC10272877/
train	PRJEB48990	SAMEA11351073	host	human	human	False	no_change	no_change	mgen-9-1016-s001.xlsx:ERS8996265 (rescued 'Screen')	https://pmc.ncbi.nlm.nih.gov/articles/PMC10272877/
train	PRJEB48990	SAMEA11350968	host	human	human	False	no_change	no_change	mgen-9-1016-s001.xlsx:ERS8996161 (rescued 'Screen')	https://pmc.ncbi.nlm.nih.gov/articles/PMC10272877/
train	PRJEB48990	SAMEA11350756	host	human	human	False	no_change	no_change	mgen-9-1016-s001.xlsx:ERS8995949 (rescued 'Clinical')	https://pmc.ncbi.nlm.nih.gov/articles/PMC10272877/
train	PRJEB48990	SAMEA11351049	host	human	human	False	no_change	no_change	mgen-9-1016-s001.xlsx:ERS8996241 (rescued 'Clinical')	https://pmc.ncbi.nlm.nih.gov/articles/PMC10272877/
train	PRJEB48990	SAMEA11350787	host	human	human	False	no_change	no_change	mgen-9-1016-s001.xlsx:ERS8995980 (rescued 'Clinical')	https://pmc.ncbi.nlm.nih.gov/articles/PMC10272877/
train	PRJEB48990	SAMEA11351136	host	human	human	False	no_change	no_change	mgen-9-1016-s001.xlsx:ERS8996328 (rescued 'Screen')	https://pmc.ncbi.nlm.nih.gov/articles/PMC10272877/
train	PRJEB48990	SAMEA11350906	host	human	human	False	no_change	no_change	mgen-9-1016-s001.xlsx:ERS8996099 (rescued 'Clinical')	https://pmc.ncbi.nlm.nih.gov/articles/PMC10272877/
train	PRJEB48990	SAMEA11350991	host	human	human	False	no_change	no_change	mgen-9-1016-s001.xlsx:ERS8996184 (rescued 'Clinical')	https://pmc.ncbi.nlm.nih.gov/articles/PMC10272877/
train	PRJEB48990	SAMEA11350870	host	human	human	False	no_change	no_change	mgen-9-1016-s001.xlsx:ERS8996064 (rescued 'Clinical')	https://pmc.ncbi.nlm.nih.gov/articles/PMC10272877/
train	PRJEB48990	SAMEA11350993	host	human	human	False	no_change	no_change	mgen-9-1016-s001.xlsx:ERS8996183 (rescued 'Clinical')	https://pmc.ncbi.nlm.nih.gov/articles/PMC10272877/
train	PRJEB48990	SAMEA11350864	host	human	human	False	no_change	no_change	mgen-9-1016-s001.xlsx:ERS8996057 (rescued 'Clinical')	https://pmc.ncbi.nlm.nih.gov/articles/PMC10272877/
train	PRJEB48990	SAMEA11351127	host	human	human	False	no_change	no_change	mgen-9-1016-s001.xlsx:ERS8996320 (rescued 'Clinical')	https://pmc.ncbi.nlm.nih.gov/articles/PMC10272877/
train	PRJEB48990	SAMEA11351047	host	human	human	False	no_change	no_change	mgen-9-1016-s001.xlsx:ERS8996239 (rescued 'Screen')	https://pmc.ncbi.nlm.nih.gov/articles/PMC10272877/
train	PRJEB48990	SAMEA11350711	host	human	human	False	no_change	no_change	mgen-9-1016-s001.xlsx:ERS8995904 (rescued 'Clinical')	https://pmc.ncbi.nlm.nih.gov/articles/PMC10272877/
train	PRJEB48990	SAMEA11350720	host	human	human	False	no_change	no_change	mgen-9-1016-s001.xlsx:ERS8995913 (rescued 'Clinical')	https://pmc.ncbi.nlm.nih.gov/articles/PMC10272877/
train	PRJEB48990	SAMEA11350924	host	human	human	False	no_change	no_change	mgen-9-1016-s001.xlsx:ERS8996116 (rescued 'Screen')	https://pmc.ncbi.nlm.nih.gov/articles/PMC10272877/
train	PRJEB48990	SAMEA11350934	host	human	human	False	no_change	no_change	mgen-9-1016-s001.xlsx:ERS8996125 (rescued 'Clinical')	https://pmc.ncbi.nlm.nih.gov/articles/PMC10272877/
train	PRJEB48990	SAMEA11350891	host	human	human	False	no_change	no_change	mgen-9-1016-s001.xlsx:ERS8996085 (rescued 'Screen')	https://pmc.ncbi.nlm.nih.gov/articles/PMC10272877/
train	PRJEB48990	SAMEA11351111	host	human	human	False	no_change	no_change	mgen-9-1016-s001.xlsx:ERS8996304 (rescued 'Clinical')	https://pmc.ncbi.nlm.nih.gov/articles/PMC10272877/
train	PRJEB48990	SAMEA11351020	host	human	human	False	no_change	no_change	mgen-9-1016-s001.xlsx:ERS8996211 (rescued 'Clinical')	https://pmc.ncbi.nlm.nih.gov/articles/PMC10272877/
train	PRJEB48990	SAMEA11351091	host	human	human	False	no_change	no_change	mgen-9-1016-s001.xlsx:ERS8996284 (rescued 'Clinical')	https://pmc.ncbi.nlm.nih.gov/articles/PMC10272877/
train	PRJEB48990	SAMEA11351145	host	human	human	False	no_change	no_change	mgen-9-1016-s001.xlsx:ERS8996337 (rescued 'Clinical')	https://pmc.ncbi.nlm.nih.gov/articles/PMC10272877/
train	PRJEB48990	SAMEA11351160	host	human	human	False	no_change	no_change	mgen-9-1016-s001.xlsx:ERS8996352 (rescued 'Clinical')	https://pmc.ncbi.nlm.nih.gov/articles/PMC10272877/
train	PRJEB58216	SAMEA112228837	collection_date	2003	2003-10-23 00:00:00	True	date_same_year_refinement		mgen-9-1082-s002.xlsx:4565	https://pmc.ncbi.nlm.nih.gov/articles/PMC10483420/
train	PRJEB58216	SAMEA112228838	collection_date	2003	2003-10-24 00:00:00	True	date_same_year_refinement		mgen-9-1082-s002.xlsx:4684	https://pmc.ncbi.nlm.nih.gov/articles/PMC10483420/
train	PRJEB58216	SAMEA112228839	collection_date	2004	2004-09-07 00:00:00	True	date_same_year_refinement		mgen-9-1082-s002.xlsx:5384	https://pmc.ncbi.nlm.nih.gov/articles/PMC10483420/
train	PRJEB58216	SAMEA112228840	collection_date	2005	2005-03-07 00:00:00	True	date_same_year_refinement		mgen-9-1082-s002.xlsx:5722	https://pmc.ncbi.nlm.nih.gov/articles/PMC10483420/
train	PRJEB58216	SAMEA112228841	collection_date	2005	2005-07-07 00:00:00	True	date_same_year_refinement		mgen-9-1082-s002.xlsx:5925	https://pmc.ncbi.nlm.nih.gov/articles/PMC10483420/
train	PRJEB58216	SAMEA112228842	collection_date	2005	2005-07-20 00:00:00	True	date_same_year_refinement		mgen-9-1082-s002.xlsx:5955	https://pmc.ncbi.nlm.nih.gov/articles/PMC10483420/
train	PRJEB58216	SAMEA112228843	collection_date	2005	2005-09-22 00:00:00	True	date_same_year_refinement		mgen-9-1082-s002.xlsx:6044	https://pmc.ncbi.nlm.nih.gov/articles/PMC10483420/
train	PRJEB58216	SAMEA112228844	collection_date	2006	2006-05-03 00:00:00	True	date_same_year_refinement		mgen-9-1082-s002.xlsx:6867	https://pmc.ncbi.nlm.nih.gov/articles/PMC10483420/
train	PRJEB58216	SAMEA112228845	collection_date	2006	2006-07-02 00:00:00	True	date_same_year_refinement		mgen-9-1082-s002.xlsx:6964	https://pmc.ncbi.nlm.nih.gov/articles/PMC10483420/
train	PRJEB58216	SAMEA112228846	collection_date	2006	2006-07-06 00:00:00	True	date_same_year_refinement		mgen-9-1082-s002.xlsx:6974	https://pmc.ncbi.nlm.nih.gov/articles/PMC10483420/
train	PRJEB58216	SAMEA112228847	collection_date	2006	2006-07-30 00:00:00	True	date_same_year_refinement		mgen-9-1082-s002.xlsx:7045	https://pmc.ncbi.nlm.nih.gov/articles/PMC10483420/
train	PRJEB58216	SAMEA112228848	collection_date	2006	2006-09-24 00:00:00	True	date_same_year_refinement		mgen-9-1082-s002.xlsx:7104	https://pmc.ncbi.nlm.nih.gov/articles/PMC10483420/
train	PRJEB58216	SAMEA112228849	collection_date	2006	2006-08-17 00:00:00	True	date_same_year_refinement		mgen-9-1082-s002.xlsx:7107	https://pmc.ncbi.nlm.nih.gov/articles/PMC10483420/
train	PRJEB58216	SAMEA112228850	collection_date	2006	2006-10-04 00:00:00	True	date_same_year_refinement		mgen-9-1082-s002.xlsx:7151	https://pmc.ncbi.nlm.nih.gov/articles/PMC10483420/
train	PRJEB58216	SAMEA112228851	collection_date	2006	2006-10-14 00:00:00	True	date_same_year_refinement		mgen-9-1082-s002.xlsx:7169	https://pmc.ncbi.nlm.nih.gov/articles/PMC10483420/
train	PRJEB58216	SAMEA112228852	collection_date	2006	2006-12-21 00:00:00	True	date_same_year_refinement		mgen-9-1082-s002.xlsx:7312	https://pmc.ncbi.nlm.nih.gov/articles/PMC10483420/
train	PRJEB58216	SAMEA112228853	collection_date	2007	2007-01-19 00:00:00	True	date_same_year_refinement		mgen-9-1082-s002.xlsx:7410	https://pmc.ncbi.nlm.nih.gov/articles/PMC10483420/
train	PRJEB58216	SAMEA112228854	collection_date	2007	2007-02-12 00:00:00	True	date_same_year_refinement		mgen-9-1082-s002.xlsx:7468	https://pmc.ncbi.nlm.nih.gov/articles/PMC10483420/
train	PRJEB58216	SAMEA112228855	collection_date	2007	2007-03-01 00:00:00	True	date_same_year_refinement		mgen-9-1082-s002.xlsx:7518	https://pmc.ncbi.nlm.nih.gov/articles/PMC10483420/
train	PRJEB58216	SAMEA112228856	collection_date	2007	2007-04-15 00:00:00	True	date_same_year_refinement		mgen-9-1082-s002.xlsx:7653	https://pmc.ncbi.nlm.nih.gov/articles/PMC10483420/
train	PRJEB58216	SAMEA112228857	collection_date	2007	2007-05-01 00:00:00	True	date_same_year_refinement		mgen-9-1082-s002.xlsx:7684	https://pmc.ncbi.nlm.nih.gov/articles/PMC10483420/
train	PRJEB58216	SAMEA112228858	collection_date	2007	2007-06-05 00:00:00	True	date_same_year_refinement		mgen-9-1082-s002.xlsx:7729	https://pmc.ncbi.nlm.nih.gov/articles/PMC10483420/
train	PRJEB58216	SAMEA112228859	collection_date	2007	2007-05-22 00:00:00	True	date_same_year_refinement		mgen-9-1082-s002.xlsx:7742	https://pmc.ncbi.nlm.nih.gov/articles/PMC10483420/
train	PRJEB58216	SAMEA112228860	collection_date	2007	2007-06-23 00:00:00	True	date_same_year_refinement		mgen-9-1082-s002.xlsx:7771	https://pmc.ncbi.nlm.nih.gov/articles/PMC10483420/
train	PRJEB58216	SAMEA112228861	collection_date	2007	2007-07-26 00:00:00	True	date_same_year_refinement		mgen-9-1082-s002.xlsx:7867	https://pmc.ncbi.nlm.nih.gov/articles/PMC10483420/
train	PRJEB58216	SAMEA112228862	collection_date	2007	2007-08-05 00:00:00	True	date_same_year_refinement		mgen-9-1082-s002.xlsx:7888	https://pmc.ncbi.nlm.nih.gov/articles/PMC10483420/
train	PRJEB58216	SAMEA112228863	collection_date	2007	2007-10-19 00:00:00	True	date_same_year_refinement		mgen-9-1082-s002.xlsx:7999	https://pmc.ncbi.nlm.nih.gov/articles/PMC10483420/
train	PRJEB58216	SAMEA112228864	collection_date	2008	2008-05-26 00:00:00	True	date_same_year_refinement		mgen-9-1082-s002.xlsx:8361	https://pmc.ncbi.nlm.nih.gov/articles/PMC10483420/
train	PRJEB58216	SAMEA112228865	collection_date	2008	2008-07-28 00:00:00	True	date_same_year_refinement		mgen-9-1082-s002.xlsx:8472	https://pmc.ncbi.nlm.nih.gov/articles/PMC10483420/
train	PRJEB58216	SAMEA112228866	collection_date	2008	2008-08-14 00:00:00	True	date_same_year_refinement		mgen-9-1082-s002.xlsx:8494	https://pmc.ncbi.nlm.nih.gov/articles/PMC10483420/
train	PRJEB58216	SAMEA112228867	collection_date	2008	2008-10-29 00:00:00	True	date_same_year_refinement		mgen-9-1082-s002.xlsx:8654	https://pmc.ncbi.nlm.nih.gov/articles/PMC10483420/
train	PRJEB58216	SAMEA112228868	collection_date	2008	2008-11-02 00:00:00	True	date_same_year_refinement		mgen-9-1082-s002.xlsx:8677	https://pmc.ncbi.nlm.nih.gov/articles/PMC10483420/
train	PRJEB58216	SAMEA112228869	collection_date	2008	2008-12-04 00:00:00	True	date_same_year_refinement		mgen-9-1082-s002.xlsx:8698	https://pmc.ncbi.nlm.nih.gov/articles/PMC10483420/
train	PRJEB58216	SAMEA112228870	collection_date	2008	2008-12-28 00:00:00	True	date_same_year_refinement		mgen-9-1082-s002.xlsx:8811	https://pmc.ncbi.nlm.nih.gov/articles/PMC10483420/
train	PRJEB58216	SAMEA112228871	collection_date	2009	2009-02-01 00:00:00	True	date_same_year_refinement		mgen-9-1082-s002.xlsx:8849	https://pmc.ncbi.nlm.nih.gov/articles/PMC10483420/
train	PRJEB58216	SAMEA112228872	collection_date	2009	2009-01-29 00:00:00	True	date_same_year_refinement		mgen-9-1082-s002.xlsx:8854	https://pmc.ncbi.nlm.nih.gov/articles/PMC10483420/
train	PRJEB58216	SAMEA112228873	collection_date	2009	2009-03-17 00:00:00	True	date_same_year_refinement		mgen-9-1082-s002.xlsx:8901	https://pmc.ncbi.nlm.nih.gov/articles/PMC10483420/
train	PRJEB58216	SAMEA112228874	collection_date	2009	2009-04-01 00:00:00	True	date_same_year_refinement		mgen-9-1082-s002.xlsx:8936	https://pmc.ncbi.nlm.nih.gov/articles/PMC10483420/
train	PRJEB58216	SAMEA112228875	collection_date	2009	2009-08-12 00:00:00	True	date_same_year_refinement		mgen-9-1082-s002.xlsx:9231	https://pmc.ncbi.nlm.nih.gov/articles/PMC10483420/
train	PRJEB58216	SAMEA112228876	collection_date	2009	2009-06-07 00:00:00	True	date_same_year_refinement		mgen-9-1082-s002.xlsx:9253	https://pmc.ncbi.nlm.nih.gov/articles/PMC10483420/
train	PRJEB58216	SAMEA112228877	collection_date	2009	2009-06-10 00:00:00	True	date_same_year_refinement		mgen-9-1082-s002.xlsx:9260	https://pmc.ncbi.nlm.nih.gov/articles/PMC10483420/
train	PRJEB58216	SAMEA112228878	collection_date	2009	2009-11-29 00:00:00	True	date_same_year_refinement		mgen-9-1082-s002.xlsx:9471	https://pmc.ncbi.nlm.nih.gov/articles/PMC10483420/
train	PRJEB58216	SAMEA112228879	collection_date	2010	2010-01-17 00:00:00	True	date_same_year_refinement		mgen-9-1082-s002.xlsx:9615	https://pmc.ncbi.nlm.nih.gov/articles/PMC10483420/
train	PRJEB58216	SAMEA112228880	collection_date	2010	2010-01-15 00:00:00	True	date_same_year_refinement		mgen-9-1082-s002.xlsx:9645	https://pmc.ncbi.nlm.nih.gov/articles/PMC10483420/
train	PRJEB58216	SAMEA112228881	collection_date	2010	2010-01-28 00:00:00	True	date_same_year_refinement		mgen-9-1082-s002.xlsx:9671	https://pmc.ncbi.nlm.nih.gov/articles/PMC10483420/
train	PRJEB58216	SAMEA112228882	collection_date	2010	2010-04-23 00:00:00	True	date_same_year_refinement		mgen-9-1082-s002.xlsx:9770	https://pmc.ncbi.nlm.nih.gov/articles/PMC10483420/
train	PRJEB58216	SAMEA112228883	collection_date	2010	2010-09-27 00:00:00	True	date_same_year_refinement		mgen-9-1082-s002.xlsx:10057	https://pmc.ncbi.nlm.nih.gov/articles/PMC10483420/
train	PRJEB58216	SAMEA112228884	collection_date	2010	2010-09-08 00:00:00	True	date_same_year_refinement		mgen-9-1082-s002.xlsx:10086	https://pmc.ncbi.nlm.nih.gov/articles/PMC10483420/
train	PRJEB58216	SAMEA112228885	collection_date	2010	2010-10-19 00:00:00	True	date_same_year_refinement		mgen-9-1082-s002.xlsx:10128	https://pmc.ncbi.nlm.nih.gov/articles/PMC10483420/
train	PRJEB58216	SAMEA112228886	collection_date	2010	2010-10-22 00:00:00	True	date_same_year_refinement		mgen-9-1082-s002.xlsx:10147	https://pmc.ncbi.nlm.nih.gov/articles/PMC10483420/
train	PRJEB58216	SAMEA112228887	collection_date	2010	2010-12-28 00:00:00	True	date_same_year_refinement		mgen-9-1082-s002.xlsx:10311	https://pmc.ncbi.nlm.nih.gov/articles/PMC10483420/
train	PRJEB58216	SAMEA112228888	collection_date	2010	2010-12-31 00:00:00	True	date_same_year_refinement		mgen-9-1082-s002.xlsx:10370	https://pmc.ncbi.nlm.nih.gov/articles/PMC10483420/
train	PRJEB58216	SAMEA112228889	collection_date	2011	2011-02-02 00:00:00	True	date_same_year_refinement		mgen-9-1082-s002.xlsx:10401	https://pmc.ncbi.nlm.nih.gov/articles/PMC10483420/
train	PRJEB58216	SAMEA112228890	collection_date	2011	2011-03-10 00:00:00	True	date_same_year_refinement		mgen-9-1082-s002.xlsx:10478	https://pmc.ncbi.nlm.nih.gov/articles/PMC10483420/
train	PRJEB58216	SAMEA112228891	collection_date	2011	2011-04-15 00:00:00	True	date_same_year_refinement		mgen-9-1082-s002.xlsx:10562	https://pmc.ncbi.nlm.nih.gov/articles/PMC10483420/
train	PRJEB58216	SAMEA112228892	collection_date	2011	2011-05-19 00:00:00	True	date_same_year_refinement		mgen-9-1082-s002.xlsx:10685	https://pmc.ncbi.nlm.nih.gov/articles/PMC10483420/
train	PRJEB58216	SAMEA112228893	collection_date	2011	2011-06-26 00:00:00	True	date_same_year_refinement		mgen-9-1082-s002.xlsx:10768	https://pmc.ncbi.nlm.nih.gov/articles/PMC10483420/
train	PRJEB58216	SAMEA112228894	collection_date	2011	2011-07-05 00:00:00	True	date_same_year_refinement		mgen-9-1082-s002.xlsx:10781	https://pmc.ncbi.nlm.nih.gov/articles/PMC10483420/
train	PRJEB58216	SAMEA112228895	collection_date	2011	2011-07-29 00:00:00	True	date_same_year_refinement		mgen-9-1082-s002.xlsx:10827	https://pmc.ncbi.nlm.nih.gov/articles/PMC10483420/
train	PRJEB58216	SAMEA112228896	collection_date	2011	2011-08-03 00:00:00	True	date_same_year_refinement		mgen-9-1082-s002.xlsx:10843	https://pmc.ncbi.nlm.nih.gov/articles/PMC10483420/
train	PRJEB58216	SAMEA112228897	collection_date	2011	2011-08-30 00:00:00	True	date_same_year_refinement		mgen-9-1082-s002.xlsx:10888	https://pmc.ncbi.nlm.nih.gov/articles/PMC10483420/
train	PRJEB58216	SAMEA112228898	collection_date	2011	2011-09-01 00:00:00	True	date_same_year_refinement		mgen-9-1082-s002.xlsx:10906	https://pmc.ncbi.nlm.nih.gov/articles/PMC10483420/
train	PRJEB58216	SAMEA112228899	collection_date	2011	2011-09-28 00:00:00	True	date_same_year_refinement		mgen-9-1082-s002.xlsx:10952	https://pmc.ncbi.nlm.nih.gov/articles/PMC10483420/
train	PRJEB58216	SAMEA112228900	collection_date	2011	2011-10-09 00:00:00	True	date_same_year_refinement		mgen-9-1082-s002.xlsx:10977	https://pmc.ncbi.nlm.nih.gov/articles/PMC10483420/
train	PRJEB58216	SAMEA112228901	collection_date	2011	2011-10-14 00:00:00	True	date_same_year_refinement		mgen-9-1082-s002.xlsx:10983	https://pmc.ncbi.nlm.nih.gov/articles/PMC10483420/
train	PRJEB58216	SAMEA112228902	collection_date	2011	2011-11-01 00:00:00	True	date_same_year_refinement		mgen-9-1082-s002.xlsx:11027	https://pmc.ncbi.nlm.nih.gov/articles/PMC10483420/
train	PRJEB58216	SAMEA112228903	collection_date	2011	2011-12-12 00:00:00	True	date_same_year_refinement		mgen-9-1082-s002.xlsx:11053	https://pmc.ncbi.nlm.nih.gov/articles/PMC10483420/
train	PRJEB58216	SAMEA112228904	collection_date	2011	2011-12-10 00:00:00	True	date_same_year_refinement		mgen-9-1082-s002.xlsx:11114	https://pmc.ncbi.nlm.nih.gov/articles/PMC10483420/
train	PRJEB58216	SAMEA112228905	collection_date	2011	2011-12-24 00:00:00	True	date_same_year_refinement		mgen-9-1082-s002.xlsx:11154	https://pmc.ncbi.nlm.nih.gov/articles/PMC10483420/
train	PRJEB58216	SAMEA112228906	collection_date	2012	2012-01-02 00:00:00	True	date_same_year_refinement		mgen-9-1082-s002.xlsx:11163	https://pmc.ncbi.nlm.nih.gov/articles/PMC10483420/
train	PRJEB58216	SAMEA112228907	collection_date	2012	2012-01-26 00:00:00	True	date_same_year_refinement		mgen-9-1082-s002.xlsx:11208	https://pmc.ncbi.nlm.nih.gov/articles/PMC10483420/
train	PRJEB58216	SAMEA112228908	collection_date	2012	2012-02-26 00:00:00	True	date_same_year_refinement		mgen-9-1082-s002.xlsx:11265	https://pmc.ncbi.nlm.nih.gov/articles/PMC10483420/
train	PRJEB58216	SAMEA112228909	collection_date	2012	2012-03-19 00:00:00	True	date_same_year_refinement		mgen-9-1082-s002.xlsx:11341	https://pmc.ncbi.nlm.nih.gov/articles/PMC10483420/
train	PRJEB58216	SAMEA112228910	collection_date	2012	2012-03-29 00:00:00	True	date_same_year_refinement		mgen-9-1082-s002.xlsx:11358	https://pmc.ncbi.nlm.nih.gov/articles/PMC10483420/
train	PRJEB58216	SAMEA112228911	collection_date	2012	2012-04-21 00:00:00	True	date_same_year_refinement		mgen-9-1082-s002.xlsx:11411	https://pmc.ncbi.nlm.nih.gov/articles/PMC10483420/
train	PRJEB58216	SAMEA112228912	collection_date	2012	2012-04-23 00:00:00	True	date_same_year_refinement		mgen-9-1082-s002.xlsx:11421	https://pmc.ncbi.nlm.nih.gov/articles/PMC10483420/
train	PRJEB58216	SAMEA112228913	collection_date	2012	2012-05-24 00:00:00	True	date_same_year_refinement		mgen-9-1082-s002.xlsx:11503	https://pmc.ncbi.nlm.nih.gov/articles/PMC10483420/
train	PRJEB58216	SAMEA112228914	collection_date	2012	2012-06-04 00:00:00	True	date_same_year_refinement		mgen-9-1082-s002.xlsx:11537	https://pmc.ncbi.nlm.nih.gov/articles/PMC10483420/
train	PRJEB58216	SAMEA112228915	collection_date	2012	2012-06-03 00:00:00	True	date_same_year_refinement		mgen-9-1082-s002.xlsx:11538	https://pmc.ncbi.nlm.nih.gov/articles/PMC10483420/
train	PRJEB58216	SAMEA112228916	collection_date	2012	2012-07-10 00:00:00	True	date_same_year_refinement		mgen-9-1082-s002.xlsx:11639	https://pmc.ncbi.nlm.nih.gov/articles/PMC10483420/
train	PRJEB58216	SAMEA112228917	collection_date	2012	2012-08-18 00:00:00	True	date_same_year_refinement		mgen-9-1082-s002.xlsx:11732	https://pmc.ncbi.nlm.nih.gov/articles/PMC10483420/
train	PRJEB58216	SAMEA112228918	collection_date	2012	2012-09-06 00:00:00	True	date_same_year_refinement		mgen-9-1082-s002.xlsx:11765	https://pmc.ncbi.nlm.nih.gov/articles/PMC10483420/
train	PRJEB58216	SAMEA112228919	collection_date	2012	2012-09-23 00:00:00	True	date_same_year_refinement		mgen-9-1082-s002.xlsx:11790	https://pmc.ncbi.nlm.nih.gov/articles/PMC10483420/
train	PRJEB58216	SAMEA112228920	collection_date	2012	2012-09-21 00:00:00	True	date_same_year_refinement		mgen-9-1082-s002.xlsx:11793	https://pmc.ncbi.nlm.nih.gov/articles/PMC10483420/
train	PRJEB58216	SAMEA112228921	collection_date	2012	2012-10-30 00:00:00	True	date_same_year_refinement		mgen-9-1082-s002.xlsx:11905	https://pmc.ncbi.nlm.nih.gov/articles/PMC10483420/
train	PRJEB58216	SAMEA112228922	collection_date	2012	2012-11-07 00:00:00	True	date_same_year_refinement		mgen-9-1082-s002.xlsx:11922	https://pmc.ncbi.nlm.nih.gov/articles/PMC10483420/
train	PRJEB58216	SAMEA112228923	collection_date	2012	2012-12-11 00:00:00	True	date_same_year_refinement		mgen-9-1082-s002.xlsx:11996	https://pmc.ncbi.nlm.nih.gov/articles/PMC10483420/
train	PRJEB58216	SAMEA112228924	collection_date	2012	2012-12-27 00:00:00	True	date_same_year_refinement		mgen-9-1082-s002.xlsx:12053	https://pmc.ncbi.nlm.nih.gov/articles/PMC10483420/
train	PRJEB58216	SAMEA112228925	collection_date	2013	2013-01-10 00:00:00	True	date_same_year_refinement		mgen-9-1082-s002.xlsx:12107	https://pmc.ncbi.nlm.nih.gov/articles/PMC10483420/
train	PRJEB58216	SAMEA112228926	collection_date	2013	2013-02-03 00:00:00	True	date_same_year_refinement		mgen-9-1082-s002.xlsx:12189	https://pmc.ncbi.nlm.nih.gov/articles/PMC10483420/
train	PRJEB58216	SAMEA112228927	collection_date	2013	2013-03-29 00:00:00	True	date_same_year_refinement		mgen-9-1082-s002.xlsx:12277	https://pmc.ncbi.nlm.nih.gov/articles/PMC10483420/
train	PRJEB58216	SAMEA112228928	collection_date	2013	2013-04-02 00:00:00	True	date_same_year_refinement		mgen-9-1082-s002.xlsx:12298	https://pmc.ncbi.nlm.nih.gov/articles/PMC10483420/
train	PRJEB58216	SAMEA112228929	collection_date	2013	2013-05-20 00:00:00	True	date_same_year_refinement		mgen-9-1082-s002.xlsx:12393	https://pmc.ncbi.nlm.nih.gov/articles/PMC10483420/
train	PRJEB58216	SAMEA112228930	collection_date	2013	2013-05-25 00:00:00	True	date_same_year_refinement		mgen-9-1082-s002.xlsx:12406	https://pmc.ncbi.nlm.nih.gov/articles/PMC10483420/
train	PRJEB58216	SAMEA112228931	collection_date	2013	2013-05-29 00:00:00	True	date_same_year_refinement		mgen-9-1082-s002.xlsx:12413	https://pmc.ncbi.nlm.nih.gov/articles/PMC10483420/
train	PRJEB58216	SAMEA112228932	collection_date	2013	2013-06-15 00:00:00	True	date_same_year_refinement		mgen-9-1082-s002.xlsx:12449	https://pmc.ncbi.nlm.nih.gov/articles/PMC10483420/
train	PRJEB58216	SAMEA112228933	collection_date	2013	2013-06-20 00:00:00	True	date_same_year_refinement		mgen-9-1082-s002.xlsx:12452	https://pmc.ncbi.nlm.nih.gov/articles/PMC10483420/
train	PRJEB58216	SAMEA112228934	collection_date	2013	2013-08-06 00:00:00	True	date_same_year_refinement		mgen-9-1082-s002.xlsx:12575	https://pmc.ncbi.nlm.nih.gov/articles/PMC10483420/
train	PRJEB58216	SAMEA112228935	collection_date	2013	2013-08-13 00:00:00	True	date_same_year_refinement		mgen-9-1082-s002.xlsx:12587	https://pmc.ncbi.nlm.nih.gov/articles/PMC10483420/
train	PRJEB58216	SAMEA112228936	collection_date	2013	2013-09-03 00:00:00	True	date_same_year_refinement		mgen-9-1082-s002.xlsx:12642	https://pmc.ncbi.nlm.nih.gov/articles/PMC10483420/
train	PRJEB58216	SAMEA112228937	collection_date	2013	2013-10-24 00:00:00	True	date_same_year_refinement		mgen-9-1082-s002.xlsx:12772	https://pmc.ncbi.nlm.nih.gov/articles/PMC10483420/
train	PRJEB58216	SAMEA112228938	collection_date	2013	2013-11-01 00:00:00	True	date_same_year_refinement		mgen-9-1082-s002.xlsx:12785	https://pmc.ncbi.nlm.nih.gov/articles/PMC10483420/
train	PRJEB58216	SAMEA112228939	collection_date	2014	2014-01-18 00:00:00	True	date_same_year_refinement		mgen-9-1082-s002.xlsx:12919	https://pmc.ncbi.nlm.nih.gov/articles/PMC10483420/
train	PRJEB58216	SAMEA112228940	collection_date	2014	2014-01-22 00:00:00	True	date_same_year_refinement		mgen-9-1082-s002.xlsx:12926	https://pmc.ncbi.nlm.nih.gov/articles/PMC10483420/
train	PRJEB58216	SAMEA112228941	collection_date	2014	2014-02-12 00:00:00	True	date_same_year_refinement		mgen-9-1082-s002.xlsx:12967	https://pmc.ncbi.nlm.nih.gov/articles/PMC10483420/
train	PRJEB58216	SAMEA112228942	collection_date	2014	2014-02-22 00:00:00	True	date_same_year_refinement		mgen-9-1082-s002.xlsx:12998	https://pmc.ncbi.nlm.nih.gov/articles/PMC10483420/
train	PRJEB58216	SAMEA112228943	collection_date	2014	2014-03-04 00:00:00	True	date_same_year_refinement		mgen-9-1082-s002.xlsx:13020	https://pmc.ncbi.nlm.nih.gov/articles/PMC10483420/
train	PRJEB58216	SAMEA112228944	collection_date	2014	2014-03-19 00:00:00	True	date_same_year_refinement		mgen-9-1082-s002.xlsx:13063	https://pmc.ncbi.nlm.nih.gov/articles/PMC10483420/
train	PRJEB58216	SAMEA112228945	collection_date	2014	2014-03-19 00:00:00	True	date_same_year_refinement		mgen-9-1082-s002.xlsx:13064	https://pmc.ncbi.nlm.nih.gov/articles/PMC10483420/
train	PRJEB58216	SAMEA112228946	collection_date	2014	2014-04-11 00:00:00	True	date_same_year_refinement		mgen-9-1082-s002.xlsx:13118	https://pmc.ncbi.nlm.nih.gov/articles/PMC10483420/
train	PRJEB58216	SAMEA112228947	collection_date	2014	2014-05-03 00:00:00	True	date_same_year_refinement		mgen-9-1082-s002.xlsx:13156	https://pmc.ncbi.nlm.nih.gov/articles/PMC10483420/
train	PRJEB58216	SAMEA112228948	collection_date	2014	2014-05-31 00:00:00	True	date_same_year_refinement		mgen-9-1082-s002.xlsx:13233	https://pmc.ncbi.nlm.nih.gov/articles/PMC10483420/
train	PRJEB58216	SAMEA112228949	collection_date	2014	2014-06-05 00:00:00	True	date_same_year_refinement		mgen-9-1082-s002.xlsx:13244	https://pmc.ncbi.nlm.nih.gov/articles/PMC10483420/
train	PRJEB58216	SAMEA112228950	collection_date	2014	2014-06-29 00:00:00	True	date_same_year_refinement		mgen-9-1082-s002.xlsx:13304	https://pmc.ncbi.nlm.nih.gov/articles/PMC10483420/
train	PRJEB58216	SAMEA112228951	collection_date	2014	2014-07-07 00:00:00	True	date_same_year_refinement		mgen-9-1082-s002.xlsx:13325	https://pmc.ncbi.nlm.nih.gov/articles/PMC10483420/
train	PRJEB58216	SAMEA112228952	collection_date	2014	2014-07-19 00:00:00	True	date_same_year_refinement		mgen-9-1082-s002.xlsx:13353	https://pmc.ncbi.nlm.nih.gov/articles/PMC10483420/
train	PRJEB58216	SAMEA112228953	collection_date	2014	2014-07-28 00:00:00	True	date_same_year_refinement		mgen-9-1082-s002.xlsx:13371	https://pmc.ncbi.nlm.nih.gov/articles/PMC10483420/
train	PRJEB58216	SAMEA112228954	collection_date	2014	2014-08-02 00:00:00	True	date_same_year_refinement		mgen-9-1082-s002.xlsx:13376	https://pmc.ncbi.nlm.nih.gov/articles/PMC10483420/
train	PRJEB58216	SAMEA112228955	collection_date	2014	2014-08-23 00:00:00	True	date_same_year_refinement		mgen-9-1082-s002.xlsx:13409	https://pmc.ncbi.nlm.nih.gov/articles/PMC10483420/
train	PRJEB58216	SAMEA112228956	collection_date	2014	2014-09-07 00:00:00	True	date_same_year_refinement		mgen-9-1082-s002.xlsx:13438	https://pmc.ncbi.nlm.nih.gov/articles/PMC10483420/
train	PRJEB58216	SAMEA112228957	collection_date	2014	2014-09-29 00:00:00	True	date_same_year_refinement		mgen-9-1082-s002.xlsx:13485	https://pmc.ncbi.nlm.nih.gov/articles/PMC10483420/
train	PRJEB58216	SAMEA112228958	collection_date	2014	2014-10-18 00:00:00	True	date_same_year_refinement		mgen-9-1082-s002.xlsx:13525	https://pmc.ncbi.nlm.nih.gov/articles/PMC10483420/
train	PRJEB58216	SAMEA112228959	collection_date	2014	2014-11-07 00:00:00	True	date_same_year_refinement		mgen-9-1082-s002.xlsx:13571	https://pmc.ncbi.nlm.nih.gov/articles/PMC10483420/
train	PRJEB58216	SAMEA112228960	collection_date	2014	2014-11-15 00:00:00	True	date_same_year_refinement		mgen-9-1082-s002.xlsx:13580	https://pmc.ncbi.nlm.nih.gov/articles/PMC10483420/
train	PRJEB58216	SAMEA112228961	collection_date	2014	2014-11-16 00:00:00	True	date_same_year_refinement		mgen-9-1082-s002.xlsx:13583	https://pmc.ncbi.nlm.nih.gov/articles/PMC10483420/
train	PRJEB58216	SAMEA112228962	collection_date	2014	2014-12-09 00:00:00	True	date_same_year_refinement		mgen-9-1082-s002.xlsx:13620	https://pmc.ncbi.nlm.nih.gov/articles/PMC10483420/
train	PRJEB58216	SAMEA112228963	collection_date	2014	2014-12-15 00:00:00	True	date_same_year_refinement		mgen-9-1082-s002.xlsx:13632	https://pmc.ncbi.nlm.nih.gov/articles/PMC10483420/
train	PRJEB58216	SAMEA112228964	collection_date	2015	2015-02-02 00:00:00	True	date_same_year_refinement		mgen-9-1082-s002.xlsx:13723	https://pmc.ncbi.nlm.nih.gov/articles/PMC10483420/
train	PRJEB58216	SAMEA112228965	collection_date	2015	2015-02-06 00:00:00	True	date_same_year_refinement		mgen-9-1082-s002.xlsx:13733	https://pmc.ncbi.nlm.nih.gov/articles/PMC10483420/
train	PRJEB58216	SAMEA112228966	collection_date	2015	2015-02-20 00:00:00	True	date_same_year_refinement		mgen-9-1082-s002.xlsx:13764	https://pmc.ncbi.nlm.nih.gov/articles/PMC10483420/
train	PRJEB58216	SAMEA112228967	collection_date	2015	2015-06-11 00:00:00	True	date_same_year_refinement		mgen-9-1082-s002.xlsx:13967	https://pmc.ncbi.nlm.nih.gov/articles/PMC10483420/
train	PRJEB58216	SAMEA112228968	collection_date	2015	2015-06-05 00:00:00	True	date_same_year_refinement		mgen-9-1082-s002.xlsx:13971	https://pmc.ncbi.nlm.nih.gov/articles/PMC10483420/
train	PRJEB58216	SAMEA112228969	collection_date	2015	2015-06-13 00:00:00	True	date_same_year_refinement		mgen-9-1082-s002.xlsx:13977	https://pmc.ncbi.nlm.nih.gov/articles/PMC10483420/
train	PRJEB58216	SAMEA112228970	collection_date	2015	2015-08-16 00:00:00	True	date_same_year_refinement		mgen-9-1082-s002.xlsx:14103	https://pmc.ncbi.nlm.nih.gov/articles/PMC10483420/
train	PRJEB58216	SAMEA112228971	collection_date	2015	2015-07-28 00:00:00	True	date_same_year_refinement		mgen-9-1082-s002.xlsx:14143	https://pmc.ncbi.nlm.nih.gov/articles/PMC10483420/
train	PRJEB58216	SAMEA112228972	collection_date	2015	2015-08-20 00:00:00	True	date_same_year_refinement		mgen-9-1082-s002.xlsx:14165	https://pmc.ncbi.nlm.nih.gov/articles/PMC10483420/
train	PRJEB58216	SAMEA112228973	collection_date	2015	2015-10-02 00:00:00	True	date_same_year_refinement		mgen-9-1082-s002.xlsx:14256	https://pmc.ncbi.nlm.nih.gov/articles/PMC10483420/
train	PRJEB58216	SAMEA112228974	collection_date	2015	2015-10-15 00:00:00	True	date_same_year_refinement		mgen-9-1082-s002.xlsx:14294	https://pmc.ncbi.nlm.nih.gov/articles/PMC10483420/
train	PRJEB58216	SAMEA112228975	collection_date	2015	2015-11-23 00:00:00	True	date_same_year_refinement		mgen-9-1082-s002.xlsx:14375	https://pmc.ncbi.nlm.nih.gov/articles/PMC10483420/
train	PRJEB58216	SAMEA112228976	collection_date	2015	2015-12-14 00:00:00	True	date_same_year_refinement		mgen-9-1082-s002.xlsx:14401	https://pmc.ncbi.nlm.nih.gov/articles/PMC10483420/
train	PRJEB58216	SAMEA112228977	collection_date	2015	2015-12-01 00:00:00	True	date_same_year_refinement		mgen-9-1082-s002.xlsx:14425	https://pmc.ncbi.nlm.nih.gov/articles/PMC10483420/
train	PRJEB58216	SAMEA112228978	collection_date	2015	2015-12-23 00:00:00	True	date_same_year_refinement		mgen-9-1082-s002.xlsx:14491	https://pmc.ncbi.nlm.nih.gov/articles/PMC10483420/
train	PRJEB58216	SAMEA112228979	collection_date	2016	2016-01-01 00:00:00	True	date_same_year_refinement		mgen-9-1082-s002.xlsx:14504	https://pmc.ncbi.nlm.nih.gov/articles/PMC10483420/
train	PRJEB58216	SAMEA112228980	collection_date	2015	2015-12-30 00:00:00	True	date_same_year_refinement		mgen-9-1082-s002.xlsx:14509	https://pmc.ncbi.nlm.nih.gov/articles/PMC10483420/
train	PRJEB58216	SAMEA112228981	collection_date	2016	2016-01-02 00:00:00	True	date_same_year_refinement		mgen-9-1082-s002.xlsx:14511	https://pmc.ncbi.nlm.nih.gov/articles/PMC10483420/
train	PRJEB58216	SAMEA112228982	collection_date	2016	2016-02-16 00:00:00	True	date_same_year_refinement		mgen-9-1082-s002.xlsx:14592	https://pmc.ncbi.nlm.nih.gov/articles/PMC10483420/
train	PRJEB58216	SAMEA112228983	collection_date	2016	2016-02-24 00:00:00	True	date_same_year_refinement		mgen-9-1082-s002.xlsx:14622	https://pmc.ncbi.nlm.nih.gov/articles/PMC10483420/
train	PRJEB58216	SAMEA112228984	collection_date	2016	2016-03-15 00:00:00	True	date_same_year_refinement		mgen-9-1082-s002.xlsx:14635	https://pmc.ncbi.nlm.nih.gov/articles/PMC10483420/
train	PRJEB58216	SAMEA112228985	collection_date	2016	2016-03-09 00:00:00	True	date_same_year_refinement		mgen-9-1082-s002.xlsx:14637	https://pmc.ncbi.nlm.nih.gov/articles/PMC10483420/
train	PRJEB58216	SAMEA112228986	collection_date	2016	2016-03-29 00:00:00	True	date_same_year_refinement		mgen-9-1082-s002.xlsx:14692	https://pmc.ncbi.nlm.nih.gov/articles/PMC10483420/
train	PRJEB58216	SAMEA112228987	collection_date	2016	2016-04-29 00:00:00	True	date_same_year_refinement		mgen-9-1082-s002.xlsx:14767	https://pmc.ncbi.nlm.nih.gov/articles/PMC10483420/
train	PRJEB58216	SAMEA112228988	collection_date	2016	2016-05-15 00:00:00	True	date_same_year_refinement		mgen-9-1082-s002.xlsx:14797	https://pmc.ncbi.nlm.nih.gov/articles/PMC10483420/
train	PRJEB58216	SAMEA112228989	collection_date	2016	2016-05-20 00:00:00	True	date_same_year_refinement		mgen-9-1082-s002.xlsx:14811	https://pmc.ncbi.nlm.nih.gov/articles/PMC10483420/
train	PRJEB58216	SAMEA112228990	collection_date	2016	2016-05-25 00:00:00	True	date_same_year_refinement		mgen-9-1082-s002.xlsx:14888	https://pmc.ncbi.nlm.nih.gov/articles/PMC10483420/
train	PRJEB58216	SAMEA112228991	collection_date	2016	2016-06-25 00:00:00	True	date_same_year_refinement		mgen-9-1082-s002.xlsx:14891	https://pmc.ncbi.nlm.nih.gov/articles/PMC10483420/
train	PRJEB58216	SAMEA112228992	collection_date	2016	2016-06-15 00:00:00	True	date_same_year_refinement		mgen-9-1082-s002.xlsx:14910	https://pmc.ncbi.nlm.nih.gov/articles/PMC10483420/
train	PRJEB58216	SAMEA112228993	collection_date	2016	2016-06-14 00:00:00	True	date_same_year_refinement		mgen-9-1082-s002.xlsx:14911	https://pmc.ncbi.nlm.nih.gov/articles/PMC10483420/
train	PRJEB58216	SAMEA112228994	collection_date	2016	2016-07-06 00:00:00	True	date_same_year_refinement		mgen-9-1082-s002.xlsx:14935	https://pmc.ncbi.nlm.nih.gov/articles/PMC10483420/
train	PRJEB58216	SAMEA112228995	collection_date	2016	2016-07-09 00:00:00	True	date_same_year_refinement		mgen-9-1082-s002.xlsx:14947	https://pmc.ncbi.nlm.nih.gov/articles/PMC10483420/
train	PRJEB58216	SAMEA112228996	collection_date	2016	2016-07-24 00:00:00	True	date_same_year_refinement		mgen-9-1082-s002.xlsx:15040	https://pmc.ncbi.nlm.nih.gov/articles/PMC10483420/
train	PRJEB58216	SAMEA112228997	collection_date	2016	2016-08-01 00:00:00	True	date_same_year_refinement		mgen-9-1082-s002.xlsx:15041	https://pmc.ncbi.nlm.nih.gov/articles/PMC10483420/
train	PRJEB58216	SAMEA112228998	collection_date	2016	2016-08-03 00:00:00	True	date_same_year_refinement		mgen-9-1082-s002.xlsx:15059	https://pmc.ncbi.nlm.nih.gov/articles/PMC10483420/
train	PRJEB58216	SAMEA112228999	collection_date	2016	2016-08-16 00:00:00	True	date_same_year_refinement		mgen-9-1082-s002.xlsx:15082	https://pmc.ncbi.nlm.nih.gov/articles/PMC10483420/
train	PRJEB58216	SAMEA112229000	collection_date	2016	2016-09-05 00:00:00	True	date_same_year_refinement		mgen-9-1082-s002.xlsx:15136	https://pmc.ncbi.nlm.nih.gov/articles/PMC10483420/
train	PRJEB58216	SAMEA112229001	collection_date	2016	2016-09-21 00:00:00	True	date_same_year_refinement		mgen-9-1082-s002.xlsx:15200	https://pmc.ncbi.nlm.nih.gov/articles/PMC10483420/
train	PRJEB58216	SAMEA112229002	collection_date	2016	2016-10-08 00:00:00	True	date_same_year_refinement		mgen-9-1082-s002.xlsx:15240	https://pmc.ncbi.nlm.nih.gov/articles/PMC10483420/
train	PRJEB58216	SAMEA112229003	collection_date	2016	2016-11-07 00:00:00	True	date_same_year_refinement		mgen-9-1082-s002.xlsx:15318	https://pmc.ncbi.nlm.nih.gov/articles/PMC10483420/
train	PRJEB58216	SAMEA112229004	collection_date	2016	2016-11-29 00:00:00	True	date_same_year_refinement		mgen-9-1082-s002.xlsx:15403	https://pmc.ncbi.nlm.nih.gov/articles/PMC10483420/
train	PRJEB58216	SAMEA112229005	collection_date	2016	2016-12-23 00:00:00	True	date_same_year_refinement		mgen-9-1082-s002.xlsx:15446	https://pmc.ncbi.nlm.nih.gov/articles/PMC10483420/
train	PRJEB58216	SAMEA112229006	collection_date	2017	2017-01-10 00:00:00	True	date_same_year_refinement		mgen-9-1082-s002.xlsx:15481	https://pmc.ncbi.nlm.nih.gov/articles/PMC10483420/
train	PRJEB58216	SAMEA112229007	collection_date	2017	2017-01-08 00:00:00	True	date_same_year_refinement		mgen-9-1082-s002.xlsx:15482	https://pmc.ncbi.nlm.nih.gov/articles/PMC10483420/
train	PRJEB58216	SAMEA112229008	collection_date	2017	2017-01-10 00:00:00	True	date_same_year_refinement		mgen-9-1082-s002.xlsx:15488	https://pmc.ncbi.nlm.nih.gov/articles/PMC10483420/
train	PRJEB58216	SAMEA112229009	collection_date	2017	2017-02-09 00:00:00	True	date_same_year_refinement		mgen-9-1082-s002.xlsx:15600	https://pmc.ncbi.nlm.nih.gov/articles/PMC10483420/
train	PRJEB58216	SAMEA112229010	collection_date	2017	2017-02-28 00:00:00	True	date_same_year_refinement		mgen-9-1082-s002.xlsx:15674	https://pmc.ncbi.nlm.nih.gov/articles/PMC10483420/
train	PRJEB58216	SAMEA112229011	collection_date	2017	2017-03-19 00:00:00	True	date_same_year_refinement		mgen-9-1082-s002.xlsx:15694	https://pmc.ncbi.nlm.nih.gov/articles/PMC10483420/
train	PRJEB58216	SAMEA112229012	collection_date	2017	2017-03-24 00:00:00	True	date_same_year_refinement		mgen-9-1082-s002.xlsx:15695	https://pmc.ncbi.nlm.nih.gov/articles/PMC10483420/
train	PRJEB58216	SAMEA112229013	collection_date	2017	2017-05-11 00:00:00	True	date_same_year_refinement		mgen-9-1082-s002.xlsx:15818	https://pmc.ncbi.nlm.nih.gov/articles/PMC10483420/
train	PRJEB58216	SAMEA112229014	collection_date	2017	2017-05-08 00:00:00	True	date_same_year_refinement		mgen-9-1082-s002.xlsx:15820	https://pmc.ncbi.nlm.nih.gov/articles/PMC10483420/
train	PRJEB58216	SAMEA112229015	collection_date	2017	2017-05-27 00:00:00	True	date_same_year_refinement		mgen-9-1082-s002.xlsx:15870	https://pmc.ncbi.nlm.nih.gov/articles/PMC10483420/
train	PRJEB58216	SAMEA112229016	collection_date	2017	2017-06-18 00:00:00	True	date_same_year_refinement		mgen-9-1082-s002.xlsx:15920	https://pmc.ncbi.nlm.nih.gov/articles/PMC10483420/
train	PRJEB58216	SAMEA112229017	collection_date	2017	2017-07-11 00:00:00	True	date_same_year_refinement		mgen-9-1082-s002.xlsx:15999	https://pmc.ncbi.nlm.nih.gov/articles/PMC10483420/
train	PRJEB58216	SAMEA112229018	collection_date	2017	2017-07-21 00:00:00	True	date_same_year_refinement		mgen-9-1082-s002.xlsx:16045	https://pmc.ncbi.nlm.nih.gov/articles/PMC10483420/
train	PRJEB58216	SAMEA112229019	collection_date	2017	2017-07-27 00:00:00	True	date_same_year_refinement		mgen-9-1082-s002.xlsx:16049	https://pmc.ncbi.nlm.nih.gov/articles/PMC10483420/
train	PRJEB58216	SAMEA112229020	collection_date	2017	2017-08-16 00:00:00	True	date_same_year_refinement		mgen-9-1082-s002.xlsx:16126	https://pmc.ncbi.nlm.nih.gov/articles/PMC10483420/
train	PRJEB58216	SAMEA112229021	collection_date	2017	2017-08-27 00:00:00	True	date_same_year_refinement		mgen-9-1082-s002.xlsx:16139	https://pmc.ncbi.nlm.nih.gov/articles/PMC10483420/
train	PRJEB58216	SAMEA112229022	collection_date	2017	2017-09-01 00:00:00	True	date_same_year_refinement		mgen-9-1082-s002.xlsx:16141	https://pmc.ncbi.nlm.nih.gov/articles/PMC10483420/
train	PRJEB58216	SAMEA112229023	collection_date	2017	2017-09-12 00:00:00	True	date_same_year_refinement		mgen-9-1082-s002.xlsx:16204	https://pmc.ncbi.nlm.nih.gov/articles/PMC10483420/
train	PRJEB58216	SAMEA112229024	collection_date	2017	2017-10-10 00:00:00	True	date_same_year_refinement		mgen-9-1082-s002.xlsx:16249	https://pmc.ncbi.nlm.nih.gov/articles/PMC10483420/
train	PRJEB58216	SAMEA112229025	collection_date	2017	2017-10-06 00:00:00	True	date_same_year_refinement		mgen-9-1082-s002.xlsx:16254	https://pmc.ncbi.nlm.nih.gov/articles/PMC10483420/
train	PRJEB58216	SAMEA112229026	collection_date	2017	2017-10-27 00:00:00	True	date_same_year_refinement		mgen-9-1082-s002.xlsx:16293	https://pmc.ncbi.nlm.nih.gov/articles/PMC10483420/
train	PRJEB58216	SAMEA112229027	collection_date	2017	2017-11-15 00:00:00	True	date_same_year_refinement		mgen-9-1082-s002.xlsx:16362	https://pmc.ncbi.nlm.nih.gov/articles/PMC10483420/
train	PRJEB58216	SAMEA112229028	collection_date	2017	2017-11-28 00:00:00	True	date_same_year_refinement		mgen-9-1082-s002.xlsx:16428	https://pmc.ncbi.nlm.nih.gov/articles/PMC10483420/
train	PRJEB58216	SAMEA112229029	collection_date	2017	2017-12-25 00:00:00	True	date_same_year_refinement		mgen-9-1082-s002.xlsx:16464	https://pmc.ncbi.nlm.nih.gov/articles/PMC10483420/
train	PRJEB58216	SAMEA112229030	collection_date	2018	2018-01-25 00:00:00	True	date_same_year_refinement		mgen-9-1082-s002.xlsx:16607	https://pmc.ncbi.nlm.nih.gov/articles/PMC10483420/
train	PRJEB58216	SAMEA112229031	collection_date	2018	2018-04-02 00:00:00	True	date_same_year_refinement		mgen-9-1082-s002.xlsx:16740	https://pmc.ncbi.nlm.nih.gov/articles/PMC10483420/
train	PRJEB58216	SAMEA112229032	collection_date	2018	2018-04-09 00:00:00	True	date_same_year_refinement		mgen-9-1082-s002.xlsx:16742	https://pmc.ncbi.nlm.nih.gov/articles/PMC10483420/
train	PRJEB58216	SAMEA112229033	collection_date	2018	2018-05-09 00:00:00	True	date_same_year_refinement		mgen-9-1082-s002.xlsx:16854	https://pmc.ncbi.nlm.nih.gov/articles/PMC10483420/
train	PRJEB58216	SAMEA112229034	collection_date	2018	2018-05-15 00:00:00	True	date_same_year_refinement		mgen-9-1082-s002.xlsx:16895	https://pmc.ncbi.nlm.nih.gov/articles/PMC10483420/
train	PRJEB58216	SAMEA112229035	collection_date	2018	2018-06-12 00:00:00	True	date_same_year_refinement		mgen-9-1082-s002.xlsx:16902	https://pmc.ncbi.nlm.nih.gov/articles/PMC10483420/
train	PRJEB58216	SAMEA112229036	collection_date	2018	2018-06-01 00:00:00	True	date_same_year_refinement		mgen-9-1082-s002.xlsx:16903	https://pmc.ncbi.nlm.nih.gov/articles/PMC10483420/
train	PRJEB58216	SAMEA112229037	collection_date	2018	2018-07-22 00:00:00	True	date_same_year_refinement		mgen-9-1082-s002.xlsx:17048	https://pmc.ncbi.nlm.nih.gov/articles/PMC10483420/
train	PRJEB58216	SAMEA112229038	collection_date	2018	2018-07-15 00:00:00	True	date_same_year_refinement		mgen-9-1082-s002.xlsx:17053	https://pmc.ncbi.nlm.nih.gov/articles/PMC10483420/
train	PRJEB58216	SAMEA112229039	collection_date	2018	2018-07-18 00:00:00	True	date_same_year_refinement		mgen-9-1082-s002.xlsx:17055	https://pmc.ncbi.nlm.nih.gov/articles/PMC10483420/
train	PRJEB58216	SAMEA112229040	collection_date	2018	2018-08-19 00:00:00	True	date_same_year_refinement		mgen-9-1082-s002.xlsx:17172	https://pmc.ncbi.nlm.nih.gov/articles/PMC10483420/
train	PRJEB58216	SAMEA112229041	collection_date	2018	2018-09-11 00:00:00	True	date_same_year_refinement		mgen-9-1082-s002.xlsx:17174	https://pmc.ncbi.nlm.nih.gov/articles/PMC10483420/
train	PRJEB58216	SAMEA112229042	collection_date	2018	2018-09-18 00:00:00	True	date_same_year_refinement		mgen-9-1082-s002.xlsx:17265	https://pmc.ncbi.nlm.nih.gov/articles/PMC10483420/
train	PRJEB58216	SAMEA112229043	collection_date	2018	2018-10-02 00:00:00	True	date_same_year_refinement		mgen-9-1082-s002.xlsx:17266	https://pmc.ncbi.nlm.nih.gov/articles/PMC10483420/
train	PRJEB58216	SAMEA112229044	collection_date	2018	2018-11-15 00:00:00	True	date_same_year_refinement		mgen-9-1082-s002.xlsx:17405	https://pmc.ncbi.nlm.nih.gov/articles/PMC10483420/
train	PRJEB58216	SAMEA112229045	collection_date	2018	2018-11-27 00:00:00	True	date_same_year_refinement		mgen-9-1082-s002.xlsx:17420	https://pmc.ncbi.nlm.nih.gov/articles/PMC10483420/
train	PRJEB58216	SAMEA112228837	isolation_source	clinical material	NO SOURCE	True	categorical_change		mgen-9-1082-s002.xlsx:4565	https://pmc.ncbi.nlm.nih.gov/articles/PMC10483420/
train	PRJEB58216	SAMEA112228838	isolation_source	clinical material	HAP/VAP	True	categorical_change		mgen-9-1082-s002.xlsx:4684	https://pmc.ncbi.nlm.nih.gov/articles/PMC10483420/
train	PRJEB58216	SAMEA112228839	isolation_source	clinical material	CRBSI	True	categorical_change		mgen-9-1082-s002.xlsx:5384	https://pmc.ncbi.nlm.nih.gov/articles/PMC10483420/
train	PRJEB58216	SAMEA112228840	isolation_source	clinical material	NO SOURCE	True	categorical_change		mgen-9-1082-s002.xlsx:5722	https://pmc.ncbi.nlm.nih.gov/articles/PMC10483420/
train	PRJEB58216	SAMEA112228841	isolation_source	clinical material	CRBSI	True	categorical_change		mgen-9-1082-s002.xlsx:5925	https://pmc.ncbi.nlm.nih.gov/articles/PMC10483420/
train	PRJEB58216	SAMEA112228842	isolation_source	clinical material	HAP/VAP	True	categorical_change		mgen-9-1082-s002.xlsx:5955	https://pmc.ncbi.nlm.nih.gov/articles/PMC10483420/
train	PRJEB58216	SAMEA112228843	isolation_source	clinical material	CRBSI	True	categorical_change		mgen-9-1082-s002.xlsx:6044	https://pmc.ncbi.nlm.nih.gov/articles/PMC10483420/
train	PRJEB58216	SAMEA112228844	isolation_source	clinical material	HAP/VAP	True	categorical_change		mgen-9-1082-s002.xlsx:6867	https://pmc.ncbi.nlm.nih.gov/articles/PMC10483420/
train	PRJEB58216	SAMEA112228845	isolation_source	clinical material	UTI	True	categorical_change		mgen-9-1082-s002.xlsx:6964	https://pmc.ncbi.nlm.nih.gov/articles/PMC10483420/
train	PRJEB58216	SAMEA112228846	isolation_source	clinical material	CHOLANGITIS	True	categorical_change		mgen-9-1082-s002.xlsx:6974	https://pmc.ncbi.nlm.nih.gov/articles/PMC10483420/
train	PRJEB58216	SAMEA112228847	isolation_source	clinical material	UTI	True	categorical_change		mgen-9-1082-s002.xlsx:7045	https://pmc.ncbi.nlm.nih.gov/articles/PMC10483420/
train	PRJEB58216	SAMEA112228848	isolation_source	clinical material	NO SOURCE	True	categorical_change		mgen-9-1082-s002.xlsx:7104	https://pmc.ncbi.nlm.nih.gov/articles/PMC10483420/
train	PRJEB58216	SAMEA112228849	isolation_source	clinical material	CRBSI	True	categorical_change		mgen-9-1082-s002.xlsx:7107	https://pmc.ncbi.nlm.nih.gov/articles/PMC10483420/
train	PRJEB58216	SAMEA112228850	isolation_source	clinical material	CRBSI	True	categorical_change		mgen-9-1082-s002.xlsx:7151	https://pmc.ncbi.nlm.nih.gov/articles/PMC10483420/
train	PRJEB58216	SAMEA112228851	isolation_source	clinical material	HAP/VAP	True	categorical_change		mgen-9-1082-s002.xlsx:7169	https://pmc.ncbi.nlm.nih.gov/articles/PMC10483420/
train	PRJEB58216	SAMEA112228852	isolation_source	clinical material	UTI	True	categorical_change		mgen-9-1082-s002.xlsx:7312	https://pmc.ncbi.nlm.nih.gov/articles/PMC10483420/
train	PRJEB58216	SAMEA112228853	isolation_source	clinical material	HAP/VAP	True	categorical_change		mgen-9-1082-s002.xlsx:7410	https://pmc.ncbi.nlm.nih.gov/articles/PMC10483420/
train	PRJEB58216	SAMEA112228854	isolation_source	clinical material	NO SOURCE	True	categorical_change		mgen-9-1082-s002.xlsx:7468	https://pmc.ncbi.nlm.nih.gov/articles/PMC10483420/
train	PRJEB58216	SAMEA112228855	isolation_source	clinical material	CRBSI	True	categorical_change		mgen-9-1082-s002.xlsx:7518	https://pmc.ncbi.nlm.nih.gov/articles/PMC10483420/
train	PRJEB58216	SAMEA112228856	isolation_source	clinical material	UTI	True	categorical_change		mgen-9-1082-s002.xlsx:7653	https://pmc.ncbi.nlm.nih.gov/articles/PMC10483420/
train	PRJEB58216	SAMEA112228857	isolation_source	clinical material	UTI	True	categorical_change		mgen-9-1082-s002.xlsx:7684	https://pmc.ncbi.nlm.nih.gov/articles/PMC10483420/
train	PRJEB58216	SAMEA112228858	isolation_source	clinical material	DIABETIC FOOT	True	categorical_change		mgen-9-1082-s002.xlsx:7729	https://pmc.ncbi.nlm.nih.gov/articles/PMC10483420/
train	PRJEB58216	SAMEA112228859	isolation_source	clinical material	UTI	True	categorical_change		mgen-9-1082-s002.xlsx:7742	https://pmc.ncbi.nlm.nih.gov/articles/PMC10483420/
train	PRJEB58216	SAMEA112228860	isolation_source	clinical material	NO SOURCE	True	categorical_change		mgen-9-1082-s002.xlsx:7771	https://pmc.ncbi.nlm.nih.gov/articles/PMC10483420/
train	PRJEB58216	SAMEA112228861	isolation_source	clinical material	UTI	True	categorical_change		mgen-9-1082-s002.xlsx:7867	https://pmc.ncbi.nlm.nih.gov/articles/PMC10483420/
train	PRJEB58216	SAMEA112228862	isolation_source	clinical material	UTI	True	categorical_change		mgen-9-1082-s002.xlsx:7888	https://pmc.ncbi.nlm.nih.gov/articles/PMC10483420/
train	PRJEB58216	SAMEA112228863	isolation_source	clinical material	CRBSI	True	categorical_change		mgen-9-1082-s002.xlsx:7999	https://pmc.ncbi.nlm.nih.gov/articles/PMC10483420/
train	PRJEB58216	SAMEA112228864	isolation_source	clinical material	NO SOURCE	True	categorical_change		mgen-9-1082-s002.xlsx:8361	https://pmc.ncbi.nlm.nih.gov/articles/PMC10483420/
train	PRJEB58216	SAMEA112228865	isolation_source	clinical material	UTI	True	categorical_change		mgen-9-1082-s002.xlsx:8472	https://pmc.ncbi.nlm.nih.gov/articles/PMC10483420/
train	PRJEB58216	SAMEA112228866	isolation_source	clinical material	CHOLANGITIS	True	categorical_change		mgen-9-1082-s002.xlsx:8494	https://pmc.ncbi.nlm.nih.gov/articles/PMC10483420/
train	PRJEB58216	SAMEA112228867	isolation_source	clinical material	HAP/VAP	True	categorical_change		mgen-9-1082-s002.xlsx:8654	https://pmc.ncbi.nlm.nih.gov/articles/PMC10483420/
train	PRJEB58216	SAMEA112228868	isolation_source	clinical material	NO SOURCE	True	categorical_change		mgen-9-1082-s002.xlsx:8677	https://pmc.ncbi.nlm.nih.gov/articles/PMC10483420/
train	PRJEB58216	SAMEA112228869	isolation_source	clinical material	UTI	True	categorical_change		mgen-9-1082-s002.xlsx:8698	https://pmc.ncbi.nlm.nih.gov/articles/PMC10483420/
train	PRJEB58216	SAMEA112228870	isolation_source	clinical material	CRBSI	True	categorical_change		mgen-9-1082-s002.xlsx:8811	https://pmc.ncbi.nlm.nih.gov/articles/PMC10483420/
train	PRJEB58216	SAMEA112228871	isolation_source	clinical material	NO SOURCE	True	categorical_change		mgen-9-1082-s002.xlsx:8849	https://pmc.ncbi.nlm.nih.gov/articles/PMC10483420/
train	PRJEB58216	SAMEA112228872	isolation_source	clinical material	CRBSI	True	categorical_change		mgen-9-1082-s002.xlsx:8854	https://pmc.ncbi.nlm.nih.gov/articles/PMC10483420/
train	PRJEB58216	SAMEA112228873	isolation_source	clinical material	NO SOURCE	True	categorical_change		mgen-9-1082-s002.xlsx:8901	https://pmc.ncbi.nlm.nih.gov/articles/PMC10483420/
train	PRJEB58216	SAMEA112228874	isolation_source	clinical material	UTI	True	categorical_change		mgen-9-1082-s002.xlsx:8936	https://pmc.ncbi.nlm.nih.gov/articles/PMC10483420/
train	PRJEB58216	SAMEA112228875	isolation_source	clinical material	CRBSI	True	categorical_change		mgen-9-1082-s002.xlsx:9231	https://pmc.ncbi.nlm.nih.gov/articles/PMC10483420/
train	PRJEB58216	SAMEA112228876	isolation_source	clinical material	NO SOURCE	True	categorical_change		mgen-9-1082-s002.xlsx:9253	https://pmc.ncbi.nlm.nih.gov/articles/PMC10483420/
train	PRJEB58216	SAMEA112228877	isolation_source	clinical material	HAP/VAP	True	categorical_change		mgen-9-1082-s002.xlsx:9260	https://pmc.ncbi.nlm.nih.gov/articles/PMC10483420/
train	PRJEB58216	SAMEA112228878	isolation_source	clinical material	UTI	True	categorical_change		mgen-9-1082-s002.xlsx:9471	https://pmc.ncbi.nlm.nih.gov/articles/PMC10483420/
train	PRJEB58216	SAMEA112228879	isolation_source	clinical material	UTI	True	categorical_change		mgen-9-1082-s002.xlsx:9615	https://pmc.ncbi.nlm.nih.gov/articles/PMC10483420/
train	PRJEB58216	SAMEA112228880	isolation_source	clinical material	HAP/VAP	True	categorical_change		mgen-9-1082-s002.xlsx:9645	https://pmc.ncbi.nlm.nih.gov/articles/PMC10483420/
train	PRJEB58216	SAMEA112228881	isolation_source	clinical material	CRBSI	True	categorical_change		mgen-9-1082-s002.xlsx:9671	https://pmc.ncbi.nlm.nih.gov/articles/PMC10483420/
train	PRJEB58216	SAMEA112228882	isolation_source	clinical material	cIAI	True	categorical_change		mgen-9-1082-s002.xlsx:9770	https://pmc.ncbi.nlm.nih.gov/articles/PMC10483420/
train	PRJEB58216	SAMEA112228883	isolation_source	clinical material	NO SOURCE	True	categorical_change		mgen-9-1082-s002.xlsx:10057	https://pmc.ncbi.nlm.nih.gov/articles/PMC10483420/
train	PRJEB58216	SAMEA112228884	isolation_source	clinical material	HAP/VAP	True	categorical_change		mgen-9-1082-s002.xlsx:10086	https://pmc.ncbi.nlm.nih.gov/articles/PMC10483420/
train	PRJEB58216	SAMEA112228885	isolation_source	clinical material	NO SOURCE	True	categorical_change		mgen-9-1082-s002.xlsx:10128	https://pmc.ncbi.nlm.nih.gov/articles/PMC10483420/
train	PRJEB58216	SAMEA112228886	isolation_source	clinical material	CRBSI	True	categorical_change		mgen-9-1082-s002.xlsx:10147	https://pmc.ncbi.nlm.nih.gov/articles/PMC10483420/
train	PRJEB58216	SAMEA112228887	isolation_source	clinical material	CRBSI	True	categorical_change		mgen-9-1082-s002.xlsx:10311	https://pmc.ncbi.nlm.nih.gov/articles/PMC10483420/
train	PRJEB58216	SAMEA112228888	isolation_source	clinical material	UTI	True	categorical_change		mgen-9-1082-s002.xlsx:10370	https://pmc.ncbi.nlm.nih.gov/articles/PMC10483420/
train	PRJEB58216	SAMEA112228889	isolation_source	clinical material	NO SOURCE	True	categorical_change		mgen-9-1082-s002.xlsx:10401	https://pmc.ncbi.nlm.nih.gov/articles/PMC10483420/
train	PRJEB58216	SAMEA112228890	isolation_source	clinical material	HAP/VAP	True	categorical_change		mgen-9-1082-s002.xlsx:10478	https://pmc.ncbi.nlm.nih.gov/articles/PMC10483420/
train	PRJEB58216	SAMEA112228891	isolation_source	clinical material	SSTI	True	categorical_change		mgen-9-1082-s002.xlsx:10562	https://pmc.ncbi.nlm.nih.gov/articles/PMC10483420/
train	PRJEB58216	SAMEA112228892	isolation_source	clinical material	CRBSI	True	categorical_change		mgen-9-1082-s002.xlsx:10685	https://pmc.ncbi.nlm.nih.gov/articles/PMC10483420/
train	PRJEB58216	SAMEA112228893	isolation_source	clinical material	HAP/VAP	True	categorical_change		mgen-9-1082-s002.xlsx:10768	https://pmc.ncbi.nlm.nih.gov/articles/PMC10483420/
train	PRJEB58216	SAMEA112228894	isolation_source	clinical material	NO SOURCE	True	categorical_change		mgen-9-1082-s002.xlsx:10781	https://pmc.ncbi.nlm.nih.gov/articles/PMC10483420/
train	PRJEB58216	SAMEA112228895	isolation_source	clinical material	cIAI	True	categorical_change		mgen-9-1082-s002.xlsx:10827	https://pmc.ncbi.nlm.nih.gov/articles/PMC10483420/
train	PRJEB58216	SAMEA112228896	isolation_source	clinical material	CRBSI	True	categorical_change		mgen-9-1082-s002.xlsx:10843	https://pmc.ncbi.nlm.nih.gov/articles/PMC10483420/
train	PRJEB58216	SAMEA112228897	isolation_source	clinical material	UTI	True	categorical_change		mgen-9-1082-s002.xlsx:10888	https://pmc.ncbi.nlm.nih.gov/articles/PMC10483420/
train	PRJEB58216	SAMEA112228898	isolation_source	clinical material	UTI	True	categorical_change		mgen-9-1082-s002.xlsx:10906	https://pmc.ncbi.nlm.nih.gov/articles/PMC10483420/
train	PRJEB58216	SAMEA112228899	isolation_source	clinical material	NO SOURCE	True	categorical_change		mgen-9-1082-s002.xlsx:10952	https://pmc.ncbi.nlm.nih.gov/articles/PMC10483420/
train	PRJEB58216	SAMEA112228900	isolation_source	clinical material	CRBSI	True	categorical_change		mgen-9-1082-s002.xlsx:10977	https://pmc.ncbi.nlm.nih.gov/articles/PMC10483420/
train	PRJEB58216	SAMEA112228901	isolation_source	clinical material	UTI	True	categorical_change		mgen-9-1082-s002.xlsx:10983	https://pmc.ncbi.nlm.nih.gov/articles/PMC10483420/
train	PRJEB58216	SAMEA112228902	isolation_source	clinical material	NO SOURCE	True	categorical_change		mgen-9-1082-s002.xlsx:11027	https://pmc.ncbi.nlm.nih.gov/articles/PMC10483420/
train	PRJEB58216	SAMEA112228903	isolation_source	clinical material	CRBSI	True	categorical_change		mgen-9-1082-s002.xlsx:11053	https://pmc.ncbi.nlm.nih.gov/articles/PMC10483420/
train	PRJEB58216	SAMEA112228904	isolation_source	clinical material	UTI	True	categorical_change		mgen-9-1082-s002.xlsx:11114	https://pmc.ncbi.nlm.nih.gov/articles/PMC10483420/
train	PRJEB58216	SAMEA112228905	isolation_source	clinical material	CHOLANGITIS	True	categorical_change		mgen-9-1082-s002.xlsx:11154	https://pmc.ncbi.nlm.nih.gov/articles/PMC10483420/
train	PRJEB58216	SAMEA112228906	isolation_source	clinical material	HAP/VAP	True	categorical_change		mgen-9-1082-s002.xlsx:11163	https://pmc.ncbi.nlm.nih.gov/articles/PMC10483420/
train	PRJEB58216	SAMEA112228907	isolation_source	clinical material	UTI	True	categorical_change		mgen-9-1082-s002.xlsx:11208	https://pmc.ncbi.nlm.nih.gov/articles/PMC10483420/
train	PRJEB58216	SAMEA112228908	isolation_source	clinical material	CRBSI	True	categorical_change		mgen-9-1082-s002.xlsx:11265	https://pmc.ncbi.nlm.nih.gov/articles/PMC10483420/
train	PRJEB58216	SAMEA112228909	isolation_source	clinical material	UTI	True	categorical_change		mgen-9-1082-s002.xlsx:11341	https://pmc.ncbi.nlm.nih.gov/articles/PMC10483420/
train	PRJEB58216	SAMEA112228910	isolation_source	clinical material	NO SOURCE	True	categorical_change		mgen-9-1082-s002.xlsx:11358	https://pmc.ncbi.nlm.nih.gov/articles/PMC10483420/
train	PRJEB58216	SAMEA112228911	isolation_source	clinical material	SSTI	True	categorical_change		mgen-9-1082-s002.xlsx:11411	https://pmc.ncbi.nlm.nih.gov/articles/PMC10483420/
train	PRJEB58216	SAMEA112228912	isolation_source	clinical material	CRBSI	True	categorical_change		mgen-9-1082-s002.xlsx:11421	https://pmc.ncbi.nlm.nih.gov/articles/PMC10483420/
train	PRJEB58216	SAMEA112228913	isolation_source	clinical material	NO SOURCE	True	categorical_change		mgen-9-1082-s002.xlsx:11503	https://pmc.ncbi.nlm.nih.gov/articles/PMC10483420/
train	PRJEB58216	SAMEA112228914	isolation_source	clinical material	HAP/VAP	True	categorical_change		mgen-9-1082-s002.xlsx:11537	https://pmc.ncbi.nlm.nih.gov/articles/PMC10483420/
train	PRJEB58216	SAMEA112228915	isolation_source	clinical material	NO SOURCE	True	categorical_change		mgen-9-1082-s002.xlsx:11538	https://pmc.ncbi.nlm.nih.gov/articles/PMC10483420/
train	PRJEB58216	SAMEA112228916	isolation_source	clinical material	Cholangitis	True	categorical_change		mgen-9-1082-s002.xlsx:11639	https://pmc.ncbi.nlm.nih.gov/articles/PMC10483420/
train	PRJEB58216	SAMEA112228917	isolation_source	clinical material	NO SOURCE	True	categorical_change		mgen-9-1082-s002.xlsx:11732	https://pmc.ncbi.nlm.nih.gov/articles/PMC10483420/
train	PRJEB58216	SAMEA112228918	isolation_source	clinical material	UTI	True	categorical_change		mgen-9-1082-s002.xlsx:11765	https://pmc.ncbi.nlm.nih.gov/articles/PMC10483420/
train	PRJEB58216	SAMEA112228919	isolation_source	clinical material	NO SOURCE	True	categorical_change		mgen-9-1082-s002.xlsx:11790	https://pmc.ncbi.nlm.nih.gov/articles/PMC10483420/
train	PRJEB58216	SAMEA112228920	isolation_source	clinical material	CRBISI	True	categorical_change		mgen-9-1082-s002.xlsx:11793	https://pmc.ncbi.nlm.nih.gov/articles/PMC10483420/
train	PRJEB58216	SAMEA112228921	isolation_source	clinical material	CRBSI	True	categorical_change		mgen-9-1082-s002.xlsx:11905	https://pmc.ncbi.nlm.nih.gov/articles/PMC10483420/
train	PRJEB58216	SAMEA112228922	isolation_source	clinical material	CRBSI	True	categorical_change		mgen-9-1082-s002.xlsx:11922	https://pmc.ncbi.nlm.nih.gov/articles/PMC10483420/
train	PRJEB58216	SAMEA112228923	isolation_source	clinical material	HAP/VAP	True	categorical_change		mgen-9-1082-s002.xlsx:11996	https://pmc.ncbi.nlm.nih.gov/articles/PMC10483420/
train	PRJEB58216	SAMEA112228924	isolation_source	clinical material	CRBSI	True	categorical_change		mgen-9-1082-s002.xlsx:12053	https://pmc.ncbi.nlm.nih.gov/articles/PMC10483420/
train	PRJEB58216	SAMEA112228925	isolation_source	clinical material	NO SOURCE	True	categorical_change		mgen-9-1082-s002.xlsx:12107	https://pmc.ncbi.nlm.nih.gov/articles/PMC10483420/
train	PRJEB58216	SAMEA112228926	isolation_source	clinical material	UTI	True	categorical_change		mgen-9-1082-s002.xlsx:12189	https://pmc.ncbi.nlm.nih.gov/articles/PMC10483420/
train	PRJEB58216	SAMEA112228927	isolation_source	clinical material	HAP/VAP	True	categorical_change		mgen-9-1082-s002.xlsx:12277	https://pmc.ncbi.nlm.nih.gov/articles/PMC10483420/
train	PRJEB58216	SAMEA112228928	isolation_source	clinical material	CRBSI	True	categorical_change		mgen-9-1082-s002.xlsx:12298	https://pmc.ncbi.nlm.nih.gov/articles/PMC10483420/
train	PRJEB58216	SAMEA112228929	isolation_source	clinical material	cIAI	True	categorical_change		mgen-9-1082-s002.xlsx:12393	https://pmc.ncbi.nlm.nih.gov/articles/PMC10483420/
train	PRJEB58216	SAMEA112228930	isolation_source	clinical material	NO SOURCE	True	categorical_change		mgen-9-1082-s002.xlsx:12406	https://pmc.ncbi.nlm.nih.gov/articles/PMC10483420/
train	PRJEB58216	SAMEA112228931	isolation_source	clinical material	NO SOURCE	True	categorical_change		mgen-9-1082-s002.xlsx:12413	https://pmc.ncbi.nlm.nih.gov/articles/PMC10483420/
train	PRJEB58216	SAMEA112228932	isolation_source	clinical material	CRBSI	True	categorical_change		mgen-9-1082-s002.xlsx:12449	https://pmc.ncbi.nlm.nih.gov/articles/PMC10483420/
train	PRJEB58216	SAMEA112228933	isolation_source	clinical material	cIAI	True	categorical_change		mgen-9-1082-s002.xlsx:12452	https://pmc.ncbi.nlm.nih.gov/articles/PMC10483420/
train	PRJEB58216	SAMEA112228934	isolation_source	clinical material	CRBSI	True	categorical_change		mgen-9-1082-s002.xlsx:12575	https://pmc.ncbi.nlm.nih.gov/articles/PMC10483420/
train	PRJEB58216	SAMEA112228935	isolation_source	clinical material	NO SOURCE	True	categorical_change		mgen-9-1082-s002.xlsx:12587	https://pmc.ncbi.nlm.nih.gov/articles/PMC10483420/
train	PRJEB58216	SAMEA112228936	isolation_source	clinical material	SSTI	True	categorical_change		mgen-9-1082-s002.xlsx:12642	https://pmc.ncbi.nlm.nih.gov/articles/PMC10483420/
train	PRJEB58216	SAMEA112228937	isolation_source	clinical material	UTI	True	categorical_change		mgen-9-1082-s002.xlsx:12772	https://pmc.ncbi.nlm.nih.gov/articles/PMC10483420/
train	PRJEB58216	SAMEA112228938	isolation_source	clinical material	NO SOURCE	True	categorical_change		mgen-9-1082-s002.xlsx:12785	https://pmc.ncbi.nlm.nih.gov/articles/PMC10483420/
train	PRJEB58216	SAMEA112228939	isolation_source	clinical material	cIAI	True	categorical_change		mgen-9-1082-s002.xlsx:12919	https://pmc.ncbi.nlm.nih.gov/articles/PMC10483420/
train	PRJEB58216	SAMEA112228940	isolation_source	clinical material	HAP/VAP	True	categorical_change		mgen-9-1082-s002.xlsx:12926	https://pmc.ncbi.nlm.nih.gov/articles/PMC10483420/
train	PRJEB58216	SAMEA112228941	isolation_source	clinical material	CRBSI	True	categorical_change		mgen-9-1082-s002.xlsx:12967	https://pmc.ncbi.nlm.nih.gov/articles/PMC10483420/
train	PRJEB58216	SAMEA112228942	isolation_source	clinical material	CHOLANGITIS	True	categorical_change		mgen-9-1082-s002.xlsx:12998	https://pmc.ncbi.nlm.nih.gov/articles/PMC10483420/
train	PRJEB58216	SAMEA112228943	isolation_source	clinical material	UTI	True	categorical_change		mgen-9-1082-s002.xlsx:13020	https://pmc.ncbi.nlm.nih.gov/articles/PMC10483420/
train	PRJEB58216	SAMEA112228944	isolation_source	clinical material	UTI	True	categorical_change		mgen-9-1082-s002.xlsx:13063	https://pmc.ncbi.nlm.nih.gov/articles/PMC10483420/
train	PRJEB58216	SAMEA112228945	isolation_source	clinical material	HAP/VAP	True	categorical_change		mgen-9-1082-s002.xlsx:13064	https://pmc.ncbi.nlm.nih.gov/articles/PMC10483420/
train	PRJEB58216	SAMEA112228946	isolation_source	clinical material	NO SOURCE	True	categorical_change		mgen-9-1082-s002.xlsx:13118	https://pmc.ncbi.nlm.nih.gov/articles/PMC10483420/
train	PRJEB58216	SAMEA112228947	isolation_source	clinical material	UTI	True	categorical_change		mgen-9-1082-s002.xlsx:13156	https://pmc.ncbi.nlm.nih.gov/articles/PMC10483420/
train	PRJEB58216	SAMEA112228948	isolation_source	clinical material	DIABETIC FOOT	True	categorical_change		mgen-9-1082-s002.xlsx:13233	https://pmc.ncbi.nlm.nih.gov/articles/PMC10483420/
train	PRJEB58216	SAMEA112228949	isolation_source	clinical material	NO SOURCE	True	categorical_change		mgen-9-1082-s002.xlsx:13244	https://pmc.ncbi.nlm.nih.gov/articles/PMC10483420/
train	PRJEB58216	SAMEA112228950	isolation_source	clinical material	SSTI	True	categorical_change		mgen-9-1082-s002.xlsx:13304	https://pmc.ncbi.nlm.nih.gov/articles/PMC10483420/
train	PRJEB58216	SAMEA112228951	isolation_source	clinical material	HAP/VAP	True	categorical_change		mgen-9-1082-s002.xlsx:13325	https://pmc.ncbi.nlm.nih.gov/articles/PMC10483420/
train	PRJEB58216	SAMEA112228952	isolation_source	clinical material	NO SOURCE	True	categorical_change		mgen-9-1082-s002.xlsx:13353	https://pmc.ncbi.nlm.nih.gov/articles/PMC10483420/
train	PRJEB58216	SAMEA112228953	isolation_source	clinical material	UTI	True	categorical_change		mgen-9-1082-s002.xlsx:13371	https://pmc.ncbi.nlm.nih.gov/articles/PMC10483420/
train	PRJEB58216	SAMEA112228954	isolation_source	clinical material	NO SOURCE	True	categorical_change		mgen-9-1082-s002.xlsx:13376	https://pmc.ncbi.nlm.nih.gov/articles/PMC10483420/
train	PRJEB58216	SAMEA112228955	isolation_source	clinical material	NO SOURCE	True	categorical_change		mgen-9-1082-s002.xlsx:13409	https://pmc.ncbi.nlm.nih.gov/articles/PMC10483420/
train	PRJEB58216	SAMEA112228956	isolation_source	clinical material	CRBSI	True	categorical_change		mgen-9-1082-s002.xlsx:13438	https://pmc.ncbi.nlm.nih.gov/articles/PMC10483420/
train	PRJEB58216	SAMEA112228957	isolation_source	clinical material	cIAI	True	categorical_change		mgen-9-1082-s002.xlsx:13485	https://pmc.ncbi.nlm.nih.gov/articles/PMC10483420/
train	PRJEB58216	SAMEA112228958	isolation_source	clinical material	NO SOURCE	True	categorical_change		mgen-9-1082-s002.xlsx:13525	https://pmc.ncbi.nlm.nih.gov/articles/PMC10483420/
train	PRJEB58216	SAMEA112228959	isolation_source	clinical material	HAP/VAP	True	categorical_change		mgen-9-1082-s002.xlsx:13571	https://pmc.ncbi.nlm.nih.gov/articles/PMC10483420/
train	PRJEB58216	SAMEA112228960	isolation_source	clinical material	UTI	True	categorical_change		mgen-9-1082-s002.xlsx:13580	https://pmc.ncbi.nlm.nih.gov/articles/PMC10483420/
train	PRJEB58216	SAMEA112228961	isolation_source	clinical material	UTI	True	categorical_change		mgen-9-1082-s002.xlsx:13583	https://pmc.ncbi.nlm.nih.gov/articles/PMC10483420/
train	PRJEB58216	SAMEA112228962	isolation_source	clinical material	NO SOURCE	True	categorical_change		mgen-9-1082-s002.xlsx:13620	https://pmc.ncbi.nlm.nih.gov/articles/PMC10483420/
train	PRJEB58216	SAMEA112228963	isolation_source	clinical material	CRBSI	True	categorical_change		mgen-9-1082-s002.xlsx:13632	https://pmc.ncbi.nlm.nih.gov/articles/PMC10483420/
train	PRJEB58216	SAMEA112228964	isolation_source	clinical material	SSTI	True	categorical_change		mgen-9-1082-s002.xlsx:13723	https://pmc.ncbi.nlm.nih.gov/articles/PMC10483420/
train	PRJEB58216	SAMEA112228965	isolation_source	clinical material	UTI	True	categorical_change		mgen-9-1082-s002.xlsx:13733	https://pmc.ncbi.nlm.nih.gov/articles/PMC10483420/
train	PRJEB58216	SAMEA112228966	isolation_source	clinical material	UTI	True	categorical_change		mgen-9-1082-s002.xlsx:13764	https://pmc.ncbi.nlm.nih.gov/articles/PMC10483420/
train	PRJEB58216	SAMEA112228967	isolation_source	clinical material	NO SOURCE	True	categorical_change		mgen-9-1082-s002.xlsx:13967	https://pmc.ncbi.nlm.nih.gov/articles/PMC10483420/
train	PRJEB58216	SAMEA112228968	isolation_source	clinical material	NO SOURCE	True	categorical_change		mgen-9-1082-s002.xlsx:13971	https://pmc.ncbi.nlm.nih.gov/articles/PMC10483420/
train	PRJEB58216	SAMEA112228969	isolation_source	clinical material	UTI	True	categorical_change		mgen-9-1082-s002.xlsx:13977	https://pmc.ncbi.nlm.nih.gov/articles/PMC10483420/
train	PRJEB58216	SAMEA112228970	isolation_source	clinical material	NO SOURCE	True	categorical_change		mgen-9-1082-s002.xlsx:14103	https://pmc.ncbi.nlm.nih.gov/articles/PMC10483420/
train	PRJEB58216	SAMEA112228971	isolation_source	clinical material	NO SOURCE	True	categorical_change		mgen-9-1082-s002.xlsx:14143	https://pmc.ncbi.nlm.nih.gov/articles/PMC10483420/
train	PRJEB58216	SAMEA112228972	isolation_source	clinical material	UTI	True	categorical_change		mgen-9-1082-s002.xlsx:14165	https://pmc.ncbi.nlm.nih.gov/articles/PMC10483420/
train	PRJEB58216	SAMEA112228973	isolation_source	clinical material	CRBSI	True	categorical_change		mgen-9-1082-s002.xlsx:14256	https://pmc.ncbi.nlm.nih.gov/articles/PMC10483420/
train	PRJEB58216	SAMEA112228974	isolation_source	clinical material	CRBSI	True	categorical_change		mgen-9-1082-s002.xlsx:14294	https://pmc.ncbi.nlm.nih.gov/articles/PMC10483420/
train	PRJEB58216	SAMEA112228975	isolation_source	clinical material	UTI	True	categorical_change		mgen-9-1082-s002.xlsx:14375	https://pmc.ncbi.nlm.nih.gov/articles/PMC10483420/
train	PRJEB58216	SAMEA112228976	isolation_source	clinical material	cIAI	True	categorical_change		mgen-9-1082-s002.xlsx:14401	https://pmc.ncbi.nlm.nih.gov/articles/PMC10483420/
train	PRJEB58216	SAMEA112228977	isolation_source	clinical material	CRBSI	True	categorical_change		mgen-9-1082-s002.xlsx:14425	https://pmc.ncbi.nlm.nih.gov/articles/PMC10483420/
train	PRJEB58216	SAMEA112228978	isolation_source	clinical material	NO SOURCE	True	categorical_change		mgen-9-1082-s002.xlsx:14491	https://pmc.ncbi.nlm.nih.gov/articles/PMC10483420/
train	PRJEB58216	SAMEA112228979	isolation_source	clinical material	NO SOURCE	True	categorical_change		mgen-9-1082-s002.xlsx:14504	https://pmc.ncbi.nlm.nih.gov/articles/PMC10483420/
train	PRJEB58216	SAMEA112228980	isolation_source	clinical material	UTI	True	categorical_change		mgen-9-1082-s002.xlsx:14509	https://pmc.ncbi.nlm.nih.gov/articles/PMC10483420/
train	PRJEB58216	SAMEA112228981	isolation_source	clinical material	UTI	True	categorical_change		mgen-9-1082-s002.xlsx:14511	https://pmc.ncbi.nlm.nih.gov/articles/PMC10483420/
train	PRJEB58216	SAMEA112228982	isolation_source	clinical material	NO SOURCE	True	categorical_change		mgen-9-1082-s002.xlsx:14592	https://pmc.ncbi.nlm.nih.gov/articles/PMC10483420/
train	PRJEB58216	SAMEA112228983	isolation_source	clinical material	CHOLANGITIS	True	categorical_change		mgen-9-1082-s002.xlsx:14622	https://pmc.ncbi.nlm.nih.gov/articles/PMC10483420/
train	PRJEB58216	SAMEA112228984	isolation_source	clinical material	DIABETIC FOOT	True	categorical_change		mgen-9-1082-s002.xlsx:14635	https://pmc.ncbi.nlm.nih.gov/articles/PMC10483420/
train	PRJEB58216	SAMEA112228985	isolation_source	clinical material	NO SOURCE	True	categorical_change		mgen-9-1082-s002.xlsx:14637	https://pmc.ncbi.nlm.nih.gov/articles/PMC10483420/
train	PRJEB58216	SAMEA112228986	isolation_source	clinical material	HAP/VAP	True	categorical_change		mgen-9-1082-s002.xlsx:14692	https://pmc.ncbi.nlm.nih.gov/articles/PMC10483420/
train	PRJEB58216	SAMEA112228987	isolation_source	clinical material	UTI	True	categorical_change		mgen-9-1082-s002.xlsx:14767	https://pmc.ncbi.nlm.nih.gov/articles/PMC10483420/
train	PRJEB58216	SAMEA112228988	isolation_source	clinical material	HAP/VAP	True	categorical_change		mgen-9-1082-s002.xlsx:14797	https://pmc.ncbi.nlm.nih.gov/articles/PMC10483420/
train	PRJEB58216	SAMEA112228989	isolation_source	clinical material	cIAI	True	categorical_change		mgen-9-1082-s002.xlsx:14811	https://pmc.ncbi.nlm.nih.gov/articles/PMC10483420/
train	PRJEB58216	SAMEA112228990	isolation_source	clinical material	UTI	True	categorical_change		mgen-9-1082-s002.xlsx:14888	https://pmc.ncbi.nlm.nih.gov/articles/PMC10483420/
train	PRJEB58216	SAMEA112228991	isolation_source	clinical material	NO SOURCE	True	categorical_change		mgen-9-1082-s002.xlsx:14891	https://pmc.ncbi.nlm.nih.gov/articles/PMC10483420/
train	PRJEB58216	SAMEA112228992	isolation_source	clinical material	UTI	True	categorical_change		mgen-9-1082-s002.xlsx:14910	https://pmc.ncbi.nlm.nih.gov/articles/PMC10483420/
train	PRJEB58216	SAMEA112228993	isolation_source	clinical material	UTI	True	categorical_change		mgen-9-1082-s002.xlsx:14911	https://pmc.ncbi.nlm.nih.gov/articles/PMC10483420/
train	PRJEB58216	SAMEA112228994	isolation_source	clinical material	NO SOURCE	True	categorical_change		mgen-9-1082-s002.xlsx:14935	https://pmc.ncbi.nlm.nih.gov/articles/PMC10483420/
train	PRJEB58216	SAMEA112228995	isolation_source	clinical material	CHOLANGITIS	True	categorical_change		mgen-9-1082-s002.xlsx:14947	https://pmc.ncbi.nlm.nih.gov/articles/PMC10483420/
train	PRJEB58216	SAMEA112228996	isolation_source	clinical material	CHOLANGITIS	True	categorical_change		mgen-9-1082-s002.xlsx:15040	https://pmc.ncbi.nlm.nih.gov/articles/PMC10483420/
train	PRJEB58216	SAMEA112228997	isolation_source	clinical material	UTI	True	categorical_change		mgen-9-1082-s002.xlsx:15041	https://pmc.ncbi.nlm.nih.gov/articles/PMC10483420/
train	PRJEB58216	SAMEA112228998	isolation_source	clinical material	HAP/VAP	True	categorical_change		mgen-9-1082-s002.xlsx:15059	https://pmc.ncbi.nlm.nih.gov/articles/PMC10483420/
train	PRJEB58216	SAMEA112228999	isolation_source	clinical material	SSTI	True	categorical_change		mgen-9-1082-s002.xlsx:15082	https://pmc.ncbi.nlm.nih.gov/articles/PMC10483420/
train	PRJEB58216	SAMEA112229000	isolation_source	clinical material	cIAI	True	categorical_change		mgen-9-1082-s002.xlsx:15136	https://pmc.ncbi.nlm.nih.gov/articles/PMC10483420/
train	PRJEB58216	SAMEA112229001	isolation_source	clinical material	NO SOURCE	True	categorical_change		mgen-9-1082-s002.xlsx:15200	https://pmc.ncbi.nlm.nih.gov/articles/PMC10483420/
train	PRJEB58216	SAMEA112229002	isolation_source	clinical material	UTI	True	categorical_change		mgen-9-1082-s002.xlsx:15240	https://pmc.ncbi.nlm.nih.gov/articles/PMC10483420/
train	PRJEB58216	SAMEA112229003	isolation_source	clinical material	DIABETIC FOOT	True	categorical_change		mgen-9-1082-s002.xlsx:15318	https://pmc.ncbi.nlm.nih.gov/articles/PMC10483420/
train	PRJEB58216	SAMEA112229004	isolation_source	clinical material	UTI	True	categorical_change		mgen-9-1082-s002.xlsx:15403	https://pmc.ncbi.nlm.nih.gov/articles/PMC10483420/
train	PRJEB58216	SAMEA112229005	isolation_source	clinical material	CRBSI	True	categorical_change		mgen-9-1082-s002.xlsx:15446	https://pmc.ncbi.nlm.nih.gov/articles/PMC10483420/
train	PRJEB58216	SAMEA112229006	isolation_source	clinical material	NO SOURCE	True	categorical_change		mgen-9-1082-s002.xlsx:15481	https://pmc.ncbi.nlm.nih.gov/articles/PMC10483420/
train	PRJEB58216	SAMEA112229007	isolation_source	clinical material	UTI	True	categorical_change		mgen-9-1082-s002.xlsx:15482	https://pmc.ncbi.nlm.nih.gov/articles/PMC10483420/
train	PRJEB58216	SAMEA112229008	isolation_source	clinical material	UTI	True	categorical_change		mgen-9-1082-s002.xlsx:15488	https://pmc.ncbi.nlm.nih.gov/articles/PMC10483420/
train	PRJEB58216	SAMEA112229009	isolation_source	clinical material	UTI	True	categorical_change		mgen-9-1082-s002.xlsx:15600	https://pmc.ncbi.nlm.nih.gov/articles/PMC10483420/
train	PRJEB58216	SAMEA112229010	isolation_source	clinical material	CHOLANGITIE	True	categorical_change		mgen-9-1082-s002.xlsx:15674	https://pmc.ncbi.nlm.nih.gov/articles/PMC10483420/
train	PRJEB58216	SAMEA112229011	isolation_source	clinical material	NO SOURCE	True	categorical_change		mgen-9-1082-s002.xlsx:15694	https://pmc.ncbi.nlm.nih.gov/articles/PMC10483420/
train	PRJEB58216	SAMEA112229012	isolation_source	clinical material	SEPTIC ARTHRITI	True	categorical_change		mgen-9-1082-s002.xlsx:15695	https://pmc.ncbi.nlm.nih.gov/articles/PMC10483420/
train	PRJEB58216	SAMEA112229013	isolation_source	clinical material	CRBSI	True	categorical_change		mgen-9-1082-s002.xlsx:15818	https://pmc.ncbi.nlm.nih.gov/articles/PMC10483420/
train	PRJEB58216	SAMEA112229014	isolation_source	clinical material	EMPYEMA	True	categorical_change		mgen-9-1082-s002.xlsx:15820	https://pmc.ncbi.nlm.nih.gov/articles/PMC10483420/
train	PRJEB58216	SAMEA112229015	isolation_source	clinical material	DIABETIC FOOT	True	categorical_change		mgen-9-1082-s002.xlsx:15870	https://pmc.ncbi.nlm.nih.gov/articles/PMC10483420/
train	PRJEB58216	SAMEA112229016	isolation_source	clinical material	NO SOURCE	True	categorical_change		mgen-9-1082-s002.xlsx:15920	https://pmc.ncbi.nlm.nih.gov/articles/PMC10483420/
train	PRJEB58216	SAMEA112229017	isolation_source	clinical material	UTI	True	categorical_change		mgen-9-1082-s002.xlsx:15999	https://pmc.ncbi.nlm.nih.gov/articles/PMC10483420/
train	PRJEB58216	SAMEA112229018	isolation_source	clinical material	NO SOURCE	True	categorical_change		mgen-9-1082-s002.xlsx:16045	https://pmc.ncbi.nlm.nih.gov/articles/PMC10483420/
train	PRJEB58216	SAMEA112229019	isolation_source	clinical material	UTI	True	categorical_change		mgen-9-1082-s002.xlsx:16049	https://pmc.ncbi.nlm.nih.gov/articles/PMC10483420/
train	PRJEB58216	SAMEA112229020	isolation_source	clinical material	CRBSI	True	categorical_change		mgen-9-1082-s002.xlsx:16126	https://pmc.ncbi.nlm.nih.gov/articles/PMC10483420/
train	PRJEB58216	SAMEA112229021	isolation_source	clinical material	UTI	True	categorical_change		mgen-9-1082-s002.xlsx:16139	https://pmc.ncbi.nlm.nih.gov/articles/PMC10483420/
train	PRJEB58216	SAMEA112229022	isolation_source	clinical material	HAP/VAP	True	categorical_change		mgen-9-1082-s002.xlsx:16141	https://pmc.ncbi.nlm.nih.gov/articles/PMC10483420/
train	PRJEB58216	SAMEA112229023	isolation_source	clinical material	CHOLANGITIS	True	categorical_change		mgen-9-1082-s002.xlsx:16204	https://pmc.ncbi.nlm.nih.gov/articles/PMC10483420/
train	PRJEB58216	SAMEA112229024	isolation_source	clinical material	SSTI	True	categorical_change		mgen-9-1082-s002.xlsx:16249	https://pmc.ncbi.nlm.nih.gov/articles/PMC10483420/
train	PRJEB58216	SAMEA112229025	isolation_source	clinical material	CRBSI	True	categorical_change		mgen-9-1082-s002.xlsx:16254	https://pmc.ncbi.nlm.nih.gov/articles/PMC10483420/
train	PRJEB58216	SAMEA112229026	isolation_source	clinical material	UTI	True	categorical_change		mgen-9-1082-s002.xlsx:16293	https://pmc.ncbi.nlm.nih.gov/articles/PMC10483420/
train	PRJEB58216	SAMEA112229027	isolation_source	clinical material	UTI	True	categorical_change		mgen-9-1082-s002.xlsx:16362	https://pmc.ncbi.nlm.nih.gov/articles/PMC10483420/
train	PRJEB58216	SAMEA112229028	isolation_source	clinical material	NO SOURCE	True	categorical_change		mgen-9-1082-s002.xlsx:16428	https://pmc.ncbi.nlm.nih.gov/articles/PMC10483420/
train	PRJEB58216	SAMEA112229029	isolation_source	clinical material	NO SOURCE	True	categorical_change		mgen-9-1082-s002.xlsx:16464	https://pmc.ncbi.nlm.nih.gov/articles/PMC10483420/
train	PRJEB58216	SAMEA112229030	isolation_source	clinical material	DIABETIC FOOT	True	categorical_change		mgen-9-1082-s002.xlsx:16607	https://pmc.ncbi.nlm.nih.gov/articles/PMC10483420/
train	PRJEB58216	SAMEA112229031	isolation_source	clinical material	NO SOURCE	True	categorical_change		mgen-9-1082-s002.xlsx:16740	https://pmc.ncbi.nlm.nih.gov/articles/PMC10483420/
train	PRJEB58216	SAMEA112229032	isolation_source	clinical material	UTI	True	categorical_change		mgen-9-1082-s002.xlsx:16742	https://pmc.ncbi.nlm.nih.gov/articles/PMC10483420/
train	PRJEB58216	SAMEA112229033	isolation_source	clinical material	SSTI	True	categorical_change		mgen-9-1082-s002.xlsx:16854	https://pmc.ncbi.nlm.nih.gov/articles/PMC10483420/
train	PRJEB58216	SAMEA112229034	isolation_source	clinical material	SSTI	True	categorical_change		mgen-9-1082-s002.xlsx:16895	https://pmc.ncbi.nlm.nih.gov/articles/PMC10483420/
train	PRJEB58216	SAMEA112229035	isolation_source	clinical material	CRBSI	True	categorical_change		mgen-9-1082-s002.xlsx:16902	https://pmc.ncbi.nlm.nih.gov/articles/PMC10483420/
train	PRJEB58216	SAMEA112229036	isolation_source	clinical material	UTI	True	categorical_change		mgen-9-1082-s002.xlsx:16903	https://pmc.ncbi.nlm.nih.gov/articles/PMC10483420/
train	PRJEB58216	SAMEA112229037	isolation_source	clinical material	NO SOURCE	True	categorical_change		mgen-9-1082-s002.xlsx:17048	https://pmc.ncbi.nlm.nih.gov/articles/PMC10483420/
train	PRJEB58216	SAMEA112229038	isolation_source	clinical material	HAP/VAP	True	categorical_change		mgen-9-1082-s002.xlsx:17053	https://pmc.ncbi.nlm.nih.gov/articles/PMC10483420/
train	PRJEB58216	SAMEA112229039	isolation_source	clinical material	NO SOURCE	True	categorical_change		mgen-9-1082-s002.xlsx:17055	https://pmc.ncbi.nlm.nih.gov/articles/PMC10483420/
train	PRJEB58216	SAMEA112229040	isolation_source	clinical material	CRBSI	True	categorical_change		mgen-9-1082-s002.xlsx:17172	https://pmc.ncbi.nlm.nih.gov/articles/PMC10483420/
train	PRJEB58216	SAMEA112229041	isolation_source	clinical material	NO SOURCE	True	categorical_change		mgen-9-1082-s002.xlsx:17174	https://pmc.ncbi.nlm.nih.gov/articles/PMC10483420/
train	PRJEB58216	SAMEA112229042	isolation_source	clinical material	UTI	True	categorical_change		mgen-9-1082-s002.xlsx:17265	https://pmc.ncbi.nlm.nih.gov/articles/PMC10483420/
train	PRJEB58216	SAMEA112229043	isolation_source	clinical material	NO SOURCE	True	categorical_change		mgen-9-1082-s002.xlsx:17266	https://pmc.ncbi.nlm.nih.gov/articles/PMC10483420/
train	PRJEB58216	SAMEA112229044	isolation_source	clinical material	UTI	True	categorical_change		mgen-9-1082-s002.xlsx:17405	https://pmc.ncbi.nlm.nih.gov/articles/PMC10483420/
train	PRJEB58216	SAMEA112229045	isolation_source	clinical material	NO SOURCE	True	categorical_change		mgen-9-1082-s002.xlsx:17420	https://pmc.ncbi.nlm.nih.gov/articles/PMC10483420/
train	PRJEB63361	SAMEA114110910	collection_date	2018	26/06/2018	True	date_same_year_refinement		ppat.1013859.s006.xlsx:ERS16091635	https://pmc.ncbi.nlm.nih.gov/articles/PMC12810914/
train	PRJEB63361	SAMEA114110910	collection_date	2018	26/06/2018	True	date_same_year_refinement		ppat.1013859.s006.xlsx:ERS16091635	https://pmc.ncbi.nlm.nih.gov/articles/PMC12810914/
train	PRJEB63361	SAMEA114110911	collection_date	2018	14/09/2018	True	date_same_year_refinement		ppat.1013859.s006.xlsx:ERS16091636	https://pmc.ncbi.nlm.nih.gov/articles/PMC12810914/
train	PRJEB63361	SAMEA114110912	collection_date	2018	28/10/2018	True	date_same_year_refinement		ppat.1013859.s006.xlsx:ERS16091637	https://pmc.ncbi.nlm.nih.gov/articles/PMC12810914/
train	PRJEB63361	SAMEA114110913	collection_date	2018	05/12/2018	True	date_same_year_refinement		ppat.1013859.s006.xlsx:ERS16091638	https://pmc.ncbi.nlm.nih.gov/articles/PMC12810914/
train	PRJEB63361	SAMEA114110914	collection_date	2018	17/12/2018	True	date_same_year_refinement		ppat.1013859.s006.xlsx:ERS16091639	https://pmc.ncbi.nlm.nih.gov/articles/PMC12810914/
train	PRJEB63361	SAMEA114110915	collection_date	2019	31/01/2019	True	date_same_year_refinement		ppat.1013859.s006.xlsx:ERS16091640	https://pmc.ncbi.nlm.nih.gov/articles/PMC12810914/
train	PRJEB63361	SAMEA114110916	collection_date	2019	08/04/2019	True	date_same_year_refinement		ppat.1013859.s006.xlsx:ERS16091641	https://pmc.ncbi.nlm.nih.gov/articles/PMC12810914/
train	PRJEB63361	SAMEA114110917	collection_date	2019	20/05/2019	True	date_same_year_refinement		ppat.1013859.s006.xlsx:ERS16091642	https://pmc.ncbi.nlm.nih.gov/articles/PMC12810914/
train	PRJEB63361	SAMEA114110918	collection_date	2019	10/08/2019	True	date_same_year_refinement		ppat.1013859.s006.xlsx:ERS16091643	https://pmc.ncbi.nlm.nih.gov/articles/PMC12810914/
train	PRJEB63361	SAMEA114110919	collection_date	2018	10/09/2018	True	date_same_year_refinement		ppat.1013859.s006.xlsx:ERS16091644	https://pmc.ncbi.nlm.nih.gov/articles/PMC12810914/
train	PRJEB63361	SAMEA114110920	collection_date	2019	03/07/2019	True	date_same_year_refinement		ppat.1013859.s006.xlsx:ERS16091645	https://pmc.ncbi.nlm.nih.gov/articles/PMC12810914/
train	PRJEB63361	SAMEA114110921	collection_date	2019	03/07/2019	True	date_same_year_refinement		ppat.1013859.s006.xlsx:ERS16091646	https://pmc.ncbi.nlm.nih.gov/articles/PMC12810914/
train	PRJEB63361	SAMEA114110922	collection_date	2019	17/04/2019	True	date_same_year_refinement		ppat.1013859.s006.xlsx:ERS16091647	https://pmc.ncbi.nlm.nih.gov/articles/PMC12810914/
train	PRJEB63361	SAMEA114110923	collection_date	2019	10/07/2019	True	date_same_year_refinement		ppat.1013859.s006.xlsx:ERS16091648	https://pmc.ncbi.nlm.nih.gov/articles/PMC12810914/
train	PRJEB63361	SAMEA114110924	collection_date	2019	22/07/2019	True	date_same_year_refinement		ppat.1013859.s006.xlsx:ERS16091649	https://pmc.ncbi.nlm.nih.gov/articles/PMC12810914/
train	PRJEB63361	SAMEA114110925	collection_date	2019	04/08/2019	True	date_same_year_refinement		ppat.1013859.s006.xlsx:ERS16091650	https://pmc.ncbi.nlm.nih.gov/articles/PMC12810914/
train	PRJEB63361	SAMEA114110926	collection_date	2019	29/08/2019	True	date_same_year_refinement		ppat.1013859.s006.xlsx:ERS16091651	https://pmc.ncbi.nlm.nih.gov/articles/PMC12810914/
train	PRJEB63361	SAMEA114110927	collection_date	2019	15/09/2019	True	date_same_year_refinement		ppat.1013859.s006.xlsx:ERS16091652	https://pmc.ncbi.nlm.nih.gov/articles/PMC12810914/
train	PRJEB63361	SAMEA114110928	collection_date	2019	01/09/2019	True	date_same_year_refinement		ppat.1013859.s006.xlsx:ERS16091653	https://pmc.ncbi.nlm.nih.gov/articles/PMC12810914/
train	PRJEB63361	SAMEA114110929	collection_date	2019	01/11/2019	True	date_same_year_refinement		ppat.1013859.s006.xlsx:ERS16091654	https://pmc.ncbi.nlm.nih.gov/articles/PMC12810914/
train	PRJEB63361	SAMEA114110930	collection_date	2019	15/11/2019	True	date_same_year_refinement		ppat.1013859.s006.xlsx:ERS16091655	https://pmc.ncbi.nlm.nih.gov/articles/PMC12810914/
train	PRJEB63361	SAMEA114110931	collection_date	2020	03/01/2020	True	date_same_year_refinement		ppat.1013859.s006.xlsx:ERS16091656	https://pmc.ncbi.nlm.nih.gov/articles/PMC12810914/
train	PRJEB63361	SAMEA114110932	collection_date	2020	13/01/2020	True	date_same_year_refinement		ppat.1013859.s006.xlsx:ERS16091657	https://pmc.ncbi.nlm.nih.gov/articles/PMC12810914/
train	PRJEB63361	SAMEA114110933	collection_date	2020	19/01/2020	True	date_same_year_refinement		ppat.1013859.s006.xlsx:ERS16091658	https://pmc.ncbi.nlm.nih.gov/articles/PMC12810914/
train	PRJEB63361	SAMEA114110934	collection_date	2020	28/03/2020	True	date_same_year_refinement		ppat.1013859.s006.xlsx:ERS16091659	https://pmc.ncbi.nlm.nih.gov/articles/PMC12810914/
train	PRJEB63361	SAMEA114110935	collection_date	2020	22/04/2020	True	date_same_year_refinement		ppat.1013859.s006.xlsx:ERS16091660	https://pmc.ncbi.nlm.nih.gov/articles/PMC12810914/
train	PRJEB63361	SAMEA114110936	collection_date	2020	01/05/2020	True	date_same_year_refinement		ppat.1013859.s006.xlsx:ERS16091661	https://pmc.ncbi.nlm.nih.gov/articles/PMC12810914/
train	PRJEB63361	SAMEA114110937	collection_date	2020	08/06/2020	True	date_same_year_refinement		ppat.1013859.s006.xlsx:ERS16091662	https://pmc.ncbi.nlm.nih.gov/articles/PMC12810914/
train	PRJEB63361	SAMEA114110938	collection_date	2020	03/06/2020	True	date_same_year_refinement		ppat.1013859.s006.xlsx:ERS16091663	https://pmc.ncbi.nlm.nih.gov/articles/PMC12810914/
train	PRJEB63361	SAMEA114110939	collection_date	2020	08/07/2020	True	date_same_year_refinement		ppat.1013859.s006.xlsx:ERS16091664	https://pmc.ncbi.nlm.nih.gov/articles/PMC12810914/
train	PRJEB63361	SAMEA114110940	collection_date	2020	16/07/2020	True	date_same_year_refinement		ppat.1013859.s006.xlsx:ERS16091665	https://pmc.ncbi.nlm.nih.gov/articles/PMC12810914/
train	PRJEB63361	SAMEA114110941	collection_date	2020	31/07/2020	True	date_same_year_refinement		ppat.1013859.s006.xlsx:ERS16091666	https://pmc.ncbi.nlm.nih.gov/articles/PMC12810914/
train	PRJEB63361	SAMEA114110942	collection_date	2020	30/07/2020	True	date_same_year_refinement		ppat.1013859.s006.xlsx:ERS16091667	https://pmc.ncbi.nlm.nih.gov/articles/PMC12810914/
train	PRJEB63361	SAMEA114110943	collection_date	2020	17/10/2020	True	date_same_year_refinement		ppat.1013859.s006.xlsx:ERS16091668	https://pmc.ncbi.nlm.nih.gov/articles/PMC12810914/
train	PRJEB63361	SAMEA114110944	collection_date	2020	19/10/2020	True	date_same_year_refinement		ppat.1013859.s006.xlsx:ERS16091669	https://pmc.ncbi.nlm.nih.gov/articles/PMC12810914/
train	PRJEB63361	SAMEA114110945	collection_date	2020	23/11/2020	True	date_same_year_refinement		ppat.1013859.s006.xlsx:ERS16091670	https://pmc.ncbi.nlm.nih.gov/articles/PMC12810914/
train	PRJEB63361	SAMEA114110946	collection_date	2020	15/12/2020	True	date_same_year_refinement		ppat.1013859.s006.xlsx:ERS16091671	https://pmc.ncbi.nlm.nih.gov/articles/PMC12810914/
train	PRJEB63361	SAMEA114110947	collection_date	2020	17/12/2020	True	date_same_year_refinement		ppat.1013859.s006.xlsx:ERS16091672	https://pmc.ncbi.nlm.nih.gov/articles/PMC12810914/
train	PRJEB63361	SAMEA114110948	collection_date	2020	20/12/2020	True	date_same_year_refinement		ppat.1013859.s006.xlsx:ERS16091673	https://pmc.ncbi.nlm.nih.gov/articles/PMC12810914/
train	PRJEB63361	SAMEA114110949	collection_date	2020	23/12/2020	True	date_same_year_refinement		ppat.1013859.s006.xlsx:ERS16091674	https://pmc.ncbi.nlm.nih.gov/articles/PMC12810914/
train	PRJEB63361	SAMEA114110950	collection_date	2020	04/12/2020	True	date_same_year_refinement		ppat.1013859.s006.xlsx:ERS16091675	https://pmc.ncbi.nlm.nih.gov/articles/PMC12810914/
train	PRJEB63361	SAMEA114110951	collection_date	2018	23/08/2018	True	date_same_year_refinement		ppat.1013859.s006.xlsx:ERS16091676	https://pmc.ncbi.nlm.nih.gov/articles/PMC12810914/
train	PRJEB63361	SAMEA114110952	collection_date	2018	23/08/2018	True	date_same_year_refinement		ppat.1013859.s006.xlsx:ERS16091677	https://pmc.ncbi.nlm.nih.gov/articles/PMC12810914/
train	PRJEB63361	SAMEA114110953	collection_date	2018	28/08/2018	True	date_same_year_refinement		ppat.1013859.s006.xlsx:ERS16091678	https://pmc.ncbi.nlm.nih.gov/articles/PMC12810914/
train	PRJEB63361	SAMEA114110954	collection_date	2018	23/08/2018	True	date_same_year_refinement		ppat.1013859.s006.xlsx:ERS16091679	https://pmc.ncbi.nlm.nih.gov/articles/PMC12810914/
train	PRJEB63361	SAMEA114110955	collection_date	2018	20/08/2018	True	date_same_year_refinement		ppat.1013859.s006.xlsx:ERS16091680	https://pmc.ncbi.nlm.nih.gov/articles/PMC12810914/
train	PRJEB63361	SAMEA114110956	collection_date	2018	06/09/2018	True	date_same_year_refinement		ppat.1013859.s006.xlsx:ERS16091681	https://pmc.ncbi.nlm.nih.gov/articles/PMC12810914/
train	PRJEB63361	SAMEA114110957	collection_date	2018	03/09/2018	True	date_same_year_refinement		ppat.1013859.s006.xlsx:ERS16091682	https://pmc.ncbi.nlm.nih.gov/articles/PMC12810914/
train	PRJEB63361	SAMEA114110958	collection_date	2018	13/09/2018	True	date_same_year_refinement		ppat.1013859.s006.xlsx:ERS16091683	https://pmc.ncbi.nlm.nih.gov/articles/PMC12810914/
train	PRJEB63361	SAMEA114110959	collection_date	2018	15/08/2018	True	date_same_year_refinement		ppat.1013859.s006.xlsx:ERS16091684	https://pmc.ncbi.nlm.nih.gov/articles/PMC12810914/
train	PRJEB63361	SAMEA114110960	collection_date	2018	25/09/2018	True	date_same_year_refinement		ppat.1013859.s006.xlsx:ERS16091685	https://pmc.ncbi.nlm.nih.gov/articles/PMC12810914/
train	PRJEB63361	SAMEA114110961	collection_date	2018	28/09/2018	True	date_same_year_refinement		ppat.1013859.s006.xlsx:ERS16091686	https://pmc.ncbi.nlm.nih.gov/articles/PMC12810914/
train	PRJEB63361	SAMEA114110962	collection_date	2018	03/10/2018	True	date_same_year_refinement		ppat.1013859.s006.xlsx:ERS16091687	https://pmc.ncbi.nlm.nih.gov/articles/PMC12810914/
train	PRJEB63361	SAMEA114110963	collection_date	2018	16/11/2018	True	date_same_year_refinement		ppat.1013859.s006.xlsx:ERS16091688	https://pmc.ncbi.nlm.nih.gov/articles/PMC12810914/
train	PRJEB63361	SAMEA114110964	collection_date	2018	15/11/2018	True	date_same_year_refinement		ppat.1013859.s006.xlsx:ERS16091689	https://pmc.ncbi.nlm.nih.gov/articles/PMC12810914/
train	PRJEB63361	SAMEA114110965	collection_date	2018	10/11/2018	True	date_same_year_refinement		ppat.1013859.s006.xlsx:ERS16091690	https://pmc.ncbi.nlm.nih.gov/articles/PMC12810914/
train	PRJEB63361	SAMEA114110966	collection_date	2018	28/11/2018	True	date_same_year_refinement		ppat.1013859.s006.xlsx:ERS16091691	https://pmc.ncbi.nlm.nih.gov/articles/PMC12810914/
train	PRJEB63361	SAMEA114110967	collection_date	2018	26/11/2018	True	date_same_year_refinement		ppat.1013859.s006.xlsx:ERS16091692	https://pmc.ncbi.nlm.nih.gov/articles/PMC12810914/
train	PRJEB63361	SAMEA114110968	collection_date	2018	01/12/2018	True	date_same_year_refinement		ppat.1013859.s006.xlsx:ERS16091693	https://pmc.ncbi.nlm.nih.gov/articles/PMC12810914/
train	PRJEB63361	SAMEA114110969	collection_date	2018	03/12/2018	True	date_same_year_refinement		ppat.1013859.s006.xlsx:ERS16091694	https://pmc.ncbi.nlm.nih.gov/articles/PMC12810914/
train	PRJEB63361	SAMEA114110970	collection_date	2018	04/12/2018	True	date_same_year_refinement		ppat.1013859.s006.xlsx:ERS16091695	https://pmc.ncbi.nlm.nih.gov/articles/PMC12810914/
train	PRJEB63361	SAMEA114110971	collection_date	2018	16/12/2018	True	date_same_year_refinement		ppat.1013859.s006.xlsx:ERS16091696	https://pmc.ncbi.nlm.nih.gov/articles/PMC12810914/
train	PRJEB63361	SAMEA114110972	collection_date	2018	19/12/2018	True	date_same_year_refinement		ppat.1013859.s006.xlsx:ERS16091697	https://pmc.ncbi.nlm.nih.gov/articles/PMC12810914/
train	PRJEB63361	SAMEA114110973	collection_date	2018	22/12/2018	True	date_same_year_refinement		ppat.1013859.s006.xlsx:ERS16091698	https://pmc.ncbi.nlm.nih.gov/articles/PMC12810914/
train	PRJEB63361	SAMEA114110974	collection_date	2018	19/12/2018	True	date_same_year_refinement		ppat.1013859.s006.xlsx:ERS16091699	https://pmc.ncbi.nlm.nih.gov/articles/PMC12810914/
train	PRJEB63361	SAMEA114110975	collection_date	2018	19/12/2018	True	date_same_year_refinement		ppat.1013859.s006.xlsx:ERS16091700	https://pmc.ncbi.nlm.nih.gov/articles/PMC12810914/
train	PRJEB63361	SAMEA114110976	collection_date	2018	22/12/2018	True	date_same_year_refinement		ppat.1013859.s006.xlsx:ERS16091701	https://pmc.ncbi.nlm.nih.gov/articles/PMC12810914/
train	PRJEB63361	SAMEA114110977	collection_date	2018	24/12/2018	True	date_same_year_refinement		ppat.1013859.s006.xlsx:ERS16091702	https://pmc.ncbi.nlm.nih.gov/articles/PMC12810914/
train	PRJEB63361	SAMEA114110978	collection_date	2018	28/12/2018	True	date_same_year_refinement		ppat.1013859.s006.xlsx:ERS16091703	https://pmc.ncbi.nlm.nih.gov/articles/PMC12810914/
train	PRJEB63361	SAMEA114110979	collection_date	2018	29/12/2018	True	date_same_year_refinement		ppat.1013859.s006.xlsx:ERS16091704	https://pmc.ncbi.nlm.nih.gov/articles/PMC12810914/
train	PRJEB63361	SAMEA114110980	collection_date	2018	24/12/2018	True	date_same_year_refinement		ppat.1013859.s006.xlsx:ERS16091705	https://pmc.ncbi.nlm.nih.gov/articles/PMC12810914/
train	PRJEB63361	SAMEA114110981	collection_date	2019	02/01/2019	True	date_same_year_refinement		ppat.1013859.s006.xlsx:ERS16091706	https://pmc.ncbi.nlm.nih.gov/articles/PMC12810914/
train	PRJEB63361	SAMEA114110982	collection_date	2018	31/12/2018	True	date_same_year_refinement		ppat.1013859.s006.xlsx:ERS16091707	https://pmc.ncbi.nlm.nih.gov/articles/PMC12810914/
train	PRJEB63361	SAMEA114110983	collection_date	2018	29/12/2018	True	date_same_year_refinement		ppat.1013859.s006.xlsx:ERS16091708	https://pmc.ncbi.nlm.nih.gov/articles/PMC12810914/
train	PRJEB63361	SAMEA114110984	collection_date	2018	28/12/2018	True	date_same_year_refinement		ppat.1013859.s006.xlsx:ERS16091709	https://pmc.ncbi.nlm.nih.gov/articles/PMC12810914/
train	PRJEB63361	SAMEA114110985	collection_date	2018	28/12/2018	True	date_same_year_refinement		ppat.1013859.s006.xlsx:ERS16091710	https://pmc.ncbi.nlm.nih.gov/articles/PMC12810914/
train	PRJEB63361	SAMEA114110986	collection_date	2019	03/01/2019	True	date_same_year_refinement		ppat.1013859.s006.xlsx:ERS16091711	https://pmc.ncbi.nlm.nih.gov/articles/PMC12810914/
train	PRJEB63361	SAMEA114110987	collection_date	2019	02/01/2019	True	date_same_year_refinement		ppat.1013859.s006.xlsx:ERS16091712	https://pmc.ncbi.nlm.nih.gov/articles/PMC12810914/
train	PRJEB63361	SAMEA114110988	collection_date	2019	03/01/2019	True	date_same_year_refinement		ppat.1013859.s006.xlsx:ERS16091713	https://pmc.ncbi.nlm.nih.gov/articles/PMC12810914/
train	PRJEB63361	SAMEA114110989	collection_date	2019	08/01/2019	True	date_same_year_refinement		ppat.1013859.s006.xlsx:ERS16091714	https://pmc.ncbi.nlm.nih.gov/articles/PMC12810914/
train	PRJEB63361	SAMEA114110990	collection_date	2019	08/01/2019	True	date_same_year_refinement		ppat.1013859.s006.xlsx:ERS16091715	https://pmc.ncbi.nlm.nih.gov/articles/PMC12810914/
train	PRJEB63361	SAMEA114110991	collection_date	2019	08/01/2019	True	date_same_year_refinement		ppat.1013859.s006.xlsx:ERS16091716	https://pmc.ncbi.nlm.nih.gov/articles/PMC12810914/
train	PRJEB63361	SAMEA114110992	collection_date	2019	08/01/2019	True	date_same_year_refinement		ppat.1013859.s006.xlsx:ERS16091717	https://pmc.ncbi.nlm.nih.gov/articles/PMC12810914/
train	PRJEB63361	SAMEA114110993	collection_date	2019	08/01/2019	True	date_same_year_refinement		ppat.1013859.s006.xlsx:ERS16091718	https://pmc.ncbi.nlm.nih.gov/articles/PMC12810914/
train	PRJEB63361	SAMEA114110994	collection_date	2019	08/01/2019	True	date_same_year_refinement		ppat.1013859.s006.xlsx:ERS16091719	https://pmc.ncbi.nlm.nih.gov/articles/PMC12810914/
train	PRJEB63361	SAMEA114110995	collection_date	2019	08/01/2019	True	date_same_year_refinement		ppat.1013859.s006.xlsx:ERS16091720	https://pmc.ncbi.nlm.nih.gov/articles/PMC12810914/
train	PRJEB63361	SAMEA114110996	collection_date	2019	08/01/2019	True	date_same_year_refinement		ppat.1013859.s006.xlsx:ERS16091721	https://pmc.ncbi.nlm.nih.gov/articles/PMC12810914/
train	PRJEB63361	SAMEA114110997	collection_date	2019	11/01/2019	True	date_same_year_refinement		ppat.1013859.s006.xlsx:ERS16091722	https://pmc.ncbi.nlm.nih.gov/articles/PMC12810914/
train	PRJEB63361	SAMEA114110998	collection_date	2019	11/01/2019	True	date_same_year_refinement		ppat.1013859.s006.xlsx:ERS16091723	https://pmc.ncbi.nlm.nih.gov/articles/PMC12810914/
train	PRJEB63361	SAMEA114110999	collection_date	2019	10/01/2019	True	date_same_year_refinement		ppat.1013859.s006.xlsx:ERS16091724	https://pmc.ncbi.nlm.nih.gov/articles/PMC12810914/
train	PRJEB63361	SAMEA114111000	collection_date	2019	11/01/2019	True	date_same_year_refinement		ppat.1013859.s006.xlsx:ERS16091725	https://pmc.ncbi.nlm.nih.gov/articles/PMC12810914/
train	PRJEB63361	SAMEA114111001	collection_date	2019	10/01/2019	True	date_same_year_refinement		ppat.1013859.s006.xlsx:ERS16091726	https://pmc.ncbi.nlm.nih.gov/articles/PMC12810914/
train	PRJEB63361	SAMEA114111002	collection_date	2019	09/01/2019	True	date_same_year_refinement		ppat.1013859.s006.xlsx:ERS16091727	https://pmc.ncbi.nlm.nih.gov/articles/PMC12810914/
train	PRJEB63361	SAMEA114111003	collection_date	2019	13/01/2019	True	date_same_year_refinement		ppat.1013859.s006.xlsx:ERS16091728	https://pmc.ncbi.nlm.nih.gov/articles/PMC12810914/
train	PRJEB63361	SAMEA114111004	collection_date	2019	10/01/2019	True	date_same_year_refinement		ppat.1013859.s006.xlsx:ERS16091729	https://pmc.ncbi.nlm.nih.gov/articles/PMC12810914/
train	PRJEB63361	SAMEA114111005	collection_date	2019	16/01/2019	True	date_same_year_refinement		ppat.1013859.s006.xlsx:ERS16091730	https://pmc.ncbi.nlm.nih.gov/articles/PMC12810914/
train	PRJEB63361	SAMEA114111006	collection_date	2019	14/01/2019	True	date_same_year_refinement		ppat.1013859.s006.xlsx:ERS16091731	https://pmc.ncbi.nlm.nih.gov/articles/PMC12810914/
train	PRJEB63361	SAMEA114111007	collection_date	2019	15/01/2019	True	date_same_year_refinement		ppat.1013859.s006.xlsx:ERS16091732	https://pmc.ncbi.nlm.nih.gov/articles/PMC12810914/
train	PRJEB63361	SAMEA114111008	collection_date	2019	20/01/2019	True	date_same_year_refinement		ppat.1013859.s006.xlsx:ERS16091733	https://pmc.ncbi.nlm.nih.gov/articles/PMC12810914/
train	PRJEB63361	SAMEA114111009	collection_date	2016	28/01/2016	True	date_same_year_refinement		ppat.1013859.s006.xlsx:ERS16091734	https://pmc.ncbi.nlm.nih.gov/articles/PMC12810914/
train	PRJEB63361	SAMEA114111010	collection_date	2016	25/01/2016	True	date_same_year_refinement		ppat.1013859.s006.xlsx:ERS16091735	https://pmc.ncbi.nlm.nih.gov/articles/PMC12810914/
train	PRJEB63361	SAMEA114111011	collection_date	2019	20/01/2019	True	date_same_year_refinement		ppat.1013859.s006.xlsx:ERS16091736	https://pmc.ncbi.nlm.nih.gov/articles/PMC12810914/
train	PRJEB63361	SAMEA114111012	collection_date	2019	21/01/2019	True	date_same_year_refinement		ppat.1013859.s006.xlsx:ERS16091737	https://pmc.ncbi.nlm.nih.gov/articles/PMC12810914/
train	PRJEB63361	SAMEA114111013	collection_date	2016	11/04/2016	True	date_same_year_refinement		ppat.1013859.s006.xlsx:ERS16091738	https://pmc.ncbi.nlm.nih.gov/articles/PMC12810914/
train	PRJEB63361	SAMEA114111014	collection_date	2016	14/06/2016	True	date_same_year_refinement		ppat.1013859.s006.xlsx:ERS16091739	https://pmc.ncbi.nlm.nih.gov/articles/PMC12810914/
train	PRJEB63361	SAMEA114111015	collection_date	2016	21/10/2016	True	date_same_year_refinement		ppat.1013859.s006.xlsx:ERS16091740	https://pmc.ncbi.nlm.nih.gov/articles/PMC12810914/
train	PRJEB63361	SAMEA114111016	collection_date	2019	25/01/2019	True	date_same_year_refinement		ppat.1013859.s006.xlsx:ERS16091741	https://pmc.ncbi.nlm.nih.gov/articles/PMC12810914/
train	PRJEB63361	SAMEA114111017	collection_date	2017	05/03/2017	True	date_same_year_refinement		ppat.1013859.s006.xlsx:ERS16091742	https://pmc.ncbi.nlm.nih.gov/articles/PMC12810914/
train	PRJEB63361	SAMEA114111018	collection_date	2017	13/04/2017	True	date_same_year_refinement		ppat.1013859.s006.xlsx:ERS16091743	https://pmc.ncbi.nlm.nih.gov/articles/PMC12810914/
train	PRJEB63361	SAMEA114111019	collection_date	2019	25/01/2019	True	date_same_year_refinement		ppat.1013859.s006.xlsx:ERS16091744	https://pmc.ncbi.nlm.nih.gov/articles/PMC12810914/
train	PRJEB63361	SAMEA114111020	collection_date	2017	14/05/2017	True	date_same_year_refinement		ppat.1013859.s006.xlsx:ERS16091745	https://pmc.ncbi.nlm.nih.gov/articles/PMC12810914/
train	PRJEB63361	SAMEA114111021	collection_date	2017	14/05/2017	True	date_same_year_refinement		ppat.1013859.s006.xlsx:ERS16091746	https://pmc.ncbi.nlm.nih.gov/articles/PMC12810914/
train	PRJEB63361	SAMEA114111022	collection_date	2017	20/05/2017	True	date_same_year_refinement		ppat.1013859.s006.xlsx:ERS16091747	https://pmc.ncbi.nlm.nih.gov/articles/PMC12810914/
train	PRJEB63361	SAMEA114111023	collection_date	2017	26/05/2017	True	date_same_year_refinement		ppat.1013859.s006.xlsx:ERS16091748	https://pmc.ncbi.nlm.nih.gov/articles/PMC12810914/
train	PRJEB63361	SAMEA114111024	collection_date	2017	24/05/2017	True	date_same_year_refinement		ppat.1013859.s006.xlsx:ERS16091749	https://pmc.ncbi.nlm.nih.gov/articles/PMC12810914/
train	PRJEB63361	SAMEA114111025	collection_date	2019	29/01/2019	True	date_same_year_refinement		ppat.1013859.s006.xlsx:ERS16091750	https://pmc.ncbi.nlm.nih.gov/articles/PMC12810914/
train	PRJEB63361	SAMEA114111026	collection_date	2019	29/01/2019	True	date_same_year_refinement		ppat.1013859.s006.xlsx:ERS16091751	https://pmc.ncbi.nlm.nih.gov/articles/PMC12810914/
train	PRJEB63361	SAMEA114111027	collection_date	2019	29/01/2019	True	date_same_year_refinement		ppat.1013859.s006.xlsx:ERS16091752	https://pmc.ncbi.nlm.nih.gov/articles/PMC12810914/
train	PRJEB63361	SAMEA114111028	collection_date	2019	29/01/2019	True	date_same_year_refinement		ppat.1013859.s006.xlsx:ERS16091753	https://pmc.ncbi.nlm.nih.gov/articles/PMC12810914/
train	PRJEB63361	SAMEA114111029	collection_date	2019	29/01/2019	True	date_same_year_refinement		ppat.1013859.s006.xlsx:ERS16091754	https://pmc.ncbi.nlm.nih.gov/articles/PMC12810914/
train	PRJEB63361	SAMEA114111030	collection_date	2019	29/01/2019	True	date_same_year_refinement		ppat.1013859.s006.xlsx:ERS16091755	https://pmc.ncbi.nlm.nih.gov/articles/PMC12810914/
train	PRJEB63361	SAMEA114111031	collection_date	2019	29/01/2019	True	date_same_year_refinement		ppat.1013859.s006.xlsx:ERS16091756	https://pmc.ncbi.nlm.nih.gov/articles/PMC12810914/
train	PRJEB63361	SAMEA114111032	collection_date	2019	29/01/2019	True	date_same_year_refinement		ppat.1013859.s006.xlsx:ERS16091757	https://pmc.ncbi.nlm.nih.gov/articles/PMC12810914/
train	PRJEB63361	SAMEA114111033	collection_date	2019	29/01/2019	True	date_same_year_refinement		ppat.1013859.s006.xlsx:ERS16091758	https://pmc.ncbi.nlm.nih.gov/articles/PMC12810914/
train	PRJEB63361	SAMEA114111034	collection_date	2019	29/01/2019	True	date_same_year_refinement		ppat.1013859.s006.xlsx:ERS16091759	https://pmc.ncbi.nlm.nih.gov/articles/PMC12810914/
train	PRJEB63361	SAMEA114111035	collection_date	2019	29/01/2019	True	date_same_year_refinement		ppat.1013859.s006.xlsx:ERS16091760	https://pmc.ncbi.nlm.nih.gov/articles/PMC12810914/
train	PRJEB63361	SAMEA114111036	collection_date	2019	29/01/2019	True	date_same_year_refinement		ppat.1013859.s006.xlsx:ERS16091761	https://pmc.ncbi.nlm.nih.gov/articles/PMC12810914/
train	PRJEB63361	SAMEA114111037	collection_date	2019	29/01/2019	True	date_same_year_refinement		ppat.1013859.s006.xlsx:ERS16091762	https://pmc.ncbi.nlm.nih.gov/articles/PMC12810914/
train	PRJEB63361	SAMEA114111038	collection_date	2019	29/01/2019	True	date_same_year_refinement		ppat.1013859.s006.xlsx:ERS16091763	https://pmc.ncbi.nlm.nih.gov/articles/PMC12810914/
train	PRJEB63361	SAMEA114111039	collection_date	2019	29/01/2019	True	date_same_year_refinement		ppat.1013859.s006.xlsx:ERS16091764	https://pmc.ncbi.nlm.nih.gov/articles/PMC12810914/
train	PRJEB63361	SAMEA114111040	collection_date	2019	29/01/2019	True	date_same_year_refinement		ppat.1013859.s006.xlsx:ERS16091765	https://pmc.ncbi.nlm.nih.gov/articles/PMC12810914/
train	PRJEB63361	SAMEA114111041	collection_date	2019	29/01/2019	True	date_same_year_refinement		ppat.1013859.s006.xlsx:ERS16091766	https://pmc.ncbi.nlm.nih.gov/articles/PMC12810914/
train	PRJEB63361	SAMEA114111042	collection_date	2018	22/06/2018	True	date_same_year_refinement		ppat.1013859.s006.xlsx:ERS16091767	https://pmc.ncbi.nlm.nih.gov/articles/PMC12810914/
train	PRJEB63361	SAMEA114111043	collection_date	2019	28/01/2019	True	date_same_year_refinement		ppat.1013859.s006.xlsx:ERS16091768	https://pmc.ncbi.nlm.nih.gov/articles/PMC12810914/
train	PRJEB63361	SAMEA114111044	collection_date	2019	31/01/2019	True	date_same_year_refinement		ppat.1013859.s006.xlsx:ERS16091769	https://pmc.ncbi.nlm.nih.gov/articles/PMC12810914/
train	PRJEB63361	SAMEA114111045	collection_date	2019	04/02/2019	True	date_same_year_refinement		ppat.1013859.s006.xlsx:ERS16091770	https://pmc.ncbi.nlm.nih.gov/articles/PMC12810914/
train	PRJEB63361	SAMEA114111046	collection_date	2019	02/02/2019	True	date_same_year_refinement		ppat.1013859.s006.xlsx:ERS16091771	https://pmc.ncbi.nlm.nih.gov/articles/PMC12810914/
train	PRJEB63361	SAMEA114111047	collection_date	2019	04/02/2019	True	date_same_year_refinement		ppat.1013859.s006.xlsx:ERS16091772	https://pmc.ncbi.nlm.nih.gov/articles/PMC12810914/
train	PRJEB63361	SAMEA114111048	collection_date	2019	04/02/2019	True	date_same_year_refinement		ppat.1013859.s006.xlsx:ERS16091773	https://pmc.ncbi.nlm.nih.gov/articles/PMC12810914/
train	PRJEB63361	SAMEA114111049	collection_date	2019	04/02/2019	True	date_same_year_refinement		ppat.1013859.s006.xlsx:ERS16091774	https://pmc.ncbi.nlm.nih.gov/articles/PMC12810914/
train	PRJEB63361	SAMEA114111050	collection_date	2019	04/02/2019	True	date_same_year_refinement		ppat.1013859.s006.xlsx:ERS16091775	https://pmc.ncbi.nlm.nih.gov/articles/PMC12810914/
train	PRJEB63361	SAMEA114111051	collection_date	2019	04/02/2019	True	date_same_year_refinement		ppat.1013859.s006.xlsx:ERS16091776	https://pmc.ncbi.nlm.nih.gov/articles/PMC12810914/
train	PRJEB63361	SAMEA114111052	collection_date	2019	01/02/2019	True	date_same_year_refinement		ppat.1013859.s006.xlsx:ERS16091777	https://pmc.ncbi.nlm.nih.gov/articles/PMC12810914/
train	PRJEB63361	SAMEA114111053	collection_date	2019	06/02/2019	True	date_same_year_refinement		ppat.1013859.s006.xlsx:ERS16091778	https://pmc.ncbi.nlm.nih.gov/articles/PMC12810914/
train	PRJEB63361	SAMEA114111054	collection_date	2019	06/02/2019	True	date_same_year_refinement		ppat.1013859.s006.xlsx:ERS16091779	https://pmc.ncbi.nlm.nih.gov/articles/PMC12810914/
train	PRJEB63361	SAMEA114111055	collection_date	2019	06/02/2019	True	date_same_year_refinement		ppat.1013859.s006.xlsx:ERS16091780	https://pmc.ncbi.nlm.nih.gov/articles/PMC12810914/
train	PRJEB63361	SAMEA114111056	collection_date	2019	06/02/2019	True	date_same_year_refinement		ppat.1013859.s006.xlsx:ERS16091781	https://pmc.ncbi.nlm.nih.gov/articles/PMC12810914/
train	PRJEB63361	SAMEA114111057	collection_date	2019	22/01/2019	True	date_same_year_refinement		ppat.1013859.s006.xlsx:ERS16091782	https://pmc.ncbi.nlm.nih.gov/articles/PMC12810914/
train	PRJEB63361	SAMEA114111058	collection_date	2019	22/01/2020	True	date_year_changed	year_changed	ppat.1013859.s006.xlsx:ERS16091783	https://pmc.ncbi.nlm.nih.gov/articles/PMC12810914/
train	PRJEB63361	SAMEA114111059	collection_date	2019	30/01/2019	True	date_same_year_refinement		ppat.1013859.s006.xlsx:ERS16091784	https://pmc.ncbi.nlm.nih.gov/articles/PMC12810914/
train	PRJEB63361	SAMEA114111060	collection_date	2019	12/02/2019	True	date_same_year_refinement		ppat.1013859.s006.xlsx:ERS16091785	https://pmc.ncbi.nlm.nih.gov/articles/PMC12810914/
train	PRJEB63361	SAMEA114111061	collection_date	2019	12/02/2019	True	date_same_year_refinement		ppat.1013859.s006.xlsx:ERS16091786	https://pmc.ncbi.nlm.nih.gov/articles/PMC12810914/
train	PRJEB63361	SAMEA114111062	collection_date	2019	14/02/2019	True	date_same_year_refinement		ppat.1013859.s006.xlsx:ERS16091787	https://pmc.ncbi.nlm.nih.gov/articles/PMC12810914/
train	PRJEB63361	SAMEA114111063	collection_date	2019	12/02/2019	True	date_same_year_refinement		ppat.1013859.s006.xlsx:ERS16091788	https://pmc.ncbi.nlm.nih.gov/articles/PMC12810914/
train	PRJEB63361	SAMEA114111064	collection_date	2019	12/02/2019	True	date_same_year_refinement		ppat.1013859.s006.xlsx:ERS16091789	https://pmc.ncbi.nlm.nih.gov/articles/PMC12810914/
train	PRJEB63361	SAMEA114111065	collection_date	2019	12/02/2019	True	date_same_year_refinement		ppat.1013859.s006.xlsx:ERS16091790	https://pmc.ncbi.nlm.nih.gov/articles/PMC12810914/
train	PRJEB63361	SAMEA114111066	collection_date	2019	12/02/2019	True	date_same_year_refinement		ppat.1013859.s006.xlsx:ERS16091791	https://pmc.ncbi.nlm.nih.gov/articles/PMC12810914/
train	PRJEB63361	SAMEA114111067	collection_date	2019	12/02/2019	True	date_same_year_refinement		ppat.1013859.s006.xlsx:ERS16091792	https://pmc.ncbi.nlm.nih.gov/articles/PMC12810914/
train	PRJEB63361	SAMEA114111068	collection_date	2019	18/02/2019	True	date_same_year_refinement		ppat.1013859.s006.xlsx:ERS16091793	https://pmc.ncbi.nlm.nih.gov/articles/PMC12810914/
train	PRJEB63361	SAMEA114111069	collection_date	2019	26/02/2019	True	date_same_year_refinement		ppat.1013859.s006.xlsx:ERS16091794	https://pmc.ncbi.nlm.nih.gov/articles/PMC12810914/
train	PRJEB63361	SAMEA114111070	collection_date	2019	14/02/2019	True	date_same_year_refinement		ppat.1013859.s006.xlsx:ERS16091795	https://pmc.ncbi.nlm.nih.gov/articles/PMC12810914/
train	PRJEB63361	SAMEA114111071	collection_date	2019	07/02/2019	True	date_same_year_refinement		ppat.1013859.s006.xlsx:ERS16091796	https://pmc.ncbi.nlm.nih.gov/articles/PMC12810914/
train	PRJEB63361	SAMEA114111072	collection_date	2019	13/02/2019	True	date_same_year_refinement		ppat.1013859.s006.xlsx:ERS16091797	https://pmc.ncbi.nlm.nih.gov/articles/PMC12810914/
train	PRJEB63361	SAMEA114111073	collection_date	2019	14/02/2019	True	date_same_year_refinement		ppat.1013859.s006.xlsx:ERS16091798	https://pmc.ncbi.nlm.nih.gov/articles/PMC12810914/
train	PRJEB63361	SAMEA114111074	collection_date	2019	23/02/2019	True	date_same_year_refinement		ppat.1013859.s006.xlsx:ERS16091799	https://pmc.ncbi.nlm.nih.gov/articles/PMC12810914/
train	PRJEB63361	SAMEA114111075	collection_date	2019	26/02/2019	True	date_same_year_refinement		ppat.1013859.s006.xlsx:ERS16091800	https://pmc.ncbi.nlm.nih.gov/articles/PMC12810914/
train	PRJEB63361	SAMEA114111076	collection_date	2019	12/02/2019	True	date_same_year_refinement		ppat.1013859.s006.xlsx:ERS16091801	https://pmc.ncbi.nlm.nih.gov/articles/PMC12810914/
train	PRJEB63361	SAMEA114111077	collection_date	2019	05/03/2019	True	date_same_year_refinement		ppat.1013859.s006.xlsx:ERS16091802	https://pmc.ncbi.nlm.nih.gov/articles/PMC12810914/
train	PRJEB63361	SAMEA114111078	collection_date	2019	31/03/2019	True	date_same_year_refinement		ppat.1013859.s006.xlsx:ERS16091803	https://pmc.ncbi.nlm.nih.gov/articles/PMC12810914/
train	PRJEB63361	SAMEA114111079	collection_date	2019	03/04/2019	True	date_same_year_refinement		ppat.1013859.s006.xlsx:ERS16091804	https://pmc.ncbi.nlm.nih.gov/articles/PMC12810914/
train	PRJEB63361	SAMEA114111080	collection_date	2019	30/03/2019	True	date_same_year_refinement		ppat.1013859.s006.xlsx:ERS16091805	https://pmc.ncbi.nlm.nih.gov/articles/PMC12810914/
train	PRJEB63361	SAMEA114111081	collection_date	2019	12/03/2019	True	date_same_year_refinement		ppat.1013859.s006.xlsx:ERS16091806	https://pmc.ncbi.nlm.nih.gov/articles/PMC12810914/
train	PRJEB63361	SAMEA114111082	collection_date	2019	11/03/2019	True	date_same_year_refinement		ppat.1013859.s006.xlsx:ERS16091807	https://pmc.ncbi.nlm.nih.gov/articles/PMC12810914/
train	PRJEB63361	SAMEA114111083	collection_date	2019	12/03/2019	True	date_same_year_refinement		ppat.1013859.s006.xlsx:ERS16091808	https://pmc.ncbi.nlm.nih.gov/articles/PMC12810914/
train	PRJEB63361	SAMEA114111084	collection_date	2019	05/03/2019	True	date_same_year_refinement		ppat.1013859.s006.xlsx:ERS16091809	https://pmc.ncbi.nlm.nih.gov/articles/PMC12810914/
train	PRJEB63361	SAMEA114111085	collection_date	2019	06/03/2019	True	date_same_year_refinement		ppat.1013859.s006.xlsx:ERS16091810	https://pmc.ncbi.nlm.nih.gov/articles/PMC12810914/
train	PRJEB63361	SAMEA114111086	collection_date	2019	12/03/2019	True	date_same_year_refinement		ppat.1013859.s006.xlsx:ERS16091811	https://pmc.ncbi.nlm.nih.gov/articles/PMC12810914/
train	PRJEB63361	SAMEA114111087	collection_date	2019	09/03/2019	True	date_same_year_refinement		ppat.1013859.s006.xlsx:ERS16091812	https://pmc.ncbi.nlm.nih.gov/articles/PMC12810914/
train	PRJEB63361	SAMEA114111088	collection_date	2019	09/03/2019	True	date_same_year_refinement		ppat.1013859.s006.xlsx:ERS16091813	https://pmc.ncbi.nlm.nih.gov/articles/PMC12810914/
train	PRJEB63361	SAMEA114111089	collection_date	2019	28/03/2019	True	date_same_year_refinement		ppat.1013859.s006.xlsx:ERS16091814	https://pmc.ncbi.nlm.nih.gov/articles/PMC12810914/
train	PRJEB63361	SAMEA114111090	collection_date	2019	15/03/2019	True	date_same_year_refinement		ppat.1013859.s006.xlsx:ERS16091815	https://pmc.ncbi.nlm.nih.gov/articles/PMC12810914/
train	PRJEB63361	SAMEA114111091	collection_date	2019	09/03/2019	True	date_same_year_refinement		ppat.1013859.s006.xlsx:ERS16091816	https://pmc.ncbi.nlm.nih.gov/articles/PMC12810914/
train	PRJEB63361	SAMEA114111092	collection_date	2019	08/03/2019	True	date_same_year_refinement		ppat.1013859.s006.xlsx:ERS16091817	https://pmc.ncbi.nlm.nih.gov/articles/PMC12810914/
train	PRJEB63361	SAMEA114111093	collection_date	2019	24/03/2019	True	date_same_year_refinement		ppat.1013859.s006.xlsx:ERS16091818	https://pmc.ncbi.nlm.nih.gov/articles/PMC12810914/
train	PRJEB63361	SAMEA114111094	collection_date	2019	09/03/2019	True	date_same_year_refinement		ppat.1013859.s006.xlsx:ERS16091819	https://pmc.ncbi.nlm.nih.gov/articles/PMC12810914/
train	PRJEB63361	SAMEA114111095	collection_date	2019	07/03/2019	True	date_same_year_refinement		ppat.1013859.s006.xlsx:ERS16091820	https://pmc.ncbi.nlm.nih.gov/articles/PMC12810914/
train	PRJEB63361	SAMEA114111096	collection_date	2019	21/04/2019	True	date_same_year_refinement		ppat.1013859.s006.xlsx:ERS16091821	https://pmc.ncbi.nlm.nih.gov/articles/PMC12810914/
train	PRJEB63361	SAMEA114111097	collection_date	2019	20/04/2019	True	date_same_year_refinement		ppat.1013859.s006.xlsx:ERS16091822	https://pmc.ncbi.nlm.nih.gov/articles/PMC12810914/
train	PRJEB63361	SAMEA114111098	collection_date	2019	20/04/2019	True	date_same_year_refinement		ppat.1013859.s006.xlsx:ERS16091823	https://pmc.ncbi.nlm.nih.gov/articles/PMC12810914/
train	PRJEB63361	SAMEA114111099	collection_date	2019	24/04/2019	True	date_same_year_refinement		ppat.1013859.s006.xlsx:ERS16091824	https://pmc.ncbi.nlm.nih.gov/articles/PMC12810914/
train	PRJEB63361	SAMEA114111100	collection_date	2019	15/04/2019	True	date_same_year_refinement		ppat.1013859.s006.xlsx:ERS16091825	https://pmc.ncbi.nlm.nih.gov/articles/PMC12810914/
train	PRJEB63361	SAMEA114111101	collection_date	2019	16/04/2019	True	date_same_year_refinement		ppat.1013859.s006.xlsx:ERS16091826	https://pmc.ncbi.nlm.nih.gov/articles/PMC12810914/
train	PRJEB63361	SAMEA114111102	collection_date	2019	16/04/2019	True	date_same_year_refinement		ppat.1013859.s006.xlsx:ERS16091827	https://pmc.ncbi.nlm.nih.gov/articles/PMC12810914/
train	PRJEB63361	SAMEA114111103	collection_date	2019	18/04/2019	True	date_same_year_refinement		ppat.1013859.s006.xlsx:ERS16091828	https://pmc.ncbi.nlm.nih.gov/articles/PMC12810914/
train	PRJEB63361	SAMEA114111104	collection_date	2019	17/04/2019	True	date_same_year_refinement		ppat.1013859.s006.xlsx:ERS16091829	https://pmc.ncbi.nlm.nih.gov/articles/PMC12810914/
train	PRJEB63361	SAMEA114111105	collection_date	2019	18/04/2019	True	date_same_year_refinement		ppat.1013859.s006.xlsx:ERS16091830	https://pmc.ncbi.nlm.nih.gov/articles/PMC12810914/
train	PRJEB63361	SAMEA114111106	collection_date	2019	18/04/2019	True	date_same_year_refinement		ppat.1013859.s006.xlsx:ERS16091831	https://pmc.ncbi.nlm.nih.gov/articles/PMC12810914/
train	PRJEB63361	SAMEA114111108	collection_date	2019	17/04/2019	True	date_same_year_refinement		ppat.1013859.s006.xlsx:ERS16091833	https://pmc.ncbi.nlm.nih.gov/articles/PMC12810914/
train	PRJEB63361	SAMEA114111109	collection_date	2019	13/04/2019	True	date_same_year_refinement		ppat.1013859.s006.xlsx:ERS16091834	https://pmc.ncbi.nlm.nih.gov/articles/PMC12810914/
train	PRJEB63361	SAMEA114111110	collection_date	2018	15/04/2018	True	date_same_year_refinement		ppat.1013859.s006.xlsx:ERS16091835	https://pmc.ncbi.nlm.nih.gov/articles/PMC12810914/
train	PRJEB63361	SAMEA114111111	collection_date	2019	14/04/2019	True	date_same_year_refinement		ppat.1013859.s006.xlsx:ERS16091836	https://pmc.ncbi.nlm.nih.gov/articles/PMC12810914/
train	PRJEB63361	SAMEA114111112	collection_date	2019	14/04/2019	True	date_same_year_refinement		ppat.1013859.s006.xlsx:ERS16091837	https://pmc.ncbi.nlm.nih.gov/articles/PMC12810914/
train	PRJEB63361	SAMEA114111113	collection_date	2019	09/04/2019	True	date_same_year_refinement		ppat.1013859.s006.xlsx:ERS16091838	https://pmc.ncbi.nlm.nih.gov/articles/PMC12810914/
train	PRJEB63361	SAMEA114111114	collection_date	2019	16/04/2019	True	date_same_year_refinement		ppat.1013859.s006.xlsx:ERS16091839	https://pmc.ncbi.nlm.nih.gov/articles/PMC12810914/
train	PRJEB63361	SAMEA114111115	collection_date	2019	11/04/2019	True	date_same_year_refinement		ppat.1013859.s006.xlsx:ERS16091840	https://pmc.ncbi.nlm.nih.gov/articles/PMC12810914/
train	PRJEB63361	SAMEA114111116	collection_date	2019	03/05/2019	True	date_same_year_refinement		ppat.1013859.s006.xlsx:ERS16091841	https://pmc.ncbi.nlm.nih.gov/articles/PMC12810914/
train	PRJEB63361	SAMEA114111117	collection_date	2019	27/04/2019	True	date_same_year_refinement		ppat.1013859.s006.xlsx:ERS16091842	https://pmc.ncbi.nlm.nih.gov/articles/PMC12810914/
train	PRJEB63361	SAMEA114111118	collection_date	2019	30/04/2019	True	date_same_year_refinement		ppat.1013859.s006.xlsx:ERS16091843	https://pmc.ncbi.nlm.nih.gov/articles/PMC12810914/
train	PRJEB63361	SAMEA114111119	collection_date	2019	30/04/2019	True	date_same_year_refinement		ppat.1013859.s006.xlsx:ERS16091844	https://pmc.ncbi.nlm.nih.gov/articles/PMC12810914/
train	PRJEB63361	SAMEA114111120	collection_date	2019	30/04/2019	True	date_same_year_refinement		ppat.1013859.s006.xlsx:ERS16091845	https://pmc.ncbi.nlm.nih.gov/articles/PMC12810914/
train	PRJEB63361	SAMEA114111121	collection_date	2019	23/04/2019	True	date_same_year_refinement		ppat.1013859.s006.xlsx:ERS16091846	https://pmc.ncbi.nlm.nih.gov/articles/PMC12810914/
train	PRJEB63361	SAMEA114111122	collection_date	2019	03/05/2019	True	date_same_year_refinement		ppat.1013859.s006.xlsx:ERS16091847	https://pmc.ncbi.nlm.nih.gov/articles/PMC12810914/
train	PRJEB63361	SAMEA114111123	collection_date	2019	02/05/2019	True	date_same_year_refinement		ppat.1013859.s006.xlsx:ERS16091848	https://pmc.ncbi.nlm.nih.gov/articles/PMC12810914/
train	PRJEB63361	SAMEA114111124	collection_date	2019	04/05/2019	True	date_same_year_refinement		ppat.1013859.s006.xlsx:ERS16091849	https://pmc.ncbi.nlm.nih.gov/articles/PMC12810914/
train	PRJEB63361	SAMEA114111125	collection_date	2019	02/05/2019	True	date_same_year_refinement		ppat.1013859.s006.xlsx:ERS16091850	https://pmc.ncbi.nlm.nih.gov/articles/PMC12810914/
train	PRJEB63361	SAMEA114111126	collection_date	2019	06/05/2019	True	date_same_year_refinement		ppat.1013859.s006.xlsx:ERS16091851	https://pmc.ncbi.nlm.nih.gov/articles/PMC12810914/
train	PRJEB63361	SAMEA114111127	collection_date	2019	06/05/2019	True	date_same_year_refinement		ppat.1013859.s006.xlsx:ERS16091852	https://pmc.ncbi.nlm.nih.gov/articles/PMC12810914/
train	PRJEB63361	SAMEA114111128	collection_date	2019	10/05/2019	True	date_same_year_refinement		ppat.1013859.s006.xlsx:ERS16091853	https://pmc.ncbi.nlm.nih.gov/articles/PMC12810914/
train	PRJEB63361	SAMEA114111129	collection_date	2019	08/05/2019	True	date_same_year_refinement		ppat.1013859.s006.xlsx:ERS16091854	https://pmc.ncbi.nlm.nih.gov/articles/PMC12810914/
train	PRJEB63361	SAMEA114111130	collection_date	2019	06/05/2019	True	date_same_year_refinement		ppat.1013859.s006.xlsx:ERS16091855	https://pmc.ncbi.nlm.nih.gov/articles/PMC12810914/
train	PRJEB63361	SAMEA114111131	collection_date	2019	06/05/2019	True	date_same_year_refinement		ppat.1013859.s006.xlsx:ERS16091856	https://pmc.ncbi.nlm.nih.gov/articles/PMC12810914/
train	PRJEB63361	SAMEA114111132	collection_date	2019	10/05/2019	True	date_same_year_refinement		ppat.1013859.s006.xlsx:ERS16091857	https://pmc.ncbi.nlm.nih.gov/articles/PMC12810914/
train	PRJEB63361	SAMEA114111133	collection_date	2019	09/05/2019	True	date_same_year_refinement		ppat.1013859.s006.xlsx:ERS16091858	https://pmc.ncbi.nlm.nih.gov/articles/PMC12810914/
train	PRJEB63361	SAMEA114111134	collection_date	2019	09/05/2019	True	date_same_year_refinement		ppat.1013859.s006.xlsx:ERS16091859	https://pmc.ncbi.nlm.nih.gov/articles/PMC12810914/
train	PRJEB63361	SAMEA114111135	collection_date	2019	07/05/2019	True	date_same_year_refinement		ppat.1013859.s006.xlsx:ERS16091860	https://pmc.ncbi.nlm.nih.gov/articles/PMC12810914/
train	PRJEB63361	SAMEA114111136	collection_date	2019	03/05/2019	True	date_same_year_refinement		ppat.1013859.s006.xlsx:ERS16091861	https://pmc.ncbi.nlm.nih.gov/articles/PMC12810914/
train	PRJEB63361	SAMEA114111137	collection_date	2019	17/05/2019	True	date_same_year_refinement		ppat.1013859.s006.xlsx:ERS16091862	https://pmc.ncbi.nlm.nih.gov/articles/PMC12810914/
train	PRJEB63361	SAMEA114111138	collection_date	2019	16/05/2019	True	date_same_year_refinement		ppat.1013859.s006.xlsx:ERS16091863	https://pmc.ncbi.nlm.nih.gov/articles/PMC12810914/
train	PRJEB63361	SAMEA114111139	collection_date	2019	16/05/2019	True	date_same_year_refinement		ppat.1013859.s006.xlsx:ERS16091864	https://pmc.ncbi.nlm.nih.gov/articles/PMC12810914/
train	PRJEB63361	SAMEA114111140	collection_date	2019	16/05/2019	True	date_same_year_refinement		ppat.1013859.s006.xlsx:ERS16091865	https://pmc.ncbi.nlm.nih.gov/articles/PMC12810914/
train	PRJEB63361	SAMEA114111141	collection_date	2019	16/05/2019	True	date_same_year_refinement		ppat.1013859.s006.xlsx:ERS16091866	https://pmc.ncbi.nlm.nih.gov/articles/PMC12810914/
train	PRJEB63361	SAMEA114111142	collection_date	2019	16/05/2019	True	date_same_year_refinement		ppat.1013859.s006.xlsx:ERS16091867	https://pmc.ncbi.nlm.nih.gov/articles/PMC12810914/
train	PRJEB63361	SAMEA114111143	collection_date	2019	16/05/2019	True	date_same_year_refinement		ppat.1013859.s006.xlsx:ERS16091868	https://pmc.ncbi.nlm.nih.gov/articles/PMC12810914/
train	PRJEB63361	SAMEA114111144	collection_date	2019	16/05/2019	True	date_same_year_refinement		ppat.1013859.s006.xlsx:ERS16091869	https://pmc.ncbi.nlm.nih.gov/articles/PMC12810914/
train	PRJEB63361	SAMEA114111145	collection_date	2019	16/05/2019	True	date_same_year_refinement		ppat.1013859.s006.xlsx:ERS16091870	https://pmc.ncbi.nlm.nih.gov/articles/PMC12810914/
train	PRJEB63361	SAMEA114111146	collection_date	2019	13/05/2019	True	date_same_year_refinement		ppat.1013859.s006.xlsx:ERS16091871	https://pmc.ncbi.nlm.nih.gov/articles/PMC12810914/
train	PRJEB63361	SAMEA114111147	collection_date	2019	14/05/2019	True	date_same_year_refinement		ppat.1013859.s006.xlsx:ERS16091872	https://pmc.ncbi.nlm.nih.gov/articles/PMC12810914/
train	PRJEB63361	SAMEA114111148	collection_date	2019	15/05/2019	True	date_same_year_refinement		ppat.1013859.s006.xlsx:ERS16091873	https://pmc.ncbi.nlm.nih.gov/articles/PMC12810914/
train	PRJEB63361	SAMEA114111149	collection_date	2019	13/05/2019	True	date_same_year_refinement		ppat.1013859.s006.xlsx:ERS16091874	https://pmc.ncbi.nlm.nih.gov/articles/PMC12810914/
train	PRJEB63361	SAMEA114111150	collection_date	2019	13/05/2019	True	date_same_year_refinement		ppat.1013859.s006.xlsx:ERS16091875	https://pmc.ncbi.nlm.nih.gov/articles/PMC12810914/
train	PRJEB63361	SAMEA114111151	collection_date	2019	14/05/2019	True	date_same_year_refinement		ppat.1013859.s006.xlsx:ERS16091876	https://pmc.ncbi.nlm.nih.gov/articles/PMC12810914/
train	PRJEB63361	SAMEA114111152	collection_date	2019	14/05/2019	True	date_same_year_refinement		ppat.1013859.s006.xlsx:ERS16091877	https://pmc.ncbi.nlm.nih.gov/articles/PMC12810914/
train	PRJEB63361	SAMEA114111153	collection_date	2019	09/05/2019	True	date_same_year_refinement		ppat.1013859.s006.xlsx:ERS16091878	https://pmc.ncbi.nlm.nih.gov/articles/PMC12810914/
train	PRJEB63361	SAMEA114111154	collection_date	2019	17/05/2019	True	date_same_year_refinement		ppat.1013859.s006.xlsx:ERS16091879	https://pmc.ncbi.nlm.nih.gov/articles/PMC12810914/
train	PRJEB63361	SAMEA114111155	collection_date	2019	18/05/2019	True	date_same_year_refinement		ppat.1013859.s006.xlsx:ERS16091880	https://pmc.ncbi.nlm.nih.gov/articles/PMC12810914/
train	PRJEB63361	SAMEA114111156	collection_date	2019	17/05/2019	True	date_same_year_refinement		ppat.1013859.s006.xlsx:ERS16091881	https://pmc.ncbi.nlm.nih.gov/articles/PMC12810914/
train	PRJEB63361	SAMEA114111157	collection_date	2019	23/05/2019	True	date_same_year_refinement		ppat.1013859.s006.xlsx:ERS16091882	https://pmc.ncbi.nlm.nih.gov/articles/PMC12810914/
train	PRJEB63361	SAMEA114111158	collection_date	2019	30/05/2019	True	date_same_year_refinement		ppat.1013859.s006.xlsx:ERS16091883	https://pmc.ncbi.nlm.nih.gov/articles/PMC12810914/
train	PRJEB63361	SAMEA114111159	collection_date	2019	30/05/2019	True	date_same_year_refinement		ppat.1013859.s006.xlsx:ERS16091884	https://pmc.ncbi.nlm.nih.gov/articles/PMC12810914/
train	PRJEB63361	SAMEA114111160	collection_date	2019	29/05/2019	True	date_same_year_refinement		ppat.1013859.s006.xlsx:ERS16091885	https://pmc.ncbi.nlm.nih.gov/articles/PMC12810914/
train	PRJEB63361	SAMEA114111161	collection_date	2019	29/05/2019	True	date_same_year_refinement		ppat.1013859.s006.xlsx:ERS16091886	https://pmc.ncbi.nlm.nih.gov/articles/PMC12810914/
train	PRJEB63361	SAMEA114111162	collection_date	2019	27/05/2019	True	date_same_year_refinement		ppat.1013859.s006.xlsx:ERS16091887	https://pmc.ncbi.nlm.nih.gov/articles/PMC12810914/
train	PRJEB63361	SAMEA114111163	collection_date	2019	29/05/2019	True	date_same_year_refinement		ppat.1013859.s006.xlsx:ERS16091888	https://pmc.ncbi.nlm.nih.gov/articles/PMC12810914/
train	PRJEB63361	SAMEA114111164	collection_date	2019	26/05/2019	True	date_same_year_refinement		ppat.1013859.s006.xlsx:ERS16091889	https://pmc.ncbi.nlm.nih.gov/articles/PMC12810914/
train	PRJEB63361	SAMEA114111165	collection_date	2019	26/05/2019	True	date_same_year_refinement		ppat.1013859.s006.xlsx:ERS16091890	https://pmc.ncbi.nlm.nih.gov/articles/PMC12810914/
train	PRJEB63361	SAMEA114111166	collection_date	2019	31/05/2019	True	date_same_year_refinement		ppat.1013859.s006.xlsx:ERS16091891	https://pmc.ncbi.nlm.nih.gov/articles/PMC12810914/
train	PRJEB63361	SAMEA114111167	collection_date	2019	24/05/2019	True	date_same_year_refinement		ppat.1013859.s006.xlsx:ERS16091892	https://pmc.ncbi.nlm.nih.gov/articles/PMC12810914/
train	PRJEB63361	SAMEA114111168	collection_date	2019	24/05/2019	True	date_same_year_refinement		ppat.1013859.s006.xlsx:ERS16091893	https://pmc.ncbi.nlm.nih.gov/articles/PMC12810914/
train	PRJEB63361	SAMEA114111169	collection_date	2019	24/05/2019	True	date_same_year_refinement		ppat.1013859.s006.xlsx:ERS16091894	https://pmc.ncbi.nlm.nih.gov/articles/PMC12810914/
train	PRJEB63361	SAMEA114111170	collection_date	2019	18/05/2019	True	date_same_year_refinement		ppat.1013859.s006.xlsx:ERS16091895	https://pmc.ncbi.nlm.nih.gov/articles/PMC12810914/
train	PRJEB63361	SAMEA114111171	collection_date	2019	20/05/2019	True	date_same_year_refinement		ppat.1013859.s006.xlsx:ERS16091896	https://pmc.ncbi.nlm.nih.gov/articles/PMC12810914/
train	PRJEB63361	SAMEA114111172	collection_date	2019	24/05/2019	True	date_same_year_refinement		ppat.1013859.s006.xlsx:ERS16091897	https://pmc.ncbi.nlm.nih.gov/articles/PMC12810914/
train	PRJEB63361	SAMEA114111173	collection_date	2019	24/05/2019	True	date_same_year_refinement		ppat.1013859.s006.xlsx:ERS16091898	https://pmc.ncbi.nlm.nih.gov/articles/PMC12810914/
train	PRJEB63361	SAMEA114111174	collection_date	2019	24/05/2019	True	date_same_year_refinement		ppat.1013859.s006.xlsx:ERS16091899	https://pmc.ncbi.nlm.nih.gov/articles/PMC12810914/
train	PRJEB63361	SAMEA114111175	collection_date	2019	21/05/2019	True	date_same_year_refinement		ppat.1013859.s006.xlsx:ERS16091900	https://pmc.ncbi.nlm.nih.gov/articles/PMC12810914/
train	PRJEB63361	SAMEA114111176	collection_date	2019	20/05/2019	True	date_same_year_refinement		ppat.1013859.s006.xlsx:ERS16091901	https://pmc.ncbi.nlm.nih.gov/articles/PMC12810914/
train	PRJEB63361	SAMEA114111177	collection_date	2019	21/05/2019	True	date_same_year_refinement		ppat.1013859.s006.xlsx:ERS16091902	https://pmc.ncbi.nlm.nih.gov/articles/PMC12810914/
train	PRJEB63361	SAMEA114111178	collection_date	2019	20/05/2019	True	date_same_year_refinement		ppat.1013859.s006.xlsx:ERS16091903	https://pmc.ncbi.nlm.nih.gov/articles/PMC12810914/
train	PRJEB63361	SAMEA114111179	collection_date	2019	20/05/2019	True	date_same_year_refinement		ppat.1013859.s006.xlsx:ERS16091904	https://pmc.ncbi.nlm.nih.gov/articles/PMC12810914/
train	PRJEB63361	SAMEA114111180	collection_date	2019	21/05/2019	True	date_same_year_refinement		ppat.1013859.s006.xlsx:ERS16091905	https://pmc.ncbi.nlm.nih.gov/articles/PMC12810914/
train	PRJEB63361	SAMEA114111181	collection_date	2019	21/05/2019	True	date_same_year_refinement		ppat.1013859.s006.xlsx:ERS16091906	https://pmc.ncbi.nlm.nih.gov/articles/PMC12810914/
train	PRJEB63361	SAMEA114111182	collection_date	2019	20/05/2019	True	date_same_year_refinement		ppat.1013859.s006.xlsx:ERS16091907	https://pmc.ncbi.nlm.nih.gov/articles/PMC12810914/
train	PRJEB63361	SAMEA114111183	collection_date	2019	20/05/2019	True	date_same_year_refinement		ppat.1013859.s006.xlsx:ERS16091908	https://pmc.ncbi.nlm.nih.gov/articles/PMC12810914/
train	PRJEB63361	SAMEA114111184	collection_date	2019	05/06/2019	True	date_same_year_refinement		ppat.1013859.s006.xlsx:ERS16091909	https://pmc.ncbi.nlm.nih.gov/articles/PMC12810914/
train	PRJEB63361	SAMEA114111185	collection_date	2019	22/05/2019	True	date_same_year_refinement		ppat.1013859.s006.xlsx:ERS16091910	https://pmc.ncbi.nlm.nih.gov/articles/PMC12810914/
train	PRJEB63361	SAMEA114111186	collection_date	2019	22/05/2019	True	date_same_year_refinement		ppat.1013859.s006.xlsx:ERS16091911	https://pmc.ncbi.nlm.nih.gov/articles/PMC12810914/
train	PRJEB63361	SAMEA114111187	collection_date	2019	06/06/2019	True	date_same_year_refinement		ppat.1013859.s006.xlsx:ERS16091912	https://pmc.ncbi.nlm.nih.gov/articles/PMC12810914/
train	PRJEB63361	SAMEA114111188	collection_date	2019	04/06/2019	True	date_same_year_refinement		ppat.1013859.s006.xlsx:ERS16091913	https://pmc.ncbi.nlm.nih.gov/articles/PMC12810914/
train	PRJEB63361	SAMEA114111189	collection_date	2019	10/06/2019	True	date_same_year_refinement		ppat.1013859.s006.xlsx:ERS16091914	https://pmc.ncbi.nlm.nih.gov/articles/PMC12810914/
train	PRJEB63361	SAMEA114111190	collection_date	2019	10/06/2019	True	date_same_year_refinement		ppat.1013859.s006.xlsx:ERS16091915	https://pmc.ncbi.nlm.nih.gov/articles/PMC12810914/
train	PRJEB63361	SAMEA114111191	collection_date	2019	01/06/2019	True	date_same_year_refinement		ppat.1013859.s006.xlsx:ERS16091916	https://pmc.ncbi.nlm.nih.gov/articles/PMC12810914/
train	PRJEB63361	SAMEA114111192	collection_date	2019	04/06/2019	True	date_same_year_refinement		ppat.1013859.s006.xlsx:ERS16091917	https://pmc.ncbi.nlm.nih.gov/articles/PMC12810914/
train	PRJEB63361	SAMEA114111193	collection_date	2019	03/06/2019	True	date_same_year_refinement		ppat.1013859.s006.xlsx:ERS16091918	https://pmc.ncbi.nlm.nih.gov/articles/PMC12810914/
train	PRJEB63361	SAMEA114111194	collection_date	2019	03/06/2019	True	date_same_year_refinement		ppat.1013859.s006.xlsx:ERS16091919	https://pmc.ncbi.nlm.nih.gov/articles/PMC12810914/
train	PRJEB63361	SAMEA114111195	collection_date	2019	03/06/2019	True	date_same_year_refinement		ppat.1013859.s006.xlsx:ERS16091920	https://pmc.ncbi.nlm.nih.gov/articles/PMC12810914/
train	PRJEB63361	SAMEA114111196	collection_date	2019	03/06/2019	True	date_same_year_refinement		ppat.1013859.s006.xlsx:ERS16091921	https://pmc.ncbi.nlm.nih.gov/articles/PMC12810914/
train	PRJEB63361	SAMEA114111197	collection_date	2019	02/06/2019	True	date_same_year_refinement		ppat.1013859.s006.xlsx:ERS16091922	https://pmc.ncbi.nlm.nih.gov/articles/PMC12810914/
train	PRJEB63361	SAMEA114111198	collection_date	2019	31/05/2019	True	date_same_year_refinement		ppat.1013859.s006.xlsx:ERS16091923	https://pmc.ncbi.nlm.nih.gov/articles/PMC12810914/
train	PRJEB63361	SAMEA114111199	collection_date	2019	05/06/2019	True	date_same_year_refinement		ppat.1013859.s006.xlsx:ERS16091924	https://pmc.ncbi.nlm.nih.gov/articles/PMC12810914/
train	PRJEB63361	SAMEA114111200	collection_date	2019	04/06/2019	True	date_same_year_refinement		ppat.1013859.s006.xlsx:ERS16091925	https://pmc.ncbi.nlm.nih.gov/articles/PMC12810914/
train	PRJEB63361	SAMEA114111201	collection_date	2019	05/06/2019	True	date_same_year_refinement		ppat.1013859.s006.xlsx:ERS16091926	https://pmc.ncbi.nlm.nih.gov/articles/PMC12810914/
train	PRJEB63361	SAMEA114111202	collection_date	2019	04/06/2019	True	date_same_year_refinement		ppat.1013859.s006.xlsx:ERS16091927	https://pmc.ncbi.nlm.nih.gov/articles/PMC12810914/
train	PRJEB63361	SAMEA114111203	collection_date	2019	31/05/2019	True	date_same_year_refinement		ppat.1013859.s006.xlsx:ERS16091928	https://pmc.ncbi.nlm.nih.gov/articles/PMC12810914/
train	PRJEB63361	SAMEA114111204	collection_date	2019	22/05/2019	True	date_same_year_refinement		ppat.1013859.s006.xlsx:ERS16091929	https://pmc.ncbi.nlm.nih.gov/articles/PMC12810914/
train	PRJEB63361	SAMEA114111205	collection_date	2019	22/05/2019	True	date_same_year_refinement		ppat.1013859.s006.xlsx:ERS16091930	https://pmc.ncbi.nlm.nih.gov/articles/PMC12810914/
train	PRJEB63361	SAMEA114111206	collection_date	2019	13/06/2019	True	date_same_year_refinement		ppat.1013859.s006.xlsx:ERS16091931	https://pmc.ncbi.nlm.nih.gov/articles/PMC12810914/
train	PRJEB63361	SAMEA114111207	collection_date	2019	11/06/2019	True	date_same_year_refinement		ppat.1013859.s006.xlsx:ERS16091932	https://pmc.ncbi.nlm.nih.gov/articles/PMC12810914/
train	PRJEB63361	SAMEA114111208	collection_date	2019	13/06/2019	True	date_same_year_refinement		ppat.1013859.s006.xlsx:ERS16091933	https://pmc.ncbi.nlm.nih.gov/articles/PMC12810914/
train	PRJEB63361	SAMEA114111209	collection_date	2019	13/06/2019	True	date_same_year_refinement		ppat.1013859.s006.xlsx:ERS16091934	https://pmc.ncbi.nlm.nih.gov/articles/PMC12810914/
train	PRJEB63361	SAMEA114111210	collection_date	2019	12/06/2019	True	date_same_year_refinement		ppat.1013859.s006.xlsx:ERS16091935	https://pmc.ncbi.nlm.nih.gov/articles/PMC12810914/
train	PRJEB63361	SAMEA114111211	collection_date	2019	13/06/2019	True	date_same_year_refinement		ppat.1013859.s006.xlsx:ERS16091936	https://pmc.ncbi.nlm.nih.gov/articles/PMC12810914/
train	PRJEB63361	SAMEA114111212	collection_date	2019	13/06/2019	True	date_same_year_refinement		ppat.1013859.s006.xlsx:ERS16091937	https://pmc.ncbi.nlm.nih.gov/articles/PMC12810914/
train	PRJEB63361	SAMEA114111213	collection_date	2019	13/06/2019	True	date_same_year_refinement		ppat.1013859.s006.xlsx:ERS16091938	https://pmc.ncbi.nlm.nih.gov/articles/PMC12810914/
train	PRJEB63361	SAMEA114111214	collection_date	2019	11/06/2019	True	date_same_year_refinement		ppat.1013859.s006.xlsx:ERS16091939	https://pmc.ncbi.nlm.nih.gov/articles/PMC12810914/
train	PRJEB63361	SAMEA114111215	collection_date	2019	11/06/2019	True	date_same_year_refinement		ppat.1013859.s006.xlsx:ERS16091940	https://pmc.ncbi.nlm.nih.gov/articles/PMC12810914/
train	PRJEB63361	SAMEA114111216	collection_date	2019	12/06/2019	True	date_same_year_refinement		ppat.1013859.s006.xlsx:ERS16091941	https://pmc.ncbi.nlm.nih.gov/articles/PMC12810914/
train	PRJEB63361	SAMEA114111217	collection_date	2019	11/06/2019	True	date_same_year_refinement		ppat.1013859.s006.xlsx:ERS16091942	https://pmc.ncbi.nlm.nih.gov/articles/PMC12810914/
train	PRJEB63361	SAMEA114111218	collection_date	2019	11/06/2019	True	date_same_year_refinement		ppat.1013859.s006.xlsx:ERS16091943	https://pmc.ncbi.nlm.nih.gov/articles/PMC12810914/
train	PRJEB63361	SAMEA114111219	collection_date	2019	11/06/2019	True	date_same_year_refinement		ppat.1013859.s006.xlsx:ERS16091944	https://pmc.ncbi.nlm.nih.gov/articles/PMC12810914/
train	PRJEB63361	SAMEA114111220	collection_date	2019	15/06/2019	True	date_same_year_refinement		ppat.1013859.s006.xlsx:ERS16091945	https://pmc.ncbi.nlm.nih.gov/articles/PMC12810914/
train	PRJEB63361	SAMEA114111221	collection_date	2019	14/06/2019	True	date_same_year_refinement		ppat.1013859.s006.xlsx:ERS16091946	https://pmc.ncbi.nlm.nih.gov/articles/PMC12810914/
train	PRJEB63361	SAMEA114111222	collection_date	2019	14/06/2019	True	date_same_year_refinement		ppat.1013859.s006.xlsx:ERS16091947	https://pmc.ncbi.nlm.nih.gov/articles/PMC12810914/
train	PRJEB63361	SAMEA114111223	collection_date	2019	21/06/2019	True	date_same_year_refinement		ppat.1013859.s006.xlsx:ERS16091948	https://pmc.ncbi.nlm.nih.gov/articles/PMC12810914/
train	PRJEB63361	SAMEA114111224	collection_date	2019	20/06/2019	True	date_same_year_refinement		ppat.1013859.s006.xlsx:ERS16091949	https://pmc.ncbi.nlm.nih.gov/articles/PMC12810914/
train	PRJEB63361	SAMEA114111225	collection_date	2019	18/06/2019	True	date_same_year_refinement		ppat.1013859.s006.xlsx:ERS16091950	https://pmc.ncbi.nlm.nih.gov/articles/PMC12810914/
train	PRJEB63361	SAMEA114111226	collection_date	2019	18/06/2019	True	date_same_year_refinement		ppat.1013859.s006.xlsx:ERS16091951	https://pmc.ncbi.nlm.nih.gov/articles/PMC12810914/
train	PRJEB63361	SAMEA114111227	collection_date	2019	18/06/2019	True	date_same_year_refinement		ppat.1013859.s006.xlsx:ERS16091952	https://pmc.ncbi.nlm.nih.gov/articles/PMC12810914/
train	PRJEB63361	SAMEA114111228	collection_date	2019	20/06/2019	True	date_same_year_refinement		ppat.1013859.s006.xlsx:ERS16091953	https://pmc.ncbi.nlm.nih.gov/articles/PMC12810914/
train	PRJEB63361	SAMEA114111229	collection_date	2019	18/06/2019	True	date_same_year_refinement		ppat.1013859.s006.xlsx:ERS16091954	https://pmc.ncbi.nlm.nih.gov/articles/PMC12810914/
train	PRJEB63361	SAMEA114111230	collection_date	2019	22/06/2019	True	date_same_year_refinement		ppat.1013859.s006.xlsx:ERS16091955	https://pmc.ncbi.nlm.nih.gov/articles/PMC12810914/
train	PRJEB63361	SAMEA114111231	collection_date	2019	22/06/2019	True	date_same_year_refinement		ppat.1013859.s006.xlsx:ERS16091956	https://pmc.ncbi.nlm.nih.gov/articles/PMC12810914/
train	PRJEB63361	SAMEA114111232	collection_date	2019	21/06/2019	True	date_same_year_refinement		ppat.1013859.s006.xlsx:ERS16091957	https://pmc.ncbi.nlm.nih.gov/articles/PMC12810914/
train	PRJEB63361	SAMEA114111233	collection_date	2019	21/06/2019	True	date_same_year_refinement		ppat.1013859.s006.xlsx:ERS16091958	https://pmc.ncbi.nlm.nih.gov/articles/PMC12810914/
train	PRJEB63361	SAMEA114111234	collection_date	2019	24/06/2019	True	date_same_year_refinement		ppat.1013859.s006.xlsx:ERS16091959	https://pmc.ncbi.nlm.nih.gov/articles/PMC12810914/
train	PRJEB63361	SAMEA114111235	collection_date	2019	17/06/2019	True	date_same_year_refinement		ppat.1013859.s006.xlsx:ERS16091960	https://pmc.ncbi.nlm.nih.gov/articles/PMC12810914/
train	PRJEB63361	SAMEA114111236	collection_date	2019	26/06/2019	True	date_same_year_refinement		ppat.1013859.s006.xlsx:ERS16091961	https://pmc.ncbi.nlm.nih.gov/articles/PMC12810914/
train	PRJEB63361	SAMEA114111237	collection_date	2019	01/07/2019	True	date_same_year_refinement		ppat.1013859.s006.xlsx:ERS16091962	https://pmc.ncbi.nlm.nih.gov/articles/PMC12810914/
train	PRJEB63361	SAMEA114111238	collection_date	2019	02/07/2019	True	date_same_year_refinement		ppat.1013859.s006.xlsx:ERS16091963	https://pmc.ncbi.nlm.nih.gov/articles/PMC12810914/
train	PRJEB63361	SAMEA114111239	collection_date	2019	04/07/2019	True	date_same_year_refinement		ppat.1013859.s006.xlsx:ERS16091964	https://pmc.ncbi.nlm.nih.gov/articles/PMC12810914/
train	PRJEB63361	SAMEA114111240	collection_date	2019	25/06/2019	True	date_same_year_refinement		ppat.1013859.s006.xlsx:ERS16091965	https://pmc.ncbi.nlm.nih.gov/articles/PMC12810914/
train	PRJEB63361	SAMEA114111241	collection_date	2019	03/07/2019	True	date_same_year_refinement		ppat.1013859.s006.xlsx:ERS16091966	https://pmc.ncbi.nlm.nih.gov/articles/PMC12810914/
train	PRJEB63361	SAMEA114111242	collection_date	2019	10/07/2019	True	date_same_year_refinement		ppat.1013859.s006.xlsx:ERS16091967	https://pmc.ncbi.nlm.nih.gov/articles/PMC12810914/
train	PRJEB63361	SAMEA114111243	collection_date	2019	09/07/2019	True	date_same_year_refinement		ppat.1013859.s006.xlsx:ERS16091968	https://pmc.ncbi.nlm.nih.gov/articles/PMC12810914/
train	PRJEB63361	SAMEA114111244	collection_date	2019	19/07/2019	True	date_same_year_refinement		ppat.1013859.s006.xlsx:ERS16091969	https://pmc.ncbi.nlm.nih.gov/articles/PMC12810914/
train	PRJEB63361	SAMEA114111245	collection_date	2019	18/07/2019	True	date_same_year_refinement		ppat.1013859.s006.xlsx:ERS16091970	https://pmc.ncbi.nlm.nih.gov/articles/PMC12810914/
train	PRJEB63361	SAMEA114111246	collection_date	2019	26/07/2019	True	date_same_year_refinement		ppat.1013859.s006.xlsx:ERS16091971	https://pmc.ncbi.nlm.nih.gov/articles/PMC12810914/
train	PRJEB63361	SAMEA114111247	collection_date	2019	27/07/2019	True	date_same_year_refinement		ppat.1013859.s006.xlsx:ERS16091972	https://pmc.ncbi.nlm.nih.gov/articles/PMC12810914/
train	PRJEB63361	SAMEA114111248	collection_date	2019	26/07/2019	True	date_same_year_refinement		ppat.1013859.s006.xlsx:ERS16091973	https://pmc.ncbi.nlm.nih.gov/articles/PMC12810914/
train	PRJEB63361	SAMEA114111249	collection_date	2019	04/08/2019	True	date_same_year_refinement		ppat.1013859.s006.xlsx:ERS16091974	https://pmc.ncbi.nlm.nih.gov/articles/PMC12810914/
train	PRJEB63361	SAMEA114111250	collection_date	2019	02/08/2019	True	date_same_year_refinement		ppat.1013859.s006.xlsx:ERS16091975	https://pmc.ncbi.nlm.nih.gov/articles/PMC12810914/
train	PRJEB63361	SAMEA114111251	collection_date	2019	30/07/2019	True	date_same_year_refinement		ppat.1013859.s006.xlsx:ERS16091976	https://pmc.ncbi.nlm.nih.gov/articles/PMC12810914/
train	PRJEB63361	SAMEA114111252	collection_date	2019	11/08/2019	True	date_same_year_refinement		ppat.1013859.s006.xlsx:ERS16091977	https://pmc.ncbi.nlm.nih.gov/articles/PMC12810914/
train	PRJEB63361	SAMEA114111253	collection_date	2019	13/08/2019	True	date_same_year_refinement		ppat.1013859.s006.xlsx:ERS16091978	https://pmc.ncbi.nlm.nih.gov/articles/PMC12810914/
train	PRJEB63361	SAMEA114111254	collection_date	2019	16/08/2019	True	date_same_year_refinement		ppat.1013859.s006.xlsx:ERS16091979	https://pmc.ncbi.nlm.nih.gov/articles/PMC12810914/
train	PRJEB63361	SAMEA114111255	collection_date	2019	22/08/2019	True	date_same_year_refinement		ppat.1013859.s006.xlsx:ERS16091980	https://pmc.ncbi.nlm.nih.gov/articles/PMC12810914/
train	PRJEB63361	SAMEA114111256	collection_date	2019	22/08/2019	True	date_same_year_refinement		ppat.1013859.s006.xlsx:ERS16091981	https://pmc.ncbi.nlm.nih.gov/articles/PMC12810914/
train	PRJEB63361	SAMEA114111257	collection_date	2019	27/08/2019	True	date_same_year_refinement		ppat.1013859.s006.xlsx:ERS16091982	https://pmc.ncbi.nlm.nih.gov/articles/PMC12810914/
train	PRJEB63361	SAMEA114111258	collection_date	2019	25/08/2019	True	date_same_year_refinement		ppat.1013859.s006.xlsx:ERS16091983	https://pmc.ncbi.nlm.nih.gov/articles/PMC12810914/
train	PRJEB63361	SAMEA114111259	collection_date	2019	27/08/2019	True	date_same_year_refinement		ppat.1013859.s006.xlsx:ERS16091984	https://pmc.ncbi.nlm.nih.gov/articles/PMC12810914/
train	PRJEB63361	SAMEA114111260	collection_date	2019	10/09/2019	True	date_same_year_refinement		ppat.1013859.s006.xlsx:ERS16091985	https://pmc.ncbi.nlm.nih.gov/articles/PMC12810914/
train	PRJEB63361	SAMEA114111261	collection_date	2019	11/09/2019	True	date_same_year_refinement		ppat.1013859.s006.xlsx:ERS16091986	https://pmc.ncbi.nlm.nih.gov/articles/PMC12810914/
train	PRJEB63361	SAMEA114111262	collection_date	2019	10/09/2019	True	date_same_year_refinement		ppat.1013859.s006.xlsx:ERS16091987	https://pmc.ncbi.nlm.nih.gov/articles/PMC12810914/
train	PRJEB63361	SAMEA114111263	collection_date	2019	05/09/2019	True	date_same_year_refinement		ppat.1013859.s006.xlsx:ERS16091988	https://pmc.ncbi.nlm.nih.gov/articles/PMC12810914/
train	PRJEB63361	SAMEA114111264	collection_date	2019	05/09/2019	True	date_same_year_refinement		ppat.1013859.s006.xlsx:ERS16091989	https://pmc.ncbi.nlm.nih.gov/articles/PMC12810914/
train	PRJEB63361	SAMEA114111265	collection_date	2019	12/09/2019	True	date_same_year_refinement		ppat.1013859.s006.xlsx:ERS16091990	https://pmc.ncbi.nlm.nih.gov/articles/PMC12810914/
train	PRJEB63361	SAMEA114111266	collection_date	2019	14/10/2019	True	date_same_year_refinement		ppat.1013859.s006.xlsx:ERS16091991	https://pmc.ncbi.nlm.nih.gov/articles/PMC12810914/
train	PRJEB63361	SAMEA114111267	collection_date	2019	04/10/2019	True	date_same_year_refinement		ppat.1013859.s006.xlsx:ERS16091992	https://pmc.ncbi.nlm.nih.gov/articles/PMC12810914/
train	PRJEB63361	SAMEA114111268	collection_date	2019	16/10/2019	True	date_same_year_refinement		ppat.1013859.s006.xlsx:ERS16091993	https://pmc.ncbi.nlm.nih.gov/articles/PMC12810914/
train	PRJEB63361	SAMEA114111269	collection_date	2019	16/10/2019	True	date_same_year_refinement		ppat.1013859.s006.xlsx:ERS16091994	https://pmc.ncbi.nlm.nih.gov/articles/PMC12810914/
train	PRJEB63361	SAMEA114111270	collection_date	2019	20/10/2019	True	date_same_year_refinement		ppat.1013859.s006.xlsx:ERS16091995	https://pmc.ncbi.nlm.nih.gov/articles/PMC12810914/
train	PRJEB63361	SAMEA114111271	collection_date	2019	17/10/2019	True	date_same_year_refinement		ppat.1013859.s006.xlsx:ERS16091996	https://pmc.ncbi.nlm.nih.gov/articles/PMC12810914/
train	PRJEB63361	SAMEA114111272	collection_date	2019	12/11/2019	True	date_same_year_refinement		ppat.1013859.s006.xlsx:ERS16091997	https://pmc.ncbi.nlm.nih.gov/articles/PMC12810914/
train	PRJEB63361	SAMEA114111273	collection_date	2019	12/11/2019	True	date_same_year_refinement		ppat.1013859.s006.xlsx:ERS16091998	https://pmc.ncbi.nlm.nih.gov/articles/PMC12810914/
train	PRJEB63361	SAMEA114111274	collection_date	2019	09/11/2019	True	date_same_year_refinement		ppat.1013859.s006.xlsx:ERS16091999	https://pmc.ncbi.nlm.nih.gov/articles/PMC12810914/
train	PRJEB63361	SAMEA114111275	collection_date	2019	17/11/2019	True	date_same_year_refinement		ppat.1013859.s006.xlsx:ERS16092000	https://pmc.ncbi.nlm.nih.gov/articles/PMC12810914/
train	PRJEB63361	SAMEA114111276	collection_date	2019	14/11/2019	True	date_same_year_refinement		ppat.1013859.s006.xlsx:ERS16092001	https://pmc.ncbi.nlm.nih.gov/articles/PMC12810914/
train	PRJEB63361	SAMEA114111277	collection_date	2019	16/11/2019	True	date_same_year_refinement		ppat.1013859.s006.xlsx:ERS16092002	https://pmc.ncbi.nlm.nih.gov/articles/PMC12810914/
train	PRJEB63361	SAMEA114111278	collection_date	2019	24/11/2019	True	date_same_year_refinement		ppat.1013859.s006.xlsx:ERS16092003	https://pmc.ncbi.nlm.nih.gov/articles/PMC12810914/
train	PRJEB63361	SAMEA114111279	collection_date	2019	26/11/2019	True	date_same_year_refinement		ppat.1013859.s006.xlsx:ERS16092004	https://pmc.ncbi.nlm.nih.gov/articles/PMC12810914/
train	PRJEB63361	SAMEA114111280	collection_date	2019	26/11/2019	True	date_same_year_refinement		ppat.1013859.s006.xlsx:ERS16092005	https://pmc.ncbi.nlm.nih.gov/articles/PMC12810914/
train	PRJEB63361	SAMEA114111281	collection_date	2019	27/11/2019	True	date_same_year_refinement		ppat.1013859.s006.xlsx:ERS16092006	https://pmc.ncbi.nlm.nih.gov/articles/PMC12810914/
train	PRJEB63361	SAMEA114111282	collection_date	2019	30/11/2019	True	date_same_year_refinement		ppat.1013859.s006.xlsx:ERS16092007	https://pmc.ncbi.nlm.nih.gov/articles/PMC12810914/
train	PRJEB63361	SAMEA114111283	collection_date	2019	04/12/2019	True	date_same_year_refinement		ppat.1013859.s006.xlsx:ERS16092008	https://pmc.ncbi.nlm.nih.gov/articles/PMC12810914/
train	PRJEB63361	SAMEA114111284	collection_date	2019	04/12/2019	True	date_same_year_refinement		ppat.1013859.s006.xlsx:ERS16092009	https://pmc.ncbi.nlm.nih.gov/articles/PMC12810914/
train	PRJEB63361	SAMEA114111285	collection_date	2019	11/12/2019	True	date_same_year_refinement		ppat.1013859.s006.xlsx:ERS16092010	https://pmc.ncbi.nlm.nih.gov/articles/PMC12810914/
train	PRJEB63361	SAMEA114111286	collection_date	2019	11/12/2019	True	date_same_year_refinement		ppat.1013859.s006.xlsx:ERS16092011	https://pmc.ncbi.nlm.nih.gov/articles/PMC12810914/
train	PRJEB63361	SAMEA114111287	collection_date	2019	11/12/2019	True	date_same_year_refinement		ppat.1013859.s006.xlsx:ERS16092012	https://pmc.ncbi.nlm.nih.gov/articles/PMC12810914/
train	PRJEB63361	SAMEA114111288	collection_date	2019	12/12/2019	True	date_same_year_refinement		ppat.1013859.s006.xlsx:ERS16092013	https://pmc.ncbi.nlm.nih.gov/articles/PMC12810914/
train	PRJEB63361	SAMEA114111289	collection_date	2019	14/12/2019	True	date_same_year_refinement		ppat.1013859.s006.xlsx:ERS16092014	https://pmc.ncbi.nlm.nih.gov/articles/PMC12810914/
train	PRJEB63361	SAMEA114111290	collection_date	2019	27/12/2019	True	date_same_year_refinement		ppat.1013859.s006.xlsx:ERS16092015	https://pmc.ncbi.nlm.nih.gov/articles/PMC12810914/
train	PRJEB63361	SAMEA114111291	collection_date	2020	07/01/2020	True	date_same_year_refinement		ppat.1013859.s006.xlsx:ERS16092016	https://pmc.ncbi.nlm.nih.gov/articles/PMC12810914/
train	PRJEB63361	SAMEA114111292	collection_date	2020	02/01/2020	True	date_same_year_refinement		ppat.1013859.s006.xlsx:ERS16092017	https://pmc.ncbi.nlm.nih.gov/articles/PMC12810914/
train	PRJEB63361	SAMEA114111293	collection_date	2020	04/01/2020	True	date_same_year_refinement		ppat.1013859.s006.xlsx:ERS16092018	https://pmc.ncbi.nlm.nih.gov/articles/PMC12810914/
train	PRJEB63361	SAMEA114111294	collection_date	2020	24/01/2020	True	date_same_year_refinement		ppat.1013859.s006.xlsx:ERS16092019	https://pmc.ncbi.nlm.nih.gov/articles/PMC12810914/
train	PRJEB63361	SAMEA114111295	collection_date	2020	24/01/2020	True	date_same_year_refinement		ppat.1013859.s006.xlsx:ERS16092020	https://pmc.ncbi.nlm.nih.gov/articles/PMC12810914/
train	PRJEB63361	SAMEA114111296	collection_date	2020	10/02/2020	True	date_same_year_refinement		ppat.1013859.s006.xlsx:ERS16092021	https://pmc.ncbi.nlm.nih.gov/articles/PMC12810914/
train	PRJEB63361	SAMEA114111297	collection_date	2020	12/02/2020	True	date_same_year_refinement		ppat.1013859.s006.xlsx:ERS16092022	https://pmc.ncbi.nlm.nih.gov/articles/PMC12810914/
train	PRJEB63361	SAMEA114111298	collection_date	2020	06/02/2020	True	date_same_year_refinement		ppat.1013859.s006.xlsx:ERS16092023	https://pmc.ncbi.nlm.nih.gov/articles/PMC12810914/
train	PRJEB63361	SAMEA114111299	collection_date	2020	15/02/2020	True	date_same_year_refinement		ppat.1013859.s006.xlsx:ERS16092024	https://pmc.ncbi.nlm.nih.gov/articles/PMC12810914/
train	PRJEB63361	SAMEA114111300	collection_date	2020	07/02/2020	True	date_same_year_refinement		ppat.1013859.s006.xlsx:ERS16092025	https://pmc.ncbi.nlm.nih.gov/articles/PMC12810914/
train	PRJEB63361	SAMEA114111301	collection_date	2020	12/03/2020	True	date_same_year_refinement		ppat.1013859.s006.xlsx:ERS16092026	https://pmc.ncbi.nlm.nih.gov/articles/PMC12810914/
train	PRJEB63361	SAMEA114111302	collection_date	2020	03/03/2020	True	date_same_year_refinement		ppat.1013859.s006.xlsx:ERS16092027	https://pmc.ncbi.nlm.nih.gov/articles/PMC12810914/
train	PRJEB63361	SAMEA114111303	collection_date	2020	25/03/2020	True	date_same_year_refinement		ppat.1013859.s006.xlsx:ERS16092028	https://pmc.ncbi.nlm.nih.gov/articles/PMC12810914/
train	PRJEB63361	SAMEA114111304	collection_date	2020	01/08/2020	True	date_same_year_refinement		ppat.1013859.s006.xlsx:ERS16092029	https://pmc.ncbi.nlm.nih.gov/articles/PMC12810914/
train	PRJEB63361	SAMEA114111305	collection_date	2020	05/08/2020	True	date_same_year_refinement		ppat.1013859.s006.xlsx:ERS16092030	https://pmc.ncbi.nlm.nih.gov/articles/PMC12810914/
train	PRJEB63361	SAMEA114111306	collection_date	2020	11/08/2020	True	date_same_year_refinement		ppat.1013859.s006.xlsx:ERS16092031	https://pmc.ncbi.nlm.nih.gov/articles/PMC12810914/
train	PRJEB63361	SAMEA114111307	collection_date	2020	11/08/2020	True	date_same_year_refinement		ppat.1013859.s006.xlsx:ERS16092032	https://pmc.ncbi.nlm.nih.gov/articles/PMC12810914/
train	PRJEB63361	SAMEA114111308	collection_date	2020	26/09/2020	True	date_same_year_refinement		ppat.1013859.s006.xlsx:ERS16092033	https://pmc.ncbi.nlm.nih.gov/articles/PMC12810914/
train	PRJEB63361	SAMEA114111309	collection_date	2020	29/09/2020	True	date_same_year_refinement		ppat.1013859.s006.xlsx:ERS16092034	https://pmc.ncbi.nlm.nih.gov/articles/PMC12810914/
train	PRJEB63361	SAMEA114111310	collection_date	2020	23/09/2020	True	date_same_year_refinement		ppat.1013859.s006.xlsx:ERS16092035	https://pmc.ncbi.nlm.nih.gov/articles/PMC12810914/
train	PRJEB63361	SAMEA114111311	collection_date	2020	29/08/2020	True	date_same_year_refinement		ppat.1013859.s006.xlsx:ERS16092036	https://pmc.ncbi.nlm.nih.gov/articles/PMC12810914/
train	PRJEB63361	SAMEA114111312	collection_date	2020	20/10/2020	True	date_same_year_refinement		ppat.1013859.s006.xlsx:ERS16092037	https://pmc.ncbi.nlm.nih.gov/articles/PMC12810914/
train	PRJEB63361	SAMEA114111313	collection_date	2020	21/10/2020	True	date_same_year_refinement		ppat.1013859.s006.xlsx:ERS16092038	https://pmc.ncbi.nlm.nih.gov/articles/PMC12810914/
train	PRJEB63361	SAMEA114111314	collection_date	2020	16/10/2020	True	date_same_year_refinement		ppat.1013859.s006.xlsx:ERS16092039	https://pmc.ncbi.nlm.nih.gov/articles/PMC12810914/
train	PRJEB63361	SAMEA114111315	collection_date	2020	12/10/2020	True	date_same_year_refinement		ppat.1013859.s006.xlsx:ERS16092040	https://pmc.ncbi.nlm.nih.gov/articles/PMC12810914/
train	PRJEB63361	SAMEA114111316	collection_date	2020	26/11/2020	True	date_same_year_refinement		ppat.1013859.s006.xlsx:ERS16092041	https://pmc.ncbi.nlm.nih.gov/articles/PMC12810914/
train	PRJEB63361	SAMEA114111317	collection_date	2020	26/11/2020	True	date_same_year_refinement		ppat.1013859.s006.xlsx:ERS16092042	https://pmc.ncbi.nlm.nih.gov/articles/PMC12810914/
train	PRJEB63361	SAMEA114111318	collection_date	2020	29/11/2020	True	date_same_year_refinement		ppat.1013859.s006.xlsx:ERS16092043	https://pmc.ncbi.nlm.nih.gov/articles/PMC12810914/
train	PRJEB63361	SAMEA114111319	collection_date	2020	27/11/2020	True	date_same_year_refinement		ppat.1013859.s006.xlsx:ERS16092044	https://pmc.ncbi.nlm.nih.gov/articles/PMC12810914/
train	PRJEB63361	SAMEA114111320	collection_date	2020	24/12/2020	True	date_same_year_refinement		ppat.1013859.s006.xlsx:ERS16092045	https://pmc.ncbi.nlm.nih.gov/articles/PMC12810914/
train	PRJEB63361	SAMEA114111321	collection_date	2020	23/11/2020	True	date_same_year_refinement		ppat.1013859.s006.xlsx:ERS16092046	https://pmc.ncbi.nlm.nih.gov/articles/PMC12810914/
train	PRJEB63361	SAMEA114111322	collection_date	2020	07/12/2020	True	date_same_year_refinement		ppat.1013859.s006.xlsx:ERS16092047	https://pmc.ncbi.nlm.nih.gov/articles/PMC12810914/
train	PRJEB63361	SAMEA114110910	isolation_source	clinical material	Blood culture	True	categorical_change		ppat.1013859.s006.xlsx:ERS16091635	https://pmc.ncbi.nlm.nih.gov/articles/PMC12810914/
train	PRJEB63361	SAMEA114110910	isolation_source	clinical material	Blood culture	True	categorical_change		ppat.1013859.s006.xlsx:ERS16091635	https://pmc.ncbi.nlm.nih.gov/articles/PMC12810914/
train	PRJEB63361	SAMEA114110911	isolation_source	clinical material	Blood culture	True	categorical_change		ppat.1013859.s006.xlsx:ERS16091636	https://pmc.ncbi.nlm.nih.gov/articles/PMC12810914/
train	PRJEB63361	SAMEA114110912	isolation_source	clinical material	Blood culture	True	categorical_change		ppat.1013859.s006.xlsx:ERS16091637	https://pmc.ncbi.nlm.nih.gov/articles/PMC12810914/
train	PRJEB63361	SAMEA114110913	isolation_source	clinical material	Blood culture	True	categorical_change		ppat.1013859.s006.xlsx:ERS16091638	https://pmc.ncbi.nlm.nih.gov/articles/PMC12810914/
train	PRJEB63361	SAMEA114110914	isolation_source	clinical material	Blood culture	True	categorical_change		ppat.1013859.s006.xlsx:ERS16091639	https://pmc.ncbi.nlm.nih.gov/articles/PMC12810914/
train	PRJEB63361	SAMEA114110915	isolation_source	clinical material	Blood culture	True	categorical_change		ppat.1013859.s006.xlsx:ERS16091640	https://pmc.ncbi.nlm.nih.gov/articles/PMC12810914/
train	PRJEB63361	SAMEA114110916	isolation_source	clinical material	Blood culture	True	categorical_change		ppat.1013859.s006.xlsx:ERS16091641	https://pmc.ncbi.nlm.nih.gov/articles/PMC12810914/
train	PRJEB63361	SAMEA114110917	isolation_source	clinical material	Blood culture	True	categorical_change		ppat.1013859.s006.xlsx:ERS16091642	https://pmc.ncbi.nlm.nih.gov/articles/PMC12810914/
train	PRJEB63361	SAMEA114110918	isolation_source	clinical material	Blood culture	True	categorical_change		ppat.1013859.s006.xlsx:ERS16091643	https://pmc.ncbi.nlm.nih.gov/articles/PMC12810914/
train	PRJEB63361	SAMEA114110919	isolation_source	clinical material	Blood culture	True	categorical_change		ppat.1013859.s006.xlsx:ERS16091644	https://pmc.ncbi.nlm.nih.gov/articles/PMC12810914/
train	PRJEB63361	SAMEA114110920	isolation_source	clinical material	Blood culture	True	categorical_change		ppat.1013859.s006.xlsx:ERS16091645	https://pmc.ncbi.nlm.nih.gov/articles/PMC12810914/
train	PRJEB63361	SAMEA114110921	isolation_source	clinical material	Blood culture	True	categorical_change		ppat.1013859.s006.xlsx:ERS16091646	https://pmc.ncbi.nlm.nih.gov/articles/PMC12810914/
train	PRJEB63361	SAMEA114110922	isolation_source	clinical material	Blood culture	True	categorical_change		ppat.1013859.s006.xlsx:ERS16091647	https://pmc.ncbi.nlm.nih.gov/articles/PMC12810914/
train	PRJEB63361	SAMEA114110923	isolation_source	clinical material	Blood culture	True	categorical_change		ppat.1013859.s006.xlsx:ERS16091648	https://pmc.ncbi.nlm.nih.gov/articles/PMC12810914/
train	PRJEB63361	SAMEA114110924	isolation_source	clinical material	Blood culture	True	categorical_change		ppat.1013859.s006.xlsx:ERS16091649	https://pmc.ncbi.nlm.nih.gov/articles/PMC12810914/
train	PRJEB63361	SAMEA114110925	isolation_source	clinical material	Blood culture	True	categorical_change		ppat.1013859.s006.xlsx:ERS16091650	https://pmc.ncbi.nlm.nih.gov/articles/PMC12810914/
train	PRJEB63361	SAMEA114110926	isolation_source	clinical material	Blood culture	True	categorical_change		ppat.1013859.s006.xlsx:ERS16091651	https://pmc.ncbi.nlm.nih.gov/articles/PMC12810914/
train	PRJEB63361	SAMEA114110927	isolation_source	clinical material	Blood culture	True	categorical_change		ppat.1013859.s006.xlsx:ERS16091652	https://pmc.ncbi.nlm.nih.gov/articles/PMC12810914/
train	PRJEB63361	SAMEA114110928	isolation_source	clinical material	Blood culture	True	categorical_change		ppat.1013859.s006.xlsx:ERS16091653	https://pmc.ncbi.nlm.nih.gov/articles/PMC12810914/
train	PRJEB63361	SAMEA114110929	isolation_source	clinical material	Blood culture	True	categorical_change		ppat.1013859.s006.xlsx:ERS16091654	https://pmc.ncbi.nlm.nih.gov/articles/PMC12810914/
train	PRJEB63361	SAMEA114110930	isolation_source	clinical material	Blood culture	True	categorical_change		ppat.1013859.s006.xlsx:ERS16091655	https://pmc.ncbi.nlm.nih.gov/articles/PMC12810914/
train	PRJEB63361	SAMEA114110931	isolation_source	clinical material	Blood culture	True	categorical_change		ppat.1013859.s006.xlsx:ERS16091656	https://pmc.ncbi.nlm.nih.gov/articles/PMC12810914/
train	PRJEB63361	SAMEA114110932	isolation_source	clinical material	Blood culture	True	categorical_change		ppat.1013859.s006.xlsx:ERS16091657	https://pmc.ncbi.nlm.nih.gov/articles/PMC12810914/
train	PRJEB63361	SAMEA114110933	isolation_source	clinical material	Blood culture	True	categorical_change		ppat.1013859.s006.xlsx:ERS16091658	https://pmc.ncbi.nlm.nih.gov/articles/PMC12810914/
train	PRJEB63361	SAMEA114110934	isolation_source	clinical material	Blood culture	True	categorical_change		ppat.1013859.s006.xlsx:ERS16091659	https://pmc.ncbi.nlm.nih.gov/articles/PMC12810914/
train	PRJEB63361	SAMEA114110935	isolation_source	clinical material	Blood culture	True	categorical_change		ppat.1013859.s006.xlsx:ERS16091660	https://pmc.ncbi.nlm.nih.gov/articles/PMC12810914/
train	PRJEB63361	SAMEA114110936	isolation_source	clinical material	Blood culture	True	categorical_change		ppat.1013859.s006.xlsx:ERS16091661	https://pmc.ncbi.nlm.nih.gov/articles/PMC12810914/
train	PRJEB63361	SAMEA114110937	isolation_source	clinical material	Blood culture	True	categorical_change		ppat.1013859.s006.xlsx:ERS16091662	https://pmc.ncbi.nlm.nih.gov/articles/PMC12810914/
train	PRJEB63361	SAMEA114110938	isolation_source	clinical material	Blood culture	True	categorical_change		ppat.1013859.s006.xlsx:ERS16091663	https://pmc.ncbi.nlm.nih.gov/articles/PMC12810914/
train	PRJEB63361	SAMEA114110939	isolation_source	clinical material	Blood culture	True	categorical_change		ppat.1013859.s006.xlsx:ERS16091664	https://pmc.ncbi.nlm.nih.gov/articles/PMC12810914/
train	PRJEB63361	SAMEA114110940	isolation_source	clinical material	Blood culture	True	categorical_change		ppat.1013859.s006.xlsx:ERS16091665	https://pmc.ncbi.nlm.nih.gov/articles/PMC12810914/
train	PRJEB63361	SAMEA114110941	isolation_source	clinical material	Blood culture	True	categorical_change		ppat.1013859.s006.xlsx:ERS16091666	https://pmc.ncbi.nlm.nih.gov/articles/PMC12810914/
train	PRJEB63361	SAMEA114110942	isolation_source	clinical material	Blood culture	True	categorical_change		ppat.1013859.s006.xlsx:ERS16091667	https://pmc.ncbi.nlm.nih.gov/articles/PMC12810914/
train	PRJEB63361	SAMEA114110943	isolation_source	clinical material	Blood culture	True	categorical_change		ppat.1013859.s006.xlsx:ERS16091668	https://pmc.ncbi.nlm.nih.gov/articles/PMC12810914/
train	PRJEB63361	SAMEA114110944	isolation_source	clinical material	Blood culture	True	categorical_change		ppat.1013859.s006.xlsx:ERS16091669	https://pmc.ncbi.nlm.nih.gov/articles/PMC12810914/
train	PRJEB63361	SAMEA114110945	isolation_source	clinical material	Blood culture	True	categorical_change		ppat.1013859.s006.xlsx:ERS16091670	https://pmc.ncbi.nlm.nih.gov/articles/PMC12810914/
train	PRJEB63361	SAMEA114110946	isolation_source	clinical material	Blood culture	True	categorical_change		ppat.1013859.s006.xlsx:ERS16091671	https://pmc.ncbi.nlm.nih.gov/articles/PMC12810914/
train	PRJEB63361	SAMEA114110947	isolation_source	clinical material	Blood culture	True	categorical_change		ppat.1013859.s006.xlsx:ERS16091672	https://pmc.ncbi.nlm.nih.gov/articles/PMC12810914/
train	PRJEB63361	SAMEA114110948	isolation_source	clinical material	Blood culture	True	categorical_change		ppat.1013859.s006.xlsx:ERS16091673	https://pmc.ncbi.nlm.nih.gov/articles/PMC12810914/
train	PRJEB63361	SAMEA114110949	isolation_source	clinical material	Blood culture	True	categorical_change		ppat.1013859.s006.xlsx:ERS16091674	https://pmc.ncbi.nlm.nih.gov/articles/PMC12810914/
train	PRJEB63361	SAMEA114110950	isolation_source	clinical material	Blood culture	True	categorical_change		ppat.1013859.s006.xlsx:ERS16091675	https://pmc.ncbi.nlm.nih.gov/articles/PMC12810914/
train	PRJEB63361	SAMEA114110951	isolation_source	clinical material	Rectal swab	True	categorical_change		ppat.1013859.s006.xlsx:ERS16091676	https://pmc.ncbi.nlm.nih.gov/articles/PMC12810914/
train	PRJEB63361	SAMEA114110952	isolation_source	clinical material	CSF	True	categorical_change		ppat.1013859.s006.xlsx:ERS16091677	https://pmc.ncbi.nlm.nih.gov/articles/PMC12810914/
train	PRJEB63361	SAMEA114110953	isolation_source	clinical material	Rectal swab	True	categorical_change		ppat.1013859.s006.xlsx:ERS16091678	https://pmc.ncbi.nlm.nih.gov/articles/PMC12810914/
train	PRJEB63361	SAMEA114110954	isolation_source	clinical material	Rectal swab	True	categorical_change		ppat.1013859.s006.xlsx:ERS16091679	https://pmc.ncbi.nlm.nih.gov/articles/PMC12810914/
train	PRJEB63361	SAMEA114110955	isolation_source	clinical material	Rectal swab	True	categorical_change		ppat.1013859.s006.xlsx:ERS16091680	https://pmc.ncbi.nlm.nih.gov/articles/PMC12810914/
train	PRJEB63361	SAMEA114110956	isolation_source	clinical material	Rectal swab	True	categorical_change		ppat.1013859.s006.xlsx:ERS16091681	https://pmc.ncbi.nlm.nih.gov/articles/PMC12810914/
train	PRJEB63361	SAMEA114110957	isolation_source	clinical material	Tracheal aspirate	True	categorical_change		ppat.1013859.s006.xlsx:ERS16091682	https://pmc.ncbi.nlm.nih.gov/articles/PMC12810914/
train	PRJEB63361	SAMEA114110958	isolation_source	clinical material	Sputum	True	categorical_change		ppat.1013859.s006.xlsx:ERS16091683	https://pmc.ncbi.nlm.nih.gov/articles/PMC12810914/
train	PRJEB63361	SAMEA114110959	isolation_source	clinical material	Urine	True	categorical_change		ppat.1013859.s006.xlsx:ERS16091684	https://pmc.ncbi.nlm.nih.gov/articles/PMC12810914/
train	PRJEB63361	SAMEA114110960	isolation_source	clinical material	Tissue	True	categorical_change		ppat.1013859.s006.xlsx:ERS16091685	https://pmc.ncbi.nlm.nih.gov/articles/PMC12810914/
train	PRJEB63361	SAMEA114110961	isolation_source	clinical material	Tissue	True	categorical_change		ppat.1013859.s006.xlsx:ERS16091686	https://pmc.ncbi.nlm.nih.gov/articles/PMC12810914/
train	PRJEB63361	SAMEA114110962	isolation_source	clinical material	Rectal swab	True	categorical_change		ppat.1013859.s006.xlsx:ERS16091687	https://pmc.ncbi.nlm.nih.gov/articles/PMC12810914/
train	PRJEB63361	SAMEA114110963	isolation_source	clinical material	Super. swab	True	categorical_change		ppat.1013859.s006.xlsx:ERS16091688	https://pmc.ncbi.nlm.nih.gov/articles/PMC12810914/
train	PRJEB63361	SAMEA114110964	isolation_source	clinical material	Super. swab	True	categorical_change		ppat.1013859.s006.xlsx:ERS16091689	https://pmc.ncbi.nlm.nih.gov/articles/PMC12810914/
train	PRJEB63361	SAMEA114110965	isolation_source	clinical material	Tracheal aspirate	True	categorical_change		ppat.1013859.s006.xlsx:ERS16091690	https://pmc.ncbi.nlm.nih.gov/articles/PMC12810914/
train	PRJEB63361	SAMEA114110966	isolation_source	clinical material	Urine	True	categorical_change		ppat.1013859.s006.xlsx:ERS16091691	https://pmc.ncbi.nlm.nih.gov/articles/PMC12810914/
train	PRJEB63361	SAMEA114110967	isolation_source	clinical material	Urine	True	categorical_change		ppat.1013859.s006.xlsx:ERS16091692	https://pmc.ncbi.nlm.nih.gov/articles/PMC12810914/
train	PRJEB63361	SAMEA114110968	isolation_source	clinical material	Blood culture	True	categorical_change		ppat.1013859.s006.xlsx:ERS16091693	https://pmc.ncbi.nlm.nih.gov/articles/PMC12810914/
train	PRJEB63361	SAMEA114110969	isolation_source	clinical material	Blood culture	True	categorical_change		ppat.1013859.s006.xlsx:ERS16091694	https://pmc.ncbi.nlm.nih.gov/articles/PMC12810914/
train	PRJEB63361	SAMEA114110970	isolation_source	clinical material	Tissue	True	categorical_change		ppat.1013859.s006.xlsx:ERS16091695	https://pmc.ncbi.nlm.nih.gov/articles/PMC12810914/
train	PRJEB63361	SAMEA114110971	isolation_source	clinical material	Fluid	True	categorical_change		ppat.1013859.s006.xlsx:ERS16091696	https://pmc.ncbi.nlm.nih.gov/articles/PMC12810914/
train	PRJEB63361	SAMEA114110972	isolation_source	clinical material	Rectal swab	True	categorical_change		ppat.1013859.s006.xlsx:ERS16091697	https://pmc.ncbi.nlm.nih.gov/articles/PMC12810914/
train	PRJEB63361	SAMEA114110973	isolation_source	clinical material	Stool	True	categorical_change		ppat.1013859.s006.xlsx:ERS16091698	https://pmc.ncbi.nlm.nih.gov/articles/PMC12810914/
train	PRJEB63361	SAMEA114110974	isolation_source	clinical material	Rectal swab	True	categorical_change		ppat.1013859.s006.xlsx:ERS16091699	https://pmc.ncbi.nlm.nih.gov/articles/PMC12810914/
train	PRJEB63361	SAMEA114110975	isolation_source	clinical material	Urine	True	categorical_change		ppat.1013859.s006.xlsx:ERS16091700	https://pmc.ncbi.nlm.nih.gov/articles/PMC12810914/
train	PRJEB63361	SAMEA114110976	isolation_source	clinical material	Urine	True	categorical_change		ppat.1013859.s006.xlsx:ERS16091701	https://pmc.ncbi.nlm.nih.gov/articles/PMC12810914/
train	PRJEB63361	SAMEA114110977	isolation_source	clinical material	Urine	True	categorical_change		ppat.1013859.s006.xlsx:ERS16091702	https://pmc.ncbi.nlm.nih.gov/articles/PMC12810914/
train	PRJEB63361	SAMEA114110978	isolation_source	clinical material	Rectal swab	True	categorical_change		ppat.1013859.s006.xlsx:ERS16091703	https://pmc.ncbi.nlm.nih.gov/articles/PMC12810914/
train	PRJEB63361	SAMEA114110979	isolation_source	clinical material	Blood culture	True	categorical_change		ppat.1013859.s006.xlsx:ERS16091704	https://pmc.ncbi.nlm.nih.gov/articles/PMC12810914/
train	PRJEB63361	SAMEA114110980	isolation_source	clinical material	Rectal swab	True	categorical_change		ppat.1013859.s006.xlsx:ERS16091705	https://pmc.ncbi.nlm.nih.gov/articles/PMC12810914/
train	PRJEB63361	SAMEA114110981	isolation_source	clinical material	Rectal swab	True	categorical_change		ppat.1013859.s006.xlsx:ERS16091706	https://pmc.ncbi.nlm.nih.gov/articles/PMC12810914/
train	PRJEB63361	SAMEA114110982	isolation_source	clinical material	Rectal swab	True	categorical_change		ppat.1013859.s006.xlsx:ERS16091707	https://pmc.ncbi.nlm.nih.gov/articles/PMC12810914/
train	PRJEB63361	SAMEA114110983	isolation_source	clinical material	Urine	True	categorical_change		ppat.1013859.s006.xlsx:ERS16091708	https://pmc.ncbi.nlm.nih.gov/articles/PMC12810914/
train	PRJEB63361	SAMEA114110984	isolation_source	clinical material	Rectal swab	True	categorical_change		ppat.1013859.s006.xlsx:ERS16091709	https://pmc.ncbi.nlm.nih.gov/articles/PMC12810914/
train	PRJEB63361	SAMEA114110985	isolation_source	clinical material	Rectal swab	True	categorical_change		ppat.1013859.s006.xlsx:ERS16091710	https://pmc.ncbi.nlm.nih.gov/articles/PMC12810914/
train	PRJEB63361	SAMEA114110986	isolation_source	clinical material	Rectal swab	True	categorical_change		ppat.1013859.s006.xlsx:ERS16091711	https://pmc.ncbi.nlm.nih.gov/articles/PMC12810914/
train	PRJEB63361	SAMEA114110987	isolation_source	clinical material	Rectal swab	True	categorical_change		ppat.1013859.s006.xlsx:ERS16091712	https://pmc.ncbi.nlm.nih.gov/articles/PMC12810914/
train	PRJEB63361	SAMEA114110988	isolation_source	clinical material	Rectal swab	True	categorical_change		ppat.1013859.s006.xlsx:ERS16091713	https://pmc.ncbi.nlm.nih.gov/articles/PMC12810914/
train	PRJEB63361	SAMEA114110989	isolation_source	clinical material	Rectal swab	True	categorical_change		ppat.1013859.s006.xlsx:ERS16091714	https://pmc.ncbi.nlm.nih.gov/articles/PMC12810914/
train	PRJEB63361	SAMEA114110990	isolation_source	clinical material	Rectal swab	True	categorical_change		ppat.1013859.s006.xlsx:ERS16091715	https://pmc.ncbi.nlm.nih.gov/articles/PMC12810914/
train	PRJEB63361	SAMEA114110991	isolation_source	clinical material	Rectal swab	True	categorical_change		ppat.1013859.s006.xlsx:ERS16091716	https://pmc.ncbi.nlm.nih.gov/articles/PMC12810914/
train	PRJEB63361	SAMEA114110992	isolation_source	clinical material	Rectal swab	True	categorical_change		ppat.1013859.s006.xlsx:ERS16091717	https://pmc.ncbi.nlm.nih.gov/articles/PMC12810914/
train	PRJEB63361	SAMEA114110993	isolation_source	clinical material	Rectal swab	True	categorical_change		ppat.1013859.s006.xlsx:ERS16091718	https://pmc.ncbi.nlm.nih.gov/articles/PMC12810914/
train	PRJEB63361	SAMEA114110994	isolation_source	clinical material	Rectal swab	True	categorical_change		ppat.1013859.s006.xlsx:ERS16091719	https://pmc.ncbi.nlm.nih.gov/articles/PMC12810914/
train	PRJEB63361	SAMEA114110995	isolation_source	clinical material	Rectal swab	True	categorical_change		ppat.1013859.s006.xlsx:ERS16091720	https://pmc.ncbi.nlm.nih.gov/articles/PMC12810914/
train	PRJEB63361	SAMEA114110996	isolation_source	clinical material	Rectal swab	True	categorical_change		ppat.1013859.s006.xlsx:ERS16091721	https://pmc.ncbi.nlm.nih.gov/articles/PMC12810914/
train	PRJEB63361	SAMEA114110997	isolation_source	clinical material	Stool	True	categorical_change		ppat.1013859.s006.xlsx:ERS16091722	https://pmc.ncbi.nlm.nih.gov/articles/PMC12810914/
train	PRJEB63361	SAMEA114110998	isolation_source	clinical material	Super. swab	True	categorical_change		ppat.1013859.s006.xlsx:ERS16091723	https://pmc.ncbi.nlm.nih.gov/articles/PMC12810914/
train	PRJEB63361	SAMEA114110999	isolation_source	clinical material	Blood culture	True	categorical_change		ppat.1013859.s006.xlsx:ERS16091724	https://pmc.ncbi.nlm.nih.gov/articles/PMC12810914/
train	PRJEB63361	SAMEA114111000	isolation_source	clinical material	Urine	True	categorical_change		ppat.1013859.s006.xlsx:ERS16091725	https://pmc.ncbi.nlm.nih.gov/articles/PMC12810914/
train	PRJEB63361	SAMEA114111001	isolation_source	clinical material	Intravenous catheter tip	True	categorical_change		ppat.1013859.s006.xlsx:ERS16091726	https://pmc.ncbi.nlm.nih.gov/articles/PMC12810914/
train	PRJEB63361	SAMEA114111002	isolation_source	clinical material	Urine	True	categorical_change		ppat.1013859.s006.xlsx:ERS16091727	https://pmc.ncbi.nlm.nih.gov/articles/PMC12810914/
train	PRJEB63361	SAMEA114111003	isolation_source	clinical material	Stool	True	categorical_change		ppat.1013859.s006.xlsx:ERS16091728	https://pmc.ncbi.nlm.nih.gov/articles/PMC12810914/
train	PRJEB63361	SAMEA114111004	isolation_source	clinical material	Blood culture	True	categorical_change		ppat.1013859.s006.xlsx:ERS16091729	https://pmc.ncbi.nlm.nih.gov/articles/PMC12810914/
train	PRJEB63361	SAMEA114111005	isolation_source	clinical material	Urine	True	categorical_change		ppat.1013859.s006.xlsx:ERS16091730	https://pmc.ncbi.nlm.nih.gov/articles/PMC12810914/
train	PRJEB63361	SAMEA114111006	isolation_source	clinical material	Rectal swab	True	categorical_change		ppat.1013859.s006.xlsx:ERS16091731	https://pmc.ncbi.nlm.nih.gov/articles/PMC12810914/
train	PRJEB63361	SAMEA114111007	isolation_source	clinical material	Tracheal aspirate	True	categorical_change		ppat.1013859.s006.xlsx:ERS16091732	https://pmc.ncbi.nlm.nih.gov/articles/PMC12810914/
train	PRJEB63361	SAMEA114111008	isolation_source	clinical material	Sputum	True	categorical_change		ppat.1013859.s006.xlsx:ERS16091733	https://pmc.ncbi.nlm.nih.gov/articles/PMC12810914/
train	PRJEB63361	SAMEA114111009	isolation_source	clinical material	Blood culture	True	categorical_change		ppat.1013859.s006.xlsx:ERS16091734	https://pmc.ncbi.nlm.nih.gov/articles/PMC12810914/
train	PRJEB63361	SAMEA114111010	isolation_source	clinical material	Blood culture	True	categorical_change		ppat.1013859.s006.xlsx:ERS16091735	https://pmc.ncbi.nlm.nih.gov/articles/PMC12810914/
train	PRJEB63361	SAMEA114111011	isolation_source	clinical material	Super. Aspirate	True	categorical_change		ppat.1013859.s006.xlsx:ERS16091736	https://pmc.ncbi.nlm.nih.gov/articles/PMC12810914/
train	PRJEB63361	SAMEA114111012	isolation_source	clinical material	Tracheal aspirate	True	categorical_change		ppat.1013859.s006.xlsx:ERS16091737	https://pmc.ncbi.nlm.nih.gov/articles/PMC12810914/
train	PRJEB63361	SAMEA114111013	isolation_source	clinical material	Blood culture	True	categorical_change		ppat.1013859.s006.xlsx:ERS16091738	https://pmc.ncbi.nlm.nih.gov/articles/PMC12810914/
train	PRJEB63361	SAMEA114111014	isolation_source	clinical material	Blood culture	True	categorical_change		ppat.1013859.s006.xlsx:ERS16091739	https://pmc.ncbi.nlm.nih.gov/articles/PMC12810914/
train	PRJEB63361	SAMEA114111015	isolation_source	clinical material	Blood culture	True	categorical_change		ppat.1013859.s006.xlsx:ERS16091740	https://pmc.ncbi.nlm.nih.gov/articles/PMC12810914/
train	PRJEB63361	SAMEA114111016	isolation_source	clinical material	Stool	True	categorical_change		ppat.1013859.s006.xlsx:ERS16091741	https://pmc.ncbi.nlm.nih.gov/articles/PMC12810914/
train	PRJEB63361	SAMEA114111017	isolation_source	clinical material	Blood culture	True	categorical_change		ppat.1013859.s006.xlsx:ERS16091742	https://pmc.ncbi.nlm.nih.gov/articles/PMC12810914/
train	PRJEB63361	SAMEA114111018	isolation_source	clinical material	Blood culture	True	categorical_change		ppat.1013859.s006.xlsx:ERS16091743	https://pmc.ncbi.nlm.nih.gov/articles/PMC12810914/
train	PRJEB63361	SAMEA114111019	isolation_source	clinical material	Stool	True	categorical_change		ppat.1013859.s006.xlsx:ERS16091744	https://pmc.ncbi.nlm.nih.gov/articles/PMC12810914/
train	PRJEB63361	SAMEA114111020	isolation_source	clinical material	Blood culture	True	categorical_change		ppat.1013859.s006.xlsx:ERS16091745	https://pmc.ncbi.nlm.nih.gov/articles/PMC12810914/
train	PRJEB63361	SAMEA114111021	isolation_source	clinical material	Blood culture	True	categorical_change		ppat.1013859.s006.xlsx:ERS16091746	https://pmc.ncbi.nlm.nih.gov/articles/PMC12810914/
train	PRJEB63361	SAMEA114111022	isolation_source	clinical material	Blood culture	True	categorical_change		ppat.1013859.s006.xlsx:ERS16091747	https://pmc.ncbi.nlm.nih.gov/articles/PMC12810914/
train	PRJEB63361	SAMEA114111023	isolation_source	clinical material	Blood culture	True	categorical_change		ppat.1013859.s006.xlsx:ERS16091748	https://pmc.ncbi.nlm.nih.gov/articles/PMC12810914/
train	PRJEB63361	SAMEA114111024	isolation_source	clinical material	Blood culture	True	categorical_change		ppat.1013859.s006.xlsx:ERS16091749	https://pmc.ncbi.nlm.nih.gov/articles/PMC12810914/
train	PRJEB63361	SAMEA114111025	isolation_source	clinical material	Stool	True	categorical_change		ppat.1013859.s006.xlsx:ERS16091750	https://pmc.ncbi.nlm.nih.gov/articles/PMC12810914/
train	PRJEB63361	SAMEA114111026	isolation_source	clinical material	Rectal swab	True	categorical_change		ppat.1013859.s006.xlsx:ERS16091751	https://pmc.ncbi.nlm.nih.gov/articles/PMC12810914/
train	PRJEB63361	SAMEA114111027	isolation_source	clinical material	Rectal swab	True	categorical_change		ppat.1013859.s006.xlsx:ERS16091752	https://pmc.ncbi.nlm.nih.gov/articles/PMC12810914/
train	PRJEB63361	SAMEA114111028	isolation_source	clinical material	Rectal swab	True	categorical_change		ppat.1013859.s006.xlsx:ERS16091753	https://pmc.ncbi.nlm.nih.gov/articles/PMC12810914/
train	PRJEB63361	SAMEA114111029	isolation_source	clinical material	Rectal swab	True	categorical_change		ppat.1013859.s006.xlsx:ERS16091754	https://pmc.ncbi.nlm.nih.gov/articles/PMC12810914/
train	PRJEB63361	SAMEA114111030	isolation_source	clinical material	Rectal swab	True	categorical_change		ppat.1013859.s006.xlsx:ERS16091755	https://pmc.ncbi.nlm.nih.gov/articles/PMC12810914/
train	PRJEB63361	SAMEA114111031	isolation_source	clinical material	Rectal swab	True	categorical_change		ppat.1013859.s006.xlsx:ERS16091756	https://pmc.ncbi.nlm.nih.gov/articles/PMC12810914/
train	PRJEB63361	SAMEA114111032	isolation_source	clinical material	Rectal swab	True	categorical_change		ppat.1013859.s006.xlsx:ERS16091757	https://pmc.ncbi.nlm.nih.gov/articles/PMC12810914/
train	PRJEB63361	SAMEA114111033	isolation_source	clinical material	Rectal swab	True	categorical_change		ppat.1013859.s006.xlsx:ERS16091758	https://pmc.ncbi.nlm.nih.gov/articles/PMC12810914/
train	PRJEB63361	SAMEA114111034	isolation_source	clinical material	Rectal swab	True	categorical_change		ppat.1013859.s006.xlsx:ERS16091759	https://pmc.ncbi.nlm.nih.gov/articles/PMC12810914/
train	PRJEB63361	SAMEA114111035	isolation_source	clinical material	Stool	True	categorical_change		ppat.1013859.s006.xlsx:ERS16091760	https://pmc.ncbi.nlm.nih.gov/articles/PMC12810914/
train	PRJEB63361	SAMEA114111036	isolation_source	clinical material	Rectal swab	True	categorical_change		ppat.1013859.s006.xlsx:ERS16091761	https://pmc.ncbi.nlm.nih.gov/articles/PMC12810914/
train	PRJEB63361	SAMEA114111037	isolation_source	clinical material	Rectal swab	True	categorical_change		ppat.1013859.s006.xlsx:ERS16091762	https://pmc.ncbi.nlm.nih.gov/articles/PMC12810914/
train	PRJEB63361	SAMEA114111038	isolation_source	clinical material	Rectal swab	True	categorical_change		ppat.1013859.s006.xlsx:ERS16091763	https://pmc.ncbi.nlm.nih.gov/articles/PMC12810914/
train	PRJEB63361	SAMEA114111039	isolation_source	clinical material	Rectal swab	True	categorical_change		ppat.1013859.s006.xlsx:ERS16091764	https://pmc.ncbi.nlm.nih.gov/articles/PMC12810914/
train	PRJEB63361	SAMEA114111040	isolation_source	clinical material	Rectal swab	True	categorical_change		ppat.1013859.s006.xlsx:ERS16091765	https://pmc.ncbi.nlm.nih.gov/articles/PMC12810914/
train	PRJEB63361	SAMEA114111041	isolation_source	clinical material	Rectal swab	True	categorical_change		ppat.1013859.s006.xlsx:ERS16091766	https://pmc.ncbi.nlm.nih.gov/articles/PMC12810914/
train	PRJEB63361	SAMEA114111042	isolation_source	clinical material	Blood culture	True	categorical_change		ppat.1013859.s006.xlsx:ERS16091767	https://pmc.ncbi.nlm.nih.gov/articles/PMC12810914/
train	PRJEB63361	SAMEA114111043	isolation_source	clinical material	Sputum	True	categorical_change		ppat.1013859.s006.xlsx:ERS16091768	https://pmc.ncbi.nlm.nih.gov/articles/PMC12810914/
train	PRJEB63361	SAMEA114111044	isolation_source	clinical material	Rectal swab	True	categorical_change		ppat.1013859.s006.xlsx:ERS16091769	https://pmc.ncbi.nlm.nih.gov/articles/PMC12810914/
train	PRJEB63361	SAMEA114111045	isolation_source	clinical material	Rectal swab	True	categorical_change		ppat.1013859.s006.xlsx:ERS16091770	https://pmc.ncbi.nlm.nih.gov/articles/PMC12810914/
train	PRJEB63361	SAMEA114111046	isolation_source	clinical material	Rectal swab	True	categorical_change		ppat.1013859.s006.xlsx:ERS16091771	https://pmc.ncbi.nlm.nih.gov/articles/PMC12810914/
train	PRJEB63361	SAMEA114111047	isolation_source	clinical material	Rectal swab	True	categorical_change		ppat.1013859.s006.xlsx:ERS16091772	https://pmc.ncbi.nlm.nih.gov/articles/PMC12810914/
train	PRJEB63361	SAMEA114111048	isolation_source	clinical material	Rectal swab	True	categorical_change		ppat.1013859.s006.xlsx:ERS16091773	https://pmc.ncbi.nlm.nih.gov/articles/PMC12810914/
train	PRJEB63361	SAMEA114111049	isolation_source	clinical material	Rectal swab	True	categorical_change		ppat.1013859.s006.xlsx:ERS16091774	https://pmc.ncbi.nlm.nih.gov/articles/PMC12810914/
train	PRJEB63361	SAMEA114111050	isolation_source	clinical material	Rectal swab	True	categorical_change		ppat.1013859.s006.xlsx:ERS16091775	https://pmc.ncbi.nlm.nih.gov/articles/PMC12810914/
train	PRJEB63361	SAMEA114111051	isolation_source	clinical material	Rectal swab	True	categorical_change		ppat.1013859.s006.xlsx:ERS16091776	https://pmc.ncbi.nlm.nih.gov/articles/PMC12810914/
train	PRJEB63361	SAMEA114111052	isolation_source	clinical material	Tracheal aspirate	True	categorical_change		ppat.1013859.s006.xlsx:ERS16091777	https://pmc.ncbi.nlm.nih.gov/articles/PMC12810914/
train	PRJEB63361	SAMEA114111053	isolation_source	clinical material	Rectal swab	True	categorical_change		ppat.1013859.s006.xlsx:ERS16091778	https://pmc.ncbi.nlm.nih.gov/articles/PMC12810914/
train	PRJEB63361	SAMEA114111054	isolation_source	clinical material	Rectal swab	True	categorical_change		ppat.1013859.s006.xlsx:ERS16091779	https://pmc.ncbi.nlm.nih.gov/articles/PMC12810914/
train	PRJEB63361	SAMEA114111055	isolation_source	clinical material	Rectal swab	True	categorical_change		ppat.1013859.s006.xlsx:ERS16091780	https://pmc.ncbi.nlm.nih.gov/articles/PMC12810914/
train	PRJEB63361	SAMEA114111056	isolation_source	clinical material	Rectal swab	True	categorical_change		ppat.1013859.s006.xlsx:ERS16091781	https://pmc.ncbi.nlm.nih.gov/articles/PMC12810914/
train	PRJEB63361	SAMEA114111057	isolation_source	clinical material	Rectal swab	True	categorical_change		ppat.1013859.s006.xlsx:ERS16091782	https://pmc.ncbi.nlm.nih.gov/articles/PMC12810914/
train	PRJEB63361	SAMEA114111058	isolation_source	clinical material	Rectal swab	True	categorical_change		ppat.1013859.s006.xlsx:ERS16091783	https://pmc.ncbi.nlm.nih.gov/articles/PMC12810914/
train	PRJEB63361	SAMEA114111059	isolation_source	clinical material	Rectal swab	True	categorical_change		ppat.1013859.s006.xlsx:ERS16091784	https://pmc.ncbi.nlm.nih.gov/articles/PMC12810914/
train	PRJEB63361	SAMEA114111060	isolation_source	clinical material	Rectal swab	True	categorical_change		ppat.1013859.s006.xlsx:ERS16091785	https://pmc.ncbi.nlm.nih.gov/articles/PMC12810914/
train	PRJEB63361	SAMEA114111061	isolation_source	clinical material	Rectal swab	True	categorical_change		ppat.1013859.s006.xlsx:ERS16091786	https://pmc.ncbi.nlm.nih.gov/articles/PMC12810914/
train	PRJEB63361	SAMEA114111062	isolation_source	clinical material	Rectal swab	True	categorical_change		ppat.1013859.s006.xlsx:ERS16091787	https://pmc.ncbi.nlm.nih.gov/articles/PMC12810914/
train	PRJEB63361	SAMEA114111063	isolation_source	clinical material	Rectal swab	True	categorical_change		ppat.1013859.s006.xlsx:ERS16091788	https://pmc.ncbi.nlm.nih.gov/articles/PMC12810914/
train	PRJEB63361	SAMEA114111064	isolation_source	clinical material	Rectal swab	True	categorical_change		ppat.1013859.s006.xlsx:ERS16091789	https://pmc.ncbi.nlm.nih.gov/articles/PMC12810914/
train	PRJEB63361	SAMEA114111065	isolation_source	clinical material	Rectal swab	True	categorical_change		ppat.1013859.s006.xlsx:ERS16091790	https://pmc.ncbi.nlm.nih.gov/articles/PMC12810914/
train	PRJEB63361	SAMEA114111066	isolation_source	clinical material	Rectal swab	True	categorical_change		ppat.1013859.s006.xlsx:ERS16091791	https://pmc.ncbi.nlm.nih.gov/articles/PMC12810914/
train	PRJEB63361	SAMEA114111067	isolation_source	clinical material	Rectal swab	True	categorical_change		ppat.1013859.s006.xlsx:ERS16091792	https://pmc.ncbi.nlm.nih.gov/articles/PMC12810914/
train	PRJEB63361	SAMEA114111068	isolation_source	clinical material	Rectal swab	True	categorical_change		ppat.1013859.s006.xlsx:ERS16091793	https://pmc.ncbi.nlm.nih.gov/articles/PMC12810914/
train	PRJEB63361	SAMEA114111069	isolation_source	clinical material	Blood culture	True	categorical_change		ppat.1013859.s006.xlsx:ERS16091794	https://pmc.ncbi.nlm.nih.gov/articles/PMC12810914/
train	PRJEB63361	SAMEA114111070	isolation_source	clinical material	Urine	True	categorical_change		ppat.1013859.s006.xlsx:ERS16091795	https://pmc.ncbi.nlm.nih.gov/articles/PMC12810914/
train	PRJEB63361	SAMEA114111071	isolation_source	clinical material	Rectal swab	True	categorical_change		ppat.1013859.s006.xlsx:ERS16091796	https://pmc.ncbi.nlm.nih.gov/articles/PMC12810914/
train	PRJEB63361	SAMEA114111072	isolation_source	clinical material	Rectal swab	True	categorical_change		ppat.1013859.s006.xlsx:ERS16091797	https://pmc.ncbi.nlm.nih.gov/articles/PMC12810914/
train	PRJEB63361	SAMEA114111073	isolation_source	clinical material	Rectal swab	True	categorical_change		ppat.1013859.s006.xlsx:ERS16091798	https://pmc.ncbi.nlm.nih.gov/articles/PMC12810914/
train	PRJEB63361	SAMEA114111074	isolation_source	clinical material	Wound swab	True	categorical_change		ppat.1013859.s006.xlsx:ERS16091799	https://pmc.ncbi.nlm.nih.gov/articles/PMC12810914/
train	PRJEB63361	SAMEA114111075	isolation_source	clinical material	Bronchial alveolar	True	categorical_change		ppat.1013859.s006.xlsx:ERS16091800	https://pmc.ncbi.nlm.nih.gov/articles/PMC12810914/
train	PRJEB63361	SAMEA114111076	isolation_source	clinical material	Rectal swab	True	categorical_change		ppat.1013859.s006.xlsx:ERS16091801	https://pmc.ncbi.nlm.nih.gov/articles/PMC12810914/
train	PRJEB63361	SAMEA114111077	isolation_source	clinical material	Blood culture	True	categorical_change		ppat.1013859.s006.xlsx:ERS16091802	https://pmc.ncbi.nlm.nih.gov/articles/PMC12810914/
train	PRJEB63361	SAMEA114111078	isolation_source	clinical material	Rectal swab	True	categorical_change		ppat.1013859.s006.xlsx:ERS16091803	https://pmc.ncbi.nlm.nih.gov/articles/PMC12810914/
train	PRJEB63361	SAMEA114111079	isolation_source	clinical material	Stool	True	categorical_change		ppat.1013859.s006.xlsx:ERS16091804	https://pmc.ncbi.nlm.nih.gov/articles/PMC12810914/
train	PRJEB63361	SAMEA114111080	isolation_source	clinical material	Blood culture	True	categorical_change		ppat.1013859.s006.xlsx:ERS16091805	https://pmc.ncbi.nlm.nih.gov/articles/PMC12810914/
train	PRJEB63361	SAMEA114111081	isolation_source	clinical material	Stool	True	categorical_change		ppat.1013859.s006.xlsx:ERS16091806	https://pmc.ncbi.nlm.nih.gov/articles/PMC12810914/
train	PRJEB63361	SAMEA114111082	isolation_source	clinical material	Urine	True	categorical_change		ppat.1013859.s006.xlsx:ERS16091807	https://pmc.ncbi.nlm.nih.gov/articles/PMC12810914/
train	PRJEB63361	SAMEA114111083	isolation_source	clinical material	Stool	True	categorical_change		ppat.1013859.s006.xlsx:ERS16091808	https://pmc.ncbi.nlm.nih.gov/articles/PMC12810914/
train	PRJEB63361	SAMEA114111084	isolation_source	clinical material	CSF	True	categorical_change		ppat.1013859.s006.xlsx:ERS16091809	https://pmc.ncbi.nlm.nih.gov/articles/PMC12810914/
train	PRJEB63361	SAMEA114111085	isolation_source	clinical material	Blood culture	True	categorical_change		ppat.1013859.s006.xlsx:ERS16091810	https://pmc.ncbi.nlm.nih.gov/articles/PMC12810914/
train	PRJEB63361	SAMEA114111086	isolation_source	clinical material	Stool	True	categorical_change		ppat.1013859.s006.xlsx:ERS16091811	https://pmc.ncbi.nlm.nih.gov/articles/PMC12810914/
train	PRJEB63361	SAMEA114111087	isolation_source	clinical material	Stool	True	categorical_change		ppat.1013859.s006.xlsx:ERS16091812	https://pmc.ncbi.nlm.nih.gov/articles/PMC12810914/
train	PRJEB63361	SAMEA114111088	isolation_source	clinical material	Stool	True	categorical_change		ppat.1013859.s006.xlsx:ERS16091813	https://pmc.ncbi.nlm.nih.gov/articles/PMC12810914/
train	PRJEB63361	SAMEA114111089	isolation_source	clinical material	Tissue	True	categorical_change		ppat.1013859.s006.xlsx:ERS16091814	https://pmc.ncbi.nlm.nih.gov/articles/PMC12810914/
train	PRJEB63361	SAMEA114111090	isolation_source	clinical material	Bronchial washing	True	categorical_change		ppat.1013859.s006.xlsx:ERS16091815	https://pmc.ncbi.nlm.nih.gov/articles/PMC12810914/
train	PRJEB63361	SAMEA114111091	isolation_source	clinical material	Stool	True	categorical_change		ppat.1013859.s006.xlsx:ERS16091816	https://pmc.ncbi.nlm.nih.gov/articles/PMC12810914/
train	PRJEB63361	SAMEA114111092	isolation_source	clinical material	Stool	True	categorical_change		ppat.1013859.s006.xlsx:ERS16091817	https://pmc.ncbi.nlm.nih.gov/articles/PMC12810914/
train	PRJEB63361	SAMEA114111093	isolation_source	clinical material	Urine	True	categorical_change		ppat.1013859.s006.xlsx:ERS16091818	https://pmc.ncbi.nlm.nih.gov/articles/PMC12810914/
train	PRJEB63361	SAMEA114111094	isolation_source	clinical material	Stool	True	categorical_change		ppat.1013859.s006.xlsx:ERS16091819	https://pmc.ncbi.nlm.nih.gov/articles/PMC12810914/
train	PRJEB63361	SAMEA114111095	isolation_source	clinical material	Urine	True	categorical_change		ppat.1013859.s006.xlsx:ERS16091820	https://pmc.ncbi.nlm.nih.gov/articles/PMC12810914/
train	PRJEB63361	SAMEA114111096	isolation_source	clinical material	Stool	True	categorical_change		ppat.1013859.s006.xlsx:ERS16091821	https://pmc.ncbi.nlm.nih.gov/articles/PMC12810914/
train	PRJEB63361	SAMEA114111097	isolation_source	clinical material	Tracheal aspirate	True	categorical_change		ppat.1013859.s006.xlsx:ERS16091822	https://pmc.ncbi.nlm.nih.gov/articles/PMC12810914/
train	PRJEB63361	SAMEA114111098	isolation_source	clinical material	Rectal swab	True	categorical_change		ppat.1013859.s006.xlsx:ERS16091823	https://pmc.ncbi.nlm.nih.gov/articles/PMC12810914/
train	PRJEB63361	SAMEA114111099	isolation_source	clinical material	Rectal swab	True	categorical_change		ppat.1013859.s006.xlsx:ERS16091824	https://pmc.ncbi.nlm.nih.gov/articles/PMC12810914/
train	PRJEB63361	SAMEA114111100	isolation_source	clinical material	Urine	True	categorical_change		ppat.1013859.s006.xlsx:ERS16091825	https://pmc.ncbi.nlm.nih.gov/articles/PMC12810914/
train	PRJEB63361	SAMEA114111101	isolation_source	clinical material	Blood culture	True	categorical_change		ppat.1013859.s006.xlsx:ERS16091826	https://pmc.ncbi.nlm.nih.gov/articles/PMC12810914/
train	PRJEB63361	SAMEA114111102	isolation_source	clinical material	Urine	True	categorical_change		ppat.1013859.s006.xlsx:ERS16091827	https://pmc.ncbi.nlm.nih.gov/articles/PMC12810914/
train	PRJEB63361	SAMEA114111103	isolation_source	clinical material	Rectal swab	True	categorical_change		ppat.1013859.s006.xlsx:ERS16091828	https://pmc.ncbi.nlm.nih.gov/articles/PMC12810914/
train	PRJEB63361	SAMEA114111104	isolation_source	clinical material	Intravenous catheter tip	True	categorical_change		ppat.1013859.s006.xlsx:ERS16091829	https://pmc.ncbi.nlm.nih.gov/articles/PMC12810914/
train	PRJEB63361	SAMEA114111105	isolation_source	clinical material	Rectal swab	True	categorical_change		ppat.1013859.s006.xlsx:ERS16091830	https://pmc.ncbi.nlm.nih.gov/articles/PMC12810914/
train	PRJEB63361	SAMEA114111106	isolation_source	clinical material	Rectal swab	True	categorical_change		ppat.1013859.s006.xlsx:ERS16091831	https://pmc.ncbi.nlm.nih.gov/articles/PMC12810914/
train	PRJEB63361	SAMEA114111108	isolation_source	clinical material	Rectal swab	True	categorical_change		ppat.1013859.s006.xlsx:ERS16091833	https://pmc.ncbi.nlm.nih.gov/articles/PMC12810914/
train	PRJEB63361	SAMEA114111109	isolation_source	clinical material	Rectal swab	True	categorical_change		ppat.1013859.s006.xlsx:ERS16091834	https://pmc.ncbi.nlm.nih.gov/articles/PMC12810914/
train	PRJEB63361	SAMEA114111110	isolation_source	clinical material	Rectal swab	True	categorical_change		ppat.1013859.s006.xlsx:ERS16091835	https://pmc.ncbi.nlm.nih.gov/articles/PMC12810914/
train	PRJEB63361	SAMEA114111111	isolation_source	clinical material	Rectal swab	True	categorical_change		ppat.1013859.s006.xlsx:ERS16091836	https://pmc.ncbi.nlm.nih.gov/articles/PMC12810914/
train	PRJEB63361	SAMEA114111112	isolation_source	clinical material	Rectal swab	True	categorical_change		ppat.1013859.s006.xlsx:ERS16091837	https://pmc.ncbi.nlm.nih.gov/articles/PMC12810914/
train	PRJEB63361	SAMEA114111113	isolation_source	clinical material	Rectal swab	True	categorical_change		ppat.1013859.s006.xlsx:ERS16091838	https://pmc.ncbi.nlm.nih.gov/articles/PMC12810914/
train	PRJEB63361	SAMEA114111114	isolation_source	clinical material	Rectal swab	True	categorical_change		ppat.1013859.s006.xlsx:ERS16091839	https://pmc.ncbi.nlm.nih.gov/articles/PMC12810914/
train	PRJEB63361	SAMEA114111115	isolation_source	clinical material	Rectal swab	True	categorical_change		ppat.1013859.s006.xlsx:ERS16091840	https://pmc.ncbi.nlm.nih.gov/articles/PMC12810914/
train	PRJEB63361	SAMEA114111116	isolation_source	clinical material	Rectal swab	True	categorical_change		ppat.1013859.s006.xlsx:ERS16091841	https://pmc.ncbi.nlm.nih.gov/articles/PMC12810914/
train	PRJEB63361	SAMEA114111117	isolation_source	clinical material	Intravenous catheter tip	True	categorical_change		ppat.1013859.s006.xlsx:ERS16091842	https://pmc.ncbi.nlm.nih.gov/articles/PMC12810914/
train	PRJEB63361	SAMEA114111118	isolation_source	clinical material	Rectal swab	True	categorical_change		ppat.1013859.s006.xlsx:ERS16091843	https://pmc.ncbi.nlm.nih.gov/articles/PMC12810914/
train	PRJEB63361	SAMEA114111119	isolation_source	clinical material	Stool	True	categorical_change		ppat.1013859.s006.xlsx:ERS16091844	https://pmc.ncbi.nlm.nih.gov/articles/PMC12810914/
train	PRJEB63361	SAMEA114111120	isolation_source	clinical material	Stool	True	categorical_change		ppat.1013859.s006.xlsx:ERS16091845	https://pmc.ncbi.nlm.nih.gov/articles/PMC12810914/
train	PRJEB63361	SAMEA114111121	isolation_source	clinical material	Superficial swab	True	categorical_change		ppat.1013859.s006.xlsx:ERS16091846	https://pmc.ncbi.nlm.nih.gov/articles/PMC12810914/
train	PRJEB63361	SAMEA114111122	isolation_source	clinical material	Rectal swab	True	categorical_change		ppat.1013859.s006.xlsx:ERS16091847	https://pmc.ncbi.nlm.nih.gov/articles/PMC12810914/
train	PRJEB63361	SAMEA114111123	isolation_source	clinical material	Rectal swab	True	categorical_change		ppat.1013859.s006.xlsx:ERS16091848	https://pmc.ncbi.nlm.nih.gov/articles/PMC12810914/
train	PRJEB63361	SAMEA114111124	isolation_source	clinical material	Rectal swab	True	categorical_change		ppat.1013859.s006.xlsx:ERS16091849	https://pmc.ncbi.nlm.nih.gov/articles/PMC12810914/
train	PRJEB63361	SAMEA114111125	isolation_source	clinical material	Urine	True	categorical_change		ppat.1013859.s006.xlsx:ERS16091850	https://pmc.ncbi.nlm.nih.gov/articles/PMC12810914/
train	PRJEB63361	SAMEA114111126	isolation_source	clinical material	Stool	True	categorical_change		ppat.1013859.s006.xlsx:ERS16091851	https://pmc.ncbi.nlm.nih.gov/articles/PMC12810914/
train	PRJEB63361	SAMEA114111127	isolation_source	clinical material	Stool	True	categorical_change		ppat.1013859.s006.xlsx:ERS16091852	https://pmc.ncbi.nlm.nih.gov/articles/PMC12810914/
train	PRJEB63361	SAMEA114111128	isolation_source	clinical material	Stool	True	categorical_change		ppat.1013859.s006.xlsx:ERS16091853	https://pmc.ncbi.nlm.nih.gov/articles/PMC12810914/
train	PRJEB63361	SAMEA114111129	isolation_source	clinical material	Stool	True	categorical_change		ppat.1013859.s006.xlsx:ERS16091854	https://pmc.ncbi.nlm.nih.gov/articles/PMC12810914/
train	PRJEB63361	SAMEA114111130	isolation_source	clinical material	Rectal swab	True	categorical_change		ppat.1013859.s006.xlsx:ERS16091855	https://pmc.ncbi.nlm.nih.gov/articles/PMC12810914/
train	PRJEB63361	SAMEA114111131	isolation_source	clinical material	Blood culture	True	categorical_change		ppat.1013859.s006.xlsx:ERS16091856	https://pmc.ncbi.nlm.nih.gov/articles/PMC12810914/
train	PRJEB63361	SAMEA114111132	isolation_source	clinical material	Rectal swab	True	categorical_change		ppat.1013859.s006.xlsx:ERS16091857	https://pmc.ncbi.nlm.nih.gov/articles/PMC12810914/
train	PRJEB63361	SAMEA114111133	isolation_source	clinical material	Stool	True	categorical_change		ppat.1013859.s006.xlsx:ERS16091858	https://pmc.ncbi.nlm.nih.gov/articles/PMC12810914/
train	PRJEB63361	SAMEA114111134	isolation_source	clinical material	Stool	True	categorical_change		ppat.1013859.s006.xlsx:ERS16091859	https://pmc.ncbi.nlm.nih.gov/articles/PMC12810914/
train	PRJEB63361	SAMEA114111135	isolation_source	clinical material	Stool	True	categorical_change		ppat.1013859.s006.xlsx:ERS16091860	https://pmc.ncbi.nlm.nih.gov/articles/PMC12810914/
train	PRJEB63361	SAMEA114111136	isolation_source	clinical material	Stool	True	categorical_change		ppat.1013859.s006.xlsx:ERS16091861	https://pmc.ncbi.nlm.nih.gov/articles/PMC12810914/
train	PRJEB63361	SAMEA114111137	isolation_source	clinical material	Rectal swab	True	categorical_change		ppat.1013859.s006.xlsx:ERS16091862	https://pmc.ncbi.nlm.nih.gov/articles/PMC12810914/
train	PRJEB63361	SAMEA114111138	isolation_source	clinical material	Stool	True	categorical_change		ppat.1013859.s006.xlsx:ERS16091863	https://pmc.ncbi.nlm.nih.gov/articles/PMC12810914/
train	PRJEB63361	SAMEA114111139	isolation_source	clinical material	Stool	True	categorical_change		ppat.1013859.s006.xlsx:ERS16091864	https://pmc.ncbi.nlm.nih.gov/articles/PMC12810914/
train	PRJEB63361	SAMEA114111140	isolation_source	clinical material	Rectal swab	True	categorical_change		ppat.1013859.s006.xlsx:ERS16091865	https://pmc.ncbi.nlm.nih.gov/articles/PMC12810914/
train	PRJEB63361	SAMEA114111141	isolation_source	clinical material	Rectal swab	True	categorical_change		ppat.1013859.s006.xlsx:ERS16091866	https://pmc.ncbi.nlm.nih.gov/articles/PMC12810914/
train	PRJEB63361	SAMEA114111142	isolation_source	clinical material	Rectal swab	True	categorical_change		ppat.1013859.s006.xlsx:ERS16091867	https://pmc.ncbi.nlm.nih.gov/articles/PMC12810914/
train	PRJEB63361	SAMEA114111143	isolation_source	clinical material	Rectal swab	True	categorical_change		ppat.1013859.s006.xlsx:ERS16091868	https://pmc.ncbi.nlm.nih.gov/articles/PMC12810914/
train	PRJEB63361	SAMEA114111144	isolation_source	clinical material	Rectal swab	True	categorical_change		ppat.1013859.s006.xlsx:ERS16091869	https://pmc.ncbi.nlm.nih.gov/articles/PMC12810914/
train	PRJEB63361	SAMEA114111145	isolation_source	clinical material	Rectal swab	True	categorical_change		ppat.1013859.s006.xlsx:ERS16091870	https://pmc.ncbi.nlm.nih.gov/articles/PMC12810914/
train	PRJEB63361	SAMEA114111146	isolation_source	clinical material	Tracheal aspirate	True	categorical_change		ppat.1013859.s006.xlsx:ERS16091871	https://pmc.ncbi.nlm.nih.gov/articles/PMC12810914/
train	PRJEB63361	SAMEA114111147	isolation_source	clinical material	Tracheal aspirate	True	categorical_change		ppat.1013859.s006.xlsx:ERS16091872	https://pmc.ncbi.nlm.nih.gov/articles/PMC12810914/
train	PRJEB63361	SAMEA114111148	isolation_source	clinical material	Blood culture	True	categorical_change		ppat.1013859.s006.xlsx:ERS16091873	https://pmc.ncbi.nlm.nih.gov/articles/PMC12810914/
train	PRJEB63361	SAMEA114111149	isolation_source	clinical material	Urine	True	categorical_change		ppat.1013859.s006.xlsx:ERS16091874	https://pmc.ncbi.nlm.nih.gov/articles/PMC12810914/
train	PRJEB63361	SAMEA114111150	isolation_source	clinical material	Rectal swab	True	categorical_change		ppat.1013859.s006.xlsx:ERS16091875	https://pmc.ncbi.nlm.nih.gov/articles/PMC12810914/
train	PRJEB63361	SAMEA114111151	isolation_source	clinical material	Rectal swab	True	categorical_change		ppat.1013859.s006.xlsx:ERS16091876	https://pmc.ncbi.nlm.nih.gov/articles/PMC12810914/
train	PRJEB63361	SAMEA114111152	isolation_source	clinical material	Rectal swab	True	categorical_change		ppat.1013859.s006.xlsx:ERS16091877	https://pmc.ncbi.nlm.nih.gov/articles/PMC12810914/
train	PRJEB63361	SAMEA114111153	isolation_source	clinical material	Tissue	True	categorical_change		ppat.1013859.s006.xlsx:ERS16091878	https://pmc.ncbi.nlm.nih.gov/articles/PMC12810914/
train	PRJEB63361	SAMEA114111154	isolation_source	clinical material	Stool	True	categorical_change		ppat.1013859.s006.xlsx:ERS16091879	https://pmc.ncbi.nlm.nih.gov/articles/PMC12810914/
train	PRJEB63361	SAMEA114111155	isolation_source	clinical material	Rectal swab	True	categorical_change		ppat.1013859.s006.xlsx:ERS16091880	https://pmc.ncbi.nlm.nih.gov/articles/PMC12810914/
train	PRJEB63361	SAMEA114111156	isolation_source	clinical material	Stool	True	categorical_change		ppat.1013859.s006.xlsx:ERS16091881	https://pmc.ncbi.nlm.nih.gov/articles/PMC12810914/
train	PRJEB63361	SAMEA114111157	isolation_source	clinical material	Sputum	True	categorical_change		ppat.1013859.s006.xlsx:ERS16091882	https://pmc.ncbi.nlm.nih.gov/articles/PMC12810914/
train	PRJEB63361	SAMEA114111158	isolation_source	clinical material	Rectal swab	True	categorical_change		ppat.1013859.s006.xlsx:ERS16091883	https://pmc.ncbi.nlm.nih.gov/articles/PMC12810914/
train	PRJEB63361	SAMEA114111159	isolation_source	clinical material	Rectal swab	True	categorical_change		ppat.1013859.s006.xlsx:ERS16091884	https://pmc.ncbi.nlm.nih.gov/articles/PMC12810914/
train	PRJEB63361	SAMEA114111160	isolation_source	clinical material	Rectal swab	True	categorical_change		ppat.1013859.s006.xlsx:ERS16091885	https://pmc.ncbi.nlm.nih.gov/articles/PMC12810914/
train	PRJEB63361	SAMEA114111161	isolation_source	clinical material	Rectal swab	True	categorical_change		ppat.1013859.s006.xlsx:ERS16091886	https://pmc.ncbi.nlm.nih.gov/articles/PMC12810914/
train	PRJEB63361	SAMEA114111162	isolation_source	clinical material	Rectal swab	True	categorical_change		ppat.1013859.s006.xlsx:ERS16091887	https://pmc.ncbi.nlm.nih.gov/articles/PMC12810914/
train	PRJEB63361	SAMEA114111163	isolation_source	clinical material	Urine	True	categorical_change		ppat.1013859.s006.xlsx:ERS16091888	https://pmc.ncbi.nlm.nih.gov/articles/PMC12810914/
train	PRJEB63361	SAMEA114111164	isolation_source	clinical material	Urine	True	categorical_change		ppat.1013859.s006.xlsx:ERS16091889	https://pmc.ncbi.nlm.nih.gov/articles/PMC12810914/
train	PRJEB63361	SAMEA114111165	isolation_source	clinical material	Urine	True	categorical_change		ppat.1013859.s006.xlsx:ERS16091890	https://pmc.ncbi.nlm.nih.gov/articles/PMC12810914/
train	PRJEB63361	SAMEA114111166	isolation_source	clinical material	Rectal swab	True	categorical_change		ppat.1013859.s006.xlsx:ERS16091891	https://pmc.ncbi.nlm.nih.gov/articles/PMC12810914/
train	PRJEB63361	SAMEA114111167	isolation_source	clinical material	Rectal swab	True	categorical_change		ppat.1013859.s006.xlsx:ERS16091892	https://pmc.ncbi.nlm.nih.gov/articles/PMC12810914/
train	PRJEB63361	SAMEA114111168	isolation_source	clinical material	Rectal swab	True	categorical_change		ppat.1013859.s006.xlsx:ERS16091893	https://pmc.ncbi.nlm.nih.gov/articles/PMC12810914/
train	PRJEB63361	SAMEA114111169	isolation_source	clinical material	Rectal swab	True	categorical_change		ppat.1013859.s006.xlsx:ERS16091894	https://pmc.ncbi.nlm.nih.gov/articles/PMC12810914/
train	PRJEB63361	SAMEA114111170	isolation_source	clinical material	Urine	True	categorical_change		ppat.1013859.s006.xlsx:ERS16091895	https://pmc.ncbi.nlm.nih.gov/articles/PMC12810914/
train	PRJEB63361	SAMEA114111171	isolation_source	clinical material	Rectal swab	True	categorical_change		ppat.1013859.s006.xlsx:ERS16091896	https://pmc.ncbi.nlm.nih.gov/articles/PMC12810914/
train	PRJEB63361	SAMEA114111172	isolation_source	clinical material	Rectal swab	True	categorical_change		ppat.1013859.s006.xlsx:ERS16091897	https://pmc.ncbi.nlm.nih.gov/articles/PMC12810914/
train	PRJEB63361	SAMEA114111173	isolation_source	clinical material	Rectal swab	True	categorical_change		ppat.1013859.s006.xlsx:ERS16091898	https://pmc.ncbi.nlm.nih.gov/articles/PMC12810914/
train	PRJEB63361	SAMEA114111174	isolation_source	clinical material	Rectal swab	True	categorical_change		ppat.1013859.s006.xlsx:ERS16091899	https://pmc.ncbi.nlm.nih.gov/articles/PMC12810914/
train	PRJEB63361	SAMEA114111175	isolation_source	clinical material	Bronchial washing	True	categorical_change		ppat.1013859.s006.xlsx:ERS16091900	https://pmc.ncbi.nlm.nih.gov/articles/PMC12810914/
train	PRJEB63361	SAMEA114111176	isolation_source	clinical material	Rectal swab	True	categorical_change		ppat.1013859.s006.xlsx:ERS16091901	https://pmc.ncbi.nlm.nih.gov/articles/PMC12810914/
train	PRJEB63361	SAMEA114111177	isolation_source	clinical material	Rectal swab	True	categorical_change		ppat.1013859.s006.xlsx:ERS16091902	https://pmc.ncbi.nlm.nih.gov/articles/PMC12810914/
train	PRJEB63361	SAMEA114111178	isolation_source	clinical material	Rectal swab	True	categorical_change		ppat.1013859.s006.xlsx:ERS16091903	https://pmc.ncbi.nlm.nih.gov/articles/PMC12810914/
train	PRJEB63361	SAMEA114111179	isolation_source	clinical material	Rectal swab	True	categorical_change		ppat.1013859.s006.xlsx:ERS16091904	https://pmc.ncbi.nlm.nih.gov/articles/PMC12810914/
train	PRJEB63361	SAMEA114111180	isolation_source	clinical material	Rectal swab	True	categorical_change		ppat.1013859.s006.xlsx:ERS16091905	https://pmc.ncbi.nlm.nih.gov/articles/PMC12810914/
train	PRJEB63361	SAMEA114111181	isolation_source	clinical material	Rectal swab	True	categorical_change		ppat.1013859.s006.xlsx:ERS16091906	https://pmc.ncbi.nlm.nih.gov/articles/PMC12810914/
train	PRJEB63361	SAMEA114111182	isolation_source	clinical material	Rectal swab	True	categorical_change		ppat.1013859.s006.xlsx:ERS16091907	https://pmc.ncbi.nlm.nih.gov/articles/PMC12810914/
train	PRJEB63361	SAMEA114111183	isolation_source	clinical material	Rectal swab	True	categorical_change		ppat.1013859.s006.xlsx:ERS16091908	https://pmc.ncbi.nlm.nih.gov/articles/PMC12810914/
train	PRJEB63361	SAMEA114111184	isolation_source	clinical material	Rectal swab	True	categorical_change		ppat.1013859.s006.xlsx:ERS16091909	https://pmc.ncbi.nlm.nih.gov/articles/PMC12810914/
train	PRJEB63361	SAMEA114111185	isolation_source	clinical material	Rectal swab	True	categorical_change		ppat.1013859.s006.xlsx:ERS16091910	https://pmc.ncbi.nlm.nih.gov/articles/PMC12810914/
train	PRJEB63361	SAMEA114111186	isolation_source	clinical material	Rectal swab	True	categorical_change		ppat.1013859.s006.xlsx:ERS16091911	https://pmc.ncbi.nlm.nih.gov/articles/PMC12810914/
train	PRJEB63361	SAMEA114111187	isolation_source	clinical material	Blood culture	True	categorical_change		ppat.1013859.s006.xlsx:ERS16091912	https://pmc.ncbi.nlm.nih.gov/articles/PMC12810914/
train	PRJEB63361	SAMEA114111188	isolation_source	clinical material	Rectal swab	True	categorical_change		ppat.1013859.s006.xlsx:ERS16091913	https://pmc.ncbi.nlm.nih.gov/articles/PMC12810914/
train	PRJEB63361	SAMEA114111189	isolation_source	clinical material	Rectal swab	True	categorical_change		ppat.1013859.s006.xlsx:ERS16091914	https://pmc.ncbi.nlm.nih.gov/articles/PMC12810914/
train	PRJEB63361	SAMEA114111190	isolation_source	clinical material	Rectal swab	True	categorical_change		ppat.1013859.s006.xlsx:ERS16091915	https://pmc.ncbi.nlm.nih.gov/articles/PMC12810914/
train	PRJEB63361	SAMEA114111191	isolation_source	clinical material	Urine	True	categorical_change		ppat.1013859.s006.xlsx:ERS16091916	https://pmc.ncbi.nlm.nih.gov/articles/PMC12810914/
train	PRJEB63361	SAMEA114111192	isolation_source	clinical material	Rectal swab	True	categorical_change		ppat.1013859.s006.xlsx:ERS16091917	https://pmc.ncbi.nlm.nih.gov/articles/PMC12810914/
train	PRJEB63361	SAMEA114111193	isolation_source	clinical material	Rectal swab	True	categorical_change		ppat.1013859.s006.xlsx:ERS16091918	https://pmc.ncbi.nlm.nih.gov/articles/PMC12810914/
train	PRJEB63361	SAMEA114111194	isolation_source	clinical material	Rectal swab	True	categorical_change		ppat.1013859.s006.xlsx:ERS16091919	https://pmc.ncbi.nlm.nih.gov/articles/PMC12810914/
train	PRJEB63361	SAMEA114111195	isolation_source	clinical material	Rectal swab	True	categorical_change		ppat.1013859.s006.xlsx:ERS16091920	https://pmc.ncbi.nlm.nih.gov/articles/PMC12810914/
train	PRJEB63361	SAMEA114111196	isolation_source	clinical material	Rectal swab	True	categorical_change		ppat.1013859.s006.xlsx:ERS16091921	https://pmc.ncbi.nlm.nih.gov/articles/PMC12810914/
train	PRJEB63361	SAMEA114111197	isolation_source	clinical material	Rectal swab	True	categorical_change		ppat.1013859.s006.xlsx:ERS16091922	https://pmc.ncbi.nlm.nih.gov/articles/PMC12810914/
train	PRJEB63361	SAMEA114111198	isolation_source	clinical material	Sputum	True	categorical_change		ppat.1013859.s006.xlsx:ERS16091923	https://pmc.ncbi.nlm.nih.gov/articles/PMC12810914/
train	PRJEB63361	SAMEA114111199	isolation_source	clinical material	Rectal swab	True	categorical_change		ppat.1013859.s006.xlsx:ERS16091924	https://pmc.ncbi.nlm.nih.gov/articles/PMC12810914/
train	PRJEB63361	SAMEA114111200	isolation_source	clinical material	Rectal swab	True	categorical_change		ppat.1013859.s006.xlsx:ERS16091925	https://pmc.ncbi.nlm.nih.gov/articles/PMC12810914/
train	PRJEB63361	SAMEA114111201	isolation_source	clinical material	Rectal swab	True	categorical_change		ppat.1013859.s006.xlsx:ERS16091926	https://pmc.ncbi.nlm.nih.gov/articles/PMC12810914/
train	PRJEB63361	SAMEA114111202	isolation_source	clinical material	Rectal swab	True	categorical_change		ppat.1013859.s006.xlsx:ERS16091927	https://pmc.ncbi.nlm.nih.gov/articles/PMC12810914/
train	PRJEB63361	SAMEA114111203	isolation_source	clinical material	Stool	True	categorical_change		ppat.1013859.s006.xlsx:ERS16091928	https://pmc.ncbi.nlm.nih.gov/articles/PMC12810914/
train	PRJEB63361	SAMEA114111204	isolation_source	clinical material	Rectal swab	True	categorical_change		ppat.1013859.s006.xlsx:ERS16091929	https://pmc.ncbi.nlm.nih.gov/articles/PMC12810914/
train	PRJEB63361	SAMEA114111205	isolation_source	clinical material	Rectal swab	True	categorical_change		ppat.1013859.s006.xlsx:ERS16091930	https://pmc.ncbi.nlm.nih.gov/articles/PMC12810914/
train	PRJEB63361	SAMEA114111206	isolation_source	clinical material	Rectal swab	True	categorical_change		ppat.1013859.s006.xlsx:ERS16091931	https://pmc.ncbi.nlm.nih.gov/articles/PMC12810914/
train	PRJEB63361	SAMEA114111207	isolation_source	clinical material	Sputum	True	categorical_change		ppat.1013859.s006.xlsx:ERS16091932	https://pmc.ncbi.nlm.nih.gov/articles/PMC12810914/
train	PRJEB63361	SAMEA114111208	isolation_source	clinical material	Rectal swab	True	categorical_change		ppat.1013859.s006.xlsx:ERS16091933	https://pmc.ncbi.nlm.nih.gov/articles/PMC12810914/
train	PRJEB63361	SAMEA114111209	isolation_source	clinical material	Rectal swab	True	categorical_change		ppat.1013859.s006.xlsx:ERS16091934	https://pmc.ncbi.nlm.nih.gov/articles/PMC12810914/
train	PRJEB63361	SAMEA114111210	isolation_source	clinical material	Rectal swab	True	categorical_change		ppat.1013859.s006.xlsx:ERS16091935	https://pmc.ncbi.nlm.nih.gov/articles/PMC12810914/
train	PRJEB63361	SAMEA114111211	isolation_source	clinical material	Rectal swab	True	categorical_change		ppat.1013859.s006.xlsx:ERS16091936	https://pmc.ncbi.nlm.nih.gov/articles/PMC12810914/
train	PRJEB63361	SAMEA114111212	isolation_source	clinical material	Rectal swab	True	categorical_change		ppat.1013859.s006.xlsx:ERS16091937	https://pmc.ncbi.nlm.nih.gov/articles/PMC12810914/
train	PRJEB63361	SAMEA114111213	isolation_source	clinical material	Rectal swab	True	categorical_change		ppat.1013859.s006.xlsx:ERS16091938	https://pmc.ncbi.nlm.nih.gov/articles/PMC12810914/
train	PRJEB63361	SAMEA114111214	isolation_source	clinical material	Rectal swab	True	categorical_change		ppat.1013859.s006.xlsx:ERS16091939	https://pmc.ncbi.nlm.nih.gov/articles/PMC12810914/
train	PRJEB63361	SAMEA114111215	isolation_source	clinical material	Urine	True	categorical_change		ppat.1013859.s006.xlsx:ERS16091940	https://pmc.ncbi.nlm.nih.gov/articles/PMC12810914/
train	PRJEB63361	SAMEA114111216	isolation_source	clinical material	Urine	True	categorical_change		ppat.1013859.s006.xlsx:ERS16091941	https://pmc.ncbi.nlm.nih.gov/articles/PMC12810914/
train	PRJEB63361	SAMEA114111217	isolation_source	clinical material	Rectal swab	True	categorical_change		ppat.1013859.s006.xlsx:ERS16091942	https://pmc.ncbi.nlm.nih.gov/articles/PMC12810914/
train	PRJEB63361	SAMEA114111218	isolation_source	clinical material	Rectal swab	True	categorical_change		ppat.1013859.s006.xlsx:ERS16091943	https://pmc.ncbi.nlm.nih.gov/articles/PMC12810914/
train	PRJEB63361	SAMEA114111219	isolation_source	clinical material	Rectal swab	True	categorical_change		ppat.1013859.s006.xlsx:ERS16091944	https://pmc.ncbi.nlm.nih.gov/articles/PMC12810914/
train	PRJEB63361	SAMEA114111220	isolation_source	clinical material	Stool	True	categorical_change		ppat.1013859.s006.xlsx:ERS16091945	https://pmc.ncbi.nlm.nih.gov/articles/PMC12810914/
train	PRJEB63361	SAMEA114111221	isolation_source	clinical material	Stool	True	categorical_change		ppat.1013859.s006.xlsx:ERS16091946	https://pmc.ncbi.nlm.nih.gov/articles/PMC12810914/
train	PRJEB63361	SAMEA114111222	isolation_source	clinical material	Stool	True	categorical_change		ppat.1013859.s006.xlsx:ERS16091947	https://pmc.ncbi.nlm.nih.gov/articles/PMC12810914/
train	PRJEB63361	SAMEA114111223	isolation_source	clinical material	Rectal swab	True	categorical_change		ppat.1013859.s006.xlsx:ERS16091948	https://pmc.ncbi.nlm.nih.gov/articles/PMC12810914/
train	PRJEB63361	SAMEA114111224	isolation_source	clinical material	Stool	True	categorical_change		ppat.1013859.s006.xlsx:ERS16091949	https://pmc.ncbi.nlm.nih.gov/articles/PMC12810914/
train	PRJEB63361	SAMEA114111225	isolation_source	clinical material	Urine	True	categorical_change		ppat.1013859.s006.xlsx:ERS16091950	https://pmc.ncbi.nlm.nih.gov/articles/PMC12810914/
train	PRJEB63361	SAMEA114111226	isolation_source	clinical material	Rectal swab	True	categorical_change		ppat.1013859.s006.xlsx:ERS16091951	https://pmc.ncbi.nlm.nih.gov/articles/PMC12810914/
train	PRJEB63361	SAMEA114111227	isolation_source	clinical material	Rectal swab	True	categorical_change		ppat.1013859.s006.xlsx:ERS16091952	https://pmc.ncbi.nlm.nih.gov/articles/PMC12810914/
train	PRJEB63361	SAMEA114111228	isolation_source	clinical material	Urine	True	categorical_change		ppat.1013859.s006.xlsx:ERS16091953	https://pmc.ncbi.nlm.nih.gov/articles/PMC12810914/
train	PRJEB63361	SAMEA114111229	isolation_source	clinical material	Wound swab	True	categorical_change		ppat.1013859.s006.xlsx:ERS16091954	https://pmc.ncbi.nlm.nih.gov/articles/PMC12810914/
train	PRJEB63361	SAMEA114111230	isolation_source	clinical material	Stool	True	categorical_change		ppat.1013859.s006.xlsx:ERS16091955	https://pmc.ncbi.nlm.nih.gov/articles/PMC12810914/
train	PRJEB63361	SAMEA114111231	isolation_source	clinical material	Stool	True	categorical_change		ppat.1013859.s006.xlsx:ERS16091956	https://pmc.ncbi.nlm.nih.gov/articles/PMC12810914/
train	PRJEB63361	SAMEA114111232	isolation_source	clinical material	Bronchial washing	True	categorical_change		ppat.1013859.s006.xlsx:ERS16091957	https://pmc.ncbi.nlm.nih.gov/articles/PMC12810914/
train	PRJEB63361	SAMEA114111233	isolation_source	clinical material	Tracheal aspirate	True	categorical_change		ppat.1013859.s006.xlsx:ERS16091958	https://pmc.ncbi.nlm.nih.gov/articles/PMC12810914/
train	PRJEB63361	SAMEA114111234	isolation_source	clinical material	Stool	True	categorical_change		ppat.1013859.s006.xlsx:ERS16091959	https://pmc.ncbi.nlm.nih.gov/articles/PMC12810914/
train	PRJEB63361	SAMEA114111235	isolation_source	clinical material	Urine	True	categorical_change		ppat.1013859.s006.xlsx:ERS16091960	https://pmc.ncbi.nlm.nih.gov/articles/PMC12810914/
train	PRJEB63361	SAMEA114111236	isolation_source	clinical material	Aspirate	True	categorical_change		ppat.1013859.s006.xlsx:ERS16091961	https://pmc.ncbi.nlm.nih.gov/articles/PMC12810914/
train	PRJEB63361	SAMEA114111237	isolation_source	clinical material	Rectal swab	True	categorical_change		ppat.1013859.s006.xlsx:ERS16091962	https://pmc.ncbi.nlm.nih.gov/articles/PMC12810914/
train	PRJEB63361	SAMEA114111238	isolation_source	clinical material	Rectal swab	True	categorical_change		ppat.1013859.s006.xlsx:ERS16091963	https://pmc.ncbi.nlm.nih.gov/articles/PMC12810914/
train	PRJEB63361	SAMEA114111239	isolation_source	clinical material	Stool	True	categorical_change		ppat.1013859.s006.xlsx:ERS16091964	https://pmc.ncbi.nlm.nih.gov/articles/PMC12810914/
train	PRJEB63361	SAMEA114111240	isolation_source	clinical material	Blood culture	True	categorical_change		ppat.1013859.s006.xlsx:ERS16091965	https://pmc.ncbi.nlm.nih.gov/articles/PMC12810914/
train	PRJEB63361	SAMEA114111241	isolation_source	clinical material	Urine	True	categorical_change		ppat.1013859.s006.xlsx:ERS16091966	https://pmc.ncbi.nlm.nih.gov/articles/PMC12810914/
train	PRJEB63361	SAMEA114111242	isolation_source	clinical material	Urine	True	categorical_change		ppat.1013859.s006.xlsx:ERS16091967	https://pmc.ncbi.nlm.nih.gov/articles/PMC12810914/
train	PRJEB63361	SAMEA114111243	isolation_source	clinical material	Intravenous catheter tip	True	categorical_change		ppat.1013859.s006.xlsx:ERS16091968	https://pmc.ncbi.nlm.nih.gov/articles/PMC12810914/
train	PRJEB63361	SAMEA114111244	isolation_source	clinical material	Rectal swab	True	categorical_change		ppat.1013859.s006.xlsx:ERS16091969	https://pmc.ncbi.nlm.nih.gov/articles/PMC12810914/
train	PRJEB63361	SAMEA114111245	isolation_source	clinical material	Urine	True	categorical_change		ppat.1013859.s006.xlsx:ERS16091970	https://pmc.ncbi.nlm.nih.gov/articles/PMC12810914/
train	PRJEB63361	SAMEA114111246	isolation_source	clinical material	Tracheal aspirate	True	categorical_change		ppat.1013859.s006.xlsx:ERS16091971	https://pmc.ncbi.nlm.nih.gov/articles/PMC12810914/
train	PRJEB63361	SAMEA114111247	isolation_source	clinical material	Stool	True	categorical_change		ppat.1013859.s006.xlsx:ERS16091972	https://pmc.ncbi.nlm.nih.gov/articles/PMC12810914/
train	PRJEB63361	SAMEA114111248	isolation_source	clinical material	Stool	True	categorical_change		ppat.1013859.s006.xlsx:ERS16091973	https://pmc.ncbi.nlm.nih.gov/articles/PMC12810914/
train	PRJEB63361	SAMEA114111249	isolation_source	clinical material	Blood culture	True	categorical_change		ppat.1013859.s006.xlsx:ERS16091974	https://pmc.ncbi.nlm.nih.gov/articles/PMC12810914/
train	PRJEB63361	SAMEA114111250	isolation_source	clinical material	Rectal swab	True	categorical_change		ppat.1013859.s006.xlsx:ERS16091975	https://pmc.ncbi.nlm.nih.gov/articles/PMC12810914/
train	PRJEB63361	SAMEA114111251	isolation_source	clinical material	Stool	True	categorical_change		ppat.1013859.s006.xlsx:ERS16091976	https://pmc.ncbi.nlm.nih.gov/articles/PMC12810914/
train	PRJEB63361	SAMEA114111252	isolation_source	clinical material	Rectal swab	True	categorical_change		ppat.1013859.s006.xlsx:ERS16091977	https://pmc.ncbi.nlm.nih.gov/articles/PMC12810914/
train	PRJEB63361	SAMEA114111253	isolation_source	clinical material	Rectal swab	True	categorical_change		ppat.1013859.s006.xlsx:ERS16091978	https://pmc.ncbi.nlm.nih.gov/articles/PMC12810914/
train	PRJEB63361	SAMEA114111254	isolation_source	clinical material	Tracheal aspirate	True	categorical_change		ppat.1013859.s006.xlsx:ERS16091979	https://pmc.ncbi.nlm.nih.gov/articles/PMC12810914/
train	PRJEB63361	SAMEA114111255	isolation_source	clinical material	Blood culture	True	categorical_change		ppat.1013859.s006.xlsx:ERS16091980	https://pmc.ncbi.nlm.nih.gov/articles/PMC12810914/
train	PRJEB63361	SAMEA114111256	isolation_source	clinical material	Tissue	True	categorical_change		ppat.1013859.s006.xlsx:ERS16091981	https://pmc.ncbi.nlm.nih.gov/articles/PMC12810914/
train	PRJEB63361	SAMEA114111257	isolation_source	clinical material	Blood culture	True	categorical_change		ppat.1013859.s006.xlsx:ERS16091982	https://pmc.ncbi.nlm.nih.gov/articles/PMC12810914/
train	PRJEB63361	SAMEA114111258	isolation_source	clinical material	Tracheal aspirate	True	categorical_change		ppat.1013859.s006.xlsx:ERS16091983	https://pmc.ncbi.nlm.nih.gov/articles/PMC12810914/
train	PRJEB63361	SAMEA114111259	isolation_source	clinical material	Rectal swab	True	categorical_change		ppat.1013859.s006.xlsx:ERS16091984	https://pmc.ncbi.nlm.nih.gov/articles/PMC12810914/
train	PRJEB63361	SAMEA114111260	isolation_source	clinical material	Rectal swab	True	categorical_change		ppat.1013859.s006.xlsx:ERS16091985	https://pmc.ncbi.nlm.nih.gov/articles/PMC12810914/
train	PRJEB63361	SAMEA114111261	isolation_source	clinical material	Rectal swab	True	categorical_change		ppat.1013859.s006.xlsx:ERS16091986	https://pmc.ncbi.nlm.nih.gov/articles/PMC12810914/
train	PRJEB63361	SAMEA114111262	isolation_source	clinical material	Rectal swab	True	categorical_change		ppat.1013859.s006.xlsx:ERS16091987	https://pmc.ncbi.nlm.nih.gov/articles/PMC12810914/
train	PRJEB63361	SAMEA114111263	isolation_source	clinical material	Tracheal aspirate	True	categorical_change		ppat.1013859.s006.xlsx:ERS16091988	https://pmc.ncbi.nlm.nih.gov/articles/PMC12810914/
train	PRJEB63361	SAMEA114111264	isolation_source	clinical material	Rectal swab	True	categorical_change		ppat.1013859.s006.xlsx:ERS16091989	https://pmc.ncbi.nlm.nih.gov/articles/PMC12810914/
train	PRJEB63361	SAMEA114111265	isolation_source	clinical material	Sputum	True	categorical_change		ppat.1013859.s006.xlsx:ERS16091990	https://pmc.ncbi.nlm.nih.gov/articles/PMC12810914/
train	PRJEB63361	SAMEA114111266	isolation_source	clinical material	Tracheal aspirate	True	categorical_change		ppat.1013859.s006.xlsx:ERS16091991	https://pmc.ncbi.nlm.nih.gov/articles/PMC12810914/
train	PRJEB63361	SAMEA114111267	isolation_source	clinical material	Bronchial washing	True	categorical_change		ppat.1013859.s006.xlsx:ERS16091992	https://pmc.ncbi.nlm.nih.gov/articles/PMC12810914/
train	PRJEB63361	SAMEA114111268	isolation_source	clinical material	Urine	True	categorical_change		ppat.1013859.s006.xlsx:ERS16091993	https://pmc.ncbi.nlm.nih.gov/articles/PMC12810914/
train	PRJEB63361	SAMEA114111269	isolation_source	clinical material	Urine	True	categorical_change		ppat.1013859.s006.xlsx:ERS16091994	https://pmc.ncbi.nlm.nih.gov/articles/PMC12810914/
train	PRJEB63361	SAMEA114111270	isolation_source	clinical material	Urine	True	categorical_change		ppat.1013859.s006.xlsx:ERS16091995	https://pmc.ncbi.nlm.nih.gov/articles/PMC12810914/
train	PRJEB63361	SAMEA114111271	isolation_source	clinical material	Urine	True	categorical_change		ppat.1013859.s006.xlsx:ERS16091996	https://pmc.ncbi.nlm.nih.gov/articles/PMC12810914/
train	PRJEB63361	SAMEA114111272	isolation_source	clinical material	Rectal swab	True	categorical_change		ppat.1013859.s006.xlsx:ERS16091997	https://pmc.ncbi.nlm.nih.gov/articles/PMC12810914/
train	PRJEB63361	SAMEA114111273	isolation_source	clinical material	Rectal swab	True	categorical_change		ppat.1013859.s006.xlsx:ERS16091998	https://pmc.ncbi.nlm.nih.gov/articles/PMC12810914/
train	PRJEB63361	SAMEA114111274	isolation_source	clinical material	Rectal swab	True	categorical_change		ppat.1013859.s006.xlsx:ERS16091999	https://pmc.ncbi.nlm.nih.gov/articles/PMC12810914/
train	PRJEB63361	SAMEA114111275	isolation_source	clinical material	Rectal swab	True	categorical_change		ppat.1013859.s006.xlsx:ERS16092000	https://pmc.ncbi.nlm.nih.gov/articles/PMC12810914/
train	PRJEB63361	SAMEA114111276	isolation_source	clinical material	Rectal swab	True	categorical_change		ppat.1013859.s006.xlsx:ERS16092001	https://pmc.ncbi.nlm.nih.gov/articles/PMC12810914/
train	PRJEB63361	SAMEA114111277	isolation_source	clinical material	Stool	True	categorical_change		ppat.1013859.s006.xlsx:ERS16092002	https://pmc.ncbi.nlm.nih.gov/articles/PMC12810914/
train	PRJEB63361	SAMEA114111278	isolation_source	clinical material	Rectal swab	True	categorical_change		ppat.1013859.s006.xlsx:ERS16092003	https://pmc.ncbi.nlm.nih.gov/articles/PMC12810914/
train	PRJEB63361	SAMEA114111279	isolation_source	clinical material	Stool	True	categorical_change		ppat.1013859.s006.xlsx:ERS16092004	https://pmc.ncbi.nlm.nih.gov/articles/PMC12810914/
train	PRJEB63361	SAMEA114111280	isolation_source	clinical material	Urine	True	categorical_change		ppat.1013859.s006.xlsx:ERS16092005	https://pmc.ncbi.nlm.nih.gov/articles/PMC12810914/
train	PRJEB63361	SAMEA114111281	isolation_source	clinical material	Rectal swab	True	categorical_change		ppat.1013859.s006.xlsx:ERS16092006	https://pmc.ncbi.nlm.nih.gov/articles/PMC12810914/
train	PRJEB63361	SAMEA114111282	isolation_source	clinical material	Superficial swab	True	categorical_change		ppat.1013859.s006.xlsx:ERS16092007	https://pmc.ncbi.nlm.nih.gov/articles/PMC12810914/
train	PRJEB63361	SAMEA114111283	isolation_source	clinical material	Blood culture	True	categorical_change		ppat.1013859.s006.xlsx:ERS16092008	https://pmc.ncbi.nlm.nih.gov/articles/PMC12810914/
train	PRJEB63361	SAMEA114111284	isolation_source	clinical material	Tissue	True	categorical_change		ppat.1013859.s006.xlsx:ERS16092009	https://pmc.ncbi.nlm.nih.gov/articles/PMC12810914/
train	PRJEB63361	SAMEA114111285	isolation_source	clinical material	Urine	True	categorical_change		ppat.1013859.s006.xlsx:ERS16092010	https://pmc.ncbi.nlm.nih.gov/articles/PMC12810914/
train	PRJEB63361	SAMEA114111286	isolation_source	clinical material	Superficial swab	True	categorical_change		ppat.1013859.s006.xlsx:ERS16092011	https://pmc.ncbi.nlm.nih.gov/articles/PMC12810914/
train	PRJEB63361	SAMEA114111287	isolation_source	clinical material	Aspirate	True	categorical_change		ppat.1013859.s006.xlsx:ERS16092012	https://pmc.ncbi.nlm.nih.gov/articles/PMC12810914/
train	PRJEB63361	SAMEA114111288	isolation_source	clinical material	Blood culture	True	categorical_change		ppat.1013859.s006.xlsx:ERS16092013	https://pmc.ncbi.nlm.nih.gov/articles/PMC12810914/
train	PRJEB63361	SAMEA114111289	isolation_source	clinical material	Blood culture	True	categorical_change		ppat.1013859.s006.xlsx:ERS16092014	https://pmc.ncbi.nlm.nih.gov/articles/PMC12810914/
train	PRJEB63361	SAMEA114111290	isolation_source	clinical material	Urine	True	categorical_change		ppat.1013859.s006.xlsx:ERS16092015	https://pmc.ncbi.nlm.nih.gov/articles/PMC12810914/
train	PRJEB63361	SAMEA114111291	isolation_source	clinical material	Tracheal aspirate	True	categorical_change		ppat.1013859.s006.xlsx:ERS16092016	https://pmc.ncbi.nlm.nih.gov/articles/PMC12810914/
train	PRJEB63361	SAMEA114111292	isolation_source	clinical material	Stool	True	categorical_change		ppat.1013859.s006.xlsx:ERS16092017	https://pmc.ncbi.nlm.nih.gov/articles/PMC12810914/
train	PRJEB63361	SAMEA114111293	isolation_source	clinical material	Rectal swab	True	categorical_change		ppat.1013859.s006.xlsx:ERS16092018	https://pmc.ncbi.nlm.nih.gov/articles/PMC12810914/
train	PRJEB63361	SAMEA114111294	isolation_source	clinical material	Tracheal aspirate	True	categorical_change		ppat.1013859.s006.xlsx:ERS16092019	https://pmc.ncbi.nlm.nih.gov/articles/PMC12810914/
train	PRJEB63361	SAMEA114111295	isolation_source	clinical material	Stool	True	categorical_change		ppat.1013859.s006.xlsx:ERS16092020	https://pmc.ncbi.nlm.nih.gov/articles/PMC12810914/
train	PRJEB63361	SAMEA114111296	isolation_source	clinical material	Urine	True	categorical_change		ppat.1013859.s006.xlsx:ERS16092021	https://pmc.ncbi.nlm.nih.gov/articles/PMC12810914/
train	PRJEB63361	SAMEA114111297	isolation_source	clinical material	Blood culture	True	categorical_change		ppat.1013859.s006.xlsx:ERS16092022	https://pmc.ncbi.nlm.nih.gov/articles/PMC12810914/
train	PRJEB63361	SAMEA114111298	isolation_source	clinical material	Blood culture	True	categorical_change		ppat.1013859.s006.xlsx:ERS16092023	https://pmc.ncbi.nlm.nih.gov/articles/PMC12810914/
train	PRJEB63361	SAMEA114111299	isolation_source	clinical material	Blood culture	True	categorical_change		ppat.1013859.s006.xlsx:ERS16092024	https://pmc.ncbi.nlm.nih.gov/articles/PMC12810914/
train	PRJEB63361	SAMEA114111300	isolation_source	clinical material	Urine	True	categorical_change		ppat.1013859.s006.xlsx:ERS16092025	https://pmc.ncbi.nlm.nih.gov/articles/PMC12810914/
train	PRJEB63361	SAMEA114111301	isolation_source	clinical material	Urine	True	categorical_change		ppat.1013859.s006.xlsx:ERS16092026	https://pmc.ncbi.nlm.nih.gov/articles/PMC12810914/
train	PRJEB63361	SAMEA114111302	isolation_source	clinical material	Urine	True	categorical_change		ppat.1013859.s006.xlsx:ERS16092027	https://pmc.ncbi.nlm.nih.gov/articles/PMC12810914/
train	PRJEB63361	SAMEA114111303	isolation_source	clinical material	Blood culture	True	categorical_change		ppat.1013859.s006.xlsx:ERS16092028	https://pmc.ncbi.nlm.nih.gov/articles/PMC12810914/
train	PRJEB63361	SAMEA114111304	isolation_source	clinical material	Tissue	True	categorical_change		ppat.1013859.s006.xlsx:ERS16092029	https://pmc.ncbi.nlm.nih.gov/articles/PMC12810914/
train	PRJEB63361	SAMEA114111305	isolation_source	clinical material	Abscess	True	categorical_change		ppat.1013859.s006.xlsx:ERS16092030	https://pmc.ncbi.nlm.nih.gov/articles/PMC12810914/
train	PRJEB63361	SAMEA114111306	isolation_source	clinical material	Rectal swab	True	categorical_change		ppat.1013859.s006.xlsx:ERS16092031	https://pmc.ncbi.nlm.nih.gov/articles/PMC12810914/
train	PRJEB63361	SAMEA114111307	isolation_source	clinical material	Rectal swab	True	categorical_change		ppat.1013859.s006.xlsx:ERS16092032	https://pmc.ncbi.nlm.nih.gov/articles/PMC12810914/
train	PRJEB63361	SAMEA114111308	isolation_source	clinical material	Tissue	True	categorical_change		ppat.1013859.s006.xlsx:ERS16092033	https://pmc.ncbi.nlm.nih.gov/articles/PMC12810914/
train	PRJEB63361	SAMEA114111309	isolation_source	clinical material	Tissue	True	categorical_change		ppat.1013859.s006.xlsx:ERS16092034	https://pmc.ncbi.nlm.nih.gov/articles/PMC12810914/
train	PRJEB63361	SAMEA114111310	isolation_source	clinical material	Tissue	True	categorical_change		ppat.1013859.s006.xlsx:ERS16092035	https://pmc.ncbi.nlm.nih.gov/articles/PMC12810914/
train	PRJEB63361	SAMEA114111311	isolation_source	clinical material	Tissue	True	categorical_change		ppat.1013859.s006.xlsx:ERS16092036	https://pmc.ncbi.nlm.nih.gov/articles/PMC12810914/
train	PRJEB63361	SAMEA114111312	isolation_source	clinical material	Tissue	True	categorical_change		ppat.1013859.s006.xlsx:ERS16092037	https://pmc.ncbi.nlm.nih.gov/articles/PMC12810914/
train	PRJEB63361	SAMEA114111313	isolation_source	clinical material	Tissue	True	categorical_change		ppat.1013859.s006.xlsx:ERS16092038	https://pmc.ncbi.nlm.nih.gov/articles/PMC12810914/
train	PRJEB63361	SAMEA114111314	isolation_source	clinical material	Rectal swab	True	categorical_change		ppat.1013859.s006.xlsx:ERS16092039	https://pmc.ncbi.nlm.nih.gov/articles/PMC12810914/
train	PRJEB63361	SAMEA114111315	isolation_source	clinical material	Rectal swab	True	categorical_change		ppat.1013859.s006.xlsx:ERS16092040	https://pmc.ncbi.nlm.nih.gov/articles/PMC12810914/
train	PRJEB63361	SAMEA114111316	isolation_source	clinical material	Tissue	True	categorical_change		ppat.1013859.s006.xlsx:ERS16092041	https://pmc.ncbi.nlm.nih.gov/articles/PMC12810914/
train	PRJEB63361	SAMEA114111317	isolation_source	clinical material	Intravenous catheter tip	True	categorical_change		ppat.1013859.s006.xlsx:ERS16092042	https://pmc.ncbi.nlm.nih.gov/articles/PMC12810914/
train	PRJEB63361	SAMEA114111318	isolation_source	clinical material	Abscess	True	categorical_change		ppat.1013859.s006.xlsx:ERS16092043	https://pmc.ncbi.nlm.nih.gov/articles/PMC12810914/
train	PRJEB63361	SAMEA114111319	isolation_source	clinical material	Blood culture	True	categorical_change		ppat.1013859.s006.xlsx:ERS16092044	https://pmc.ncbi.nlm.nih.gov/articles/PMC12810914/
train	PRJEB63361	SAMEA114111320	isolation_source	clinical material	Intravenous catheter tip	True	categorical_change		ppat.1013859.s006.xlsx:ERS16092045	https://pmc.ncbi.nlm.nih.gov/articles/PMC12810914/
train	PRJEB63361	SAMEA114111321	isolation_source	clinical material	Respiratory tract aspirate	True	categorical_change		ppat.1013859.s006.xlsx:ERS16092046	https://pmc.ncbi.nlm.nih.gov/articles/PMC12810914/
train	PRJEB63361	SAMEA114111322	isolation_source	clinical material	Rectal swab	True	categorical_change		ppat.1013859.s006.xlsx:ERS16092047	https://pmc.ncbi.nlm.nih.gov/articles/PMC12810914/
train	PRJEB6891	SAMEA3357401	collection_date	2014-02	17/02/14	True	date_unparsed	date_unparsed	PRJEB6891.csv:ERR1023683	https://pmc.ncbi.nlm.nih.gov/articles/PMC5850561/
test	PRJEB1271	SAMEA2053953	collection_date	1800/2014	2007	True	date_year_changed	year_changed	13059_2019_1785_MOESM2_ESM.xlsx:9776_8#80	https://pmc.ncbi.nlm.nih.gov/articles/PMC6717969/
test	PRJEB34643	SAMEA11291338	collection_date	2018	2018-12-17 00:00:00	True	date_same_year_refinement		spectrum02376-21_supp_1_seq6.xlsx:MVK-04F001	https://pmc.ncbi.nlm.nih.gov/articles/PMC8865463/
test	PRJEB34643	SAMEA11291339	collection_date	2018	2018-12-17 00:00:00	True	date_same_year_refinement		spectrum02376-21_supp_1_seq6.xlsx:MVK-04F002	https://pmc.ncbi.nlm.nih.gov/articles/PMC8865463/
test	PRJEB34643	SAMEA11291340	collection_date	2019	2019-04-09 00:00:00	True	date_same_year_refinement		spectrum02376-21_supp_1_seq6.xlsx:MVK-04F004	https://pmc.ncbi.nlm.nih.gov/articles/PMC8865463/
test	PRJEB34643	SAMEA11291341	collection_date	2019	2019-04-15 00:00:00	True	date_same_year_refinement		spectrum02376-21_supp_1_seq6.xlsx:MVK-04F005	https://pmc.ncbi.nlm.nih.gov/articles/PMC8865463/
test	PRJEB34643	SAMEA11291342	collection_date	2019	2019-04-15 00:00:00	True	date_same_year_refinement		spectrum02376-21_supp_1_seq6.xlsx:MVK-04F006	https://pmc.ncbi.nlm.nih.gov/articles/PMC8865463/
test	PRJEB34643	SAMEA11291343	collection_date	2019	2019-04-30 00:00:00	True	date_same_year_refinement		spectrum02376-21_supp_1_seq6.xlsx:MVK-04F007	https://pmc.ncbi.nlm.nih.gov/articles/PMC8865463/
test	PRJEB34643	SAMEA11291344	collection_date	2019	2019-04-30 00:00:00	True	date_same_year_refinement		spectrum02376-21_supp_1_seq6.xlsx:MVK-04F008	https://pmc.ncbi.nlm.nih.gov/articles/PMC8865463/
test	PRJEB34643	SAMEA11291345	collection_date	2019	2019-05-07 00:00:00	True	date_same_year_refinement		spectrum02376-21_supp_1_seq6.xlsx:MVK-04F009	https://pmc.ncbi.nlm.nih.gov/articles/PMC8865463/
test	PRJEB34643	SAMEA11291347	collection_date	2019	2019-05-14 00:00:00	True	date_same_year_refinement		spectrum02376-21_supp_1_seq6.xlsx:MVK-04F011	https://pmc.ncbi.nlm.nih.gov/articles/PMC8865463/
test	PRJEB34643	SAMEA11291349	collection_date	2019	2019-05-14 00:00:00	True	date_same_year_refinement		spectrum02376-21_supp_1_seq6.xlsx:MVK-04F013	https://pmc.ncbi.nlm.nih.gov/articles/PMC8865463/
test	PRJEB34643	SAMEA11291354	collection_date	2019	2019-05-20 00:00:00	True	date_same_year_refinement		spectrum02376-21_supp_1_seq6.xlsx:MVK-04F018	https://pmc.ncbi.nlm.nih.gov/articles/PMC8865463/
test	PRJEB34643	SAMEA11291355	collection_date	2019	2019-06-11 00:00:00	True	date_same_year_refinement		spectrum02376-21_supp_1_seq6.xlsx:MVK-04F019	https://pmc.ncbi.nlm.nih.gov/articles/PMC8865463/
test	PRJEB34643	SAMEA11291357	collection_date	2019	2019-06-11 00:00:00	True	date_same_year_refinement		spectrum02376-21_supp_1_seq6.xlsx:MVK-04F021	https://pmc.ncbi.nlm.nih.gov/articles/PMC8865463/
test	PRJEB34643	SAMEA11291358	collection_date	2019	2019-06-18 00:00:00	True	date_same_year_refinement		spectrum02376-21_supp_1_seq6.xlsx:MVK-04F022	https://pmc.ncbi.nlm.nih.gov/articles/PMC8865463/
test	PRJEB34643	SAMEA11291362	collection_date	2019	2019-06-24 00:00:00	True	date_same_year_refinement		spectrum02376-21_supp_1_seq6.xlsx:MVK-04F027	https://pmc.ncbi.nlm.nih.gov/articles/PMC8865463/
test	PRJEB34643	SAMEA11291364	collection_date	2019	2019-07-23 00:00:00	True	date_same_year_refinement		spectrum02376-21_supp_1_seq6.xlsx:MVK-04F029	https://pmc.ncbi.nlm.nih.gov/articles/PMC8865463/
test	PRJEB34643	SAMEA11291366	collection_date	2019	2019-07-23 00:00:00	True	date_same_year_refinement		spectrum02376-21_supp_1_seq6.xlsx:MVK-04F031	https://pmc.ncbi.nlm.nih.gov/articles/PMC8865463/
test	PRJEB34643	SAMEA11291367	collection_date	2019	2019-07-29 00:00:00	True	date_same_year_refinement		spectrum02376-21_supp_1_seq6.xlsx:MVK-04F032	https://pmc.ncbi.nlm.nih.gov/articles/PMC8865463/
test	PRJEB34643	SAMEA11291368	collection_date	2019	2019-07-29 00:00:00	True	date_same_year_refinement		spectrum02376-21_supp_1_seq6.xlsx:MVK-04F035	https://pmc.ncbi.nlm.nih.gov/articles/PMC8865463/
test	PRJEB34643	SAMEA11291370	collection_date	2019	2019-08-06 00:00:00	True	date_same_year_refinement		spectrum02376-21_supp_1_seq6.xlsx:MVK-04F037	https://pmc.ncbi.nlm.nih.gov/articles/PMC8865463/
test	PRJEB34643	SAMEA11291373	collection_date	2019	2019-08-06 00:00:00	True	date_same_year_refinement		spectrum02376-21_supp_1_seq6.xlsx:MVK-04F041	https://pmc.ncbi.nlm.nih.gov/articles/PMC8865463/
test	PRJEB34643	SAMEA11291375	collection_date	2019	2019-08-06 00:00:00	True	date_same_year_refinement		spectrum02376-21_supp_1_seq6.xlsx:MVK-04F043	https://pmc.ncbi.nlm.nih.gov/articles/PMC8865463/
test	PRJEB34643	SAMEA11291379	collection_date	2019	2019-08-06 00:00:00	True	date_same_year_refinement		spectrum02376-21_supp_1_seq6.xlsx:MVK-04F047	https://pmc.ncbi.nlm.nih.gov/articles/PMC8865463/
test	PRJEB34643	SAMEA11291383	collection_date	2019	2019-09-03 00:00:00	True	date_same_year_refinement		spectrum02376-21_supp_1_seq6.xlsx:MVK-04F051	https://pmc.ncbi.nlm.nih.gov/articles/PMC8865463/
test	PRJEB34643	SAMEA11291385	collection_date	2019	2019-09-03 00:00:00	True	date_same_year_refinement		spectrum02376-21_supp_1_seq6.xlsx:MVK-04F053	https://pmc.ncbi.nlm.nih.gov/articles/PMC8865463/
test	PRJEB34643	SAMEA11291387	collection_date	2019	2019-09-03 00:00:00	True	date_same_year_refinement		spectrum02376-21_supp_1_seq6.xlsx:MVK-04F055	https://pmc.ncbi.nlm.nih.gov/articles/PMC8865463/
test	PRJEB34643	SAMEA11291388	collection_date	2019	2019-09-10 00:00:00	True	date_same_year_refinement		spectrum02376-21_supp_1_seq6.xlsx:MVK-04F056	https://pmc.ncbi.nlm.nih.gov/articles/PMC8865463/
test	PRJEB34643	SAMEA11291390	collection_date	2019	2019-07-25 00:00:00	True	date_same_year_refinement		spectrum02376-21_supp_1_seq6.xlsx:MVK-05F561	https://pmc.ncbi.nlm.nih.gov/articles/PMC8865463/
test	PRJEB34643	SAMEA11291391	collection_date	2019	2019-07-25 00:00:00	True	date_same_year_refinement		spectrum02376-21_supp_1_seq6.xlsx:MVK-05F565	https://pmc.ncbi.nlm.nih.gov/articles/PMC8865463/
test	PRJEB34643	SAMEA11291392	collection_date	2019	2019-07-31 00:00:00	True	date_same_year_refinement		spectrum02376-21_supp_1_seq6.xlsx:MVK-05F569	https://pmc.ncbi.nlm.nih.gov/articles/PMC8865463/
test	PRJEB34643	SAMEA11291393	collection_date	2019	2019-07-31 00:00:00	True	date_same_year_refinement		spectrum02376-21_supp_1_seq6.xlsx:MVK-05F573	https://pmc.ncbi.nlm.nih.gov/articles/PMC8865463/
test	PRJEB34643	SAMEA11291394	collection_date	2019	2019-09-04 00:00:00	True	date_same_year_refinement		spectrum02376-21_supp_1_seq6.xlsx:MVK-05F575	https://pmc.ncbi.nlm.nih.gov/articles/PMC8865463/
test	PRJEB34643	SAMEA11291395	collection_date	2019	2019-09-04 00:00:00	True	date_same_year_refinement		spectrum02376-21_supp_1_seq6.xlsx:MVK-05F576	https://pmc.ncbi.nlm.nih.gov/articles/PMC8865463/
test	PRJEB34643	SAMEA11291396	collection_date	2019	2019-09-18 00:00:00	True	date_same_year_refinement		spectrum02376-21_supp_1_seq6.xlsx:MVK-05F579	https://pmc.ncbi.nlm.nih.gov/articles/PMC8865463/
test	PRJEB34643	SAMEA11291397	collection_date	2019	2019-09-25 00:00:00	True	date_same_year_refinement		spectrum02376-21_supp_1_seq6.xlsx:MVK-05F585	https://pmc.ncbi.nlm.nih.gov/articles/PMC8865463/
test	PRJEB34643	SAMEA11291398	collection_date	2019	2019-09-25 00:00:00	True	date_same_year_refinement		spectrum02376-21_supp_1_seq6.xlsx:MVK-05F587	https://pmc.ncbi.nlm.nih.gov/articles/PMC8865463/
test	PRJEB34643	SAMEA11291399	collection_date	2019	2019-09-25 00:00:00	True	date_same_year_refinement		spectrum02376-21_supp_1_seq6.xlsx:MVK-05F589	https://pmc.ncbi.nlm.nih.gov/articles/PMC8865463/
test	PRJEB34643	SAMEA11291400	collection_date	2019	2019-09-25 00:00:00	True	date_same_year_refinement		spectrum02376-21_supp_1_seq6.xlsx:MVK-05F591	https://pmc.ncbi.nlm.nih.gov/articles/PMC8865463/
test	PRJEB34643	SAMEA11291401	collection_date	2019	2019-09-25 00:00:00	True	date_same_year_refinement		spectrum02376-21_supp_1_seq6.xlsx:MVK-05F593	https://pmc.ncbi.nlm.nih.gov/articles/PMC8865463/
test	PRJEB34643	SAMEA11291402	collection_date	2019	2019-09-25 00:00:00	True	date_same_year_refinement		spectrum02376-21_supp_1_seq6.xlsx:MVK-05F595	https://pmc.ncbi.nlm.nih.gov/articles/PMC8865463/
test	PRJEB34643	SAMEA11291403	collection_date	2019	2019-05-06 00:00:00	True	date_same_year_refinement		spectrum02376-21_supp_1_seq6.xlsx:MVK-05F523	https://pmc.ncbi.nlm.nih.gov/articles/PMC8865463/
test	PRJEB34643	SAMEA11291404	collection_date	2019	2019-07-25 00:00:00	True	date_same_year_refinement		spectrum02376-21_supp_1_seq6.xlsx:MVK-05F559	https://pmc.ncbi.nlm.nih.gov/articles/PMC8865463/
test	PRJEB34643	SAMEA11291405	collection_date	2019	2019-07-25 00:00:00	True	date_same_year_refinement		spectrum02376-21_supp_1_seq6.xlsx:MVK-05F563	https://pmc.ncbi.nlm.nih.gov/articles/PMC8865463/
test	PRJEB34643	SAMEA11291406	collection_date	2019	2019-07-31 00:00:00	True	date_same_year_refinement		spectrum02376-21_supp_1_seq6.xlsx:MVK-05F567	https://pmc.ncbi.nlm.nih.gov/articles/PMC8865463/
test	PRJEB34643	SAMEA11291407	collection_date	2019	2019-07-31 00:00:00	True	date_same_year_refinement		spectrum02376-21_supp_1_seq6.xlsx:MVK-05F571	https://pmc.ncbi.nlm.nih.gov/articles/PMC8865463/
test	PRJEB34643	SAMEA11291408	collection_date	2019	2019-06-18 00:00:00	True	date_same_year_refinement		spectrum02376-21_supp_1_seq6.xlsx:MVK-09F1081	https://pmc.ncbi.nlm.nih.gov/articles/PMC8865463/
test	PRJEB34643	SAMEA11291409	collection_date	2019	2019-06-18 00:00:00	True	date_same_year_refinement		spectrum02376-21_supp_1_seq6.xlsx:MVK-09F1093	https://pmc.ncbi.nlm.nih.gov/articles/PMC8865463/
test	PRJEB34643	SAMEA11291410	collection_date	2019	2019-06-18 00:00:00	True	date_same_year_refinement		spectrum02376-21_supp_1_seq6.xlsx:MVK-09F1077	https://pmc.ncbi.nlm.nih.gov/articles/PMC8865463/
test	PRJEB34643	SAMEA11291411	collection_date	2019	2019-06-20 00:00:00	True	date_same_year_refinement		spectrum02376-21_supp_1_seq6.xlsx:MVK-09F1111	https://pmc.ncbi.nlm.nih.gov/articles/PMC8865463/
test	PRJEB34643	SAMEA11291412	collection_date	2019	2019-06-28 00:00:00	True	date_same_year_refinement		spectrum02376-21_supp_1_seq6.xlsx:MVK-09F1135	https://pmc.ncbi.nlm.nih.gov/articles/PMC8865463/
test	PRJEB34643	SAMEA11291413	collection_date	2019	2019-06-28 00:00:00	True	date_same_year_refinement		spectrum02376-21_supp_1_seq6.xlsx:MVK-09F1138	https://pmc.ncbi.nlm.nih.gov/articles/PMC8865463/
test	PRJEB34643	SAMEA11291414	collection_date	2019	2019-07-11 00:00:00	True	date_same_year_refinement		spectrum02376-21_supp_1_seq6.xlsx:MVK-09F1165	https://pmc.ncbi.nlm.nih.gov/articles/PMC8865463/
test	PRJEB34643	SAMEA11291415	collection_date	2019	2019-07-11 00:00:00	True	date_same_year_refinement		spectrum02376-21_supp_1_seq6.xlsx:MVK-09F1171	https://pmc.ncbi.nlm.nih.gov/articles/PMC8865463/
test	PRJEB34643	SAMEA11291416	collection_date	2019	2019-07-11 00:00:00	True	date_same_year_refinement		spectrum02376-21_supp_1_seq6.xlsx:MVK-09F1177	https://pmc.ncbi.nlm.nih.gov/articles/PMC8865463/
test	PRJEB34643	SAMEA11291417	collection_date	2019	2019-07-11 00:00:00	True	date_same_year_refinement		spectrum02376-21_supp_1_seq6.xlsx:MVK-09F1183	https://pmc.ncbi.nlm.nih.gov/articles/PMC8865463/
test	PRJEB34643	SAMEA11291418	collection_date	2019	2019-07-16 00:00:00	True	date_same_year_refinement		spectrum02376-21_supp_1_seq6.xlsx:MVK-09F1201	https://pmc.ncbi.nlm.nih.gov/articles/PMC8865463/
test	PRJEB34643	SAMEA11291419	collection_date	2019	2019-07-17 00:00:00	True	date_same_year_refinement		spectrum02376-21_supp_1_seq6.xlsx:MVK-09F1243	https://pmc.ncbi.nlm.nih.gov/articles/PMC8865463/
test	PRJEB34643	SAMEA11291420	collection_date	2019	28/02/19	True	date_unparsed	date_unparsed	spectrum02376-21_supp_1_seq6.xlsx:MVK-09F642	https://pmc.ncbi.nlm.nih.gov/articles/PMC8865463/
test	PRJEB34643	SAMEA11291421	collection_date	2019	2019-03-20 00:00:00	True	date_same_year_refinement		spectrum02376-21_supp_1_seq6.xlsx:MVK-09F671	https://pmc.ncbi.nlm.nih.gov/articles/PMC8865463/
test	PRJEB34643	SAMEA11291422	collection_date	2019	2019-04-29 00:00:00	True	date_same_year_refinement		spectrum02376-21_supp_1_seq6.xlsx:MVK-09F916	https://pmc.ncbi.nlm.nih.gov/articles/PMC8865463/
test	PRJEB34643	SAMEA11291423	collection_date	2019	2019-03-05 00:00:00	True	date_same_year_refinement		spectrum02376-21_supp_1_seq6.xlsx:MVK-11F264	https://pmc.ncbi.nlm.nih.gov/articles/PMC8865463/
test	PRJEB34643	SAMEA11291424	collection_date	2019	2019-03-05 00:00:00	True	date_same_year_refinement		spectrum02376-21_supp_1_seq6.xlsx:MVK-11F265	https://pmc.ncbi.nlm.nih.gov/articles/PMC8865463/
test	PRJEB34643	SAMEA11291425	collection_date	2019	2019-03-11 00:00:00	True	date_same_year_refinement		spectrum02376-21_supp_1_seq6.xlsx:MVK-11F266	https://pmc.ncbi.nlm.nih.gov/articles/PMC8865463/
test	PRJEB34643	SAMEA11291426	collection_date	2019	2019-03-19 00:00:00	True	date_same_year_refinement		spectrum02376-21_supp_1_seq6.xlsx:MVK-11F268	https://pmc.ncbi.nlm.nih.gov/articles/PMC8865463/
test	PRJEB34643	SAMEA11291427	collection_date	2019	2019-04-15 00:00:00	True	date_same_year_refinement		spectrum02376-21_supp_1_seq6.xlsx:MVK-11F269	https://pmc.ncbi.nlm.nih.gov/articles/PMC8865463/
test	PRJEB34643	SAMEA11291428	collection_date	2019	2019-04-15 00:00:00	True	date_same_year_refinement		spectrum02376-21_supp_1_seq6.xlsx:MVK-11F270	https://pmc.ncbi.nlm.nih.gov/articles/PMC8865463/
test	PRJEB34643	SAMEA11291429	collection_date	2019	2019-04-15 00:00:00	True	date_same_year_refinement		spectrum02376-21_supp_1_seq6.xlsx:MVK-11F271	https://pmc.ncbi.nlm.nih.gov/articles/PMC8865463/
test	PRJEB34643	SAMEA11291430	collection_date	2019	2019-04-29 00:00:00	True	date_same_year_refinement		spectrum02376-21_supp_1_seq6.xlsx:MVK-11F272	https://pmc.ncbi.nlm.nih.gov/articles/PMC8865463/
test	PRJEB34643	SAMEA11291432	collection_date	2019	2019-05-07 00:00:00	True	date_same_year_refinement		spectrum02376-21_supp_1_seq6.xlsx:MVK-11F274	https://pmc.ncbi.nlm.nih.gov/articles/PMC8865463/
test	PRJEB34643	SAMEA11291433	collection_date	2019	2019-05-07 00:00:00	True	date_same_year_refinement		spectrum02376-21_supp_1_seq6.xlsx:MVK-11F276	https://pmc.ncbi.nlm.nih.gov/articles/PMC8865463/
test	PRJEB34643	SAMEA11291434	collection_date	2019	2019-05-07 00:00:00	True	date_same_year_refinement		spectrum02376-21_supp_1_seq6.xlsx:MVK-11F278	https://pmc.ncbi.nlm.nih.gov/articles/PMC8865463/
test	PRJEB34643	SAMEA11291435	collection_date	2019	2019-05-14 00:00:00	True	date_same_year_refinement		spectrum02376-21_supp_1_seq6.xlsx:MVK-11F279	https://pmc.ncbi.nlm.nih.gov/articles/PMC8865463/
test	PRJEB34643	SAMEA11291436	collection_date	2019	2019-05-13 00:00:00	True	date_same_year_refinement		spectrum02376-21_supp_1_seq6.xlsx:MVK-11F281	https://pmc.ncbi.nlm.nih.gov/articles/PMC8865463/
test	PRJEB34643	SAMEA11291437	collection_date	2019	2019-11-06 00:00:00	True	date_same_year_refinement		spectrum02376-21_supp_1_seq6.xlsx:MVK-11F282	https://pmc.ncbi.nlm.nih.gov/articles/PMC8865463/
test	PRJEB34643	SAMEA11291438	collection_date	2019	2019-02-19 00:00:00	True	date_same_year_refinement		spectrum02376-21_supp_1_seq6.xlsx:MVK-06F113	https://pmc.ncbi.nlm.nih.gov/articles/PMC8865463/
test	PRJEB34643	SAMEA11291439	collection_date	2019	2019-02-19 00:00:00	True	date_same_year_refinement		spectrum02376-21_supp_1_seq6.xlsx:MVK-06F115	https://pmc.ncbi.nlm.nih.gov/articles/PMC8865463/
test	PRJEB34643	SAMEA11291440	collection_date	2019	2019-02-19 00:00:00	True	date_same_year_refinement		spectrum02376-21_supp_1_seq6.xlsx:MVK-06F117	https://pmc.ncbi.nlm.nih.gov/articles/PMC8865463/
test	PRJEB34643	SAMEA11291441	collection_date	2019	2019-03-07 00:00:00	True	date_same_year_refinement		spectrum02376-21_supp_1_seq6.xlsx:MVK-06F119	https://pmc.ncbi.nlm.nih.gov/articles/PMC8865463/
test	PRJEB34643	SAMEA11291442	collection_date	2019	2019-03-07 00:00:00	True	date_same_year_refinement		spectrum02376-21_supp_1_seq6.xlsx:MVK-06F121	https://pmc.ncbi.nlm.nih.gov/articles/PMC8865463/
test	PRJEB34643	SAMEA11291443	collection_date	2019	2019-03-07 00:00:00	True	date_same_year_refinement		spectrum02376-21_supp_1_seq6.xlsx:MVK-06F123	https://pmc.ncbi.nlm.nih.gov/articles/PMC8865463/
test	PRJEB34643	SAMEA11291444	collection_date	2019	2019-03-13 00:00:00	True	date_same_year_refinement		spectrum02376-21_supp_1_seq6.xlsx:MVK-06F125	https://pmc.ncbi.nlm.nih.gov/articles/PMC8865463/
test	PRJEB34643	SAMEA11291445	collection_date	2019	2019-03-13 00:00:00	True	date_same_year_refinement		spectrum02376-21_supp_1_seq6.xlsx:MVK-06F127	https://pmc.ncbi.nlm.nih.gov/articles/PMC8865463/
test	PRJEB34643	SAMEA11291446	collection_date	2019	2019-03-13 00:00:00	True	date_same_year_refinement		spectrum02376-21_supp_1_seq6.xlsx:MVK-06F129	https://pmc.ncbi.nlm.nih.gov/articles/PMC8865463/
test	PRJEB34643	SAMEA11291447	collection_date	2019	2019-03-13 00:00:00	True	date_same_year_refinement		spectrum02376-21_supp_1_seq6.xlsx:MVK-06F131	https://pmc.ncbi.nlm.nih.gov/articles/PMC8865463/
test	PRJEB34643	SAMEA11291448	collection_date	2019	2019-03-13 00:00:00	True	date_same_year_refinement		spectrum02376-21_supp_1_seq6.xlsx:MVK-06F133	https://pmc.ncbi.nlm.nih.gov/articles/PMC8865463/
test	PRJEB34643	SAMEA11291449	collection_date	2019	2019-03-19 00:00:00	True	date_same_year_refinement		spectrum02376-21_supp_1_seq6.xlsx:MVK-06F139	https://pmc.ncbi.nlm.nih.gov/articles/PMC8865463/
test	PRJEB34643	SAMEA11291450	collection_date	2019	2019-03-19 00:00:00	True	date_same_year_refinement		spectrum02376-21_supp_1_seq6.xlsx:MVK-06F141	https://pmc.ncbi.nlm.nih.gov/articles/PMC8865463/
test	PRJEB34643	SAMEA11291451	collection_date	2019	2019-03-19 00:00:00	True	date_same_year_refinement		spectrum02376-21_supp_1_seq6.xlsx:MVK-06F143	https://pmc.ncbi.nlm.nih.gov/articles/PMC8865463/
test	PRJEB34643	SAMEA11291452	collection_date	2019	2019-03-19 00:00:00	True	date_same_year_refinement		spectrum02376-21_supp_1_seq6.xlsx:MVK-06F145	https://pmc.ncbi.nlm.nih.gov/articles/PMC8865463/
test	PRJEB34643	SAMEA11291453	collection_date	2019	2019-03-19 00:00:00	True	date_same_year_refinement		spectrum02376-21_supp_1_seq6.xlsx:MVK-06F147	https://pmc.ncbi.nlm.nih.gov/articles/PMC8865463/
test	PRJEB34643	SAMEA11291454	collection_date	2019	2019-03-26 00:00:00	True	date_same_year_refinement		spectrum02376-21_supp_1_seq6.xlsx:MVK-06F151	https://pmc.ncbi.nlm.nih.gov/articles/PMC8865463/
test	PRJEB34643	SAMEA11291455	collection_date	2019	2019-03-26 00:00:00	True	date_same_year_refinement		spectrum02376-21_supp_1_seq6.xlsx:MVK-06F153	https://pmc.ncbi.nlm.nih.gov/articles/PMC8865463/
test	PRJEB34643	SAMEA11291456	collection_date	2019	2019-03-26 00:00:00	True	date_same_year_refinement		spectrum02376-21_supp_1_seq6.xlsx:MVK-06F155	https://pmc.ncbi.nlm.nih.gov/articles/PMC8865463/
test	PRJEB34643	SAMEA11291457	collection_date	2019	2019-03-26 00:00:00	True	date_same_year_refinement		spectrum02376-21_supp_1_seq6.xlsx:MVK-06F157	https://pmc.ncbi.nlm.nih.gov/articles/PMC8865463/
test	PRJEB34643	SAMEA11291458	collection_date	2019	2019-04-09 00:00:00	True	date_same_year_refinement		spectrum02376-21_supp_1_seq6.xlsx:MVK-06F159	https://pmc.ncbi.nlm.nih.gov/articles/PMC8865463/
test	PRJEB34643	SAMEA11291459	collection_date	2019	2019-04-09 00:00:00	True	date_same_year_refinement		spectrum02376-21_supp_1_seq6.xlsx:MVK-06F161	https://pmc.ncbi.nlm.nih.gov/articles/PMC8865463/
test	PRJEB34643	SAMEA11291460	collection_date	2019	2019-04-09 00:00:00	True	date_same_year_refinement		spectrum02376-21_supp_1_seq6.xlsx:MVK-06F163	https://pmc.ncbi.nlm.nih.gov/articles/PMC8865463/
test	PRJEB34643	SAMEA11291461	collection_date	2019	2019-04-09 00:00:00	True	date_same_year_refinement		spectrum02376-21_supp_1_seq6.xlsx:MVK-06F165	https://pmc.ncbi.nlm.nih.gov/articles/PMC8865463/
test	PRJEB34643	SAMEA11291462	collection_date	2019	2019-04-09 00:00:00	True	date_same_year_refinement		spectrum02376-21_supp_1_seq6.xlsx:MVK-06F167	https://pmc.ncbi.nlm.nih.gov/articles/PMC8865463/
test	PRJEB34643	SAMEA11291463	collection_date	2019	2019-04-30 00:00:00	True	date_same_year_refinement		spectrum02376-21_supp_1_seq6.xlsx:MVK-06F171	https://pmc.ncbi.nlm.nih.gov/articles/PMC8865463/
test	PRJEB34643	SAMEA11291464	collection_date	2019	2019-04-30 00:00:00	True	date_same_year_refinement		spectrum02376-21_supp_1_seq6.xlsx:MVK-06F173	https://pmc.ncbi.nlm.nih.gov/articles/PMC8865463/
test	PRJEB34643	SAMEA11291465	collection_date	2019	2019-03-07 00:00:00	True	date_same_year_refinement		spectrum02376-21_supp_1_seq6.xlsx:MVK-06F135	https://pmc.ncbi.nlm.nih.gov/articles/PMC8865463/
test	PRJEB34643	SAMEA11291466	collection_date	2019	2019-03-13 00:00:00	True	date_same_year_refinement		spectrum02376-21_supp_1_seq6.xlsx:MVK-06F137	https://pmc.ncbi.nlm.nih.gov/articles/PMC8865463/
test	PRJEB34643	SAMEA11291467	collection_date	2019	2019-03-19 00:00:00	True	date_same_year_refinement		spectrum02376-21_supp_1_seq6.xlsx:MVK-06F149	https://pmc.ncbi.nlm.nih.gov/articles/PMC8865463/
test	PRJEB34643	SAMEA11291468	collection_date	2019	2019-04-09 00:00:00	True	date_same_year_refinement		spectrum02376-21_supp_1_seq6.xlsx:MVK-06F169	https://pmc.ncbi.nlm.nih.gov/articles/PMC8865463/
test	PRJEB34643	SAMEA11291338	isolation_source	chicken meat	chicken thighs	True	categorical_change		spectrum02376-21_supp_1_seq6.xlsx:MVK-04F001	https://pmc.ncbi.nlm.nih.gov/articles/PMC8865463/
test	PRJEB34643	SAMEA11291339	isolation_source	chicken meat	chicken thighs	True	categorical_change		spectrum02376-21_supp_1_seq6.xlsx:MVK-04F002	https://pmc.ncbi.nlm.nih.gov/articles/PMC8865463/
test	PRJEB34643	SAMEA11291340	isolation_source	chicken meat	chicken thighs	True	categorical_change		spectrum02376-21_supp_1_seq6.xlsx:MVK-04F004	https://pmc.ncbi.nlm.nih.gov/articles/PMC8865463/
test	PRJEB34643	SAMEA11291341	isolation_source	chicken meat	chicken thighs	True	categorical_change		spectrum02376-21_supp_1_seq6.xlsx:MVK-04F005	https://pmc.ncbi.nlm.nih.gov/articles/PMC8865463/
test	PRJEB34643	SAMEA11291342	isolation_source	chicken meat	chicken thighs	True	categorical_change		spectrum02376-21_supp_1_seq6.xlsx:MVK-04F006	https://pmc.ncbi.nlm.nih.gov/articles/PMC8865463/
test	PRJEB34643	SAMEA11291343	isolation_source	chicken meat	chicken thighs	True	categorical_change		spectrum02376-21_supp_1_seq6.xlsx:MVK-04F007	https://pmc.ncbi.nlm.nih.gov/articles/PMC8865463/
test	PRJEB34643	SAMEA11291344	isolation_source	chicken meat	chicken thighs	True	categorical_change		spectrum02376-21_supp_1_seq6.xlsx:MVK-04F008	https://pmc.ncbi.nlm.nih.gov/articles/PMC8865463/
test	PRJEB34643	SAMEA11291345	isolation_source	chicken meat	chicken thighs	True	categorical_change		spectrum02376-21_supp_1_seq6.xlsx:MVK-04F009	https://pmc.ncbi.nlm.nih.gov/articles/PMC8865463/
test	PRJEB34643	SAMEA11291347	isolation_source	chicken meat	chicken thighs	True	categorical_change		spectrum02376-21_supp_1_seq6.xlsx:MVK-04F011	https://pmc.ncbi.nlm.nih.gov/articles/PMC8865463/
test	PRJEB34643	SAMEA11291349	isolation_source	chicken meat	chicken thighs	True	categorical_change		spectrum02376-21_supp_1_seq6.xlsx:MVK-04F013	https://pmc.ncbi.nlm.nih.gov/articles/PMC8865463/
test	PRJEB34643	SAMEA11291354	isolation_source	chicken meat	chicken thighs	True	categorical_change		spectrum02376-21_supp_1_seq6.xlsx:MVK-04F018	https://pmc.ncbi.nlm.nih.gov/articles/PMC8865463/
test	PRJEB34643	SAMEA11291355	isolation_source	chicken meat	chicken thighs	True	categorical_change		spectrum02376-21_supp_1_seq6.xlsx:MVK-04F019	https://pmc.ncbi.nlm.nih.gov/articles/PMC8865463/
test	PRJEB34643	SAMEA11291357	isolation_source	chicken meat	chicken thighs	True	categorical_change		spectrum02376-21_supp_1_seq6.xlsx:MVK-04F021	https://pmc.ncbi.nlm.nih.gov/articles/PMC8865463/
test	PRJEB34643	SAMEA11291358	isolation_source	chicken meat	chicken thighs	True	categorical_change		spectrum02376-21_supp_1_seq6.xlsx:MVK-04F022	https://pmc.ncbi.nlm.nih.gov/articles/PMC8865463/
test	PRJEB34643	SAMEA11291362	isolation_source	chicken meat	chicken thighs	True	categorical_change		spectrum02376-21_supp_1_seq6.xlsx:MVK-04F027	https://pmc.ncbi.nlm.nih.gov/articles/PMC8865463/
test	PRJEB34643	SAMEA11291364	isolation_source	salad	curled endive, lambs lettuce, red chicory	True	categorical_change		spectrum02376-21_supp_1_seq6.xlsx:MVK-04F029	https://pmc.ncbi.nlm.nih.gov/articles/PMC8865463/
test	PRJEB34643	SAMEA11291366	isolation_source	salad	blond and red lettuce,rocket, baby spinach, mizuna and red chard	True	categorical_change		spectrum02376-21_supp_1_seq6.xlsx:MVK-04F031	https://pmc.ncbi.nlm.nih.gov/articles/PMC8865463/
test	PRJEB34643	SAMEA11291367	isolation_source	salad	batavia, red and green lettuce	True	categorical_change		spectrum02376-21_supp_1_seq6.xlsx:MVK-04F032	https://pmc.ncbi.nlm.nih.gov/articles/PMC8865463/
test	PRJEB34643	SAMEA11291368	isolation_source	salad	curled endive, lambs lettuce, red chicory	True	categorical_change		spectrum02376-21_supp_1_seq6.xlsx:MVK-04F035	https://pmc.ncbi.nlm.nih.gov/articles/PMC8865463/
test	PRJEB34643	SAMEA11291370	isolation_source	salad	red and green lettuce, spinach, red chard,rocket,  chervil	True	categorical_change		spectrum02376-21_supp_1_seq6.xlsx:MVK-04F037	https://pmc.ncbi.nlm.nih.gov/articles/PMC8865463/
test	PRJEB34643	SAMEA11291373	isolation_source	salad	curled endive,  lambs lettuce, red chicory	True	categorical_change		spectrum02376-21_supp_1_seq6.xlsx:MVK-04F041	https://pmc.ncbi.nlm.nih.gov/articles/PMC8865463/
test	PRJEB34643	SAMEA11291375	isolation_source	salad	endive,  lambs lettuce, red chicory,rocket	True	categorical_change		spectrum02376-21_supp_1_seq6.xlsx:MVK-04F043	https://pmc.ncbi.nlm.nih.gov/articles/PMC8865463/
test	PRJEB34643	SAMEA11291379	isolation_source	salad	blond and red lettuce, red chard, rocket, spinach and mizuna	True	categorical_change		spectrum02376-21_supp_1_seq6.xlsx:MVK-04F047	https://pmc.ncbi.nlm.nih.gov/articles/PMC8865463/
test	PRJEB34643	SAMEA11291383	isolation_source	salad	green lettuce	True	categorical_change		spectrum02376-21_supp_1_seq6.xlsx:MVK-04F051	https://pmc.ncbi.nlm.nih.gov/articles/PMC8865463/
test	PRJEB34643	SAMEA11291385	isolation_source	salad	batavia, red and green lettuce	True	categorical_change		spectrum02376-21_supp_1_seq6.xlsx:MVK-04F053	https://pmc.ncbi.nlm.nih.gov/articles/PMC8865463/
test	PRJEB34643	SAMEA11291387	isolation_source	salad	blond and red lettuce, red chard, rocket, spinach and mizuna	True	categorical_change		spectrum02376-21_supp_1_seq6.xlsx:MVK-04F055	https://pmc.ncbi.nlm.nih.gov/articles/PMC8865463/
test	PRJEB34643	SAMEA11291388	isolation_source	salad	endive, lambs lettuce, red chicory, rocket	True	categorical_change		spectrum02376-21_supp_1_seq6.xlsx:MVK-04F056	https://pmc.ncbi.nlm.nih.gov/articles/PMC8865463/
test	PRJEB34643	SAMEA11291390	isolation_source	chicken meat	chicken breast	True	categorical_change		spectrum02376-21_supp_1_seq6.xlsx:MVK-05F561	https://pmc.ncbi.nlm.nih.gov/articles/PMC8865463/
test	PRJEB34643	SAMEA11291391	isolation_source	chicken meat	chicken fillet	True	categorical_change		spectrum02376-21_supp_1_seq6.xlsx:MVK-05F565	https://pmc.ncbi.nlm.nih.gov/articles/PMC8865463/
test	PRJEB34643	SAMEA11291392	isolation_source	chicken meat	chicken fillet	True	categorical_change		spectrum02376-21_supp_1_seq6.xlsx:MVK-05F569	https://pmc.ncbi.nlm.nih.gov/articles/PMC8865463/
test	PRJEB34643	SAMEA11291393	isolation_source	chicken meat	chicken fillet	True	categorical_change		spectrum02376-21_supp_1_seq6.xlsx:MVK-05F573	https://pmc.ncbi.nlm.nih.gov/articles/PMC8865463/
test	PRJEB34643	SAMEA11291394	isolation_source	chicken meat	chicken fillet	True	categorical_change		spectrum02376-21_supp_1_seq6.xlsx:MVK-05F575	https://pmc.ncbi.nlm.nih.gov/articles/PMC8865463/
test	PRJEB34643	SAMEA11291395	isolation_source	chicken meat	chicken fillet	True	categorical_change		spectrum02376-21_supp_1_seq6.xlsx:MVK-05F576	https://pmc.ncbi.nlm.nih.gov/articles/PMC8865463/
test	PRJEB34643	SAMEA11291396	isolation_source	chicken meat	chicken fillet	True	categorical_change		spectrum02376-21_supp_1_seq6.xlsx:MVK-05F579	https://pmc.ncbi.nlm.nih.gov/articles/PMC8865463/
test	PRJEB34643	SAMEA11291397	isolation_source	chicken meat	chicken drumstick	True	categorical_change		spectrum02376-21_supp_1_seq6.xlsx:MVK-05F585	https://pmc.ncbi.nlm.nih.gov/articles/PMC8865463/
test	PRJEB34643	SAMEA11291398	isolation_source	chicken meat	chicken grill plate	True	categorical_change		spectrum02376-21_supp_1_seq6.xlsx:MVK-05F587	https://pmc.ncbi.nlm.nih.gov/articles/PMC8865463/
test	PRJEB34643	SAMEA11291399	isolation_source	chicken meat	chicken fillet sliced	True	categorical_change		spectrum02376-21_supp_1_seq6.xlsx:MVK-05F589	https://pmc.ncbi.nlm.nih.gov/articles/PMC8865463/
test	PRJEB34643	SAMEA11291400	isolation_source	chicken meat	chicken fillet	True	categorical_change		spectrum02376-21_supp_1_seq6.xlsx:MVK-05F591	https://pmc.ncbi.nlm.nih.gov/articles/PMC8865463/
test	PRJEB34643	SAMEA11291401	isolation_source	chicken meat	chicken leg	True	categorical_change		spectrum02376-21_supp_1_seq6.xlsx:MVK-05F593	https://pmc.ncbi.nlm.nih.gov/articles/PMC8865463/
test	PRJEB34643	SAMEA11291402	isolation_source	chicken meat	chicken drumstick	True	categorical_change		spectrum02376-21_supp_1_seq6.xlsx:MVK-05F595	https://pmc.ncbi.nlm.nih.gov/articles/PMC8865463/
test	PRJEB34643	SAMEA11291403	isolation_source	salad	field salad	True	categorical_change		spectrum02376-21_supp_1_seq6.xlsx:MVK-05F523	https://pmc.ncbi.nlm.nih.gov/articles/PMC8865463/
test	PRJEB34643	SAMEA11291404	isolation_source	salad	leaf salad, spinach	True	categorical_change		spectrum02376-21_supp_1_seq6.xlsx:MVK-05F559	https://pmc.ncbi.nlm.nih.gov/articles/PMC8865463/
test	PRJEB34643	SAMEA11291405	isolation_source	salad	lollo rosso, lollo blonda, kale, baby spinach	True	categorical_change		spectrum02376-21_supp_1_seq6.xlsx:MVK-05F563	https://pmc.ncbi.nlm.nih.gov/articles/PMC8865463/
test	PRJEB34643	SAMEA11291406	isolation_source	salad	field salad	True	categorical_change		spectrum02376-21_supp_1_seq6.xlsx:MVK-05F567	https://pmc.ncbi.nlm.nih.gov/articles/PMC8865463/
test	PRJEB34643	SAMEA11291407	isolation_source	salad	carrot, sugar loaf, raddicchio, rocket	True	categorical_change		spectrum02376-21_supp_1_seq6.xlsx:MVK-05F571	https://pmc.ncbi.nlm.nih.gov/articles/PMC8865463/
test	PRJEB34643	SAMEA11291408	isolation_source	chicken meat	chicken leg	True	categorical_change		spectrum02376-21_supp_1_seq6.xlsx:MVK-09F1081	https://pmc.ncbi.nlm.nih.gov/articles/PMC8865463/
test	PRJEB34643	SAMEA11291409	isolation_source	chicken meat	chicken leg	True	categorical_change		spectrum02376-21_supp_1_seq6.xlsx:MVK-09F1093	https://pmc.ncbi.nlm.nih.gov/articles/PMC8865463/
test	PRJEB34643	SAMEA11291410	isolation_source	chicken meat	chicken leg	True	categorical_change		spectrum02376-21_supp_1_seq6.xlsx:MVK-09F1077	https://pmc.ncbi.nlm.nih.gov/articles/PMC8865463/
test	PRJEB34643	SAMEA11291411	isolation_source	chicken meat	chicken leg	True	categorical_change		spectrum02376-21_supp_1_seq6.xlsx:MVK-09F1111	https://pmc.ncbi.nlm.nih.gov/articles/PMC8865463/
test	PRJEB34643	SAMEA11291412	isolation_source	chicken meat	chicken leg	True	categorical_change		spectrum02376-21_supp_1_seq6.xlsx:MVK-09F1135	https://pmc.ncbi.nlm.nih.gov/articles/PMC8865463/
test	PRJEB34643	SAMEA11291413	isolation_source	chicken meat	chicken leg	True	categorical_change		spectrum02376-21_supp_1_seq6.xlsx:MVK-09F1138	https://pmc.ncbi.nlm.nih.gov/articles/PMC8865463/
test	PRJEB34643	SAMEA11291414	isolation_source	chicken meat	chicken leg	True	categorical_change		spectrum02376-21_supp_1_seq6.xlsx:MVK-09F1165	https://pmc.ncbi.nlm.nih.gov/articles/PMC8865463/
test	PRJEB34643	SAMEA11291415	isolation_source	chicken meat	chicken leg	True	categorical_change		spectrum02376-21_supp_1_seq6.xlsx:MVK-09F1171	https://pmc.ncbi.nlm.nih.gov/articles/PMC8865463/
test	PRJEB34643	SAMEA11291416	isolation_source	chicken meat	chicken leg	True	categorical_change		spectrum02376-21_supp_1_seq6.xlsx:MVK-09F1177	https://pmc.ncbi.nlm.nih.gov/articles/PMC8865463/
test	PRJEB34643	SAMEA11291417	isolation_source	chicken meat	chicken leg	True	categorical_change		spectrum02376-21_supp_1_seq6.xlsx:MVK-09F1183	https://pmc.ncbi.nlm.nih.gov/articles/PMC8865463/
test	PRJEB34643	SAMEA11291418	isolation_source	chicken meat	chicken leg	True	categorical_change		spectrum02376-21_supp_1_seq6.xlsx:MVK-09F1201	https://pmc.ncbi.nlm.nih.gov/articles/PMC8865463/
test	PRJEB34643	SAMEA11291419	isolation_source	chicken meat	chicken leg	True	categorical_change		spectrum02376-21_supp_1_seq6.xlsx:MVK-09F1243	https://pmc.ncbi.nlm.nih.gov/articles/PMC8865463/
test	PRJEB34643	SAMEA11291420	isolation_source	salad	rocket salad and radicchio	True	categorical_change		spectrum02376-21_supp_1_seq6.xlsx:MVK-09F642	https://pmc.ncbi.nlm.nih.gov/articles/PMC8865463/
test	PRJEB34643	SAMEA11291421	isolation_source	salad	iceberg lettuce	True	categorical_change		spectrum02376-21_supp_1_seq6.xlsx:MVK-09F671	https://pmc.ncbi.nlm.nih.gov/articles/PMC8865463/
test	PRJEB34643	SAMEA11291422	isolation_source	salad	carrots, corn, chicory, rocket salad, endives	True	categorical_change		spectrum02376-21_supp_1_seq6.xlsx:MVK-09F916	https://pmc.ncbi.nlm.nih.gov/articles/PMC8865463/
test	PRJEB34643	SAMEA11291423	isolation_source	chicken meat	chicken drumstick	True	categorical_change		spectrum02376-21_supp_1_seq6.xlsx:MVK-11F264	https://pmc.ncbi.nlm.nih.gov/articles/PMC8865463/
test	PRJEB34643	SAMEA11291424	isolation_source	chicken meat	chicken drumstick	True	categorical_change		spectrum02376-21_supp_1_seq6.xlsx:MVK-11F265	https://pmc.ncbi.nlm.nih.gov/articles/PMC8865463/
test	PRJEB34643	SAMEA11291425	isolation_source	chicken meat	chicken drumstick	True	categorical_change		spectrum02376-21_supp_1_seq6.xlsx:MVK-11F266	https://pmc.ncbi.nlm.nih.gov/articles/PMC8865463/
test	PRJEB34643	SAMEA11291426	isolation_source	chicken meat	chicken drumstick	True	categorical_change		spectrum02376-21_supp_1_seq6.xlsx:MVK-11F268	https://pmc.ncbi.nlm.nih.gov/articles/PMC8865463/
test	PRJEB34643	SAMEA11291427	isolation_source	chicken meat	chicken drumstick	True	categorical_change		spectrum02376-21_supp_1_seq6.xlsx:MVK-11F269	https://pmc.ncbi.nlm.nih.gov/articles/PMC8865463/
test	PRJEB34643	SAMEA11291428	isolation_source	chicken meat	chicken drumstick	True	categorical_change		spectrum02376-21_supp_1_seq6.xlsx:MVK-11F270	https://pmc.ncbi.nlm.nih.gov/articles/PMC8865463/
test	PRJEB34643	SAMEA11291429	isolation_source	chicken meat	chicken drumstick	True	categorical_change		spectrum02376-21_supp_1_seq6.xlsx:MVK-11F271	https://pmc.ncbi.nlm.nih.gov/articles/PMC8865463/
test	PRJEB34643	SAMEA11291430	isolation_source	chicken meat	chicken drumstick	True	categorical_change		spectrum02376-21_supp_1_seq6.xlsx:MVK-11F272	https://pmc.ncbi.nlm.nih.gov/articles/PMC8865463/
test	PRJEB34643	SAMEA11291432	isolation_source	chicken meat	chicken drumstick	True	categorical_change		spectrum02376-21_supp_1_seq6.xlsx:MVK-11F274	https://pmc.ncbi.nlm.nih.gov/articles/PMC8865463/
test	PRJEB34643	SAMEA11291433	isolation_source	chicken meat	chicken drumstick	True	categorical_change		spectrum02376-21_supp_1_seq6.xlsx:MVK-11F276	https://pmc.ncbi.nlm.nih.gov/articles/PMC8865463/
test	PRJEB34643	SAMEA11291434	isolation_source	chicken meat	chicken drumstick	True	categorical_change		spectrum02376-21_supp_1_seq6.xlsx:MVK-11F278	https://pmc.ncbi.nlm.nih.gov/articles/PMC8865463/
test	PRJEB34643	SAMEA11291435	isolation_source	chicken meat	chicken drumstick	True	categorical_change		spectrum02376-21_supp_1_seq6.xlsx:MVK-11F279	https://pmc.ncbi.nlm.nih.gov/articles/PMC8865463/
test	PRJEB34643	SAMEA11291436	isolation_source	chicken meat	chicken drumstick	True	categorical_change		spectrum02376-21_supp_1_seq6.xlsx:MVK-11F281	https://pmc.ncbi.nlm.nih.gov/articles/PMC8865463/
test	PRJEB34643	SAMEA11291437	isolation_source	salad	green princess pea shoots and baby chard	True	categorical_change		spectrum02376-21_supp_1_seq6.xlsx:MVK-11F282	https://pmc.ncbi.nlm.nih.gov/articles/PMC8865463/
test	PRJEB34643	SAMEA11291438	isolation_source	chicken meat	chicken drumstick	True	categorical_change		spectrum02376-21_supp_1_seq6.xlsx:MVK-06F113	https://pmc.ncbi.nlm.nih.gov/articles/PMC8865463/
test	PRJEB34643	SAMEA11291439	isolation_source	chicken meat	chicken leg	True	categorical_change		spectrum02376-21_supp_1_seq6.xlsx:MVK-06F115	https://pmc.ncbi.nlm.nih.gov/articles/PMC8865463/
test	PRJEB34643	SAMEA11291440	isolation_source	chicken meat	chicken leg	True	categorical_change		spectrum02376-21_supp_1_seq6.xlsx:MVK-06F117	https://pmc.ncbi.nlm.nih.gov/articles/PMC8865463/
test	PRJEB34643	SAMEA11291441	isolation_source	chicken meat	chicken leg	True	categorical_change		spectrum02376-21_supp_1_seq6.xlsx:MVK-06F119	https://pmc.ncbi.nlm.nih.gov/articles/PMC8865463/
test	PRJEB34643	SAMEA11291442	isolation_source	chicken meat	chicken leg	True	categorical_change		spectrum02376-21_supp_1_seq6.xlsx:MVK-06F121	https://pmc.ncbi.nlm.nih.gov/articles/PMC8865463/
test	PRJEB34643	SAMEA11291443	isolation_source	chicken meat	chicken thigh	True	categorical_change		spectrum02376-21_supp_1_seq6.xlsx:MVK-06F123	https://pmc.ncbi.nlm.nih.gov/articles/PMC8865463/
test	PRJEB34643	SAMEA11291444	isolation_source	chicken meat	chicken leg	True	categorical_change		spectrum02376-21_supp_1_seq6.xlsx:MVK-06F125	https://pmc.ncbi.nlm.nih.gov/articles/PMC8865463/
test	PRJEB34643	SAMEA11291445	isolation_source	chicken meat	chicken thigh	True	categorical_change		spectrum02376-21_supp_1_seq6.xlsx:MVK-06F127	https://pmc.ncbi.nlm.nih.gov/articles/PMC8865463/
test	PRJEB34643	SAMEA11291446	isolation_source	chicken meat	chicken leg	True	categorical_change		spectrum02376-21_supp_1_seq6.xlsx:MVK-06F129	https://pmc.ncbi.nlm.nih.gov/articles/PMC8865463/
test	PRJEB34643	SAMEA11291447	isolation_source	chicken meat	chicken drumstick	True	categorical_change		spectrum02376-21_supp_1_seq6.xlsx:MVK-06F131	https://pmc.ncbi.nlm.nih.gov/articles/PMC8865463/
test	PRJEB34643	SAMEA11291448	isolation_source	chicken meat	chicken thigh	True	categorical_change		spectrum02376-21_supp_1_seq6.xlsx:MVK-06F133	https://pmc.ncbi.nlm.nih.gov/articles/PMC8865463/
test	PRJEB34643	SAMEA11291449	isolation_source	chicken meat	chicken drumstick	True	categorical_change		spectrum02376-21_supp_1_seq6.xlsx:MVK-06F139	https://pmc.ncbi.nlm.nih.gov/articles/PMC8865463/
test	PRJEB34643	SAMEA11291450	isolation_source	chicken meat	chicken leg	True	categorical_change		spectrum02376-21_supp_1_seq6.xlsx:MVK-06F141	https://pmc.ncbi.nlm.nih.gov/articles/PMC8865463/
test	PRJEB34643	SAMEA11291451	isolation_source	chicken meat	chicken drumstick	True	categorical_change		spectrum02376-21_supp_1_seq6.xlsx:MVK-06F143	https://pmc.ncbi.nlm.nih.gov/articles/PMC8865463/
test	PRJEB34643	SAMEA11291452	isolation_source	chicken meat	chicken leg	True	categorical_change		spectrum02376-21_supp_1_seq6.xlsx:MVK-06F145	https://pmc.ncbi.nlm.nih.gov/articles/PMC8865463/
test	PRJEB34643	SAMEA11291453	isolation_source	chicken meat	chicken thigh	True	categorical_change		spectrum02376-21_supp_1_seq6.xlsx:MVK-06F147	https://pmc.ncbi.nlm.nih.gov/articles/PMC8865463/
test	PRJEB34643	SAMEA11291454	isolation_source	chicken meat	chicken leg	True	categorical_change		spectrum02376-21_supp_1_seq6.xlsx:MVK-06F151	https://pmc.ncbi.nlm.nih.gov/articles/PMC8865463/
test	PRJEB34643	SAMEA11291455	isolation_source	chicken meat	chicken thigh	True	categorical_change		spectrum02376-21_supp_1_seq6.xlsx:MVK-06F153	https://pmc.ncbi.nlm.nih.gov/articles/PMC8865463/
test	PRJEB34643	SAMEA11291456	isolation_source	chicken meat	chicken leg	True	categorical_change		spectrum02376-21_supp_1_seq6.xlsx:MVK-06F155	https://pmc.ncbi.nlm.nih.gov/articles/PMC8865463/
test	PRJEB34643	SAMEA11291457	isolation_source	chicken meat	chicken leg	True	categorical_change		spectrum02376-21_supp_1_seq6.xlsx:MVK-06F157	https://pmc.ncbi.nlm.nih.gov/articles/PMC8865463/
test	PRJEB34643	SAMEA11291458	isolation_source	chicken meat	chicken leg	True	categorical_change		spectrum02376-21_supp_1_seq6.xlsx:MVK-06F159	https://pmc.ncbi.nlm.nih.gov/articles/PMC8865463/
test	PRJEB34643	SAMEA11291459	isolation_source	chicken meat	chicken leg	True	categorical_change		spectrum02376-21_supp_1_seq6.xlsx:MVK-06F161	https://pmc.ncbi.nlm.nih.gov/articles/PMC8865463/
test	PRJEB34643	SAMEA11291460	isolation_source	chicken meat	chicken thigh	True	categorical_change		spectrum02376-21_supp_1_seq6.xlsx:MVK-06F163	https://pmc.ncbi.nlm.nih.gov/articles/PMC8865463/
test	PRJEB34643	SAMEA11291461	isolation_source	chicken meat	chicken drumstick	True	categorical_change		spectrum02376-21_supp_1_seq6.xlsx:MVK-06F165	https://pmc.ncbi.nlm.nih.gov/articles/PMC8865463/
test	PRJEB34643	SAMEA11291462	isolation_source	chicken meat	chicken thigh	True	categorical_change		spectrum02376-21_supp_1_seq6.xlsx:MVK-06F167	https://pmc.ncbi.nlm.nih.gov/articles/PMC8865463/
test	PRJEB34643	SAMEA11291463	isolation_source	chicken meat	chicken wings	True	categorical_change		spectrum02376-21_supp_1_seq6.xlsx:MVK-06F171	https://pmc.ncbi.nlm.nih.gov/articles/PMC8865463/
test	PRJEB34643	SAMEA11291464	isolation_source	chicken meat	chicken thigh	True	categorical_change		spectrum02376-21_supp_1_seq6.xlsx:MVK-06F173	https://pmc.ncbi.nlm.nih.gov/articles/PMC8865463/
test	PRJEB34643	SAMEA11291465	isolation_source	salad	radicchio, rocket, frisee, lambs lettuce	True	categorical_change		spectrum02376-21_supp_1_seq6.xlsx:MVK-06F135	https://pmc.ncbi.nlm.nih.gov/articles/PMC8865463/
test	PRJEB34643	SAMEA11291466	isolation_source	salad	radicchio, rocket, frisee, lambs lettuce	True	categorical_change		spectrum02376-21_supp_1_seq6.xlsx:MVK-06F137	https://pmc.ncbi.nlm.nih.gov/articles/PMC8865463/
test	PRJEB34643	SAMEA11291467	isolation_source	salad	radicchio, rocket, frisee, lambs lettuce	True	categorical_change		spectrum02376-21_supp_1_seq6.xlsx:MVK-06F149	https://pmc.ncbi.nlm.nih.gov/articles/PMC8865463/
test	PRJEB34643	SAMEA11291468	isolation_source	salad	batavia, radicchio, frisee, rucola, cornsalad	True	categorical_change		spectrum02376-21_supp_1_seq6.xlsx:MVK-06F169	https://pmc.ncbi.nlm.nih.gov/articles/PMC8865463/
test	PRJEB63349	SAMEA113934630	isolation_source	clinical material	Bronchoalveolar lavage	True	categorical_change		41467_2024_49349_MOESM4_ESM.xlsx:AL08002_BRO_KP	https://pmc.ncbi.nlm.nih.gov/articles/PMC11178878/
test	PRJEB63349	SAMEA113934631	isolation_source	clinical material	Urine	True	categorical_change		41467_2024_49349_MOESM4_ESM.xlsx:CR10004_UR_KP	https://pmc.ncbi.nlm.nih.gov/articles/PMC11178878/
test	PRJEB63349	SAMEA113934632	isolation_source	clinical material	Blood	True	categorical_change		41467_2024_49349_MOESM4_ESM.xlsx:CR10011_BL_KP	https://pmc.ncbi.nlm.nih.gov/articles/PMC11178878/
test	PRJEB63349	SAMEA113934633	isolation_source	clinical material	Urine	True	categorical_change		41467_2024_49349_MOESM4_ESM.xlsx:CR10014_UR_KP	https://pmc.ncbi.nlm.nih.gov/articles/PMC11178878/
test	PRJEB63349	SAMEA113934634	isolation_source	clinical material	Urine	True	categorical_change		41467_2024_49349_MOESM4_ESM.xlsx:CR10017_UR_KP	https://pmc.ncbi.nlm.nih.gov/articles/PMC11178878/
test	PRJEB63349	SAMEA113934635	isolation_source	clinical material	Urine	True	categorical_change		41467_2024_49349_MOESM4_ESM.xlsx:CR10019_UR_KP	https://pmc.ncbi.nlm.nih.gov/articles/PMC11178878/
test	PRJEB63349	SAMEA113934636	isolation_source	clinical material	Blood	True	categorical_change		41467_2024_49349_MOESM4_ESM.xlsx:GR11001_BL_KP	https://pmc.ncbi.nlm.nih.gov/articles/PMC11178878/
test	PRJEB63349	SAMEA113934637	isolation_source	clinical material	Abscess	True	categorical_change		41467_2024_49349_MOESM4_ESM.xlsx:GR11004_IA_KP	https://pmc.ncbi.nlm.nih.gov/articles/PMC11178878/
test	PRJEB63349	SAMEA113934638	isolation_source	clinical material	Urine	True	categorical_change		41467_2024_49349_MOESM4_ESM.xlsx:GR11007_UR_KP	https://pmc.ncbi.nlm.nih.gov/articles/PMC11178878/
test	PRJEB63349	SAMEA113934639	isolation_source	clinical material	Sputum	True	categorical_change		41467_2024_49349_MOESM4_ESM.xlsx:GR11012_SP_KP	https://pmc.ncbi.nlm.nih.gov/articles/PMC11178878/
test	PRJEB63349	SAMEA113934640	isolation_source	clinical material	Blood	True	categorical_change		41467_2024_49349_MOESM4_ESM.xlsx:GR11015_BL_KP	https://pmc.ncbi.nlm.nih.gov/articles/PMC11178878/
test	PRJEB63349	SAMEA113934641	isolation_source	clinical material	Blood	True	categorical_change		41467_2024_49349_MOESM4_ESM.xlsx:GR11016_BL_KP	https://pmc.ncbi.nlm.nih.gov/articles/PMC11178878/
test	PRJEB63349	SAMEA113934642	isolation_source	clinical material	Blood	True	categorical_change		41467_2024_49349_MOESM4_ESM.xlsx:GR11017_BL_KP	https://pmc.ncbi.nlm.nih.gov/articles/PMC11178878/
test	PRJEB63349	SAMEA113934643	isolation_source	clinical material	Sputum	True	categorical_change		41467_2024_49349_MOESM4_ESM.xlsx:GR11018_SP_KP	https://pmc.ncbi.nlm.nih.gov/articles/PMC11178878/
test	PRJEB63349	SAMEA113934644	isolation_source	clinical material	Blood	True	categorical_change		41467_2024_49349_MOESM4_ESM.xlsx:GR11020_BL_KP	https://pmc.ncbi.nlm.nih.gov/articles/PMC11178878/
test	PRJEB63349	SAMEA113934645	isolation_source	clinical material	Blood	True	categorical_change		41467_2024_49349_MOESM4_ESM.xlsx:GR11022_BL_KP	https://pmc.ncbi.nlm.nih.gov/articles/PMC11178878/
test	PRJEB63349	SAMEA113934646	isolation_source	clinical material	Urine	True	categorical_change		41467_2024_49349_MOESM4_ESM.xlsx:GR11022_UR_KP	https://pmc.ncbi.nlm.nih.gov/articles/PMC11178878/
test	PRJEB63349	SAMEA113934647	isolation_source	clinical material	Blood	True	categorical_change		41467_2024_49349_MOESM4_ESM.xlsx:GR11024_BL_KP	https://pmc.ncbi.nlm.nih.gov/articles/PMC11178878/
test	PRJEB63349	SAMEA113934648	isolation_source	clinical material	Abscess	True	categorical_change		41467_2024_49349_MOESM4_ESM.xlsx:GR11028_IA_KP	https://pmc.ncbi.nlm.nih.gov/articles/PMC11178878/
test	PRJEB63349	SAMEA113934649	isolation_source	clinical material	Urine	True	categorical_change		41467_2024_49349_MOESM4_ESM.xlsx:GR11029_UR_KP	https://pmc.ncbi.nlm.nih.gov/articles/PMC11178878/
test	PRJEB63349	SAMEA113934650	isolation_source	clinical material	Urine	True	categorical_change		41467_2024_49349_MOESM4_ESM.xlsx:GR11030_UR_KP	https://pmc.ncbi.nlm.nih.gov/articles/PMC11178878/
test	PRJEB63349	SAMEA113934651	isolation_source	clinical material	Blood	True	categorical_change		41467_2024_49349_MOESM4_ESM.xlsx:GR13001_BL_KP	https://pmc.ncbi.nlm.nih.gov/articles/PMC11178878/
test	PRJEB63349	SAMEA113934652	isolation_source	clinical material	Urine	True	categorical_change		41467_2024_49349_MOESM4_ESM.xlsx:GR13005_UR_KP	https://pmc.ncbi.nlm.nih.gov/articles/PMC11178878/
test	PRJEB63349	SAMEA113934653	isolation_source	clinical material	Blood	True	categorical_change		41467_2024_49349_MOESM4_ESM.xlsx:GR13009_BL_KP	https://pmc.ncbi.nlm.nih.gov/articles/PMC11178878/
test	PRJEB63349	SAMEA113934654	isolation_source	clinical material	Blood	True	categorical_change		41467_2024_49349_MOESM4_ESM.xlsx:GR13010_BL_KP	https://pmc.ncbi.nlm.nih.gov/articles/PMC11178878/
test	PRJEB63349	SAMEA113934655	isolation_source	clinical material	Blood	True	categorical_change		41467_2024_49349_MOESM4_ESM.xlsx:GR13016_BL_ECL	https://pmc.ncbi.nlm.nih.gov/articles/PMC11178878/
test	PRJEB63349	SAMEA113934656	isolation_source	clinical material	Blood	True	categorical_change		41467_2024_49349_MOESM4_ESM.xlsx:GR13034_BL_KP	https://pmc.ncbi.nlm.nih.gov/articles/PMC11178878/
test	PRJEB63349	SAMEA113934657	isolation_source	clinical material	Blood	True	categorical_change		41467_2024_49349_MOESM4_ESM.xlsx:GR13042a_BL_KP	https://pmc.ncbi.nlm.nih.gov/articles/PMC11178878/
test	PRJEB63349	SAMEA113934658	isolation_source	clinical material	Blood	True	categorical_change		41467_2024_49349_MOESM4_ESM.xlsx:GR13044_BL_KP	https://pmc.ncbi.nlm.nih.gov/articles/PMC11178878/
test	PRJEB63349	SAMEA113934659	isolation_source	clinical material	Blood	True	categorical_change		41467_2024_49349_MOESM4_ESM.xlsx:GR13075_BL_KP	https://pmc.ncbi.nlm.nih.gov/articles/PMC11178878/
test	PRJEB63349	SAMEA113934660	isolation_source	clinical material	Urine	True	categorical_change		41467_2024_49349_MOESM4_ESM.xlsx:GR13085_UR_KP	https://pmc.ncbi.nlm.nih.gov/articles/PMC11178878/
test	PRJEB63349	SAMEA113934661	isolation_source	clinical material	Urine	True	categorical_change		41467_2024_49349_MOESM4_ESM.xlsx:GR13094_UR_KP	https://pmc.ncbi.nlm.nih.gov/articles/PMC11178878/
test	PRJEB63349	SAMEA113934662	isolation_source	clinical material	Blood	True	categorical_change		41467_2024_49349_MOESM4_ESM.xlsx:GR13095_BL_KP	https://pmc.ncbi.nlm.nih.gov/articles/PMC11178878/
test	PRJEB63349	SAMEA113934663	isolation_source	clinical material	Blood	True	categorical_change		41467_2024_49349_MOESM4_ESM.xlsx:GR13106_BL_KP	https://pmc.ncbi.nlm.nih.gov/articles/PMC11178878/
test	PRJEB63349	SAMEA113934664	isolation_source	clinical material	Exudate	True	categorical_change		41467_2024_49349_MOESM4_ESM.xlsx:GR13107_SS_KP	https://pmc.ncbi.nlm.nih.gov/articles/PMC11178878/
test	PRJEB63349	SAMEA113934665	isolation_source	clinical material	Blood	True	categorical_change		41467_2024_49349_MOESM4_ESM.xlsx:GR13111_BL_KP	https://pmc.ncbi.nlm.nih.gov/articles/PMC11178878/
test	PRJEB63349	SAMEA113934666	isolation_source	clinical material	Urine	True	categorical_change		41467_2024_49349_MOESM4_ESM.xlsx:GR13112_UR_KP	https://pmc.ncbi.nlm.nih.gov/articles/PMC11178878/
test	PRJEB63349	SAMEA113934667	isolation_source	clinical material	Blood	True	categorical_change		41467_2024_49349_MOESM4_ESM.xlsx:GR13124_BL_KP	https://pmc.ncbi.nlm.nih.gov/articles/PMC11178878/
test	PRJEB63349	SAMEA113934668	isolation_source	clinical material	Blood	True	categorical_change		41467_2024_49349_MOESM4_ESM.xlsx:GR13125_BL_KP	https://pmc.ncbi.nlm.nih.gov/articles/PMC11178878/
test	PRJEB63349	SAMEA113934669	isolation_source	clinical material	Urine	True	categorical_change		41467_2024_49349_MOESM4_ESM.xlsx:GR13127_UR_KP	https://pmc.ncbi.nlm.nih.gov/articles/PMC11178878/
test	PRJEB63349	SAMEA113934670	isolation_source	clinical material	Blood	True	categorical_change		41467_2024_49349_MOESM4_ESM.xlsx:GR13129_BL_KP	https://pmc.ncbi.nlm.nih.gov/articles/PMC11178878/
test	PRJEB63349	SAMEA113934671	isolation_source	clinical material	Blood	True	categorical_change		41467_2024_49349_MOESM4_ESM.xlsx:GR13137_BL_KP	https://pmc.ncbi.nlm.nih.gov/articles/PMC11178878/
test	PRJEB63349	SAMEA113934672	isolation_source	clinical material	Urine	True	categorical_change		41467_2024_49349_MOESM4_ESM.xlsx:GR13138_UR_KP	https://pmc.ncbi.nlm.nih.gov/articles/PMC11178878/
test	PRJEB63349	SAMEA113934673	isolation_source	clinical material	Blood	True	categorical_change		41467_2024_49349_MOESM4_ESM.xlsx:GR13139_BL_KP	https://pmc.ncbi.nlm.nih.gov/articles/PMC11178878/
test	PRJEB63349	SAMEA113934674	isolation_source	clinical material	Blood	True	categorical_change		41467_2024_49349_MOESM4_ESM.xlsx:GR13140_BL_KP	https://pmc.ncbi.nlm.nih.gov/articles/PMC11178878/
test	PRJEB63349	SAMEA113934675	isolation_source	clinical material	Blood	True	categorical_change		41467_2024_49349_MOESM4_ESM.xlsx:GR13143_BL_KP	https://pmc.ncbi.nlm.nih.gov/articles/PMC11178878/
test	PRJEB63349	SAMEA113934676	isolation_source	clinical material	Blood	True	categorical_change		41467_2024_49349_MOESM4_ESM.xlsx:GR13152_BL_KP	https://pmc.ncbi.nlm.nih.gov/articles/PMC11178878/
test	PRJEB63349	SAMEA113934677	isolation_source	clinical material	Blood	True	categorical_change		41467_2024_49349_MOESM4_ESM.xlsx:GR13166_BL_KP	https://pmc.ncbi.nlm.nih.gov/articles/PMC11178878/
test	PRJEB63349	SAMEA113934678	isolation_source	clinical material	Blood	True	categorical_change		41467_2024_49349_MOESM4_ESM.xlsx:GR13167_BL_KP	https://pmc.ncbi.nlm.nih.gov/articles/PMC11178878/
test	PRJEB63349	SAMEA113934679	isolation_source	clinical material	Blood	True	categorical_change		41467_2024_49349_MOESM4_ESM.xlsx:GR13171_BL_KP	https://pmc.ncbi.nlm.nih.gov/articles/PMC11178878/
test	PRJEB63349	SAMEA113934680	isolation_source	clinical material	Urine	True	categorical_change		41467_2024_49349_MOESM4_ESM.xlsx:GR13177_UR_KP	https://pmc.ncbi.nlm.nih.gov/articles/PMC11178878/
test	PRJEB63349	SAMEA113934681	isolation_source	clinical material	Blood	True	categorical_change		41467_2024_49349_MOESM4_ESM.xlsx:GR13180_BL_KP	https://pmc.ncbi.nlm.nih.gov/articles/PMC11178878/
test	PRJEB63349	SAMEA113934682	isolation_source	clinical material	Urine	True	categorical_change		41467_2024_49349_MOESM4_ESM.xlsx:GR13181_UR_KP	https://pmc.ncbi.nlm.nih.gov/articles/PMC11178878/
test	PRJEB63349	SAMEA113934683	isolation_source	clinical material	Blood	True	categorical_change		41467_2024_49349_MOESM4_ESM.xlsx:GR13185_BL_KP	https://pmc.ncbi.nlm.nih.gov/articles/PMC11178878/
test	PRJEB63349	SAMEA113934684	isolation_source	clinical material	Other	True	categorical_change		41467_2024_49349_MOESM4_ESM.xlsx:GR13197_OTH_KP	https://pmc.ncbi.nlm.nih.gov/articles/PMC11178878/
test	PRJEB63349	SAMEA113934685	isolation_source	clinical material	Urine	True	categorical_change		41467_2024_49349_MOESM4_ESM.xlsx:GR13203_UR_KP	https://pmc.ncbi.nlm.nih.gov/articles/PMC11178878/
test	PRJEB63349	SAMEA113934686	isolation_source	clinical material	Blood	True	categorical_change		41467_2024_49349_MOESM4_ESM.xlsx:GR13213_BL_KP	https://pmc.ncbi.nlm.nih.gov/articles/PMC11178878/
test	PRJEB63349	SAMEA113934687	isolation_source	clinical material	Blood	True	categorical_change		41467_2024_49349_MOESM4_ESM.xlsx:GR13214_BL_KP	https://pmc.ncbi.nlm.nih.gov/articles/PMC11178878/
test	PRJEB63349	SAMEA113934688	isolation_source	clinical material	Blood	True	categorical_change		41467_2024_49349_MOESM4_ESM.xlsx:GR13215_BL_KP	https://pmc.ncbi.nlm.nih.gov/articles/PMC11178878/
test	PRJEB63349	SAMEA113934689	isolation_source	clinical material	Urine	True	categorical_change		41467_2024_49349_MOESM4_ESM.xlsx:GR13221_UR_KP	https://pmc.ncbi.nlm.nih.gov/articles/PMC11178878/
test	PRJEB63349	SAMEA113934690	isolation_source	clinical material	Blood	True	categorical_change		41467_2024_49349_MOESM4_ESM.xlsx:GR13222_BL_KP	https://pmc.ncbi.nlm.nih.gov/articles/PMC11178878/
test	PRJEB63349	SAMEA113934691	isolation_source	clinical material	Abscess	True	categorical_change		41467_2024_49349_MOESM4_ESM.xlsx:GR13223_IA_KP	https://pmc.ncbi.nlm.nih.gov/articles/PMC11178878/
test	PRJEB63349	SAMEA113934692	isolation_source	clinical material	Other	True	categorical_change		41467_2024_49349_MOESM4_ESM.xlsx:GR13224	https://pmc.ncbi.nlm.nih.gov/articles/PMC11178878/
test	PRJEB63349	SAMEA113934693	isolation_source	clinical material	Urine	True	categorical_change		41467_2024_49349_MOESM4_ESM.xlsx:GR13225_UR_KP	https://pmc.ncbi.nlm.nih.gov/articles/PMC11178878/
test	PRJEB63349	SAMEA113934694	isolation_source	clinical material	Urine	True	categorical_change		41467_2024_49349_MOESM4_ESM.xlsx:GR13226_UR_KP	https://pmc.ncbi.nlm.nih.gov/articles/PMC11178878/
test	PRJEB63349	SAMEA113934695	isolation_source	clinical material	Blood	True	categorical_change		41467_2024_49349_MOESM4_ESM.xlsx:GR13228_BL_KP	https://pmc.ncbi.nlm.nih.gov/articles/PMC11178878/
test	PRJEB63349	SAMEA113934696	isolation_source	clinical material	Urine	True	categorical_change		41467_2024_49349_MOESM4_ESM.xlsx:GR13231_UR_KP	https://pmc.ncbi.nlm.nih.gov/articles/PMC11178878/
test	PRJEB63349	SAMEA113934697	isolation_source	clinical material	Exudate	True	categorical_change		41467_2024_49349_MOESM4_ESM.xlsx:GR13232_SS_KP	https://pmc.ncbi.nlm.nih.gov/articles/PMC11178878/
test	PRJEB63349	SAMEA113934698	isolation_source	clinical material	Urine	True	categorical_change		41467_2024_49349_MOESM4_ESM.xlsx:GR13235_UR_KP	https://pmc.ncbi.nlm.nih.gov/articles/PMC11178878/
test	PRJEB63349	SAMEA113934699	isolation_source	clinical material	Blood	True	categorical_change		41467_2024_49349_MOESM4_ESM.xlsx:GR13236_BL_KP	https://pmc.ncbi.nlm.nih.gov/articles/PMC11178878/
test	PRJEB63349	SAMEA113934700	isolation_source	clinical material	Blood	True	categorical_change		41467_2024_49349_MOESM4_ESM.xlsx:GR13237_BL_KP	https://pmc.ncbi.nlm.nih.gov/articles/PMC11178878/
test	PRJEB63349	SAMEA113934701	isolation_source	clinical material	Blood	True	categorical_change		41467_2024_49349_MOESM4_ESM.xlsx:GR13238_BL_KP	https://pmc.ncbi.nlm.nih.gov/articles/PMC11178878/
test	PRJEB63349	SAMEA113934702	isolation_source	clinical material	Blood	True	categorical_change		41467_2024_49349_MOESM4_ESM.xlsx:GR13239_BL_KP	https://pmc.ncbi.nlm.nih.gov/articles/PMC11178878/
test	PRJEB63349	SAMEA113934703	isolation_source	clinical material	Urine	True	categorical_change		41467_2024_49349_MOESM4_ESM.xlsx:GR13241_UR_KP	https://pmc.ncbi.nlm.nih.gov/articles/PMC11178878/
test	PRJEB63349	SAMEA113934704	isolation_source	clinical material	Urine	True	categorical_change		41467_2024_49349_MOESM4_ESM.xlsx:GR13242_UR_KP	https://pmc.ncbi.nlm.nih.gov/articles/PMC11178878/
test	PRJEB63349	SAMEA113934705	isolation_source	clinical material	Urine	True	categorical_change		41467_2024_49349_MOESM4_ESM.xlsx:GR13252_UR_KP	https://pmc.ncbi.nlm.nih.gov/articles/PMC11178878/
test	PRJEB63349	SAMEA113934706	isolation_source	clinical material	Blood	True	categorical_change		41467_2024_49349_MOESM4_ESM.xlsx:GR13256_BL_KP	https://pmc.ncbi.nlm.nih.gov/articles/PMC11178878/
test	PRJEB63349	SAMEA113934707	isolation_source	clinical material	Blood	True	categorical_change		41467_2024_49349_MOESM4_ESM.xlsx:GR13259_BL_KP	https://pmc.ncbi.nlm.nih.gov/articles/PMC11178878/
test	PRJEB63349	SAMEA113934708	isolation_source	clinical material	Other	True	categorical_change		41467_2024_49349_MOESM4_ESM.xlsx:GR13260	https://pmc.ncbi.nlm.nih.gov/articles/PMC11178878/
test	PRJEB63349	SAMEA113934709	isolation_source	clinical material	Other	True	categorical_change		41467_2024_49349_MOESM4_ESM.xlsx:GR13261	https://pmc.ncbi.nlm.nih.gov/articles/PMC11178878/
test	PRJEB63349	SAMEA113934710	isolation_source	clinical material	Blood	True	categorical_change		41467_2024_49349_MOESM4_ESM.xlsx:GR14001_BL_KP	https://pmc.ncbi.nlm.nih.gov/articles/PMC11178878/
test	PRJEB63349	SAMEA113934711	isolation_source	clinical material	Abscess	True	categorical_change		41467_2024_49349_MOESM4_ESM.xlsx:GR14001_IA_KP	https://pmc.ncbi.nlm.nih.gov/articles/PMC11178878/
test	PRJEB63349	SAMEA113934712	isolation_source	clinical material	Blood	True	categorical_change		41467_2024_49349_MOESM4_ESM.xlsx:GR14006_BL_KP	https://pmc.ncbi.nlm.nih.gov/articles/PMC11178878/
test	PRJEB63349	SAMEA113934713	isolation_source	clinical material	Blood	True	categorical_change		41467_2024_49349_MOESM4_ESM.xlsx:GR14009_BL_KP	https://pmc.ncbi.nlm.nih.gov/articles/PMC11178878/
test	PRJEB63349	SAMEA113934714	isolation_source	clinical material	Blood	True	categorical_change		41467_2024_49349_MOESM4_ESM.xlsx:GR14010_BL_KP	https://pmc.ncbi.nlm.nih.gov/articles/PMC11178878/
test	PRJEB63349	SAMEA113934715	isolation_source	clinical material	Urine	True	categorical_change		41467_2024_49349_MOESM4_ESM.xlsx:GR15001_UR_KP	https://pmc.ncbi.nlm.nih.gov/articles/PMC11178878/
test	PRJEB63349	SAMEA113934716	isolation_source	clinical material	Urine	True	categorical_change		41467_2024_49349_MOESM4_ESM.xlsx:GR15005_UR_KP	https://pmc.ncbi.nlm.nih.gov/articles/PMC11178878/
test	PRJEB63349	SAMEA113934717	isolation_source	clinical material	Blood	True	categorical_change		41467_2024_49349_MOESM4_ESM.xlsx:GR15006_BL_KP	https://pmc.ncbi.nlm.nih.gov/articles/PMC11178878/
test	PRJEB63349	SAMEA113934718	isolation_source	clinical material	Urine	True	categorical_change		41467_2024_49349_MOESM4_ESM.xlsx:GR15009_UR_KP	https://pmc.ncbi.nlm.nih.gov/articles/PMC11178878/
test	PRJEB63349	SAMEA113934719	isolation_source	clinical material	Blood	True	categorical_change		41467_2024_49349_MOESM4_ESM.xlsx:GR16001_BL_KP	https://pmc.ncbi.nlm.nih.gov/articles/PMC11178878/
test	PRJEB63349	SAMEA113934720	isolation_source	clinical material	Blood	True	categorical_change		41467_2024_49349_MOESM4_ESM.xlsx:GR16005_BL_KP	https://pmc.ncbi.nlm.nih.gov/articles/PMC11178878/
test	PRJEB63349	SAMEA113934721	isolation_source	clinical material	Blood	True	categorical_change		41467_2024_49349_MOESM4_ESM.xlsx:GR16007_BL_KP	https://pmc.ncbi.nlm.nih.gov/articles/PMC11178878/
test	PRJEB63349	SAMEA113934722	isolation_source	clinical material	Blood	True	categorical_change		41467_2024_49349_MOESM4_ESM.xlsx:GR16014_BL_KP	https://pmc.ncbi.nlm.nih.gov/articles/PMC11178878/
test	PRJEB63349	SAMEA113934723	isolation_source	clinical material	Blood	True	categorical_change		41467_2024_49349_MOESM4_ESM.xlsx:GR16027_BL_KP	https://pmc.ncbi.nlm.nih.gov/articles/PMC11178878/
test	PRJEB63349	SAMEA113934724	isolation_source	clinical material	Blood	True	categorical_change		41467_2024_49349_MOESM4_ESM.xlsx:GR16033_BL_KP	https://pmc.ncbi.nlm.nih.gov/articles/PMC11178878/
test	PRJEB63349	SAMEA113934725	isolation_source	clinical material	Blood	True	categorical_change		41467_2024_49349_MOESM4_ESM.xlsx:GR16042_BL_KP	https://pmc.ncbi.nlm.nih.gov/articles/PMC11178878/
test	PRJEB63349	SAMEA113934726	isolation_source	clinical material	Blood	True	categorical_change		41467_2024_49349_MOESM4_ESM.xlsx:GR16045_BL_KP	https://pmc.ncbi.nlm.nih.gov/articles/PMC11178878/
test	PRJEB63349	SAMEA113934727	isolation_source	clinical material	Blood	True	categorical_change		41467_2024_49349_MOESM4_ESM.xlsx:GR16057_BL_KP	https://pmc.ncbi.nlm.nih.gov/articles/PMC11178878/
test	PRJEB63349	SAMEA113934728	isolation_source	clinical material	Blood	True	categorical_change		41467_2024_49349_MOESM4_ESM.xlsx:GR16058_BL_KP	https://pmc.ncbi.nlm.nih.gov/articles/PMC11178878/
test	PRJEB63349	SAMEA113934729	isolation_source	clinical material	Blood	True	categorical_change		41467_2024_49349_MOESM4_ESM.xlsx:GR16074_BL_KP	https://pmc.ncbi.nlm.nih.gov/articles/PMC11178878/
test	PRJEB63349	SAMEA113934730	isolation_source	clinical material	Blood	True	categorical_change		41467_2024_49349_MOESM4_ESM.xlsx:GR16075_BL_KP	https://pmc.ncbi.nlm.nih.gov/articles/PMC11178878/
test	PRJEB63349	SAMEA113934731	isolation_source	clinical material	Blood	True	categorical_change		41467_2024_49349_MOESM4_ESM.xlsx:GR16076_BL_EA	https://pmc.ncbi.nlm.nih.gov/articles/PMC11178878/
test	PRJEB63349	SAMEA113934732	isolation_source	clinical material	Urine	True	categorical_change		41467_2024_49349_MOESM4_ESM.xlsx:GR16077_UR_KP	https://pmc.ncbi.nlm.nih.gov/articles/PMC11178878/
test	PRJEB63349	SAMEA113934733	isolation_source	clinical material	Blood	True	categorical_change		41467_2024_49349_MOESM4_ESM.xlsx:GR16082_BL_KP	https://pmc.ncbi.nlm.nih.gov/articles/PMC11178878/
test	PRJEB63349	SAMEA113934734	isolation_source	clinical material	Urine	True	categorical_change		41467_2024_49349_MOESM4_ESM.xlsx:GR16084_UR_KP	https://pmc.ncbi.nlm.nih.gov/articles/PMC11178878/
test	PRJEB63349	SAMEA113934735	isolation_source	clinical material	Bile	True	categorical_change		41467_2024_49349_MOESM4_ESM.xlsx:GR16089_BI_KP	https://pmc.ncbi.nlm.nih.gov/articles/PMC11178878/
test	PRJEB63349	SAMEA113934736	isolation_source	clinical material	Abscess	True	categorical_change		41467_2024_49349_MOESM4_ESM.xlsx:GR16090_IA_KP	https://pmc.ncbi.nlm.nih.gov/articles/PMC11178878/
test	PRJEB63349	SAMEA113934737	isolation_source	clinical material	Blood	True	categorical_change		41467_2024_49349_MOESM4_ESM.xlsx:GR16091_BL_KP	https://pmc.ncbi.nlm.nih.gov/articles/PMC11178878/
test	PRJEB63349	SAMEA113934738	isolation_source	clinical material	Blood	True	categorical_change		41467_2024_49349_MOESM4_ESM.xlsx:GR16092_BL_KP	https://pmc.ncbi.nlm.nih.gov/articles/PMC11178878/
test	PRJEB63349	SAMEA113934739	isolation_source	clinical material	Urine	True	categorical_change		41467_2024_49349_MOESM4_ESM.xlsx:GR16092_UR_KP	https://pmc.ncbi.nlm.nih.gov/articles/PMC11178878/
test	PRJEB63349	SAMEA113934740	isolation_source	clinical material	Urine	True	categorical_change		41467_2024_49349_MOESM4_ESM.xlsx:GR16094_UR_KP	https://pmc.ncbi.nlm.nih.gov/articles/PMC11178878/
test	PRJEB63349	SAMEA113934741	isolation_source	clinical material	Blood	True	categorical_change		41467_2024_49349_MOESM4_ESM.xlsx:GR16096_BL_KP	https://pmc.ncbi.nlm.nih.gov/articles/PMC11178878/
test	PRJEB63349	SAMEA113934742	isolation_source	clinical material	Blood	True	categorical_change		41467_2024_49349_MOESM4_ESM.xlsx:GR16097_BL_KP	https://pmc.ncbi.nlm.nih.gov/articles/PMC11178878/
test	PRJEB63349	SAMEA113934743	isolation_source	clinical material	Blood	True	categorical_change		41467_2024_49349_MOESM4_ESM.xlsx:GR16098_BL_KP	https://pmc.ncbi.nlm.nih.gov/articles/PMC11178878/
test	PRJEB63349	SAMEA113934744	isolation_source	clinical material	Blood	True	categorical_change		41467_2024_49349_MOESM4_ESM.xlsx:GR16099_BL_KP	https://pmc.ncbi.nlm.nih.gov/articles/PMC11178878/
test	PRJEB63349	SAMEA113934745	isolation_source	clinical material	Blood	True	categorical_change		41467_2024_49349_MOESM4_ESM.xlsx:GR16101_BL_KP	https://pmc.ncbi.nlm.nih.gov/articles/PMC11178878/
test	PRJEB63349	SAMEA113934746	isolation_source	clinical material	Blood	True	categorical_change		41467_2024_49349_MOESM4_ESM.xlsx:GR16102_BL_KP	https://pmc.ncbi.nlm.nih.gov/articles/PMC11178878/
test	PRJEB63349	SAMEA113934747	isolation_source	clinical material	Blood	True	categorical_change		41467_2024_49349_MOESM4_ESM.xlsx:GR16103_BL_KP	https://pmc.ncbi.nlm.nih.gov/articles/PMC11178878/
test	PRJEB63349	SAMEA113934748	isolation_source	clinical material	Blood	True	categorical_change		41467_2024_49349_MOESM4_ESM.xlsx:GR16104_BL_KP	https://pmc.ncbi.nlm.nih.gov/articles/PMC11178878/
test	PRJEB63349	SAMEA113934749	isolation_source	clinical material	Blood	True	categorical_change		41467_2024_49349_MOESM4_ESM.xlsx:GR16105_BL_KP	https://pmc.ncbi.nlm.nih.gov/articles/PMC11178878/
test	PRJEB63349	SAMEA113934750	isolation_source	clinical material	Blood	True	categorical_change		41467_2024_49349_MOESM4_ESM.xlsx:GR16106_BL_KP	https://pmc.ncbi.nlm.nih.gov/articles/PMC11178878/
test	PRJEB63349	SAMEA113934751	isolation_source	clinical material	Blood	True	categorical_change		41467_2024_49349_MOESM4_ESM.xlsx:GR16107_BL_KP	https://pmc.ncbi.nlm.nih.gov/articles/PMC11178878/
test	PRJEB63349	SAMEA113934752	isolation_source	clinical material	Blood	True	categorical_change		41467_2024_49349_MOESM4_ESM.xlsx:GR16108_BL_KP	https://pmc.ncbi.nlm.nih.gov/articles/PMC11178878/
test	PRJEB63349	SAMEA113934753	isolation_source	clinical material	Blood	True	categorical_change		41467_2024_49349_MOESM4_ESM.xlsx:GR16109_BL_KP	https://pmc.ncbi.nlm.nih.gov/articles/PMC11178878/
test	PRJEB63349	SAMEA113934754	isolation_source	clinical material	Urine	True	categorical_change		41467_2024_49349_MOESM4_ESM.xlsx:GR18001_UR_KP	https://pmc.ncbi.nlm.nih.gov/articles/PMC11178878/
test	PRJEB63349	SAMEA113934755	isolation_source	clinical material	Blood	True	categorical_change		41467_2024_49349_MOESM4_ESM.xlsx:GR18002_BL_KP	https://pmc.ncbi.nlm.nih.gov/articles/PMC11178878/
test	PRJEB63349	SAMEA113934756	isolation_source	clinical material	Blood	True	categorical_change		41467_2024_49349_MOESM4_ESM.xlsx:GR18003_BL_KP	https://pmc.ncbi.nlm.nih.gov/articles/PMC11178878/
test	PRJEB63349	SAMEA113934757	isolation_source	clinical material	Blood	True	categorical_change		41467_2024_49349_MOESM4_ESM.xlsx:GR18004_BL_KP	https://pmc.ncbi.nlm.nih.gov/articles/PMC11178878/
test	PRJEB63349	SAMEA113934758	isolation_source	clinical material	Blood	True	categorical_change		41467_2024_49349_MOESM4_ESM.xlsx:GR18005_BL_KP	https://pmc.ncbi.nlm.nih.gov/articles/PMC11178878/
test	PRJEB63349	SAMEA113934759	isolation_source	clinical material	Blood	True	categorical_change		41467_2024_49349_MOESM4_ESM.xlsx:GR18006_BL_KP	https://pmc.ncbi.nlm.nih.gov/articles/PMC11178878/
test	PRJEB63349	SAMEA113934760	isolation_source	clinical material	Abscess	True	categorical_change		41467_2024_49349_MOESM4_ESM.xlsx:GR18007_IA_KP	https://pmc.ncbi.nlm.nih.gov/articles/PMC11178878/
test	PRJEB63349	SAMEA113934761	isolation_source	clinical material	Blood	True	categorical_change		41467_2024_49349_MOESM4_ESM.xlsx:GR18016_BL_KP	https://pmc.ncbi.nlm.nih.gov/articles/PMC11178878/
test	PRJEB63349	SAMEA113934762	isolation_source	clinical material	Blood	True	categorical_change		41467_2024_49349_MOESM4_ESM.xlsx:GR18017_BL_KP	https://pmc.ncbi.nlm.nih.gov/articles/PMC11178878/
test	PRJEB63349	SAMEA113934763	isolation_source	clinical material	Blood	True	categorical_change		41467_2024_49349_MOESM4_ESM.xlsx:GR18020_BL_KP	https://pmc.ncbi.nlm.nih.gov/articles/PMC11178878/
test	PRJEB63349	SAMEA113934764	isolation_source	clinical material	Blood	True	categorical_change		41467_2024_49349_MOESM4_ESM.xlsx:GR18026_BL_KP	https://pmc.ncbi.nlm.nih.gov/articles/PMC11178878/
test	PRJEB63349	SAMEA113934765	isolation_source	clinical material	Tracheal aspirate	True	categorical_change		41467_2024_49349_MOESM4_ESM.xlsx:GR21001_TR_KP	https://pmc.ncbi.nlm.nih.gov/articles/PMC11178878/
test	PRJEB63349	SAMEA113934766	isolation_source	clinical material	Urine	True	categorical_change		41467_2024_49349_MOESM4_ESM.xlsx:GR21002_UR_KP	https://pmc.ncbi.nlm.nih.gov/articles/PMC11178878/
test	PRJEB63349	SAMEA113934767	isolation_source	clinical material	Blood	True	categorical_change		41467_2024_49349_MOESM4_ESM.xlsx:GR21011_BL_KP	https://pmc.ncbi.nlm.nih.gov/articles/PMC11178878/
test	PRJEB63349	SAMEA113934768	isolation_source	clinical material	Urine	True	categorical_change		41467_2024_49349_MOESM4_ESM.xlsx:GR21017_UR_ECO	https://pmc.ncbi.nlm.nih.gov/articles/PMC11178878/
test	PRJEB63349	SAMEA113934769	isolation_source	clinical material	Blood	True	categorical_change		41467_2024_49349_MOESM4_ESM.xlsx:GR21018_BL_KP	https://pmc.ncbi.nlm.nih.gov/articles/PMC11178878/
test	PRJEB63349	SAMEA113934770	isolation_source	clinical material	Sputum	True	categorical_change		41467_2024_49349_MOESM4_ESM.xlsx:GR21023_SP_KP	https://pmc.ncbi.nlm.nih.gov/articles/PMC11178878/
test	PRJEB63349	SAMEA113934771	isolation_source	clinical material	Urine	True	categorical_change		41467_2024_49349_MOESM4_ESM.xlsx:GR21031_UR_ECO	https://pmc.ncbi.nlm.nih.gov/articles/PMC11178878/
test	PRJEB63349	SAMEA113934772	isolation_source	clinical material	Sputum	True	categorical_change		41467_2024_49349_MOESM4_ESM.xlsx:GR21035_SP_KP	https://pmc.ncbi.nlm.nih.gov/articles/PMC11178878/
test	PRJEB63349	SAMEA113934773	isolation_source	clinical material	Urine	True	categorical_change		41467_2024_49349_MOESM4_ESM.xlsx:GR21037_UR_KP	https://pmc.ncbi.nlm.nih.gov/articles/PMC11178878/
test	PRJEB63349	SAMEA113934774	isolation_source	clinical material	Urine	True	categorical_change		41467_2024_49349_MOESM4_ESM.xlsx:GR21040_UR_KP	https://pmc.ncbi.nlm.nih.gov/articles/PMC11178878/
test	PRJEB63349	SAMEA113934775	isolation_source	clinical material	Tracheal aspirate	True	categorical_change		41467_2024_49349_MOESM4_ESM.xlsx:GR21044_TR_KP	https://pmc.ncbi.nlm.nih.gov/articles/PMC11178878/
test	PRJEB63349	SAMEA113934776	isolation_source	clinical material	Blood	True	categorical_change		41467_2024_49349_MOESM4_ESM.xlsx:GR21058_BL_KP	https://pmc.ncbi.nlm.nih.gov/articles/PMC11178878/
test	PRJEB63349	SAMEA113934777	isolation_source	clinical material	Urine	True	categorical_change		41467_2024_49349_MOESM4_ESM.xlsx:GR21059_UR_KP	https://pmc.ncbi.nlm.nih.gov/articles/PMC11178878/
test	PRJEB63349	SAMEA113934778	isolation_source	clinical material	Urine	True	categorical_change		41467_2024_49349_MOESM4_ESM.xlsx:GR55001_UR_KP	https://pmc.ncbi.nlm.nih.gov/articles/PMC11178878/
test	PRJEB63349	SAMEA113934779	isolation_source	clinical material	Urine	True	categorical_change		41467_2024_49349_MOESM4_ESM.xlsx:GR55006_UR_KP	https://pmc.ncbi.nlm.nih.gov/articles/PMC11178878/
test	PRJEB63349	SAMEA113934780	isolation_source	clinical material	Urine	True	categorical_change		41467_2024_49349_MOESM4_ESM.xlsx:GR55011_UR_KP	https://pmc.ncbi.nlm.nih.gov/articles/PMC11178878/
test	PRJEB63349	SAMEA113934781	isolation_source	clinical material	Urine	True	categorical_change		41467_2024_49349_MOESM4_ESM.xlsx:GR55012_UR_ECO	https://pmc.ncbi.nlm.nih.gov/articles/PMC11178878/
test	PRJEB63349	SAMEA113934782	isolation_source	clinical material	Bronchoalveolar lavage	True	categorical_change		41467_2024_49349_MOESM4_ESM.xlsx:GR55014_BRO_KP	https://pmc.ncbi.nlm.nih.gov/articles/PMC11178878/
test	PRJEB63349	SAMEA113934783	isolation_source	clinical material	Bronchoalveolar lavage	True	categorical_change		41467_2024_49349_MOESM4_ESM.xlsx:GR55023_BRO_KP	https://pmc.ncbi.nlm.nih.gov/articles/PMC11178878/
test	PRJEB63349	SAMEA113934784	isolation_source	clinical material	Bronchoalveolar lavage	True	categorical_change		41467_2024_49349_MOESM4_ESM.xlsx:GR55028_BRO_KP	https://pmc.ncbi.nlm.nih.gov/articles/PMC11178878/
test	PRJEB63349	SAMEA113934785	isolation_source	clinical material	Urine	True	categorical_change		41467_2024_49349_MOESM4_ESM.xlsx:GR55029_UR_KP	https://pmc.ncbi.nlm.nih.gov/articles/PMC11178878/
test	PRJEB63349	SAMEA113934786	isolation_source	clinical material	Urine	True	categorical_change		41467_2024_49349_MOESM4_ESM.xlsx:GR55039_UR_KP	https://pmc.ncbi.nlm.nih.gov/articles/PMC11178878/
test	PRJEB63349	SAMEA113934787	isolation_source	clinical material	Abscess	True	categorical_change		41467_2024_49349_MOESM4_ESM.xlsx:GR55044_IA_KP	https://pmc.ncbi.nlm.nih.gov/articles/PMC11178878/
test	PRJEB63349	SAMEA113934788	isolation_source	clinical material	Blood	True	categorical_change		41467_2024_49349_MOESM4_ESM.xlsx:GR55045_BL_KP	https://pmc.ncbi.nlm.nih.gov/articles/PMC11178878/
test	PRJEB63349	SAMEA113934789	isolation_source	clinical material	Urine	True	categorical_change		41467_2024_49349_MOESM4_ESM.xlsx:GR55046_UR_KP	https://pmc.ncbi.nlm.nih.gov/articles/PMC11178878/
test	PRJEB63349	SAMEA113934790	isolation_source	clinical material	Bronchoalveolar lavage	True	categorical_change		41467_2024_49349_MOESM4_ESM.xlsx:GR55054_BRO_KP	https://pmc.ncbi.nlm.nih.gov/articles/PMC11178878/
test	PRJEB63349	SAMEA113934791	isolation_source	clinical material	Bronchoalveolar lavage	True	categorical_change		41467_2024_49349_MOESM4_ESM.xlsx:GR55060_BRO_KP	https://pmc.ncbi.nlm.nih.gov/articles/PMC11178878/
test	PRJEB63349	SAMEA113934792	isolation_source	clinical material	Urine	True	categorical_change		41467_2024_49349_MOESM4_ESM.xlsx:GR55061_UR_KP	https://pmc.ncbi.nlm.nih.gov/articles/PMC11178878/
test	PRJEB63349	SAMEA113934793	isolation_source	clinical material	Urine	True	categorical_change		41467_2024_49349_MOESM4_ESM.xlsx:GR55062_UR_KP	https://pmc.ncbi.nlm.nih.gov/articles/PMC11178878/
test	PRJEB63349	SAMEA113934794	isolation_source	clinical material	Blood	True	categorical_change		41467_2024_49349_MOESM4_ESM.xlsx:GR55063_BL_KP	https://pmc.ncbi.nlm.nih.gov/articles/PMC11178878/
test	PRJEB63349	SAMEA113934795	isolation_source	clinical material	Urine	True	categorical_change		41467_2024_49349_MOESM4_ESM.xlsx:GR55064_UR_KP	https://pmc.ncbi.nlm.nih.gov/articles/PMC11178878/
test	PRJEB63349	SAMEA113934796	isolation_source	clinical material	Urine	True	categorical_change		41467_2024_49349_MOESM4_ESM.xlsx:GR55065_UR_KP	https://pmc.ncbi.nlm.nih.gov/articles/PMC11178878/
test	PRJEB63349	SAMEA113934797	isolation_source	clinical material	Urine	True	categorical_change		41467_2024_49349_MOESM4_ESM.xlsx:GR55074_UR_KP	https://pmc.ncbi.nlm.nih.gov/articles/PMC11178878/
test	PRJEB63349	SAMEA113934798	isolation_source	clinical material	Blood	True	categorical_change		41467_2024_49349_MOESM4_ESM.xlsx:GR55075_BL_KP	https://pmc.ncbi.nlm.nih.gov/articles/PMC11178878/
test	PRJEB63349	SAMEA113934799	isolation_source	clinical material	Urine	True	categorical_change		41467_2024_49349_MOESM4_ESM.xlsx:GR55076_UR_KP	https://pmc.ncbi.nlm.nih.gov/articles/PMC11178878/
test	PRJEB63349	SAMEA113934800	isolation_source	clinical material	Urine	True	categorical_change		41467_2024_49349_MOESM4_ESM.xlsx:GR55077_UR_KP	https://pmc.ncbi.nlm.nih.gov/articles/PMC11178878/
test	PRJEB63349	SAMEA113934801	isolation_source	clinical material	Urine	True	categorical_change		41467_2024_49349_MOESM4_ESM.xlsx:GR55078_UR_KP	https://pmc.ncbi.nlm.nih.gov/articles/PMC11178878/
test	PRJEB63349	SAMEA113934802	isolation_source	clinical material	Urine	True	categorical_change		41467_2024_49349_MOESM4_ESM.xlsx:GR55079_UR_KP	https://pmc.ncbi.nlm.nih.gov/articles/PMC11178878/
test	PRJEB63349	SAMEA113934803	isolation_source	clinical material	Blood	True	categorical_change		41467_2024_49349_MOESM4_ESM.xlsx:GR55080_BL_KP	https://pmc.ncbi.nlm.nih.gov/articles/PMC11178878/
test	PRJEB63349	SAMEA113934804	isolation_source	clinical material	Sputum	True	categorical_change		41467_2024_49349_MOESM4_ESM.xlsx:GR55081_SP_KP	https://pmc.ncbi.nlm.nih.gov/articles/PMC11178878/
test	PRJEB63349	SAMEA113934805	isolation_source	clinical material	Sputum	True	categorical_change		41467_2024_49349_MOESM4_ESM.xlsx:GR55082_SP_KP	https://pmc.ncbi.nlm.nih.gov/articles/PMC11178878/
test	PRJEB63349	SAMEA113934806	isolation_source	clinical material	Urine	True	categorical_change		41467_2024_49349_MOESM4_ESM.xlsx:GR55083_UR_KP	https://pmc.ncbi.nlm.nih.gov/articles/PMC11178878/
test	PRJEB63349	SAMEA113934807	isolation_source	clinical material	Blood	True	categorical_change		41467_2024_49349_MOESM4_ESM.xlsx:GR55084_BL_KP	https://pmc.ncbi.nlm.nih.gov/articles/PMC11178878/
test	PRJEB63349	SAMEA113934808	isolation_source	clinical material	Blood	True	categorical_change		41467_2024_49349_MOESM4_ESM.xlsx:GR55087_BL_KP	https://pmc.ncbi.nlm.nih.gov/articles/PMC11178878/
test	PRJEB63349	SAMEA113934809	isolation_source	clinical material	Bronchoalveolar lavage	True	categorical_change		41467_2024_49349_MOESM4_ESM.xlsx:GR55088_BRO_KP	https://pmc.ncbi.nlm.nih.gov/articles/PMC11178878/
test	PRJEB63349	SAMEA113934810	isolation_source	clinical material	Blood	True	categorical_change		41467_2024_49349_MOESM4_ESM.xlsx:IT22001_BL_KP	https://pmc.ncbi.nlm.nih.gov/articles/PMC11178878/
test	PRJEB63349	SAMEA113934811	isolation_source	clinical material	Bronchoalveolar lavage	True	categorical_change		41467_2024_49349_MOESM4_ESM.xlsx:IT22001_BRO_KP	https://pmc.ncbi.nlm.nih.gov/articles/PMC11178878/
test	PRJEB63349	SAMEA113934812	isolation_source	clinical material	Blood	True	categorical_change		41467_2024_49349_MOESM4_ESM.xlsx:IT22006_BL_KP	https://pmc.ncbi.nlm.nih.gov/articles/PMC11178878/
test	PRJEB63349	SAMEA113934813	isolation_source	clinical material	Bronchoalveolar lavage	True	categorical_change		41467_2024_49349_MOESM4_ESM.xlsx:IT22014_BRO_KP	https://pmc.ncbi.nlm.nih.gov/articles/PMC11178878/
test	PRJEB63349	SAMEA113934814	isolation_source	clinical material	Blood	True	categorical_change		41467_2024_49349_MOESM4_ESM.xlsx:IT22015_BL_KP	https://pmc.ncbi.nlm.nih.gov/articles/PMC11178878/
test	PRJEB63349	SAMEA113934815	isolation_source	clinical material	Sputum	True	categorical_change		41467_2024_49349_MOESM4_ESM.xlsx:IT22020_SP_KP	https://pmc.ncbi.nlm.nih.gov/articles/PMC11178878/
test	PRJEB63349	SAMEA113934816	isolation_source	clinical material	Sputum	True	categorical_change		41467_2024_49349_MOESM4_ESM.xlsx:IT22022_SP_KP	https://pmc.ncbi.nlm.nih.gov/articles/PMC11178878/
test	PRJEB63349	SAMEA113934817	isolation_source	clinical material	Bronchoalveolar lavage	True	categorical_change		41467_2024_49349_MOESM4_ESM.xlsx:IT22024_BRO_KP	https://pmc.ncbi.nlm.nih.gov/articles/PMC11178878/
test	PRJEB63349	SAMEA113934818	isolation_source	clinical material	Bronchoalveolar lavage	True	categorical_change		41467_2024_49349_MOESM4_ESM.xlsx:IT22026_BRO_KP	https://pmc.ncbi.nlm.nih.gov/articles/PMC11178878/
test	PRJEB63349	SAMEA113934819	isolation_source	clinical material	Other	True	categorical_change		41467_2024_49349_MOESM4_ESM.xlsx:IT23001_OTH_KP	https://pmc.ncbi.nlm.nih.gov/articles/PMC11178878/
test	PRJEB63349	SAMEA113934820	isolation_source	clinical material	Abscess	True	categorical_change		41467_2024_49349_MOESM4_ESM.xlsx:IT23002_IA_KP	https://pmc.ncbi.nlm.nih.gov/articles/PMC11178878/
test	PRJEB63349	SAMEA113934821	isolation_source	clinical material	Blood	True	categorical_change		41467_2024_49349_MOESM4_ESM.xlsx:IT24001_BL_KP	https://pmc.ncbi.nlm.nih.gov/articles/PMC11178878/
test	PRJEB63349	SAMEA113934822	isolation_source	clinical material	Blood	True	categorical_change		41467_2024_49349_MOESM4_ESM.xlsx:IT24009_BL_KP	https://pmc.ncbi.nlm.nih.gov/articles/PMC11178878/
test	PRJEB63349	SAMEA113934823	isolation_source	clinical material	Blood	True	categorical_change		41467_2024_49349_MOESM4_ESM.xlsx:IT24020_BL_KP	https://pmc.ncbi.nlm.nih.gov/articles/PMC11178878/
test	PRJEB63349	SAMEA113934824	isolation_source	clinical material	Bronchoalveolar lavage	True	categorical_change		41467_2024_49349_MOESM4_ESM.xlsx:IT24021_BRO_KP	https://pmc.ncbi.nlm.nih.gov/articles/PMC11178878/
test	PRJEB63349	SAMEA113934825	isolation_source	clinical material	Urine	True	categorical_change		41467_2024_49349_MOESM4_ESM.xlsx:IT24023_UR_KP	https://pmc.ncbi.nlm.nih.gov/articles/PMC11178878/
test	PRJEB63349	SAMEA113934826	isolation_source	clinical material	Blood	True	categorical_change		41467_2024_49349_MOESM4_ESM.xlsx:IT24025_BL_KP	https://pmc.ncbi.nlm.nih.gov/articles/PMC11178878/
test	PRJEB63349	SAMEA113934827	isolation_source	clinical material	Other	True	categorical_change		41467_2024_49349_MOESM4_ESM.xlsx:IT24026_OTH_KP	https://pmc.ncbi.nlm.nih.gov/articles/PMC11178878/
test	PRJEB63349	SAMEA113934828	isolation_source	clinical material	Urine	True	categorical_change		41467_2024_49349_MOESM4_ESM.xlsx:IT24036_UR_KP	https://pmc.ncbi.nlm.nih.gov/articles/PMC11178878/
test	PRJEB63349	SAMEA113934829	isolation_source	clinical material	Bronchoalveolar lavage	True	categorical_change		41467_2024_49349_MOESM4_ESM.xlsx:IT24040_BRO_KP	https://pmc.ncbi.nlm.nih.gov/articles/PMC11178878/
test	PRJEB63349	SAMEA113934830	isolation_source	clinical material	Blood	True	categorical_change		41467_2024_49349_MOESM4_ESM.xlsx:IT24047_BL_KP	https://pmc.ncbi.nlm.nih.gov/articles/PMC11178878/
test	PRJEB63349	SAMEA113934831	isolation_source	clinical material	Blood	True	categorical_change		41467_2024_49349_MOESM4_ESM.xlsx:IT24050_BL_KP	https://pmc.ncbi.nlm.nih.gov/articles/PMC11178878/
test	PRJEB63349	SAMEA113934832	isolation_source	clinical material	Bronchoalveolar lavage	True	categorical_change		41467_2024_49349_MOESM4_ESM.xlsx:IT24051_BRO_KP	https://pmc.ncbi.nlm.nih.gov/articles/PMC11178878/
test	PRJEB63349	SAMEA113934833	isolation_source	clinical material	Urine	True	categorical_change		41467_2024_49349_MOESM4_ESM.xlsx:IT24052_UR_KP	https://pmc.ncbi.nlm.nih.gov/articles/PMC11178878/
test	PRJEB63349	SAMEA113934834	isolation_source	clinical material	Blood	True	categorical_change		41467_2024_49349_MOESM4_ESM.xlsx:IT24058_BL_KP	https://pmc.ncbi.nlm.nih.gov/articles/PMC11178878/
test	PRJEB63349	SAMEA113934835	isolation_source	clinical material	Blood	True	categorical_change		41467_2024_49349_MOESM4_ESM.xlsx:IT24059_BL_KP	https://pmc.ncbi.nlm.nih.gov/articles/PMC11178878/
test	PRJEB63349	SAMEA113934836	isolation_source	clinical material	Blood	True	categorical_change		41467_2024_49349_MOESM4_ESM.xlsx:IT24060_BL_KP	https://pmc.ncbi.nlm.nih.gov/articles/PMC11178878/
test	PRJEB63349	SAMEA113934837	isolation_source	clinical material	Blood	True	categorical_change		41467_2024_49349_MOESM4_ESM.xlsx:IT24061_BL_KP	https://pmc.ncbi.nlm.nih.gov/articles/PMC11178878/
test	PRJEB63349	SAMEA113934838	isolation_source	clinical material	Blood	True	categorical_change		41467_2024_49349_MOESM4_ESM.xlsx:IT24062_BL_KP	https://pmc.ncbi.nlm.nih.gov/articles/PMC11178878/
test	PRJEB63349	SAMEA113934839	isolation_source	clinical material	Blood	True	categorical_change		41467_2024_49349_MOESM4_ESM.xlsx:IT24063_BL_KP	https://pmc.ncbi.nlm.nih.gov/articles/PMC11178878/
test	PRJEB63349	SAMEA113934840	isolation_source	clinical material	Blood	True	categorical_change		41467_2024_49349_MOESM4_ESM.xlsx:IT24064_BL_KP	https://pmc.ncbi.nlm.nih.gov/articles/PMC11178878/
test	PRJEB63349	SAMEA113934841	isolation_source	clinical material	Blood	True	categorical_change		41467_2024_49349_MOESM4_ESM.xlsx:IT25001_BL_KP	https://pmc.ncbi.nlm.nih.gov/articles/PMC11178878/
test	PRJEB63349	SAMEA113934842	isolation_source	clinical material	Blood	True	categorical_change		41467_2024_49349_MOESM4_ESM.xlsx:IT25002_BL_KP	https://pmc.ncbi.nlm.nih.gov/articles/PMC11178878/
test	PRJEB63349	SAMEA113934843	isolation_source	clinical material	Blood	True	categorical_change		41467_2024_49349_MOESM4_ESM.xlsx:IT25003_BL_KP	https://pmc.ncbi.nlm.nih.gov/articles/PMC11178878/
test	PRJEB63349	SAMEA113934844	isolation_source	clinical material	Blood	True	categorical_change		41467_2024_49349_MOESM4_ESM.xlsx:IT25004_BL_KP	https://pmc.ncbi.nlm.nih.gov/articles/PMC11178878/
test	PRJEB63349	SAMEA113934845	isolation_source	clinical material	Abscess	True	categorical_change		41467_2024_49349_MOESM4_ESM.xlsx:IT25005_IA_KP	https://pmc.ncbi.nlm.nih.gov/articles/PMC11178878/
test	PRJEB63349	SAMEA113934846	isolation_source	clinical material	Blood	True	categorical_change		41467_2024_49349_MOESM4_ESM.xlsx:IT25007_BL_KP	https://pmc.ncbi.nlm.nih.gov/articles/PMC11178878/
test	PRJEB63349	SAMEA113934847	isolation_source	clinical material	Blood	True	categorical_change		41467_2024_49349_MOESM4_ESM.xlsx:IT25008_BL_KP	https://pmc.ncbi.nlm.nih.gov/articles/PMC11178878/
test	PRJEB63349	SAMEA113934848	isolation_source	clinical material	Blood	True	categorical_change		41467_2024_49349_MOESM4_ESM.xlsx:IT25009_BL_KP	https://pmc.ncbi.nlm.nih.gov/articles/PMC11178878/
test	PRJEB63349	SAMEA113934849	isolation_source	clinical material	Blood	True	categorical_change		41467_2024_49349_MOESM4_ESM.xlsx:IT25010_BL_KP	https://pmc.ncbi.nlm.nih.gov/articles/PMC11178878/
test	PRJEB63349	SAMEA113934850	isolation_source	clinical material	Blood	True	categorical_change		41467_2024_49349_MOESM4_ESM.xlsx:IT25011_BL_KP	https://pmc.ncbi.nlm.nih.gov/articles/PMC11178878/
test	PRJEB63349	SAMEA113934851	isolation_source	clinical material	Blood	True	categorical_change		41467_2024_49349_MOESM4_ESM.xlsx:IT25012_BL_KP	https://pmc.ncbi.nlm.nih.gov/articles/PMC11178878/
test	PRJEB63349	SAMEA113934852	isolation_source	clinical material	Blood	True	categorical_change		41467_2024_49349_MOESM4_ESM.xlsx:IT25013_BL_KP	https://pmc.ncbi.nlm.nih.gov/articles/PMC11178878/
test	PRJEB63349	SAMEA113934853	isolation_source	clinical material	Blood	True	categorical_change		41467_2024_49349_MOESM4_ESM.xlsx:IT25014_BL_KP	https://pmc.ncbi.nlm.nih.gov/articles/PMC11178878/
test	PRJEB63349	SAMEA113934854	isolation_source	clinical material	Blood	True	categorical_change		41467_2024_49349_MOESM4_ESM.xlsx:IT25015_BL_KP	https://pmc.ncbi.nlm.nih.gov/articles/PMC11178878/
test	PRJEB63349	SAMEA113934855	isolation_source	clinical material	Blood	True	categorical_change		41467_2024_49349_MOESM4_ESM.xlsx:IT25019_BL_KP	https://pmc.ncbi.nlm.nih.gov/articles/PMC11178878/
test	PRJEB63349	SAMEA113934856	isolation_source	clinical material	Blood	True	categorical_change		41467_2024_49349_MOESM4_ESM.xlsx:IT25020_BL_KP	https://pmc.ncbi.nlm.nih.gov/articles/PMC11178878/
test	PRJEB63349	SAMEA113934857	isolation_source	clinical material	Bronchoalveolar lavage	True	categorical_change		41467_2024_49349_MOESM4_ESM.xlsx:IT25021_BRO_KP	https://pmc.ncbi.nlm.nih.gov/articles/PMC11178878/
test	PRJEB63349	SAMEA113934858	isolation_source	clinical material	Blood	True	categorical_change		41467_2024_49349_MOESM4_ESM.xlsx:IT25022_BL_KP	https://pmc.ncbi.nlm.nih.gov/articles/PMC11178878/
test	PRJEB63349	SAMEA113934859	isolation_source	clinical material	Bronchoalveolar lavage	True	categorical_change		41467_2024_49349_MOESM4_ESM.xlsx:IT25023_BRO_KP	https://pmc.ncbi.nlm.nih.gov/articles/PMC11178878/
test	PRJEB63349	SAMEA113934860	isolation_source	clinical material	Blood	True	categorical_change		41467_2024_49349_MOESM4_ESM.xlsx:IT25024_BL_KP	https://pmc.ncbi.nlm.nih.gov/articles/PMC11178878/
test	PRJEB63349	SAMEA113934861	isolation_source	clinical material	Blood	True	categorical_change		41467_2024_49349_MOESM4_ESM.xlsx:IT25025_BL_KP	https://pmc.ncbi.nlm.nih.gov/articles/PMC11178878/
test	PRJEB63349	SAMEA113934862	isolation_source	clinical material	Blood	True	categorical_change		41467_2024_49349_MOESM4_ESM.xlsx:IT25026_BL_KP	https://pmc.ncbi.nlm.nih.gov/articles/PMC11178878/
test	PRJEB63349	SAMEA113934863	isolation_source	clinical material	Blood	True	categorical_change		41467_2024_49349_MOESM4_ESM.xlsx:IT25031_BL_KP	https://pmc.ncbi.nlm.nih.gov/articles/PMC11178878/
test	PRJEB63349	SAMEA113934864	isolation_source	clinical material	Blood	True	categorical_change		41467_2024_49349_MOESM4_ESM.xlsx:IT25032_BL_KP	https://pmc.ncbi.nlm.nih.gov/articles/PMC11178878/
test	PRJEB63349	SAMEA113934865	isolation_source	clinical material	Blood	True	categorical_change		41467_2024_49349_MOESM4_ESM.xlsx:IT25033_BL_KP	https://pmc.ncbi.nlm.nih.gov/articles/PMC11178878/
test	PRJEB63349	SAMEA113934866	isolation_source	clinical material	Blood	True	categorical_change		41467_2024_49349_MOESM4_ESM.xlsx:IT25034_BL_KP	https://pmc.ncbi.nlm.nih.gov/articles/PMC11178878/
test	PRJEB63349	SAMEA113934867	isolation_source	clinical material	Blood	True	categorical_change		41467_2024_49349_MOESM4_ESM.xlsx:IT25035_BL_KP	https://pmc.ncbi.nlm.nih.gov/articles/PMC11178878/
test	PRJEB63349	SAMEA113934868	isolation_source	clinical material	Blood	True	categorical_change		41467_2024_49349_MOESM4_ESM.xlsx:IT25037_BL_KP	https://pmc.ncbi.nlm.nih.gov/articles/PMC11178878/
test	PRJEB63349	SAMEA113934869	isolation_source	clinical material	Blood	True	categorical_change		41467_2024_49349_MOESM4_ESM.xlsx:IT25038_BL_KP	https://pmc.ncbi.nlm.nih.gov/articles/PMC11178878/
test	PRJEB63349	SAMEA113934870	isolation_source	clinical material	Blood	True	categorical_change		41467_2024_49349_MOESM4_ESM.xlsx:IT25039_BL_KP	https://pmc.ncbi.nlm.nih.gov/articles/PMC11178878/
test	PRJEB63349	SAMEA113934871	isolation_source	clinical material	Blood	True	categorical_change		41467_2024_49349_MOESM4_ESM.xlsx:IT25040_BL_KP	https://pmc.ncbi.nlm.nih.gov/articles/PMC11178878/
test	PRJEB63349	SAMEA113934872	isolation_source	clinical material	Blood	True	categorical_change		41467_2024_49349_MOESM4_ESM.xlsx:IT25041_BL_KP	https://pmc.ncbi.nlm.nih.gov/articles/PMC11178878/
test	PRJEB63349	SAMEA113934873	isolation_source	clinical material	Blood	True	categorical_change		41467_2024_49349_MOESM4_ESM.xlsx:IT25043_BL_KP	https://pmc.ncbi.nlm.nih.gov/articles/PMC11178878/
test	PRJEB63349	SAMEA113934874	isolation_source	clinical material	Blood	True	categorical_change		41467_2024_49349_MOESM4_ESM.xlsx:IT25044_BL_KP	https://pmc.ncbi.nlm.nih.gov/articles/PMC11178878/
test	PRJEB63349	SAMEA113934875	isolation_source	clinical material	Blood	True	categorical_change		41467_2024_49349_MOESM4_ESM.xlsx:IT25045_BL_KP	https://pmc.ncbi.nlm.nih.gov/articles/PMC11178878/
test	PRJEB63349	SAMEA113934876	isolation_source	clinical material	Blood	True	categorical_change		41467_2024_49349_MOESM4_ESM.xlsx:IT25046_BL_KP	https://pmc.ncbi.nlm.nih.gov/articles/PMC11178878/
test	PRJEB63349	SAMEA113934877	isolation_source	clinical material	Blood	True	categorical_change		41467_2024_49349_MOESM4_ESM.xlsx:IT25052_BL_KP	https://pmc.ncbi.nlm.nih.gov/articles/PMC11178878/
test	PRJEB63349	SAMEA113934878	isolation_source	clinical material	Blood	True	categorical_change		41467_2024_49349_MOESM4_ESM.xlsx:IT25053_BL_KP	https://pmc.ncbi.nlm.nih.gov/articles/PMC11178878/
test	PRJEB63349	SAMEA113934879	isolation_source	clinical material	Blood	True	categorical_change		41467_2024_49349_MOESM4_ESM.xlsx:IT25054_BL_KP	https://pmc.ncbi.nlm.nih.gov/articles/PMC11178878/
test	PRJEB63349	SAMEA113934880	isolation_source	clinical material	Blood	True	categorical_change		41467_2024_49349_MOESM4_ESM.xlsx:IT25056_BL_KP	https://pmc.ncbi.nlm.nih.gov/articles/PMC11178878/
test	PRJEB63349	SAMEA113934881	isolation_source	clinical material	Blood	True	categorical_change		41467_2024_49349_MOESM4_ESM.xlsx:IT25057_BL_KP	https://pmc.ncbi.nlm.nih.gov/articles/PMC11178878/
test	PRJEB63349	SAMEA113934882	isolation_source	clinical material	Blood	True	categorical_change		41467_2024_49349_MOESM4_ESM.xlsx:IT25058_BL_KP	https://pmc.ncbi.nlm.nih.gov/articles/PMC11178878/
test	PRJEB63349	SAMEA113934883	isolation_source	clinical material	Blood	True	categorical_change		41467_2024_49349_MOESM4_ESM.xlsx:IT26005_BL_KP	https://pmc.ncbi.nlm.nih.gov/articles/PMC11178878/
test	PRJEB63349	SAMEA113934884	isolation_source	clinical material	Blood	True	categorical_change		41467_2024_49349_MOESM4_ESM.xlsx:IT26006_BL_KP	https://pmc.ncbi.nlm.nih.gov/articles/PMC11178878/
test	PRJEB63349	SAMEA113934885	isolation_source	clinical material	Blood	True	categorical_change		41467_2024_49349_MOESM4_ESM.xlsx:IT26010_BL_KP	https://pmc.ncbi.nlm.nih.gov/articles/PMC11178878/
test	PRJEB63349	SAMEA113934886	isolation_source	clinical material	Blood	True	categorical_change		41467_2024_49349_MOESM4_ESM.xlsx:IT28001_BL_KP	https://pmc.ncbi.nlm.nih.gov/articles/PMC11178878/
test	PRJEB63349	SAMEA113934887	isolation_source	clinical material	Blood	True	categorical_change		41467_2024_49349_MOESM4_ESM.xlsx:IT28003_BL_KP	https://pmc.ncbi.nlm.nih.gov/articles/PMC11178878/
test	PRJEB63349	SAMEA113934888	isolation_source	clinical material	Blood	True	categorical_change		41467_2024_49349_MOESM4_ESM.xlsx:IT28004_BL_KP	https://pmc.ncbi.nlm.nih.gov/articles/PMC11178878/
test	PRJEB63349	SAMEA113934889	isolation_source	clinical material	Bile	True	categorical_change		41467_2024_49349_MOESM4_ESM.xlsx:IT28005_BI_KP	https://pmc.ncbi.nlm.nih.gov/articles/PMC11178878/
test	PRJEB63349	SAMEA113934890	isolation_source	clinical material	Urine	True	categorical_change		41467_2024_49349_MOESM4_ESM.xlsx:IT28006_UR_KP	https://pmc.ncbi.nlm.nih.gov/articles/PMC11178878/
test	PRJEB63349	SAMEA113934891	isolation_source	clinical material	Abscess	True	categorical_change		41467_2024_49349_MOESM4_ESM.xlsx:IT28007_IA_KP	https://pmc.ncbi.nlm.nih.gov/articles/PMC11178878/
test	PRJEB63349	SAMEA113934892	isolation_source	clinical material	Blood	True	categorical_change		41467_2024_49349_MOESM4_ESM.xlsx:IT28008_BL_KP	https://pmc.ncbi.nlm.nih.gov/articles/PMC11178878/
test	PRJEB63349	SAMEA113934893	isolation_source	clinical material	Urine	True	categorical_change		41467_2024_49349_MOESM4_ESM.xlsx:IT28009_UR_KP	https://pmc.ncbi.nlm.nih.gov/articles/PMC11178878/
test	PRJEB63349	SAMEA113934894	isolation_source	clinical material	Bile	True	categorical_change		41467_2024_49349_MOESM4_ESM.xlsx:IT28016_BI_KP	https://pmc.ncbi.nlm.nih.gov/articles/PMC11178878/
test	PRJEB63349	SAMEA113934895	isolation_source	clinical material	Sputum	True	categorical_change		41467_2024_49349_MOESM4_ESM.xlsx:IT28017_SP_KP	https://pmc.ncbi.nlm.nih.gov/articles/PMC11178878/
test	PRJEB63349	SAMEA113934896	isolation_source	clinical material	Abscess	True	categorical_change		41467_2024_49349_MOESM4_ESM.xlsx:IT28018_IA_KP	https://pmc.ncbi.nlm.nih.gov/articles/PMC11178878/
test	PRJEB63349	SAMEA113934897	isolation_source	clinical material	Urine	True	categorical_change		41467_2024_49349_MOESM4_ESM.xlsx:IT29002_UR_KP	https://pmc.ncbi.nlm.nih.gov/articles/PMC11178878/
test	PRJEB63349	SAMEA113934898	isolation_source	clinical material	Blood	True	categorical_change		41467_2024_49349_MOESM4_ESM.xlsx:IT29004_BL_KP	https://pmc.ncbi.nlm.nih.gov/articles/PMC11178878/
test	PRJEB63349	SAMEA113934899	isolation_source	clinical material	Other	True	categorical_change		41467_2024_49349_MOESM4_ESM.xlsx:IT29005_OTH_KP	https://pmc.ncbi.nlm.nih.gov/articles/PMC11178878/
test	PRJEB63349	SAMEA113934900	isolation_source	clinical material	Urine	True	categorical_change		41467_2024_49349_MOESM4_ESM.xlsx:IT29010_UR_KP	https://pmc.ncbi.nlm.nih.gov/articles/PMC11178878/
test	PRJEB63349	SAMEA113934901	isolation_source	clinical material	Blood	True	categorical_change		41467_2024_49349_MOESM4_ESM.xlsx:IT29015_BL_KP	https://pmc.ncbi.nlm.nih.gov/articles/PMC11178878/
test	PRJEB63349	SAMEA113934902	isolation_source	clinical material	Blood	True	categorical_change		41467_2024_49349_MOESM4_ESM.xlsx:IT29017_BL_KP	https://pmc.ncbi.nlm.nih.gov/articles/PMC11178878/
test	PRJEB63349	SAMEA113934903	isolation_source	clinical material	Urine	True	categorical_change		41467_2024_49349_MOESM4_ESM.xlsx:IT29017_UR_KP	https://pmc.ncbi.nlm.nih.gov/articles/PMC11178878/
test	PRJEB63349	SAMEA113934904	isolation_source	clinical material	Blood	True	categorical_change		41467_2024_49349_MOESM4_ESM.xlsx:IT29024_BL_KP	https://pmc.ncbi.nlm.nih.gov/articles/PMC11178878/
test	PRJEB63349	SAMEA113934905	isolation_source	clinical material	Urine	True	categorical_change		41467_2024_49349_MOESM4_ESM.xlsx:IT29026_UR_KP	https://pmc.ncbi.nlm.nih.gov/articles/PMC11178878/
test	PRJEB63349	SAMEA113934906	isolation_source	clinical material	Bronchoalveolar lavage	True	categorical_change		41467_2024_49349_MOESM4_ESM.xlsx:IT29027_BRO_KP	https://pmc.ncbi.nlm.nih.gov/articles/PMC11178878/
test	PRJEB63349	SAMEA113934907	isolation_source	clinical material	Blood	True	categorical_change		41467_2024_49349_MOESM4_ESM.xlsx:IT29033_BL_KP	https://pmc.ncbi.nlm.nih.gov/articles/PMC11178878/
test	PRJEB63349	SAMEA113934908	isolation_source	clinical material	Other	True	categorical_change		41467_2024_49349_MOESM4_ESM.xlsx:IT29033_OTH_KP	https://pmc.ncbi.nlm.nih.gov/articles/PMC11178878/
test	PRJEB63349	SAMEA113934909	isolation_source	clinical material	Blood	True	categorical_change		41467_2024_49349_MOESM4_ESM.xlsx:IT29034_BL_KP	https://pmc.ncbi.nlm.nih.gov/articles/PMC11178878/
test	PRJEB63349	SAMEA113934910	isolation_source	clinical material	Blood	True	categorical_change		41467_2024_49349_MOESM4_ESM.xlsx:IT29036_BL_KP	https://pmc.ncbi.nlm.nih.gov/articles/PMC11178878/
test	PRJEB63349	SAMEA113934911	isolation_source	clinical material	Bronchoalveolar lavage	True	categorical_change		41467_2024_49349_MOESM4_ESM.xlsx:IT29037_BRO_KP	https://pmc.ncbi.nlm.nih.gov/articles/PMC11178878/
test	PRJEB63349	SAMEA113934912	isolation_source	clinical material	Blood	True	categorical_change		41467_2024_49349_MOESM4_ESM.xlsx:IT30001_BL_KP	https://pmc.ncbi.nlm.nih.gov/articles/PMC11178878/
test	PRJEB63349	SAMEA113934913	isolation_source	clinical material	Blood	True	categorical_change		41467_2024_49349_MOESM4_ESM.xlsx:IT30002_BL_KP	https://pmc.ncbi.nlm.nih.gov/articles/PMC11178878/
test	PRJEB63349	SAMEA113934914	isolation_source	clinical material	Blood	True	categorical_change		41467_2024_49349_MOESM4_ESM.xlsx:IT30003_BL_KP	https://pmc.ncbi.nlm.nih.gov/articles/PMC11178878/
test	PRJEB63349	SAMEA113934915	isolation_source	clinical material	Blood	True	categorical_change		41467_2024_49349_MOESM4_ESM.xlsx:IT30004_BL_KP	https://pmc.ncbi.nlm.nih.gov/articles/PMC11178878/
test	PRJEB63349	SAMEA113934916	isolation_source	clinical material	Blood	True	categorical_change		41467_2024_49349_MOESM4_ESM.xlsx:IT30011_BL_KP	https://pmc.ncbi.nlm.nih.gov/articles/PMC11178878/
test	PRJEB63349	SAMEA113934917	isolation_source	clinical material	Other	True	categorical_change		41467_2024_49349_MOESM4_ESM.xlsx:IT31xxx01	https://pmc.ncbi.nlm.nih.gov/articles/PMC11178878/
test	PRJEB63349	SAMEA113934918	isolation_source	clinical material	Other	True	categorical_change		41467_2024_49349_MOESM4_ESM.xlsx:IT31xxx02	https://pmc.ncbi.nlm.nih.gov/articles/PMC11178878/
test	PRJEB63349	SAMEA113934919	isolation_source	clinical material	Other	True	categorical_change		41467_2024_49349_MOESM4_ESM.xlsx:IT31xxx03	https://pmc.ncbi.nlm.nih.gov/articles/PMC11178878/
test	PRJEB63349	SAMEA113934920	isolation_source	clinical material	Blood	True	categorical_change		41467_2024_49349_MOESM4_ESM.xlsx:IT53001_BL_KP	https://pmc.ncbi.nlm.nih.gov/articles/PMC11178878/
test	PRJEB63349	SAMEA113934921	isolation_source	clinical material	Urine	True	categorical_change		41467_2024_49349_MOESM4_ESM.xlsx:MO33004_UR_KP	https://pmc.ncbi.nlm.nih.gov/articles/PMC11178878/
test	PRJEB63349	SAMEA113934922	isolation_source	clinical material	Tracheal aspirate	True	categorical_change		41467_2024_49349_MOESM4_ESM.xlsx:MO33007_TR_KP	https://pmc.ncbi.nlm.nih.gov/articles/PMC11178878/
test	PRJEB63349	SAMEA113934923	isolation_source	clinical material	Blood	True	categorical_change		41467_2024_49349_MOESM4_ESM.xlsx:MO33010_BL_KP	https://pmc.ncbi.nlm.nih.gov/articles/PMC11178878/
test	PRJEB63349	SAMEA113934924	isolation_source	clinical material	Other	True	categorical_change		41467_2024_49349_MOESM4_ESM.xlsx:MO33019_OTH_KP	https://pmc.ncbi.nlm.nih.gov/articles/PMC11178878/
test	PRJEB63349	SAMEA113934925	isolation_source	clinical material	Urine	True	categorical_change		41467_2024_49349_MOESM4_ESM.xlsx:RO34001_UR_KP	https://pmc.ncbi.nlm.nih.gov/articles/PMC11178878/
test	PRJEB63349	SAMEA113934926	isolation_source	clinical material	Blood	True	categorical_change		41467_2024_49349_MOESM4_ESM.xlsx:RO34008_BL_KP	https://pmc.ncbi.nlm.nih.gov/articles/PMC11178878/
test	PRJEB63349	SAMEA113934927	isolation_source	clinical material	Urine	True	categorical_change		41467_2024_49349_MOESM4_ESM.xlsx:RO34009_UR_KP	https://pmc.ncbi.nlm.nih.gov/articles/PMC11178878/
test	PRJEB63349	SAMEA113934928	isolation_source	clinical material	Blood	True	categorical_change		41467_2024_49349_MOESM4_ESM.xlsx:RO34011_BL_KP	https://pmc.ncbi.nlm.nih.gov/articles/PMC11178878/
test	PRJEB63349	SAMEA113934929	isolation_source	clinical material	Urine	True	categorical_change		41467_2024_49349_MOESM4_ESM.xlsx:RO34015_UR_KP	https://pmc.ncbi.nlm.nih.gov/articles/PMC11178878/
test	PRJEB63349	SAMEA113934930	isolation_source	clinical material	Blood	True	categorical_change		41467_2024_49349_MOESM4_ESM.xlsx:RO34017_BL_KP	https://pmc.ncbi.nlm.nih.gov/articles/PMC11178878/
test	PRJEB63349	SAMEA113934931	isolation_source	clinical material	Urine	True	categorical_change		41467_2024_49349_MOESM4_ESM.xlsx:RO34018_UR_KP	https://pmc.ncbi.nlm.nih.gov/articles/PMC11178878/
test	PRJEB63349	SAMEA113934932	isolation_source	clinical material	Blood	True	categorical_change		41467_2024_49349_MOESM4_ESM.xlsx:RO35003_BL_KP	https://pmc.ncbi.nlm.nih.gov/articles/PMC11178878/
test	PRJEB63349	SAMEA113934933	isolation_source	clinical material	Urine	True	categorical_change		41467_2024_49349_MOESM4_ESM.xlsx:RO35004_UR_KP	https://pmc.ncbi.nlm.nih.gov/articles/PMC11178878/
test	PRJEB63349	SAMEA113934934	isolation_source	clinical material	Urine	True	categorical_change		41467_2024_49349_MOESM4_ESM.xlsx:RO35005_UR_KP	https://pmc.ncbi.nlm.nih.gov/articles/PMC11178878/
test	PRJEB63349	SAMEA113934935	isolation_source	clinical material	Urine	True	categorical_change		41467_2024_49349_MOESM4_ESM.xlsx:RO36001_UR_KP	https://pmc.ncbi.nlm.nih.gov/articles/PMC11178878/
test	PRJEB63349	SAMEA113934936	isolation_source	clinical material	Blood	True	categorical_change		41467_2024_49349_MOESM4_ESM.xlsx:RO36002_BL_KP	https://pmc.ncbi.nlm.nih.gov/articles/PMC11178878/
test	PRJEB63349	SAMEA113934937	isolation_source	clinical material	Blood	True	categorical_change		41467_2024_49349_MOESM4_ESM.xlsx:RO36003_BL_KP	https://pmc.ncbi.nlm.nih.gov/articles/PMC11178878/
test	PRJEB63349	SAMEA113934938	isolation_source	clinical material	Urine	True	categorical_change		41467_2024_49349_MOESM4_ESM.xlsx:RO36004_UR_KP	https://pmc.ncbi.nlm.nih.gov/articles/PMC11178878/
test	PRJEB63349	SAMEA113934939	isolation_source	clinical material	Urine	True	categorical_change		41467_2024_49349_MOESM4_ESM.xlsx:RO36005_UR_KP	https://pmc.ncbi.nlm.nih.gov/articles/PMC11178878/
test	PRJEB63349	SAMEA113934940	isolation_source	clinical material	Urine	True	categorical_change		41467_2024_49349_MOESM4_ESM.xlsx:RO36006_UR_KP	https://pmc.ncbi.nlm.nih.gov/articles/PMC11178878/
test	PRJEB63349	SAMEA113934941	isolation_source	clinical material	Blood	True	categorical_change		41467_2024_49349_MOESM4_ESM.xlsx:RO36009_BL_KP	https://pmc.ncbi.nlm.nih.gov/articles/PMC11178878/
test	PRJEB63349	SAMEA113934942	isolation_source	clinical material	Urine	True	categorical_change		41467_2024_49349_MOESM4_ESM.xlsx:RO36024_UR_KP	https://pmc.ncbi.nlm.nih.gov/articles/PMC11178878/
test	PRJEB63349	SAMEA113934943	isolation_source	clinical material	Urine	True	categorical_change		41467_2024_49349_MOESM4_ESM.xlsx:RO36025_UR_KP	https://pmc.ncbi.nlm.nih.gov/articles/PMC11178878/
test	PRJEB63349	SAMEA113934944	isolation_source	clinical material	Urine	True	categorical_change		41467_2024_49349_MOESM4_ESM.xlsx:RO36026_UR_KP	https://pmc.ncbi.nlm.nih.gov/articles/PMC11178878/
test	PRJEB63349	SAMEA113934945	isolation_source	clinical material	Urine	True	categorical_change		41467_2024_49349_MOESM4_ESM.xlsx:RO37001_UR_KP	https://pmc.ncbi.nlm.nih.gov/articles/PMC11178878/
test	PRJEB63349	SAMEA113934946	isolation_source	clinical material	Urine	True	categorical_change		41467_2024_49349_MOESM4_ESM.xlsx:RO37002_UR_KP	https://pmc.ncbi.nlm.nih.gov/articles/PMC11178878/
test	PRJEB63349	SAMEA113934947	isolation_source	clinical material	Urine	True	categorical_change		41467_2024_49349_MOESM4_ESM.xlsx:RO37008_UR_KP	https://pmc.ncbi.nlm.nih.gov/articles/PMC11178878/
test	PRJEB63349	SAMEA113934948	isolation_source	clinical material	Urine	True	categorical_change		41467_2024_49349_MOESM4_ESM.xlsx:RO37014_UR_KP	https://pmc.ncbi.nlm.nih.gov/articles/PMC11178878/
test	PRJEB63349	SAMEA113934949	isolation_source	clinical material	Urine	True	categorical_change		41467_2024_49349_MOESM4_ESM.xlsx:RO37019_UR_KP	https://pmc.ncbi.nlm.nih.gov/articles/PMC11178878/
test	PRJEB63349	SAMEA113934950	isolation_source	clinical material	Urine	True	categorical_change		41467_2024_49349_MOESM4_ESM.xlsx:RO37020_UR_KP	https://pmc.ncbi.nlm.nih.gov/articles/PMC11178878/
test	PRJEB63349	SAMEA113934951	isolation_source	clinical material	Urine	True	categorical_change		41467_2024_49349_MOESM4_ESM.xlsx:RO39001_UR_KP	https://pmc.ncbi.nlm.nih.gov/articles/PMC11178878/
test	PRJEB63349	SAMEA113934952	isolation_source	clinical material	Blood	True	categorical_change		41467_2024_49349_MOESM4_ESM.xlsx:RO39005_BL_KP	https://pmc.ncbi.nlm.nih.gov/articles/PMC11178878/
test	PRJEB63349	SAMEA113934953	isolation_source	clinical material	Blood	True	categorical_change		41467_2024_49349_MOESM4_ESM.xlsx:RO39006_BL_KP	https://pmc.ncbi.nlm.nih.gov/articles/PMC11178878/
test	PRJEB63349	SAMEA113934954	isolation_source	clinical material	Blood	True	categorical_change		41467_2024_49349_MOESM4_ESM.xlsx:RO39007_BL_KP	https://pmc.ncbi.nlm.nih.gov/articles/PMC11178878/
test	PRJEB63349	SAMEA113934955	isolation_source	clinical material	Bronchoalveolar lavage	True	categorical_change		41467_2024_49349_MOESM4_ESM.xlsx:RO40001_BRO_KP	https://pmc.ncbi.nlm.nih.gov/articles/PMC11178878/
test	PRJEB63349	SAMEA113934956	isolation_source	clinical material	Urine	True	categorical_change		41467_2024_49349_MOESM4_ESM.xlsx:SE41004_UR_OE	https://pmc.ncbi.nlm.nih.gov/articles/PMC11178878/
test	PRJEB63349	SAMEA113934957	isolation_source	clinical material	Urine	True	categorical_change		41467_2024_49349_MOESM4_ESM.xlsx:SE41008_UR_OE	https://pmc.ncbi.nlm.nih.gov/articles/PMC11178878/
test	PRJEB63349	SAMEA113934958	isolation_source	clinical material	Exudate	True	categorical_change		41467_2024_49349_MOESM4_ESM.xlsx:SE41014_SS_OE	https://pmc.ncbi.nlm.nih.gov/articles/PMC11178878/
test	PRJEB63349	SAMEA113934959	isolation_source	clinical material	Urine	True	categorical_change		41467_2024_49349_MOESM4_ESM.xlsx:SE41015_UR_OE	https://pmc.ncbi.nlm.nih.gov/articles/PMC11178878/
test	PRJEB63349	SAMEA113934960	isolation_source	clinical material	Blood	True	categorical_change		41467_2024_49349_MOESM4_ESM.xlsx:SE41025_BL_KP	https://pmc.ncbi.nlm.nih.gov/articles/PMC11178878/
test	PRJEB63349	SAMEA113934961	isolation_source	clinical material	Blood	True	categorical_change		41467_2024_49349_MOESM4_ESM.xlsx:SE41050_BL_KP	https://pmc.ncbi.nlm.nih.gov/articles/PMC11178878/
test	PRJEB63349	SAMEA113934962	isolation_source	clinical material	Blood	True	categorical_change		41467_2024_49349_MOESM4_ESM.xlsx:SE41051_BL_KP	https://pmc.ncbi.nlm.nih.gov/articles/PMC11178878/
test	PRJEB63349	SAMEA113934963	isolation_source	clinical material	Blood	True	categorical_change		41467_2024_49349_MOESM4_ESM.xlsx:SE41052_BL_KP	https://pmc.ncbi.nlm.nih.gov/articles/PMC11178878/
test	PRJEB63349	SAMEA113934964	isolation_source	clinical material	Blood	True	categorical_change		41467_2024_49349_MOESM4_ESM.xlsx:SE41098_BL_KP	https://pmc.ncbi.nlm.nih.gov/articles/PMC11178878/
test	PRJEB63349	SAMEA113934965	isolation_source	clinical material	Blood	True	categorical_change		41467_2024_49349_MOESM4_ESM.xlsx:SE41110_BL_KP	https://pmc.ncbi.nlm.nih.gov/articles/PMC11178878/
test	PRJEB63349	SAMEA113934966	isolation_source	clinical material	Blood	True	categorical_change		41467_2024_49349_MOESM4_ESM.xlsx:SE41137_BL_KP	https://pmc.ncbi.nlm.nih.gov/articles/PMC11178878/
test	PRJEB63349	SAMEA113934967	isolation_source	clinical material	Blood	True	categorical_change		41467_2024_49349_MOESM4_ESM.xlsx:SE41145_BL_KP	https://pmc.ncbi.nlm.nih.gov/articles/PMC11178878/
test	PRJEB63349	SAMEA113934968	isolation_source	clinical material	Urine	True	categorical_change		41467_2024_49349_MOESM4_ESM.xlsx:SE41146_UR_KP	https://pmc.ncbi.nlm.nih.gov/articles/PMC11178878/
test	PRJEB63349	SAMEA113934969	isolation_source	clinical material	Urine	True	categorical_change		41467_2024_49349_MOESM4_ESM.xlsx:SE41148_UR_KP	https://pmc.ncbi.nlm.nih.gov/articles/PMC11178878/
test	PRJEB63349	SAMEA113934970	isolation_source	clinical material	Blood	True	categorical_change		41467_2024_49349_MOESM4_ESM.xlsx:SE41156_BL_KP	https://pmc.ncbi.nlm.nih.gov/articles/PMC11178878/
test	PRJEB63349	SAMEA113934971	isolation_source	clinical material	Blood	True	categorical_change		41467_2024_49349_MOESM4_ESM.xlsx:SE41159_BL_KP	https://pmc.ncbi.nlm.nih.gov/articles/PMC11178878/
test	PRJEB63349	SAMEA113934972	isolation_source	clinical material	Blood	True	categorical_change		41467_2024_49349_MOESM4_ESM.xlsx:SE41169_BL_KP	https://pmc.ncbi.nlm.nih.gov/articles/PMC11178878/
test	PRJEB63349	SAMEA113934973	isolation_source	clinical material	Urine	True	categorical_change		41467_2024_49349_MOESM4_ESM.xlsx:SE41170_UR_KP	https://pmc.ncbi.nlm.nih.gov/articles/PMC11178878/
test	PRJEB63349	SAMEA113934974	isolation_source	clinical material	Urine	True	categorical_change		41467_2024_49349_MOESM4_ESM.xlsx:SE41171_UR_OE	https://pmc.ncbi.nlm.nih.gov/articles/PMC11178878/
test	PRJEB63349	SAMEA113934975	isolation_source	clinical material	Urine	True	categorical_change		41467_2024_49349_MOESM4_ESM.xlsx:SE41176_UR_KP	https://pmc.ncbi.nlm.nih.gov/articles/PMC11178878/
test	PRJEB63349	SAMEA113934976	isolation_source	clinical material	Urine	True	categorical_change		41467_2024_49349_MOESM4_ESM.xlsx:SE41178_UR_KP	https://pmc.ncbi.nlm.nih.gov/articles/PMC11178878/
test	PRJEB63349	SAMEA113934977	isolation_source	clinical material	Blood	True	categorical_change		41467_2024_49349_MOESM4_ESM.xlsx:SE41179_BL_KP	https://pmc.ncbi.nlm.nih.gov/articles/PMC11178878/
test	PRJEB63349	SAMEA113934978	isolation_source	clinical material	Exudate	True	categorical_change		41467_2024_49349_MOESM4_ESM.xlsx:SE41180_SS_KP	https://pmc.ncbi.nlm.nih.gov/articles/PMC11178878/
test	PRJEB63349	SAMEA113934979	isolation_source	clinical material	Urine	True	categorical_change		41467_2024_49349_MOESM4_ESM.xlsx:SE41183_UR_KP	https://pmc.ncbi.nlm.nih.gov/articles/PMC11178878/
test	PRJEB63349	SAMEA113934980	isolation_source	clinical material	Exudate	True	categorical_change		41467_2024_49349_MOESM4_ESM.xlsx:SE41184_SS_KP	https://pmc.ncbi.nlm.nih.gov/articles/PMC11178878/
test	PRJEB63349	SAMEA113934981	isolation_source	clinical material	Blood	True	categorical_change		41467_2024_49349_MOESM4_ESM.xlsx:SE41186_BL_KP	https://pmc.ncbi.nlm.nih.gov/articles/PMC11178878/
test	PRJEB63349	SAMEA113934982	isolation_source	clinical material	Blood	True	categorical_change		41467_2024_49349_MOESM4_ESM.xlsx:SE41188_BL_KP	https://pmc.ncbi.nlm.nih.gov/articles/PMC11178878/
test	PRJEB63349	SAMEA113934983	isolation_source	clinical material	Urine	True	categorical_change		41467_2024_49349_MOESM4_ESM.xlsx:SE41189_UR_KP	https://pmc.ncbi.nlm.nih.gov/articles/PMC11178878/
test	PRJEB63349	SAMEA113934984	isolation_source	clinical material	Blood	True	categorical_change		41467_2024_49349_MOESM4_ESM.xlsx:SE41190_BL_KP	https://pmc.ncbi.nlm.nih.gov/articles/PMC11178878/
test	PRJEB63349	SAMEA113934985	isolation_source	clinical material	Blood	True	categorical_change		41467_2024_49349_MOESM4_ESM.xlsx:SE41191_BL_KP	https://pmc.ncbi.nlm.nih.gov/articles/PMC11178878/
test	PRJEB63349	SAMEA113934986	isolation_source	clinical material	Urine	True	categorical_change		41467_2024_49349_MOESM4_ESM.xlsx:SE41192_UR_KP	https://pmc.ncbi.nlm.nih.gov/articles/PMC11178878/
test	PRJEB63349	SAMEA113934987	isolation_source	clinical material	Urine	True	categorical_change		41467_2024_49349_MOESM4_ESM.xlsx:SE41193_UR_KP	https://pmc.ncbi.nlm.nih.gov/articles/PMC11178878/
test	PRJEB63349	SAMEA113934988	isolation_source	clinical material	Blood	True	categorical_change		41467_2024_49349_MOESM4_ESM.xlsx:SE41194_BL_KP	https://pmc.ncbi.nlm.nih.gov/articles/PMC11178878/
test	PRJEB63349	SAMEA113934989	isolation_source	clinical material	Blood	True	categorical_change		41467_2024_49349_MOESM4_ESM.xlsx:SE41195_BL_KP	https://pmc.ncbi.nlm.nih.gov/articles/PMC11178878/
test	PRJEB63349	SAMEA113934990	isolation_source	clinical material	Exudate	True	categorical_change		41467_2024_49349_MOESM4_ESM.xlsx:SE41196_SS_OE	https://pmc.ncbi.nlm.nih.gov/articles/PMC11178878/
test	PRJEB63349	SAMEA113934991	isolation_source	clinical material	Urine	True	categorical_change		41467_2024_49349_MOESM4_ESM.xlsx:SE41197_UR_KP	https://pmc.ncbi.nlm.nih.gov/articles/PMC11178878/
test	PRJEB63349	SAMEA113934992	isolation_source	clinical material	Urine	True	categorical_change		41467_2024_49349_MOESM4_ESM.xlsx:SE41201_UR_KP	https://pmc.ncbi.nlm.nih.gov/articles/PMC11178878/
test	PRJEB63349	SAMEA113934993	isolation_source	clinical material	Urine	True	categorical_change		41467_2024_49349_MOESM4_ESM.xlsx:SE41202_UR_KP	https://pmc.ncbi.nlm.nih.gov/articles/PMC11178878/
test	PRJEB63349	SAMEA113934994	isolation_source	clinical material	Blood	True	categorical_change		41467_2024_49349_MOESM4_ESM.xlsx:SE42007_BL_KP	https://pmc.ncbi.nlm.nih.gov/articles/PMC11178878/
test	PRJEB63349	SAMEA113934995	isolation_source	clinical material	Blood	True	categorical_change		41467_2024_49349_MOESM4_ESM.xlsx:SE42010_BL_KP	https://pmc.ncbi.nlm.nih.gov/articles/PMC11178878/
test	PRJEB63349	SAMEA113934996	isolation_source	clinical material	Blood	True	categorical_change		41467_2024_49349_MOESM4_ESM.xlsx:SE43002_BL_KP	https://pmc.ncbi.nlm.nih.gov/articles/PMC11178878/
test	PRJEB63349	SAMEA113934997	isolation_source	clinical material	Blood	True	categorical_change		41467_2024_49349_MOESM4_ESM.xlsx:SE43004_BL_KP	https://pmc.ncbi.nlm.nih.gov/articles/PMC11178878/
test	PRJEB63349	SAMEA113934998	isolation_source	clinical material	Urine	True	categorical_change		41467_2024_49349_MOESM4_ESM.xlsx:SE43007_UR_KP	https://pmc.ncbi.nlm.nih.gov/articles/PMC11178878/
test	PRJEB63349	SAMEA113934999	isolation_source	clinical material	Urine	True	categorical_change		41467_2024_49349_MOESM4_ESM.xlsx:SE43008_UR_KP	https://pmc.ncbi.nlm.nih.gov/articles/PMC11178878/
test	PRJEB63349	SAMEA113935000	isolation_source	clinical material	Blood	True	categorical_change		41467_2024_49349_MOESM4_ESM.xlsx:SE43036_BL_KP	https://pmc.ncbi.nlm.nih.gov/articles/PMC11178878/
test	PRJEB63349	SAMEA113935001	isolation_source	clinical material	Blood	True	categorical_change		41467_2024_49349_MOESM4_ESM.xlsx:SE43045_BL_KP	https://pmc.ncbi.nlm.nih.gov/articles/PMC11178878/
test	PRJEB63349	SAMEA113935002	isolation_source	clinical material	Blood	True	categorical_change		41467_2024_49349_MOESM4_ESM.xlsx:SE43046_BL_KP	https://pmc.ncbi.nlm.nih.gov/articles/PMC11178878/
test	PRJEB63349	SAMEA113935003	isolation_source	clinical material	Blood	True	categorical_change		41467_2024_49349_MOESM4_ESM.xlsx:SE43054_BL_KP	https://pmc.ncbi.nlm.nih.gov/articles/PMC11178878/
test	PRJEB63349	SAMEA113935004	isolation_source	clinical material	Blood	True	categorical_change		41467_2024_49349_MOESM4_ESM.xlsx:SE43059_BL_KP	https://pmc.ncbi.nlm.nih.gov/articles/PMC11178878/
test	PRJEB63349	SAMEA113935005	isolation_source	clinical material	Blood	True	categorical_change		41467_2024_49349_MOESM4_ESM.xlsx:SE43060_BL_KP	https://pmc.ncbi.nlm.nih.gov/articles/PMC11178878/
test	PRJEB63349	SAMEA113935006	isolation_source	clinical material	Blood	True	categorical_change		41467_2024_49349_MOESM4_ESM.xlsx:SE43061_BL_KP	https://pmc.ncbi.nlm.nih.gov/articles/PMC11178878/
test	PRJEB63349	SAMEA113935007	isolation_source	clinical material	Abscess	True	categorical_change		41467_2024_49349_MOESM4_ESM.xlsx:SE43062_IA_KP	https://pmc.ncbi.nlm.nih.gov/articles/PMC11178878/
test	PRJEB63349	SAMEA113935008	isolation_source	clinical material	Abscess	True	categorical_change		41467_2024_49349_MOESM4_ESM.xlsx:SE43063_IA_KP	https://pmc.ncbi.nlm.nih.gov/articles/PMC11178878/
test	PRJEB63349	SAMEA113935009	isolation_source	clinical material	Blood	True	categorical_change		41467_2024_49349_MOESM4_ESM.xlsx:SE43064_BL_KP	https://pmc.ncbi.nlm.nih.gov/articles/PMC11178878/
test	PRJEB63349	SAMEA113935010	isolation_source	clinical material	Urine	True	categorical_change		41467_2024_49349_MOESM4_ESM.xlsx:SE43065_UR_KP	https://pmc.ncbi.nlm.nih.gov/articles/PMC11178878/
test	PRJEB63349	SAMEA113935011	isolation_source	clinical material	Blood	True	categorical_change		41467_2024_49349_MOESM4_ESM.xlsx:SE43066_BL_KP	https://pmc.ncbi.nlm.nih.gov/articles/PMC11178878/
test	PRJEB63349	SAMEA113935012	isolation_source	clinical material	Blood	True	categorical_change		41467_2024_49349_MOESM4_ESM.xlsx:SE43067_BL_KP	https://pmc.ncbi.nlm.nih.gov/articles/PMC11178878/
test	PRJEB63349	SAMEA113935013	isolation_source	clinical material	Blood	True	categorical_change		41467_2024_49349_MOESM4_ESM.xlsx:SE43068_BL_KP	https://pmc.ncbi.nlm.nih.gov/articles/PMC11178878/
test	PRJEB63349	SAMEA113935014	isolation_source	clinical material	Blood	True	categorical_change		41467_2024_49349_MOESM4_ESM.xlsx:SE43069_BL_KP	https://pmc.ncbi.nlm.nih.gov/articles/PMC11178878/
test	PRJEB63349	SAMEA113935015	isolation_source	clinical material	Blood	True	categorical_change		41467_2024_49349_MOESM4_ESM.xlsx:SE43070_BL_KP	https://pmc.ncbi.nlm.nih.gov/articles/PMC11178878/
test	PRJEB63349	SAMEA113935016	isolation_source	clinical material	Blood	True	categorical_change		41467_2024_49349_MOESM4_ESM.xlsx:SE43071_BL_KP	https://pmc.ncbi.nlm.nih.gov/articles/PMC11178878/
test	PRJEB63349	SAMEA113935017	isolation_source	clinical material	Blood	True	categorical_change		41467_2024_49349_MOESM4_ESM.xlsx:SE43072_BL_KP	https://pmc.ncbi.nlm.nih.gov/articles/PMC11178878/
test	PRJEB63349	SAMEA113935018	isolation_source	clinical material	Blood	True	categorical_change		41467_2024_49349_MOESM4_ESM.xlsx:SE43073_BL_KP	https://pmc.ncbi.nlm.nih.gov/articles/PMC11178878/
test	PRJEB63349	SAMEA113935019	isolation_source	clinical material	Blood	True	categorical_change		41467_2024_49349_MOESM4_ESM.xlsx:SE43074_BL_KP	https://pmc.ncbi.nlm.nih.gov/articles/PMC11178878/
test	PRJEB63349	SAMEA113935020	isolation_source	clinical material	Blood	True	categorical_change		41467_2024_49349_MOESM4_ESM.xlsx:SE43075_BL_KP	https://pmc.ncbi.nlm.nih.gov/articles/PMC11178878/
test	PRJEB63349	SAMEA113935021	isolation_source	clinical material	Exudate	True	categorical_change		41467_2024_49349_MOESM4_ESM.xlsx:SE43076_SS_KP	https://pmc.ncbi.nlm.nih.gov/articles/PMC11178878/
test	PRJEB63349	SAMEA113935022	isolation_source	clinical material	Blood	True	categorical_change		41467_2024_49349_MOESM4_ESM.xlsx:SE43077_BL_KP	https://pmc.ncbi.nlm.nih.gov/articles/PMC11178878/
test	PRJEB63349	SAMEA113935023	isolation_source	clinical material	Blood	True	categorical_change		41467_2024_49349_MOESM4_ESM.xlsx:SE43078_BL_KP	https://pmc.ncbi.nlm.nih.gov/articles/PMC11178878/
test	PRJEB63349	SAMEA113935024	isolation_source	clinical material	Blood	True	categorical_change		41467_2024_49349_MOESM4_ESM.xlsx:SE43079_BL_KP	https://pmc.ncbi.nlm.nih.gov/articles/PMC11178878/
test	PRJEB63349	SAMEA113935025	isolation_source	clinical material	Blood	True	categorical_change		41467_2024_49349_MOESM4_ESM.xlsx:SE43080_BL_KP	https://pmc.ncbi.nlm.nih.gov/articles/PMC11178878/
test	PRJEB63349	SAMEA113935026	isolation_source	clinical material	Blood	True	categorical_change		41467_2024_49349_MOESM4_ESM.xlsx:SE43081_BL_KP	https://pmc.ncbi.nlm.nih.gov/articles/PMC11178878/
test	PRJEB63349	SAMEA113935027	isolation_source	clinical material	Blood	True	categorical_change		41467_2024_49349_MOESM4_ESM.xlsx:SE43082_BL_KP	https://pmc.ncbi.nlm.nih.gov/articles/PMC11178878/
test	PRJEB63349	SAMEA113935028	isolation_source	clinical material	Urine	True	categorical_change		41467_2024_49349_MOESM4_ESM.xlsx:SE45001_UR_KP	https://pmc.ncbi.nlm.nih.gov/articles/PMC11178878/
test	PRJEB63349	SAMEA113935029	isolation_source	clinical material	Abscess	True	categorical_change		41467_2024_49349_MOESM4_ESM.xlsx:SE45010_IA_KP	https://pmc.ncbi.nlm.nih.gov/articles/PMC11178878/
test	PRJEB63349	SAMEA113935030	isolation_source	clinical material	Urine	True	categorical_change		41467_2024_49349_MOESM4_ESM.xlsx:SE45019_UR_KP	https://pmc.ncbi.nlm.nih.gov/articles/PMC11178878/
test	PRJEB63349	SAMEA113935031	isolation_source	clinical material	Urine	True	categorical_change		41467_2024_49349_MOESM4_ESM.xlsx:SE45031_UR_KP	https://pmc.ncbi.nlm.nih.gov/articles/PMC11178878/
test	PRJEB63349	SAMEA113935032	isolation_source	clinical material	Urine	True	categorical_change		41467_2024_49349_MOESM4_ESM.xlsx:SE45036_UR_KP	https://pmc.ncbi.nlm.nih.gov/articles/PMC11178878/
test	PRJEB63349	SAMEA113935033	isolation_source	clinical material	Urine	True	categorical_change		41467_2024_49349_MOESM4_ESM.xlsx:SE45042_UR_KP	https://pmc.ncbi.nlm.nih.gov/articles/PMC11178878/
test	PRJEB63349	SAMEA113935034	isolation_source	clinical material	Urine	True	categorical_change		41467_2024_49349_MOESM4_ESM.xlsx:SE45053_UR_KP	https://pmc.ncbi.nlm.nih.gov/articles/PMC11178878/
test	PRJEB63349	SAMEA113935035	isolation_source	clinical material	Urine	True	categorical_change		41467_2024_49349_MOESM4_ESM.xlsx:SE45054_UR_KP	https://pmc.ncbi.nlm.nih.gov/articles/PMC11178878/
test	PRJEB63349	SAMEA113935036	isolation_source	clinical material	Urine	True	categorical_change		41467_2024_49349_MOESM4_ESM.xlsx:SE45055_UR_KP	https://pmc.ncbi.nlm.nih.gov/articles/PMC11178878/
test	PRJEB63349	SAMEA113935037	isolation_source	clinical material	Urine	True	categorical_change		41467_2024_49349_MOESM4_ESM.xlsx:SE45056_UR_KP	https://pmc.ncbi.nlm.nih.gov/articles/PMC11178878/
test	PRJEB63349	SAMEA113935038	isolation_source	clinical material	Urine	True	categorical_change		41467_2024_49349_MOESM4_ESM.xlsx:SE45063_UR_KP	https://pmc.ncbi.nlm.nih.gov/articles/PMC11178878/
test	PRJEB63349	SAMEA113935039	isolation_source	clinical material	Urine	True	categorical_change		41467_2024_49349_MOESM4_ESM.xlsx:SE45067_UR_KP	https://pmc.ncbi.nlm.nih.gov/articles/PMC11178878/
test	PRJEB63349	SAMEA113935040	isolation_source	clinical material	Urine	True	categorical_change		41467_2024_49349_MOESM4_ESM.xlsx:SE45073_UR_KP	https://pmc.ncbi.nlm.nih.gov/articles/PMC11178878/
test	PRJEB63349	SAMEA113935041	isolation_source	clinical material	Urine	True	categorical_change		41467_2024_49349_MOESM4_ESM.xlsx:SE45086_UR_KP	https://pmc.ncbi.nlm.nih.gov/articles/PMC11178878/
test	PRJEB63349	SAMEA113935042	isolation_source	clinical material	Blood	True	categorical_change		41467_2024_49349_MOESM4_ESM.xlsx:SE45087_BL_KP	https://pmc.ncbi.nlm.nih.gov/articles/PMC11178878/
test	PRJEB63349	SAMEA113935043	isolation_source	clinical material	Urine	True	categorical_change		41467_2024_49349_MOESM4_ESM.xlsx:SE45092_UR_KP	https://pmc.ncbi.nlm.nih.gov/articles/PMC11178878/
test	PRJEB63349	SAMEA113935044	isolation_source	clinical material	Urine	True	categorical_change		41467_2024_49349_MOESM4_ESM.xlsx:SE45093_UR_KP	https://pmc.ncbi.nlm.nih.gov/articles/PMC11178878/
test	PRJEB63349	SAMEA113935045	isolation_source	clinical material	Urine	True	categorical_change		41467_2024_49349_MOESM4_ESM.xlsx:SE45094_UR_KP	https://pmc.ncbi.nlm.nih.gov/articles/PMC11178878/
test	PRJEB63349	SAMEA113935046	isolation_source	clinical material	Urine	True	categorical_change		41467_2024_49349_MOESM4_ESM.xlsx:SE45095_UR_KP	https://pmc.ncbi.nlm.nih.gov/articles/PMC11178878/
test	PRJEB63349	SAMEA113935047	isolation_source	clinical material	Urine	True	categorical_change		41467_2024_49349_MOESM4_ESM.xlsx:SE45096_UR_KP	https://pmc.ncbi.nlm.nih.gov/articles/PMC11178878/
test	PRJEB63349	SAMEA113935048	isolation_source	clinical material	Urine	True	categorical_change		41467_2024_49349_MOESM4_ESM.xlsx:SE45097_UR_KP	https://pmc.ncbi.nlm.nih.gov/articles/PMC11178878/
test	PRJEB63349	SAMEA113935049	isolation_source	clinical material	Urine	True	categorical_change		41467_2024_49349_MOESM4_ESM.xlsx:SE45098_UR_KP	https://pmc.ncbi.nlm.nih.gov/articles/PMC11178878/
test	PRJEB63349	SAMEA113935050	isolation_source	clinical material	Urine	True	categorical_change		41467_2024_49349_MOESM4_ESM.xlsx:SE45099_UR_KP	https://pmc.ncbi.nlm.nih.gov/articles/PMC11178878/
test	PRJEB63349	SAMEA113935051	isolation_source	clinical material	Urine	True	categorical_change		41467_2024_49349_MOESM4_ESM.xlsx:SE45100_UR_KP	https://pmc.ncbi.nlm.nih.gov/articles/PMC11178878/
test	PRJEB63349	SAMEA113935052	isolation_source	clinical material	Blood	True	categorical_change		41467_2024_49349_MOESM4_ESM.xlsx:SE45104_BL_KP	https://pmc.ncbi.nlm.nih.gov/articles/PMC11178878/
test	PRJEB63349	SAMEA113935053	isolation_source	clinical material	Abscess	True	categorical_change		41467_2024_49349_MOESM4_ESM.xlsx:SE45105_IA_KP	https://pmc.ncbi.nlm.nih.gov/articles/PMC11178878/
test	PRJEB63349	SAMEA113935054	isolation_source	clinical material	Urine	True	categorical_change		41467_2024_49349_MOESM4_ESM.xlsx:SE45107_UR_KOX	https://pmc.ncbi.nlm.nih.gov/articles/PMC11178878/
test	PRJEB63349	SAMEA113935055	isolation_source	clinical material	Urine	True	categorical_change		41467_2024_49349_MOESM4_ESM.xlsx:SE45108_UR_KP	https://pmc.ncbi.nlm.nih.gov/articles/PMC11178878/
test	PRJEB63349	SAMEA113935056	isolation_source	clinical material	Urine	True	categorical_change		41467_2024_49349_MOESM4_ESM.xlsx:SE45109_UR_KP	https://pmc.ncbi.nlm.nih.gov/articles/PMC11178878/
test	PRJEB63349	SAMEA113935057	isolation_source	clinical material	Urine	True	categorical_change		41467_2024_49349_MOESM4_ESM.xlsx:SE45110_UR_KP	https://pmc.ncbi.nlm.nih.gov/articles/PMC11178878/
test	PRJEB63349	SAMEA113935058	isolation_source	clinical material	Urine	True	categorical_change		41467_2024_49349_MOESM4_ESM.xlsx:SE45111_UR_KP	https://pmc.ncbi.nlm.nih.gov/articles/PMC11178878/
test	PRJEB63349	SAMEA113935059	isolation_source	clinical material	Urine	True	categorical_change		41467_2024_49349_MOESM4_ESM.xlsx:SE45112_UR_KP	https://pmc.ncbi.nlm.nih.gov/articles/PMC11178878/
test	PRJEB63349	SAMEA113935060	isolation_source	clinical material	Abscess	True	categorical_change		41467_2024_49349_MOESM4_ESM.xlsx:SE45113_IA_KP	https://pmc.ncbi.nlm.nih.gov/articles/PMC11178878/
test	PRJEB63349	SAMEA113935061	isolation_source	clinical material	Urine	True	categorical_change		41467_2024_49349_MOESM4_ESM.xlsx:SE45115_UR_KP	https://pmc.ncbi.nlm.nih.gov/articles/PMC11178878/
test	PRJEB63349	SAMEA113935062	isolation_source	clinical material	Urine	True	categorical_change		41467_2024_49349_MOESM4_ESM.xlsx:SE45116_UR_KP	https://pmc.ncbi.nlm.nih.gov/articles/PMC11178878/
test	PRJEB63349	SAMEA113935063	isolation_source	clinical material	Urine	True	categorical_change		41467_2024_49349_MOESM4_ESM.xlsx:SE45117_UR_KP	https://pmc.ncbi.nlm.nih.gov/articles/PMC11178878/
test	PRJEB63349	SAMEA113935064	isolation_source	clinical material	Urine	True	categorical_change		41467_2024_49349_MOESM4_ESM.xlsx:SE45118_UR_KP	https://pmc.ncbi.nlm.nih.gov/articles/PMC11178878/
test	PRJEB63349	SAMEA113935065	isolation_source	clinical material	Urine	True	categorical_change		41467_2024_49349_MOESM4_ESM.xlsx:SE45119_UR_KP	https://pmc.ncbi.nlm.nih.gov/articles/PMC11178878/
test	PRJEB63349	SAMEA113935066	isolation_source	clinical material	Abscess	True	categorical_change		41467_2024_49349_MOESM4_ESM.xlsx:SP01002_IA_KP	https://pmc.ncbi.nlm.nih.gov/articles/PMC11178878/
test	PRJEB63349	SAMEA113935067	isolation_source	clinical material	Blood	True	categorical_change		41467_2024_49349_MOESM4_ESM.xlsx:SP01005_BL_KP	https://pmc.ncbi.nlm.nih.gov/articles/PMC11178878/
test	PRJEB63349	SAMEA113935068	isolation_source	clinical material	Urine	True	categorical_change		41467_2024_49349_MOESM4_ESM.xlsx:SP01009_UR_KP	https://pmc.ncbi.nlm.nih.gov/articles/PMC11178878/
test	PRJEB63349	SAMEA113935069	isolation_source	clinical material	Urine	True	categorical_change		41467_2024_49349_MOESM4_ESM.xlsx:SP01011_UR_KP	https://pmc.ncbi.nlm.nih.gov/articles/PMC11178878/
test	PRJEB63349	SAMEA113935070	isolation_source	clinical material	Urine	True	categorical_change		41467_2024_49349_MOESM4_ESM.xlsx:SP01020_UR_KP	https://pmc.ncbi.nlm.nih.gov/articles/PMC11178878/
test	PRJEB63349	SAMEA113935071	isolation_source	clinical material	Urine	True	categorical_change		41467_2024_49349_MOESM4_ESM.xlsx:SP01032_UR_KP	https://pmc.ncbi.nlm.nih.gov/articles/PMC11178878/
test	PRJEB63349	SAMEA113935072	isolation_source	clinical material	Abscess	True	categorical_change		41467_2024_49349_MOESM4_ESM.xlsx:SP01037_IA_KP	https://pmc.ncbi.nlm.nih.gov/articles/PMC11178878/
test	PRJEB63349	SAMEA113935073	isolation_source	clinical material	Blood	True	categorical_change		41467_2024_49349_MOESM4_ESM.xlsx:SP01043_BL_KP	https://pmc.ncbi.nlm.nih.gov/articles/PMC11178878/
test	PRJEB63349	SAMEA113935074	isolation_source	clinical material	Blood	True	categorical_change		41467_2024_49349_MOESM4_ESM.xlsx:SP01047_BL_KP	https://pmc.ncbi.nlm.nih.gov/articles/PMC11178878/
test	PRJEB63349	SAMEA113935075	isolation_source	clinical material	Sputum	True	categorical_change		41467_2024_49349_MOESM4_ESM.xlsx:SP01050_SP_KP	https://pmc.ncbi.nlm.nih.gov/articles/PMC11178878/
test	PRJEB63349	SAMEA113935076	isolation_source	clinical material	Blood	True	categorical_change		41467_2024_49349_MOESM4_ESM.xlsx:SP01054_BL_KP	https://pmc.ncbi.nlm.nih.gov/articles/PMC11178878/
test	PRJEB63349	SAMEA113935077	isolation_source	clinical material	Urine	True	categorical_change		41467_2024_49349_MOESM4_ESM.xlsx:SP01055_UR_KP	https://pmc.ncbi.nlm.nih.gov/articles/PMC11178878/
test	PRJEB63349	SAMEA113935078	isolation_source	clinical material	Abscess	True	categorical_change		41467_2024_49349_MOESM4_ESM.xlsx:SP01063_IA_KP	https://pmc.ncbi.nlm.nih.gov/articles/PMC11178878/
test	PRJEB63349	SAMEA113935079	isolation_source	clinical material	Sputum	True	categorical_change		41467_2024_49349_MOESM4_ESM.xlsx:SP01074_SP_KP	https://pmc.ncbi.nlm.nih.gov/articles/PMC11178878/
test	PRJEB63349	SAMEA113935080	isolation_source	clinical material	Abscess	True	categorical_change		41467_2024_49349_MOESM4_ESM.xlsx:SP01078_IA_KP	https://pmc.ncbi.nlm.nih.gov/articles/PMC11178878/
test	PRJEB63349	SAMEA113935081	isolation_source	clinical material	Blood	True	categorical_change		41467_2024_49349_MOESM4_ESM.xlsx:SP01081_BL_KP	https://pmc.ncbi.nlm.nih.gov/articles/PMC11178878/
test	PRJEB63349	SAMEA113935082	isolation_source	clinical material	Blood	True	categorical_change		41467_2024_49349_MOESM4_ESM.xlsx:SP01085_BL_KP	https://pmc.ncbi.nlm.nih.gov/articles/PMC11178878/
test	PRJEB63349	SAMEA113935083	isolation_source	clinical material	Urine	True	categorical_change		41467_2024_49349_MOESM4_ESM.xlsx:SP01086_UR_KP	https://pmc.ncbi.nlm.nih.gov/articles/PMC11178878/
test	PRJEB63349	SAMEA113935084	isolation_source	clinical material	Urine	True	categorical_change		41467_2024_49349_MOESM4_ESM.xlsx:SP01096_UR_KP	https://pmc.ncbi.nlm.nih.gov/articles/PMC11178878/
test	PRJEB63349	SAMEA113935085	isolation_source	clinical material	Urine	True	categorical_change		41467_2024_49349_MOESM4_ESM.xlsx:SP01097_UR_KP	https://pmc.ncbi.nlm.nih.gov/articles/PMC11178878/
test	PRJEB63349	SAMEA113935086	isolation_source	clinical material	Urine	True	categorical_change		41467_2024_49349_MOESM4_ESM.xlsx:SP01103_UR_KP	https://pmc.ncbi.nlm.nih.gov/articles/PMC11178878/
test	PRJEB63349	SAMEA113935087	isolation_source	clinical material	Urine	True	categorical_change		41467_2024_49349_MOESM4_ESM.xlsx:SP01112_UR_KP	https://pmc.ncbi.nlm.nih.gov/articles/PMC11178878/
test	PRJEB63349	SAMEA113935088	isolation_source	clinical material	Blood	True	categorical_change		41467_2024_49349_MOESM4_ESM.xlsx:SP01114_BL_KP	https://pmc.ncbi.nlm.nih.gov/articles/PMC11178878/
test	PRJEB63349	SAMEA113935089	isolation_source	clinical material	Sputum	True	categorical_change		41467_2024_49349_MOESM4_ESM.xlsx:SP01118_SP_KP	https://pmc.ncbi.nlm.nih.gov/articles/PMC11178878/
test	PRJEB63349	SAMEA113935090	isolation_source	clinical material	Urine	True	categorical_change		41467_2024_49349_MOESM4_ESM.xlsx:SP01119_UR_KP	https://pmc.ncbi.nlm.nih.gov/articles/PMC11178878/
test	PRJEB63349	SAMEA113935091	isolation_source	clinical material	Blood	True	categorical_change		41467_2024_49349_MOESM4_ESM.xlsx:SP01135_BL_KP	https://pmc.ncbi.nlm.nih.gov/articles/PMC11178878/
test	PRJEB63349	SAMEA113935092	isolation_source	clinical material	Urine	True	categorical_change		41467_2024_49349_MOESM4_ESM.xlsx:SP01141_UR_KP	https://pmc.ncbi.nlm.nih.gov/articles/PMC11178878/
test	PRJEB63349	SAMEA113935093	isolation_source	clinical material	Blood	True	categorical_change		41467_2024_49349_MOESM4_ESM.xlsx:SP01143_BL_KP	https://pmc.ncbi.nlm.nih.gov/articles/PMC11178878/
test	PRJEB63349	SAMEA113935094	isolation_source	clinical material	Urine	True	categorical_change		41467_2024_49349_MOESM4_ESM.xlsx:SP01144_UR_KP	https://pmc.ncbi.nlm.nih.gov/articles/PMC11178878/
test	PRJEB63349	SAMEA113935095	isolation_source	clinical material	Urine	True	categorical_change		41467_2024_49349_MOESM4_ESM.xlsx:SP01149_UR_KP	https://pmc.ncbi.nlm.nih.gov/articles/PMC11178878/
test	PRJEB63349	SAMEA113935096	isolation_source	clinical material	Sputum	True	categorical_change		41467_2024_49349_MOESM4_ESM.xlsx:SP01150_SP_KP	https://pmc.ncbi.nlm.nih.gov/articles/PMC11178878/
test	PRJEB63349	SAMEA113935097	isolation_source	clinical material	Blood	True	categorical_change		41467_2024_49349_MOESM4_ESM.xlsx:SP01151_BL_KP	https://pmc.ncbi.nlm.nih.gov/articles/PMC11178878/
test	PRJEB63349	SAMEA113935098	isolation_source	clinical material	Urine	True	categorical_change		41467_2024_49349_MOESM4_ESM.xlsx:SP01154_UR_KP	https://pmc.ncbi.nlm.nih.gov/articles/PMC11178878/
test	PRJEB63349	SAMEA113935099	isolation_source	clinical material	Urine	True	categorical_change		41467_2024_49349_MOESM4_ESM.xlsx:SP01159_UR_KP	https://pmc.ncbi.nlm.nih.gov/articles/PMC11178878/
test	PRJEB63349	SAMEA113935100	isolation_source	clinical material	Abscess	True	categorical_change		41467_2024_49349_MOESM4_ESM.xlsx:SP01162_IA_KP	https://pmc.ncbi.nlm.nih.gov/articles/PMC11178878/
test	PRJEB63349	SAMEA113935101	isolation_source	clinical material	Bile	True	categorical_change		41467_2024_49349_MOESM4_ESM.xlsx:SP01166_BI_KP	https://pmc.ncbi.nlm.nih.gov/articles/PMC11178878/
test	PRJEB63349	SAMEA113935102	isolation_source	clinical material	Blood	True	categorical_change		41467_2024_49349_MOESM4_ESM.xlsx:SP01167_BL_KP	https://pmc.ncbi.nlm.nih.gov/articles/PMC11178878/
test	PRJEB63349	SAMEA113935103	isolation_source	clinical material	Protected brush catheter	True	categorical_change		41467_2024_49349_MOESM4_ESM.xlsx:SP01168_BRU_KP	https://pmc.ncbi.nlm.nih.gov/articles/PMC11178878/
test	PRJEB63349	SAMEA113935104	isolation_source	clinical material	Urine	True	categorical_change		41467_2024_49349_MOESM4_ESM.xlsx:SP01178_UR_KP	https://pmc.ncbi.nlm.nih.gov/articles/PMC11178878/
test	PRJEB63349	SAMEA113935105	isolation_source	clinical material	Urine	True	categorical_change		41467_2024_49349_MOESM4_ESM.xlsx:SP01182_UR_KP	https://pmc.ncbi.nlm.nih.gov/articles/PMC11178878/
test	PRJEB63349	SAMEA113935106	isolation_source	clinical material	Blood	True	categorical_change		41467_2024_49349_MOESM4_ESM.xlsx:SP01183_BL_KP	https://pmc.ncbi.nlm.nih.gov/articles/PMC11178878/
test	PRJEB63349	SAMEA113935107	isolation_source	clinical material	Blood	True	categorical_change		41467_2024_49349_MOESM4_ESM.xlsx:SP01184_BL_KP	https://pmc.ncbi.nlm.nih.gov/articles/PMC11178878/
test	PRJEB63349	SAMEA113935108	isolation_source	clinical material	Protected brush catheter	True	categorical_change		41467_2024_49349_MOESM4_ESM.xlsx:SP01185_BRU_KP	https://pmc.ncbi.nlm.nih.gov/articles/PMC11178878/
test	PRJEB63349	SAMEA113935109	isolation_source	clinical material	Urine	True	categorical_change		41467_2024_49349_MOESM4_ESM.xlsx:SP01188_UR_KP	https://pmc.ncbi.nlm.nih.gov/articles/PMC11178878/
test	PRJEB63349	SAMEA113935110	isolation_source	clinical material	Urine	True	categorical_change		41467_2024_49349_MOESM4_ESM.xlsx:SP01192_UR_KP	https://pmc.ncbi.nlm.nih.gov/articles/PMC11178878/
test	PRJEB63349	SAMEA113935111	isolation_source	clinical material	Blood	True	categorical_change		41467_2024_49349_MOESM4_ESM.xlsx:SP01194_BL_KP	https://pmc.ncbi.nlm.nih.gov/articles/PMC11178878/
test	PRJEB63349	SAMEA113935112	isolation_source	clinical material	Other	True	categorical_change		41467_2024_49349_MOESM4_ESM.xlsx:SP01194_OTH_KP	https://pmc.ncbi.nlm.nih.gov/articles/PMC11178878/
test	PRJEB63349	SAMEA113935113	isolation_source	clinical material	Blood	True	categorical_change		41467_2024_49349_MOESM4_ESM.xlsx:SP01196_BL_KP	https://pmc.ncbi.nlm.nih.gov/articles/PMC11178878/
test	PRJEB63349	SAMEA113935114	isolation_source	clinical material	Urine	True	categorical_change		41467_2024_49349_MOESM4_ESM.xlsx:SP01196_UR_KP	https://pmc.ncbi.nlm.nih.gov/articles/PMC11178878/
test	PRJEB63349	SAMEA113935115	isolation_source	clinical material	Abscess	True	categorical_change		41467_2024_49349_MOESM4_ESM.xlsx:SP01212_IA_KP	https://pmc.ncbi.nlm.nih.gov/articles/PMC11178878/
test	PRJEB63349	SAMEA113935116	isolation_source	clinical material	Urine	True	categorical_change		41467_2024_49349_MOESM4_ESM.xlsx:SP01218_UR_KP	https://pmc.ncbi.nlm.nih.gov/articles/PMC11178878/
test	PRJEB63349	SAMEA113935117	isolation_source	clinical material	Urine	True	categorical_change		41467_2024_49349_MOESM4_ESM.xlsx:SP01231_UR_KP	https://pmc.ncbi.nlm.nih.gov/articles/PMC11178878/
test	PRJEB63349	SAMEA113935118	isolation_source	clinical material	Blood	True	categorical_change		41467_2024_49349_MOESM4_ESM.xlsx:SP01242_BL_KP	https://pmc.ncbi.nlm.nih.gov/articles/PMC11178878/
test	PRJEB63349	SAMEA113935119	isolation_source	clinical material	Urine	True	categorical_change		41467_2024_49349_MOESM4_ESM.xlsx:SP01243_UR_KP	https://pmc.ncbi.nlm.nih.gov/articles/PMC11178878/
test	PRJEB63349	SAMEA113935120	isolation_source	clinical material	Protected brush catheter	True	categorical_change		41467_2024_49349_MOESM4_ESM.xlsx:SP01250_BRU_KP	https://pmc.ncbi.nlm.nih.gov/articles/PMC11178878/
test	PRJEB63349	SAMEA113935121	isolation_source	clinical material	Urine	True	categorical_change		41467_2024_49349_MOESM4_ESM.xlsx:SP01251_UR_KP	https://pmc.ncbi.nlm.nih.gov/articles/PMC11178878/
test	PRJEB63349	SAMEA113935122	isolation_source	clinical material	Protected brush catheter	True	categorical_change		41467_2024_49349_MOESM4_ESM.xlsx:SP01255_BRU_KP	https://pmc.ncbi.nlm.nih.gov/articles/PMC11178878/
test	PRJEB63349	SAMEA113935123	isolation_source	clinical material	Blood	True	categorical_change		41467_2024_49349_MOESM4_ESM.xlsx:SP01261_BL_KP	https://pmc.ncbi.nlm.nih.gov/articles/PMC11178878/
test	PRJEB63349	SAMEA113935124	isolation_source	clinical material	Urine	True	categorical_change		41467_2024_49349_MOESM4_ESM.xlsx:SP01262_UR_KP	https://pmc.ncbi.nlm.nih.gov/articles/PMC11178878/
test	PRJEB63349	SAMEA113935125	isolation_source	clinical material	Blood	True	categorical_change		41467_2024_49349_MOESM4_ESM.xlsx:SP01265_BL_KP	https://pmc.ncbi.nlm.nih.gov/articles/PMC11178878/
test	PRJEB63349	SAMEA113935126	isolation_source	clinical material	Protected brush catheter	True	categorical_change		41467_2024_49349_MOESM4_ESM.xlsx:SP01272_BRU_KP	https://pmc.ncbi.nlm.nih.gov/articles/PMC11178878/
test	PRJEB63349	SAMEA113935127	isolation_source	clinical material	Blood	True	categorical_change		41467_2024_49349_MOESM4_ESM.xlsx:SP02001_BL_KP	https://pmc.ncbi.nlm.nih.gov/articles/PMC11178878/
test	PRJEB63349	SAMEA113935128	isolation_source	clinical material	Urine	True	categorical_change		41467_2024_49349_MOESM4_ESM.xlsx:SP02002_UR_KP	https://pmc.ncbi.nlm.nih.gov/articles/PMC11178878/
test	PRJEB63349	SAMEA113935129	isolation_source	clinical material	Sputum	True	categorical_change		41467_2024_49349_MOESM4_ESM.xlsx:SP02003_SP_KP	https://pmc.ncbi.nlm.nih.gov/articles/PMC11178878/
test	PRJEB63349	SAMEA113935130	isolation_source	clinical material	Blood	True	categorical_change		41467_2024_49349_MOESM4_ESM.xlsx:SP02004_BL_KP	https://pmc.ncbi.nlm.nih.gov/articles/PMC11178878/
test	PRJEB63349	SAMEA113935131	isolation_source	clinical material	Urine	True	categorical_change		41467_2024_49349_MOESM4_ESM.xlsx:SP02005_UR_KP	https://pmc.ncbi.nlm.nih.gov/articles/PMC11178878/
test	PRJEB63349	SAMEA113935132	isolation_source	clinical material	Blood	True	categorical_change		41467_2024_49349_MOESM4_ESM.xlsx:SP02006_BL_KP	https://pmc.ncbi.nlm.nih.gov/articles/PMC11178878/
test	PRJEB63349	SAMEA113935133	isolation_source	clinical material	Urine	True	categorical_change		41467_2024_49349_MOESM4_ESM.xlsx:SP02007_UR_KP	https://pmc.ncbi.nlm.nih.gov/articles/PMC11178878/
test	PRJEB63349	SAMEA113935134	isolation_source	clinical material	Urine	True	categorical_change		41467_2024_49349_MOESM4_ESM.xlsx:SP02012_UR_KP	https://pmc.ncbi.nlm.nih.gov/articles/PMC11178878/
test	PRJEB63349	SAMEA113935135	isolation_source	clinical material	Urine	True	categorical_change		41467_2024_49349_MOESM4_ESM.xlsx:SP02013_UR_KP	https://pmc.ncbi.nlm.nih.gov/articles/PMC11178878/
test	PRJEB63349	SAMEA113935136	isolation_source	clinical material	Urine	True	categorical_change		41467_2024_49349_MOESM4_ESM.xlsx:SP02014_UR_KP	https://pmc.ncbi.nlm.nih.gov/articles/PMC11178878/
test	PRJEB63349	SAMEA113935137	isolation_source	clinical material	Urine	True	categorical_change		41467_2024_49349_MOESM4_ESM.xlsx:SP02015_UR_KP	https://pmc.ncbi.nlm.nih.gov/articles/PMC11178878/
test	PRJEB63349	SAMEA113935138	isolation_source	clinical material	Urine	True	categorical_change		41467_2024_49349_MOESM4_ESM.xlsx:SP02016_UR_KP	https://pmc.ncbi.nlm.nih.gov/articles/PMC11178878/
test	PRJEB63349	SAMEA113935139	isolation_source	clinical material	Pleural fluid	True	categorical_change		41467_2024_49349_MOESM4_ESM.xlsx:SP02019_PL_KP	https://pmc.ncbi.nlm.nih.gov/articles/PMC11178878/
test	PRJEB63349	SAMEA113935140	isolation_source	clinical material	Blood	True	categorical_change		41467_2024_49349_MOESM4_ESM.xlsx:SP02020_BL_KP	https://pmc.ncbi.nlm.nih.gov/articles/PMC11178878/
test	PRJEB63349	SAMEA113935141	isolation_source	clinical material	Urine	True	categorical_change		41467_2024_49349_MOESM4_ESM.xlsx:SP02021_UR_KP	https://pmc.ncbi.nlm.nih.gov/articles/PMC11178878/
test	PRJEB63349	SAMEA113935142	isolation_source	clinical material	Blood	True	categorical_change		41467_2024_49349_MOESM4_ESM.xlsx:SP02023_BL_KP	https://pmc.ncbi.nlm.nih.gov/articles/PMC11178878/
test	PRJEB63349	SAMEA113935143	isolation_source	clinical material	Urine	True	categorical_change		41467_2024_49349_MOESM4_ESM.xlsx:SP02037_UR_KP	https://pmc.ncbi.nlm.nih.gov/articles/PMC11178878/
test	PRJEB63349	SAMEA113935144	isolation_source	clinical material	Abscess	True	categorical_change		41467_2024_49349_MOESM4_ESM.xlsx:SP02038_IA_KP	https://pmc.ncbi.nlm.nih.gov/articles/PMC11178878/
test	PRJEB63349	SAMEA113935145	isolation_source	clinical material	Abscess	True	categorical_change		41467_2024_49349_MOESM4_ESM.xlsx:SP02039_IA_KP	https://pmc.ncbi.nlm.nih.gov/articles/PMC11178878/
test	PRJEB63349	SAMEA113935146	isolation_source	clinical material	Urine	True	categorical_change		41467_2024_49349_MOESM4_ESM.xlsx:SP02040_UR_KP	https://pmc.ncbi.nlm.nih.gov/articles/PMC11178878/
test	PRJEB63349	SAMEA113935147	isolation_source	clinical material	Tracheal aspirate	True	categorical_change		41467_2024_49349_MOESM4_ESM.xlsx:SP02042_TR_KP	https://pmc.ncbi.nlm.nih.gov/articles/PMC11178878/
test	PRJEB63349	SAMEA113935148	isolation_source	clinical material	Urine	True	categorical_change		41467_2024_49349_MOESM4_ESM.xlsx:SP02043_UR_KP	https://pmc.ncbi.nlm.nih.gov/articles/PMC11178878/
test	PRJEB63349	SAMEA113935149	isolation_source	clinical material	Blood	True	categorical_change		41467_2024_49349_MOESM4_ESM.xlsx:SP02044_BL_KP	https://pmc.ncbi.nlm.nih.gov/articles/PMC11178878/
test	PRJEB63349	SAMEA113935150	isolation_source	clinical material	Urine	True	categorical_change		41467_2024_49349_MOESM4_ESM.xlsx:SP02045_SP_UR	https://pmc.ncbi.nlm.nih.gov/articles/PMC11178878/
test	PRJEB63349	SAMEA113935151	isolation_source	clinical material	Abscess	True	categorical_change		41467_2024_49349_MOESM4_ESM.xlsx:SP02046_IA_KP	https://pmc.ncbi.nlm.nih.gov/articles/PMC11178878/
test	PRJEB63349	SAMEA113935152	isolation_source	clinical material	Blood	True	categorical_change		41467_2024_49349_MOESM4_ESM.xlsx:SP02054_BL_KP	https://pmc.ncbi.nlm.nih.gov/articles/PMC11178878/
test	PRJEB63349	SAMEA113935153	isolation_source	clinical material	Urine	True	categorical_change		41467_2024_49349_MOESM4_ESM.xlsx:SP02061_UR_KP	https://pmc.ncbi.nlm.nih.gov/articles/PMC11178878/
test	PRJEB63349	SAMEA113935154	isolation_source	clinical material	Urine	True	categorical_change		41467_2024_49349_MOESM4_ESM.xlsx:SP02068_UR_KP	https://pmc.ncbi.nlm.nih.gov/articles/PMC11178878/
test	PRJEB63349	SAMEA113935155	isolation_source	clinical material	Urine	True	categorical_change		41467_2024_49349_MOESM4_ESM.xlsx:SP02095_UR_KP	https://pmc.ncbi.nlm.nih.gov/articles/PMC11178878/
test	PRJEB63349	SAMEA113935156	isolation_source	clinical material	Urine	True	categorical_change		41467_2024_49349_MOESM4_ESM.xlsx:SP02097_UR_KP	https://pmc.ncbi.nlm.nih.gov/articles/PMC11178878/
test	PRJEB63349	SAMEA113935157	isolation_source	clinical material	Abscess	True	categorical_change		41467_2024_49349_MOESM4_ESM.xlsx:SP02098_IA_KP	https://pmc.ncbi.nlm.nih.gov/articles/PMC11178878/
test	PRJEB63349	SAMEA113935158	isolation_source	clinical material	Abscess	True	categorical_change		41467_2024_49349_MOESM4_ESM.xlsx:SP02102_IA_KP	https://pmc.ncbi.nlm.nih.gov/articles/PMC11178878/
test	PRJEB63349	SAMEA113935159	isolation_source	clinical material	Urine	True	categorical_change		41467_2024_49349_MOESM4_ESM.xlsx:SP02112_UR_KP	https://pmc.ncbi.nlm.nih.gov/articles/PMC11178878/
test	PRJEB63349	SAMEA113935160	isolation_source	clinical material	Urine	True	categorical_change		41467_2024_49349_MOESM4_ESM.xlsx:SP02115_UR_KP	https://pmc.ncbi.nlm.nih.gov/articles/PMC11178878/
test	PRJEB63349	SAMEA113935161	isolation_source	clinical material	Sputum	True	categorical_change		41467_2024_49349_MOESM4_ESM.xlsx:SP02117_SP_KP	https://pmc.ncbi.nlm.nih.gov/articles/PMC11178878/
test	PRJEB63349	SAMEA113935162	isolation_source	clinical material	Urine	True	categorical_change		41467_2024_49349_MOESM4_ESM.xlsx:SP02122_UR_KP	https://pmc.ncbi.nlm.nih.gov/articles/PMC11178878/
test	PRJEB63349	SAMEA113935163	isolation_source	clinical material	Abscess	True	categorical_change		41467_2024_49349_MOESM4_ESM.xlsx:SP02136_IA_KP	https://pmc.ncbi.nlm.nih.gov/articles/PMC11178878/
test	PRJEB63349	SAMEA113935164	isolation_source	clinical material	Blood	True	categorical_change		41467_2024_49349_MOESM4_ESM.xlsx:SP02151_BL_KP	https://pmc.ncbi.nlm.nih.gov/articles/PMC11178878/
test	PRJEB63349	SAMEA113935165	isolation_source	clinical material	Urine	True	categorical_change		41467_2024_49349_MOESM4_ESM.xlsx:SP02156_UR_KP	https://pmc.ncbi.nlm.nih.gov/articles/PMC11178878/
test	PRJEB63349	SAMEA113935166	isolation_source	clinical material	Urine	True	categorical_change		41467_2024_49349_MOESM4_ESM.xlsx:SP02158_UR_KP	https://pmc.ncbi.nlm.nih.gov/articles/PMC11178878/
test	PRJEB63349	SAMEA113935167	isolation_source	clinical material	Urine	True	categorical_change		41467_2024_49349_MOESM4_ESM.xlsx:SP02159_UR_KP	https://pmc.ncbi.nlm.nih.gov/articles/PMC11178878/
test	PRJEB63349	SAMEA113935168	isolation_source	clinical material	Urine	True	categorical_change		41467_2024_49349_MOESM4_ESM.xlsx:SP02160_UR_KP	https://pmc.ncbi.nlm.nih.gov/articles/PMC11178878/
test	PRJEB63349	SAMEA113935169	isolation_source	clinical material	Urine	True	categorical_change		41467_2024_49349_MOESM4_ESM.xlsx:SP02161_UR_KP	https://pmc.ncbi.nlm.nih.gov/articles/PMC11178878/
test	PRJEB63349	SAMEA113935170	isolation_source	clinical material	Blood	True	categorical_change		41467_2024_49349_MOESM4_ESM.xlsx:SP02162_BL_KP	https://pmc.ncbi.nlm.nih.gov/articles/PMC11178878/
test	PRJEB63349	SAMEA113935171	isolation_source	clinical material	Tracheal aspirate	True	categorical_change		41467_2024_49349_MOESM4_ESM.xlsx:SP02163_TR_KP	https://pmc.ncbi.nlm.nih.gov/articles/PMC11178878/
test	PRJEB63349	SAMEA113935172	isolation_source	clinical material	Urine	True	categorical_change		41467_2024_49349_MOESM4_ESM.xlsx:SP02164_UR_KP	https://pmc.ncbi.nlm.nih.gov/articles/PMC11178878/
test	PRJEB63349	SAMEA113935173	isolation_source	clinical material	Blood	True	categorical_change		41467_2024_49349_MOESM4_ESM.xlsx:SP02170_BL_KP	https://pmc.ncbi.nlm.nih.gov/articles/PMC11178878/
test	PRJEB63349	SAMEA113935174	isolation_source	clinical material	Abscess	True	categorical_change		41467_2024_49349_MOESM4_ESM.xlsx:SP02177_IA_KP	https://pmc.ncbi.nlm.nih.gov/articles/PMC11178878/
test	PRJEB63349	SAMEA113935175	isolation_source	clinical material	Urine	True	categorical_change		41467_2024_49349_MOESM4_ESM.xlsx:SP02178_UR_KP	https://pmc.ncbi.nlm.nih.gov/articles/PMC11178878/
test	PRJEB63349	SAMEA113935176	isolation_source	clinical material	Sputum	True	categorical_change		41467_2024_49349_MOESM4_ESM.xlsx:SP02179_SP_KP	https://pmc.ncbi.nlm.nih.gov/articles/PMC11178878/
test	PRJEB63349	SAMEA113935177	isolation_source	clinical material	Blood	True	categorical_change		41467_2024_49349_MOESM4_ESM.xlsx:SP02190_BL_KP	https://pmc.ncbi.nlm.nih.gov/articles/PMC11178878/
test	PRJEB63349	SAMEA113935178	isolation_source	clinical material	Abscess	True	categorical_change		41467_2024_49349_MOESM4_ESM.xlsx:SP02191_IA_KP	https://pmc.ncbi.nlm.nih.gov/articles/PMC11178878/
test	PRJEB63349	SAMEA113935179	isolation_source	clinical material	Other	True	categorical_change		41467_2024_49349_MOESM4_ESM.xlsx:SP02192_OTH_KP	https://pmc.ncbi.nlm.nih.gov/articles/PMC11178878/
test	PRJEB63349	SAMEA113935180	isolation_source	clinical material	Urine	True	categorical_change		41467_2024_49349_MOESM4_ESM.xlsx:SP02193_UR_KP	https://pmc.ncbi.nlm.nih.gov/articles/PMC11178878/
test	PRJEB63349	SAMEA113935181	isolation_source	clinical material	Urine	True	categorical_change		41467_2024_49349_MOESM4_ESM.xlsx:SP02209_UR_KP	https://pmc.ncbi.nlm.nih.gov/articles/PMC11178878/
test	PRJEB63349	SAMEA113935182	isolation_source	clinical material	Abscess	True	categorical_change		41467_2024_49349_MOESM4_ESM.xlsx:SP02210_IA_KP	https://pmc.ncbi.nlm.nih.gov/articles/PMC11178878/
test	PRJEB63349	SAMEA113935183	isolation_source	clinical material	Other	True	categorical_change		41467_2024_49349_MOESM4_ESM.xlsx:SP02211_OTH_KP	https://pmc.ncbi.nlm.nih.gov/articles/PMC11178878/
test	PRJEB63349	SAMEA113935184	isolation_source	clinical material	Blood	True	categorical_change		41467_2024_49349_MOESM4_ESM.xlsx:SP02212_BL_KP	https://pmc.ncbi.nlm.nih.gov/articles/PMC11178878/
test	PRJEB63349	SAMEA113935185	isolation_source	clinical material	Blood	True	categorical_change		41467_2024_49349_MOESM4_ESM.xlsx:SP02213_BL_KP	https://pmc.ncbi.nlm.nih.gov/articles/PMC11178878/
test	PRJEB63349	SAMEA113935186	isolation_source	clinical material	Sputum	True	categorical_change		41467_2024_49349_MOESM4_ESM.xlsx:SP02214_SP_KP	https://pmc.ncbi.nlm.nih.gov/articles/PMC11178878/
test	PRJEB63349	SAMEA113935187	isolation_source	clinical material	Urine	True	categorical_change		41467_2024_49349_MOESM4_ESM.xlsx:SP02215_UR_KP	https://pmc.ncbi.nlm.nih.gov/articles/PMC11178878/
test	PRJEB63349	SAMEA113935188	isolation_source	clinical material	Blood	True	categorical_change		41467_2024_49349_MOESM4_ESM.xlsx:SP02216_BL_KP	https://pmc.ncbi.nlm.nih.gov/articles/PMC11178878/
test	PRJEB63349	SAMEA113935189	isolation_source	clinical material	Blood	True	categorical_change		41467_2024_49349_MOESM4_ESM.xlsx:SP02217_BL_KP	https://pmc.ncbi.nlm.nih.gov/articles/PMC11178878/
test	PRJEB63349	SAMEA113935190	isolation_source	clinical material	Abscess	True	categorical_change		41467_2024_49349_MOESM4_ESM.xlsx:SP02218_IA_KP	https://pmc.ncbi.nlm.nih.gov/articles/PMC11178878/
test	PRJEB63349	SAMEA113935191	isolation_source	clinical material	Blood	True	categorical_change		41467_2024_49349_MOESM4_ESM.xlsx:SP02223_BL_KP	https://pmc.ncbi.nlm.nih.gov/articles/PMC11178878/
test	PRJEB63349	SAMEA113935192	isolation_source	clinical material	Urine	True	categorical_change		41467_2024_49349_MOESM4_ESM.xlsx:SP02224_UR_KP	https://pmc.ncbi.nlm.nih.gov/articles/PMC11178878/
test	PRJEB63349	SAMEA113935193	isolation_source	clinical material	Blood	True	categorical_change		41467_2024_49349_MOESM4_ESM.xlsx:SP03001_BL_KP	https://pmc.ncbi.nlm.nih.gov/articles/PMC11178878/
test	PRJEB63349	SAMEA113935194	isolation_source	clinical material	Blood	True	categorical_change		41467_2024_49349_MOESM4_ESM.xlsx:SP03004_BL_KP	https://pmc.ncbi.nlm.nih.gov/articles/PMC11178878/
test	PRJEB63349	SAMEA113935195	isolation_source	clinical material	Blood	True	categorical_change		41467_2024_49349_MOESM4_ESM.xlsx:SP03005_BL_KP	https://pmc.ncbi.nlm.nih.gov/articles/PMC11178878/
test	PRJEB63349	SAMEA113935196	isolation_source	clinical material	Blood	True	categorical_change		41467_2024_49349_MOESM4_ESM.xlsx:SP03007_BL_KP	https://pmc.ncbi.nlm.nih.gov/articles/PMC11178878/
test	PRJEB63349	SAMEA113935197	isolation_source	clinical material	Blood	True	categorical_change		41467_2024_49349_MOESM4_ESM.xlsx:SP03008_BL_KP	https://pmc.ncbi.nlm.nih.gov/articles/PMC11178878/
test	PRJEB63349	SAMEA113935198	isolation_source	clinical material	Urine	True	categorical_change		41467_2024_49349_MOESM4_ESM.xlsx:SP03009_UR_KP	https://pmc.ncbi.nlm.nih.gov/articles/PMC11178878/
test	PRJEB63349	SAMEA113935199	isolation_source	clinical material	Blood	True	categorical_change		41467_2024_49349_MOESM4_ESM.xlsx:SP03019_BL_KP	https://pmc.ncbi.nlm.nih.gov/articles/PMC11178878/
test	PRJEB63349	SAMEA113935200	isolation_source	clinical material	Blood	True	categorical_change		41467_2024_49349_MOESM4_ESM.xlsx:SP03029_BL_KP	https://pmc.ncbi.nlm.nih.gov/articles/PMC11178878/
test	PRJEB63349	SAMEA113935201	isolation_source	clinical material	Urine	True	categorical_change		41467_2024_49349_MOESM4_ESM.xlsx:SP03030_UR_KP	https://pmc.ncbi.nlm.nih.gov/articles/PMC11178878/
test	PRJEB63349	SAMEA113935202	isolation_source	clinical material	Blood	True	categorical_change		41467_2024_49349_MOESM4_ESM.xlsx:SP03034_BL_KP	https://pmc.ncbi.nlm.nih.gov/articles/PMC11178878/
test	PRJEB63349	SAMEA113935203	isolation_source	clinical material	Blood	True	categorical_change		41467_2024_49349_MOESM4_ESM.xlsx:SP03035_BL_KP	https://pmc.ncbi.nlm.nih.gov/articles/PMC11178878/
test	PRJEB63349	SAMEA113935204	isolation_source	clinical material	Blood	True	categorical_change		41467_2024_49349_MOESM4_ESM.xlsx:SP03046_BL_KP	https://pmc.ncbi.nlm.nih.gov/articles/PMC11178878/
test	PRJEB63349	SAMEA113935205	isolation_source	clinical material	Blood	True	categorical_change		41467_2024_49349_MOESM4_ESM.xlsx:SP03051_BL_KP	https://pmc.ncbi.nlm.nih.gov/articles/PMC11178878/
test	PRJEB63349	SAMEA113935206	isolation_source	clinical material	Sputum	True	categorical_change		41467_2024_49349_MOESM4_ESM.xlsx:SP03052_SP_KP	https://pmc.ncbi.nlm.nih.gov/articles/PMC11178878/
test	PRJEB63349	SAMEA113935207	isolation_source	clinical material	Blood	True	categorical_change		41467_2024_49349_MOESM4_ESM.xlsx:SP03070_BL_KP	https://pmc.ncbi.nlm.nih.gov/articles/PMC11178878/
test	PRJEB63349	SAMEA113935208	isolation_source	clinical material	Bile	True	categorical_change		41467_2024_49349_MOESM4_ESM.xlsx:SP03071_BI_KP	https://pmc.ncbi.nlm.nih.gov/articles/PMC11178878/
test	PRJEB63349	SAMEA113935209	isolation_source	clinical material	Blood	True	categorical_change		41467_2024_49349_MOESM4_ESM.xlsx:SP03071_BL_KP	https://pmc.ncbi.nlm.nih.gov/articles/PMC11178878/
test	PRJEB63349	SAMEA113935210	isolation_source	clinical material	Sputum	True	categorical_change		41467_2024_49349_MOESM4_ESM.xlsx:SP03076_SP_KP	https://pmc.ncbi.nlm.nih.gov/articles/PMC11178878/
test	PRJEB63349	SAMEA113935211	isolation_source	clinical material	Abscess	True	categorical_change		41467_2024_49349_MOESM4_ESM.xlsx:SP04001_IA_KP	https://pmc.ncbi.nlm.nih.gov/articles/PMC11178878/
test	PRJEB63349	SAMEA113935212	isolation_source	clinical material	Abscess	True	categorical_change		41467_2024_49349_MOESM4_ESM.xlsx:SP04002_IA_KP	https://pmc.ncbi.nlm.nih.gov/articles/PMC11178878/
test	PRJEB63349	SAMEA113935213	isolation_source	clinical material	Other	True	categorical_change		41467_2024_49349_MOESM4_ESM.xlsx:SP04004_OTH_KP	https://pmc.ncbi.nlm.nih.gov/articles/PMC11178878/
test	PRJEB63349	SAMEA113935214	isolation_source	clinical material	Exudate	True	categorical_change		41467_2024_49349_MOESM4_ESM.xlsx:SP04005_SS_KP	https://pmc.ncbi.nlm.nih.gov/articles/PMC11178878/
test	PRJEB63349	SAMEA113935215	isolation_source	clinical material	Urine	True	categorical_change		41467_2024_49349_MOESM4_ESM.xlsx:SP04006_UR_KP	https://pmc.ncbi.nlm.nih.gov/articles/PMC11178878/
test	PRJEB63349	SAMEA113935216	isolation_source	clinical material	Blood	True	categorical_change		41467_2024_49349_MOESM4_ESM.xlsx:SP04008_BL_KP	https://pmc.ncbi.nlm.nih.gov/articles/PMC11178878/
test	PRJEB63349	SAMEA113935217	isolation_source	clinical material	Urine	True	categorical_change		41467_2024_49349_MOESM4_ESM.xlsx:SP05001_UR_KP	https://pmc.ncbi.nlm.nih.gov/articles/PMC11178878/
test	PRJEB63349	SAMEA113935218	isolation_source	clinical material	Urine	True	categorical_change		41467_2024_49349_MOESM4_ESM.xlsx:SP05005_UR_KP	https://pmc.ncbi.nlm.nih.gov/articles/PMC11178878/
test	PRJEB63349	SAMEA113935219	isolation_source	clinical material	Urine	True	categorical_change		41467_2024_49349_MOESM4_ESM.xlsx:SP05006_UR_KP	https://pmc.ncbi.nlm.nih.gov/articles/PMC11178878/
test	PRJEB63349	SAMEA113935220	isolation_source	clinical material	Blood	True	categorical_change		41467_2024_49349_MOESM4_ESM.xlsx:SP05008_BL_KP	https://pmc.ncbi.nlm.nih.gov/articles/PMC11178878/
test	PRJEB63349	SAMEA113935221	isolation_source	clinical material	Blood	True	categorical_change		41467_2024_49349_MOESM4_ESM.xlsx:SP05009_BL_KP	https://pmc.ncbi.nlm.nih.gov/articles/PMC11178878/
test	PRJEB63349	SAMEA113935222	isolation_source	clinical material	Urine	True	categorical_change		41467_2024_49349_MOESM4_ESM.xlsx:SP06006_UR_KP	https://pmc.ncbi.nlm.nih.gov/articles/PMC11178878/
test	PRJEB63349	SAMEA113935223	isolation_source	clinical material	Abscess	True	categorical_change		41467_2024_49349_MOESM4_ESM.xlsx:SP06007_IA_KP	https://pmc.ncbi.nlm.nih.gov/articles/PMC11178878/
test	PRJEB63349	SAMEA113935224	isolation_source	clinical material	Blood	True	categorical_change		41467_2024_49349_MOESM4_ESM.xlsx:SP06013_BL_KP	https://pmc.ncbi.nlm.nih.gov/articles/PMC11178878/
test	PRJEB63349	SAMEA113935225	isolation_source	clinical material	Abscess	True	categorical_change		41467_2024_49349_MOESM4_ESM.xlsx:SP06018_IA_KP	https://pmc.ncbi.nlm.nih.gov/articles/PMC11178878/
test	PRJEB63349	SAMEA113935226	isolation_source	clinical material	Bile	True	categorical_change		41467_2024_49349_MOESM4_ESM.xlsx:SP06024_BI_KP	https://pmc.ncbi.nlm.nih.gov/articles/PMC11178878/
test	PRJEB63349	SAMEA113935227	isolation_source	clinical material	Blood	True	categorical_change		41467_2024_49349_MOESM4_ESM.xlsx:SP06026_BL_KP	https://pmc.ncbi.nlm.nih.gov/articles/PMC11178878/
test	PRJEB63349	SAMEA113935228	isolation_source	clinical material	Blood	True	categorical_change		41467_2024_49349_MOESM4_ESM.xlsx:SP06027_BL_KP	https://pmc.ncbi.nlm.nih.gov/articles/PMC11178878/
test	PRJEB63349	SAMEA113935229	isolation_source	clinical material	Blood	True	categorical_change		41467_2024_49349_MOESM4_ESM.xlsx:SP06032_BL_KP	https://pmc.ncbi.nlm.nih.gov/articles/PMC11178878/
test	PRJEB63349	SAMEA113935230	isolation_source	clinical material	Abscess	True	categorical_change		41467_2024_49349_MOESM4_ESM.xlsx:SP06033_IA_KP	https://pmc.ncbi.nlm.nih.gov/articles/PMC11178878/
test	PRJEB63349	SAMEA113935231	isolation_source	clinical material	Blood	True	categorical_change		41467_2024_49349_MOESM4_ESM.xlsx:SP06035_BL_KP	https://pmc.ncbi.nlm.nih.gov/articles/PMC11178878/
test	PRJEB63349	SAMEA113935232	isolation_source	clinical material	Blood	True	categorical_change		41467_2024_49349_MOESM4_ESM.xlsx:SP06040_BL_KP	https://pmc.ncbi.nlm.nih.gov/articles/PMC11178878/
test	PRJEB63349	SAMEA113935233	isolation_source	clinical material	Blood	True	categorical_change		41467_2024_49349_MOESM4_ESM.xlsx:SP06041_BL_KP	https://pmc.ncbi.nlm.nih.gov/articles/PMC11178878/
test	PRJEB63349	SAMEA113935234	isolation_source	clinical material	Blood	True	categorical_change		41467_2024_49349_MOESM4_ESM.xlsx:SP06042_BL_KP	https://pmc.ncbi.nlm.nih.gov/articles/PMC11178878/
test	PRJEB63349	SAMEA113935235	isolation_source	clinical material	Blood	True	categorical_change		41467_2024_49349_MOESM4_ESM.xlsx:SP06043_BL_KP	https://pmc.ncbi.nlm.nih.gov/articles/PMC11178878/
test	PRJEB63349	SAMEA113935236	isolation_source	clinical material	Blood	True	categorical_change		41467_2024_49349_MOESM4_ESM.xlsx:SP06045_BL_KP	https://pmc.ncbi.nlm.nih.gov/articles/PMC11178878/
test	PRJEB63349	SAMEA113935237	isolation_source	clinical material	Tracheal aspirate	True	categorical_change		41467_2024_49349_MOESM4_ESM.xlsx:SP06046_TR_KP	https://pmc.ncbi.nlm.nih.gov/articles/PMC11178878/
test	PRJEB63349	SAMEA113935238	isolation_source	clinical material	Blood	True	categorical_change		41467_2024_49349_MOESM4_ESM.xlsx:SP06052_BL_KP	https://pmc.ncbi.nlm.nih.gov/articles/PMC11178878/
test	PRJEB63349	SAMEA113935239	isolation_source	clinical material	Blood	True	categorical_change		41467_2024_49349_MOESM4_ESM.xlsx:SP06053_BL_KP_KPC_OXA48	https://pmc.ncbi.nlm.nih.gov/articles/PMC11178878/
test	PRJEB63349	SAMEA113935240	isolation_source	clinical material	Urine	True	categorical_change		41467_2024_49349_MOESM4_ESM.xlsx:SP06054_UR_KP	https://pmc.ncbi.nlm.nih.gov/articles/PMC11178878/
test	PRJEB63349	SAMEA113935241	isolation_source	clinical material	Blood	True	categorical_change		41467_2024_49349_MOESM4_ESM.xlsx:SP06055_BL_KP	https://pmc.ncbi.nlm.nih.gov/articles/PMC11178878/
test	PRJEB63349	SAMEA113935242	isolation_source	clinical material	Blood	True	categorical_change		41467_2024_49349_MOESM4_ESM.xlsx:SP06056_BL_KP	https://pmc.ncbi.nlm.nih.gov/articles/PMC11178878/
test	PRJEB63349	SAMEA113935243	isolation_source	clinical material	Blood	True	categorical_change		41467_2024_49349_MOESM4_ESM.xlsx:SP06069_BL_KP	https://pmc.ncbi.nlm.nih.gov/articles/PMC11178878/
test	PRJEB63349	SAMEA113935244	isolation_source	clinical material	Blood	True	categorical_change		41467_2024_49349_MOESM4_ESM.xlsx:SP06070_BL_KP	https://pmc.ncbi.nlm.nih.gov/articles/PMC11178878/
test	PRJEB63349	SAMEA113935245	isolation_source	clinical material	Abscess	True	categorical_change		41467_2024_49349_MOESM4_ESM.xlsx:SP06076_IA_KP	https://pmc.ncbi.nlm.nih.gov/articles/PMC11178878/
test	PRJEB63349	SAMEA113935246	isolation_source	clinical material	Blood	True	categorical_change		41467_2024_49349_MOESM4_ESM.xlsx:SP06077_BL_KP	https://pmc.ncbi.nlm.nih.gov/articles/PMC11178878/
test	PRJEB63349	SAMEA113935247	isolation_source	clinical material	Blood	True	categorical_change		41467_2024_49349_MOESM4_ESM.xlsx:SP06078_BL_KP	https://pmc.ncbi.nlm.nih.gov/articles/PMC11178878/
test	PRJEB63349	SAMEA113935248	isolation_source	clinical material	Abscess	True	categorical_change		41467_2024_49349_MOESM4_ESM.xlsx:SP06079_IA_ECL	https://pmc.ncbi.nlm.nih.gov/articles/PMC11178878/
test	PRJEB63349	SAMEA113935249	isolation_source	clinical material	Blood	True	categorical_change		41467_2024_49349_MOESM4_ESM.xlsx:SP06080_BL_KP	https://pmc.ncbi.nlm.nih.gov/articles/PMC11178878/
test	PRJEB63349	SAMEA113935250	isolation_source	clinical material	Blood	True	categorical_change		41467_2024_49349_MOESM4_ESM.xlsx:SP06081_BL_KP	https://pmc.ncbi.nlm.nih.gov/articles/PMC11178878/
test	PRJEB63349	SAMEA113935251	isolation_source	clinical material	Urine	True	categorical_change		41467_2024_49349_MOESM4_ESM.xlsx:SP06082_UR_KP	https://pmc.ncbi.nlm.nih.gov/articles/PMC11178878/
test	PRJEB63349	SAMEA113935252	isolation_source	clinical material	Blood	True	categorical_change		41467_2024_49349_MOESM4_ESM.xlsx:SP06085_BL_KP	https://pmc.ncbi.nlm.nih.gov/articles/PMC11178878/
test	PRJEB63349	SAMEA113935253	isolation_source	clinical material	Blood	True	categorical_change		41467_2024_49349_MOESM4_ESM.xlsx:SP06086_BL_KP	https://pmc.ncbi.nlm.nih.gov/articles/PMC11178878/
test	PRJEB63349	SAMEA113935254	isolation_source	clinical material	Abscess	True	categorical_change		41467_2024_49349_MOESM4_ESM.xlsx:SP06087_IA_KP	https://pmc.ncbi.nlm.nih.gov/articles/PMC11178878/
test	PRJEB63349	SAMEA113935255	isolation_source	clinical material	Bile	True	categorical_change		41467_2024_49349_MOESM4_ESM.xlsx:SP06089_BI_KP	https://pmc.ncbi.nlm.nih.gov/articles/PMC11178878/
test	PRJEB63349	SAMEA113935256	isolation_source	clinical material	Blood	True	categorical_change		41467_2024_49349_MOESM4_ESM.xlsx:SP06090_BL_KP	https://pmc.ncbi.nlm.nih.gov/articles/PMC11178878/
test	PRJEB63349	SAMEA113935257	isolation_source	clinical material	Blood	True	categorical_change		41467_2024_49349_MOESM4_ESM.xlsx:SP07020_BL_KP	https://pmc.ncbi.nlm.nih.gov/articles/PMC11178878/
test	PRJEB63349	SAMEA113935258	isolation_source	clinical material	Urine	True	categorical_change		41467_2024_49349_MOESM4_ESM.xlsx:SP07041_UR_KP	https://pmc.ncbi.nlm.nih.gov/articles/PMC11178878/
test	PRJEB63349	SAMEA113935259	isolation_source	clinical material	Abscess	True	categorical_change		41467_2024_49349_MOESM4_ESM.xlsx:SP07050_IA_ECO	https://pmc.ncbi.nlm.nih.gov/articles/PMC11178878/
test	PRJEB63349	SAMEA113935260	isolation_source	clinical material	Blood	True	categorical_change		41467_2024_49349_MOESM4_ESM.xlsx:SP07051_BL_KP	https://pmc.ncbi.nlm.nih.gov/articles/PMC11178878/
test	PRJEB63349	SAMEA113935261	isolation_source	clinical material	Abscess	True	categorical_change		41467_2024_49349_MOESM4_ESM.xlsx:SP07052_IA_KP	https://pmc.ncbi.nlm.nih.gov/articles/PMC11178878/
test	PRJEB63349	SAMEA113935262	isolation_source	clinical material	Blood	True	categorical_change		41467_2024_49349_MOESM4_ESM.xlsx:SP07055_BL_KP	https://pmc.ncbi.nlm.nih.gov/articles/PMC11178878/
test	PRJEB63349	SAMEA113935263	isolation_source	clinical material	Blood	True	categorical_change		41467_2024_49349_MOESM4_ESM.xlsx:SP07059_BL_KP	https://pmc.ncbi.nlm.nih.gov/articles/PMC11178878/
test	PRJEB63349	SAMEA113935264	isolation_source	clinical material	Bile	True	categorical_change		41467_2024_49349_MOESM4_ESM.xlsx:SP07062_BI_KP	https://pmc.ncbi.nlm.nih.gov/articles/PMC11178878/
test	PRJEB63349	SAMEA113935265	isolation_source	clinical material	Abscess	True	categorical_change		41467_2024_49349_MOESM4_ESM.xlsx:SP07063_IA_KP	https://pmc.ncbi.nlm.nih.gov/articles/PMC11178878/
test	PRJEB63349	SAMEA113935266	isolation_source	clinical material	Blood	True	categorical_change		41467_2024_49349_MOESM4_ESM.xlsx:SP07065_BL_KP	https://pmc.ncbi.nlm.nih.gov/articles/PMC11178878/
test	PRJEB63349	SAMEA113935267	isolation_source	clinical material	Other	True	categorical_change		41467_2024_49349_MOESM4_ESM.xlsx:SP07xxx	https://pmc.ncbi.nlm.nih.gov/articles/PMC11178878/
test	PRJEB63349	SAMEA113935268	isolation_source	clinical material	Blood	True	categorical_change		41467_2024_49349_MOESM4_ESM.xlsx:TU47007_BL_KP	https://pmc.ncbi.nlm.nih.gov/articles/PMC11178878/
test	PRJEB63349	SAMEA113935269	isolation_source	clinical material	Urine	True	categorical_change		41467_2024_49349_MOESM4_ESM.xlsx:TU47012_UR_KP	https://pmc.ncbi.nlm.nih.gov/articles/PMC11178878/
test	PRJEB63349	SAMEA113935270	isolation_source	clinical material	Abscess	True	categorical_change		41467_2024_49349_MOESM4_ESM.xlsx:TU47016_IA_KP	https://pmc.ncbi.nlm.nih.gov/articles/PMC11178878/
test	PRJEB63349	SAMEA113935271	isolation_source	clinical material	Tracheal aspirate	True	categorical_change		41467_2024_49349_MOESM4_ESM.xlsx:TU48007_TR_KP	https://pmc.ncbi.nlm.nih.gov/articles/PMC11178878/
test	PRJEB63349	SAMEA113935272	isolation_source	clinical material	Urine	True	categorical_change		41467_2024_49349_MOESM4_ESM.xlsx:TU48008_UR_KP	https://pmc.ncbi.nlm.nih.gov/articles/PMC11178878/
test	PRJEB63349	SAMEA113935273	isolation_source	clinical material	Tracheal aspirate	True	categorical_change		41467_2024_49349_MOESM4_ESM.xlsx:TU48009_TR_KP	https://pmc.ncbi.nlm.nih.gov/articles/PMC11178878/
test	PRJEB63349	SAMEA113935274	isolation_source	clinical material	Blood	True	categorical_change		41467_2024_49349_MOESM4_ESM.xlsx:TU48010_BL_KP	https://pmc.ncbi.nlm.nih.gov/articles/PMC11178878/
test	PRJEB63349	SAMEA113935275	isolation_source	clinical material	Tracheal aspirate	True	categorical_change		41467_2024_49349_MOESM4_ESM.xlsx:TU48011_TR_KP	https://pmc.ncbi.nlm.nih.gov/articles/PMC11178878/
test	PRJEB63349	SAMEA113935276	isolation_source	clinical material	Tracheal aspirate	True	categorical_change		41467_2024_49349_MOESM4_ESM.xlsx:TU48012_BRU_KP	https://pmc.ncbi.nlm.nih.gov/articles/PMC11178878/
test	PRJEB63349	SAMEA113935277	isolation_source	clinical material	Blood	True	categorical_change		41467_2024_49349_MOESM4_ESM.xlsx:TU48013_BL_KP	https://pmc.ncbi.nlm.nih.gov/articles/PMC11178878/
test	PRJEB63349	SAMEA113935278	isolation_source	clinical material	Blood	True	categorical_change		41467_2024_49349_MOESM4_ESM.xlsx:TU48014_BL_KP	https://pmc.ncbi.nlm.nih.gov/articles/PMC11178878/
test	PRJEB63349	SAMEA113935279	isolation_source	clinical material	Blood	True	categorical_change		41467_2024_49349_MOESM4_ESM.xlsx:TU48015_BL_KP	https://pmc.ncbi.nlm.nih.gov/articles/PMC11178878/
test	PRJEB63349	SAMEA113935280	isolation_source	clinical material	Urine	True	categorical_change		41467_2024_49349_MOESM4_ESM.xlsx:TU48017_UR_KP	https://pmc.ncbi.nlm.nih.gov/articles/PMC11178878/
test	PRJEB63349	SAMEA113935281	isolation_source	clinical material	Tracheal aspirate	True	categorical_change		41467_2024_49349_MOESM4_ESM.xlsx:TU48018_TR_KP	https://pmc.ncbi.nlm.nih.gov/articles/PMC11178878/
test	PRJEB63349	SAMEA113935282	isolation_source	clinical material	Sputum	True	categorical_change		41467_2024_49349_MOESM4_ESM.xlsx:TU48019_SP_KP	https://pmc.ncbi.nlm.nih.gov/articles/PMC11178878/
test	PRJEB63349	SAMEA113935283	isolation_source	clinical material	Tracheal aspirate	True	categorical_change		41467_2024_49349_MOESM4_ESM.xlsx:TU48020_TR_KP	https://pmc.ncbi.nlm.nih.gov/articles/PMC11178878/
test	PRJEB63349	SAMEA113935284	isolation_source	clinical material	Blood	True	categorical_change		41467_2024_49349_MOESM4_ESM.xlsx:TU48021_BL_KP	https://pmc.ncbi.nlm.nih.gov/articles/PMC11178878/
test	PRJEB63349	SAMEA113935285	isolation_source	clinical material	Blood	True	categorical_change		41467_2024_49349_MOESM4_ESM.xlsx:TU48022_BL_KP	https://pmc.ncbi.nlm.nih.gov/articles/PMC11178878/
test	PRJEB63349	SAMEA113935286	isolation_source	clinical material	Blood	True	categorical_change		41467_2024_49349_MOESM4_ESM.xlsx:TU48023_BL_KP	https://pmc.ncbi.nlm.nih.gov/articles/PMC11178878/
test	PRJEB63349	SAMEA113935287	isolation_source	clinical material	Blood	True	categorical_change		41467_2024_49349_MOESM4_ESM.xlsx:TU48024_BL_KP	https://pmc.ncbi.nlm.nih.gov/articles/PMC11178878/
test	PRJEB63349	SAMEA113935288	isolation_source	clinical material	Blood	True	categorical_change		41467_2024_49349_MOESM4_ESM.xlsx:TU48025_BL_KP	https://pmc.ncbi.nlm.nih.gov/articles/PMC11178878/
test	PRJEB63349	SAMEA113935289	isolation_source	clinical material	Urine	True	categorical_change		41467_2024_49349_MOESM4_ESM.xlsx:TU48054_UR_KP	https://pmc.ncbi.nlm.nih.gov/articles/PMC11178878/
test	PRJEB63349	SAMEA113935290	isolation_source	clinical material	Blood	True	categorical_change		41467_2024_49349_MOESM4_ESM.xlsx:TU48055_BL_KP	https://pmc.ncbi.nlm.nih.gov/articles/PMC11178878/
test	PRJEB63349	SAMEA113935291	isolation_source	clinical material	Blood	True	categorical_change		41467_2024_49349_MOESM4_ESM.xlsx:TU48065_BL_KP	https://pmc.ncbi.nlm.nih.gov/articles/PMC11178878/
test	PRJEB63349	SAMEA113935292	isolation_source	clinical material	Tracheal aspirate	True	categorical_change		41467_2024_49349_MOESM4_ESM.xlsx:TU48066_TR_KP	https://pmc.ncbi.nlm.nih.gov/articles/PMC11178878/
test	PRJEB63349	SAMEA113935293	isolation_source	clinical material	Blood	True	categorical_change		41467_2024_49349_MOESM4_ESM.xlsx:TU48067_BL_KP	https://pmc.ncbi.nlm.nih.gov/articles/PMC11178878/
test	PRJEB63349	SAMEA113935294	isolation_source	clinical material	Blood	True	categorical_change		41467_2024_49349_MOESM4_ESM.xlsx:TU48068_BL_KP	https://pmc.ncbi.nlm.nih.gov/articles/PMC11178878/
test	PRJEB63349	SAMEA113935295	isolation_source	clinical material	Blood	True	categorical_change		41467_2024_49349_MOESM4_ESM.xlsx:TU48086_BL_KP	https://pmc.ncbi.nlm.nih.gov/articles/PMC11178878/
test	PRJEB63349	SAMEA113935296	isolation_source	clinical material	Tracheal aspirate	True	categorical_change		41467_2024_49349_MOESM4_ESM.xlsx:TU48087_TR_KP	https://pmc.ncbi.nlm.nih.gov/articles/PMC11178878/
test	PRJEB63349	SAMEA113935297	isolation_source	clinical material	Urine	True	categorical_change		41467_2024_49349_MOESM4_ESM.xlsx:TU49005_UR_KP	https://pmc.ncbi.nlm.nih.gov/articles/PMC11178878/
test	PRJEB63349	SAMEA113935298	isolation_source	clinical material	Urine	True	categorical_change		41467_2024_49349_MOESM4_ESM.xlsx:TU49008_UR_KP	https://pmc.ncbi.nlm.nih.gov/articles/PMC11178878/
test	PRJEB63349	SAMEA113935299	isolation_source	clinical material	Blood	True	categorical_change		41467_2024_49349_MOESM4_ESM.xlsx:TU50001_BL_KP	https://pmc.ncbi.nlm.nih.gov/articles/PMC11178878/
test	PRJEB63349	SAMEA113935300	isolation_source	clinical material	Tracheal aspirate	True	categorical_change		41467_2024_49349_MOESM4_ESM.xlsx:TU50006_TR_KP	https://pmc.ncbi.nlm.nih.gov/articles/PMC11178878/
test	PRJEB63349	SAMEA113935301	isolation_source	clinical material	Blood	True	categorical_change		41467_2024_49349_MOESM4_ESM.xlsx:TU50020_BL_KP	https://pmc.ncbi.nlm.nih.gov/articles/PMC11178878/
test	PRJEB63349	SAMEA113935302	isolation_source	clinical material	Tracheal aspirate	True	categorical_change		41467_2024_49349_MOESM4_ESM.xlsx:TU50020_TR_KP	https://pmc.ncbi.nlm.nih.gov/articles/PMC11178878/
test	PRJEB63349	SAMEA113935303	isolation_source	clinical material	Blood	True	categorical_change		41467_2024_49349_MOESM4_ESM.xlsx:TU50022_BL_KP	https://pmc.ncbi.nlm.nih.gov/articles/PMC11178878/
test	PRJEB63349	SAMEA113935304	isolation_source	clinical material	Bronchoalveolar lavage	True	categorical_change		41467_2024_49349_MOESM4_ESM.xlsx:TU50022_BRO_KP	https://pmc.ncbi.nlm.nih.gov/articles/PMC11178878/
test	PRJEB63349	SAMEA113935305	isolation_source	clinical material	Blood	True	categorical_change		41467_2024_49349_MOESM4_ESM.xlsx:TU50062_BL_KP	https://pmc.ncbi.nlm.nih.gov/articles/PMC11178878/
test	PRJEB63349	SAMEA113935306	isolation_source	clinical material	Blood	True	categorical_change		41467_2024_49349_MOESM4_ESM.xlsx:TU50068_BL_KP	https://pmc.ncbi.nlm.nih.gov/articles/PMC11178878/
test	PRJEB63349	SAMEA113935307	isolation_source	clinical material	Tracheal aspirate	True	categorical_change		41467_2024_49349_MOESM4_ESM.xlsx:TU50082_TR_KP	https://pmc.ncbi.nlm.nih.gov/articles/PMC11178878/
test	PRJEB63349	SAMEA113935308	isolation_source	clinical material	Blood	True	categorical_change		41467_2024_49349_MOESM4_ESM.xlsx:TU50083_BL_KP	https://pmc.ncbi.nlm.nih.gov/articles/PMC11178878/
test	PRJEB63349	SAMEA113935309	isolation_source	clinical material	Urine	True	categorical_change		41467_2024_49349_MOESM4_ESM.xlsx:TU50086_UR_KP	https://pmc.ncbi.nlm.nih.gov/articles/PMC11178878/
test	PRJEB63349	SAMEA113935310	isolation_source	clinical material	Blood	True	categorical_change		41467_2024_49349_MOESM4_ESM.xlsx:TU50097_BL_KP	https://pmc.ncbi.nlm.nih.gov/articles/PMC11178878/
test	PRJEB63349	SAMEA113935311	isolation_source	clinical material	Blood	True	categorical_change		41467_2024_49349_MOESM4_ESM.xlsx:TU50100_BL_KP	https://pmc.ncbi.nlm.nih.gov/articles/PMC11178878/
test	PRJEB63349	SAMEA113935312	isolation_source	clinical material	Blood	True	categorical_change		41467_2024_49349_MOESM4_ESM.xlsx:TU50110_BL_KP	https://pmc.ncbi.nlm.nih.gov/articles/PMC11178878/
test	PRJEB63349	SAMEA113935313	isolation_source	clinical material	Blood	True	categorical_change		41467_2024_49349_MOESM4_ESM.xlsx:TU50113_BL_KP	https://pmc.ncbi.nlm.nih.gov/articles/PMC11178878/
test	PRJEB63349	SAMEA113935314	isolation_source	clinical material	Blood	True	categorical_change		41467_2024_49349_MOESM4_ESM.xlsx:TU50118_BL_KP	https://pmc.ncbi.nlm.nih.gov/articles/PMC11178878/
test	PRJEB63349	SAMEA113935315	isolation_source	clinical material	Blood	True	categorical_change		41467_2024_49349_MOESM4_ESM.xlsx:TU50122_BL_KP	https://pmc.ncbi.nlm.nih.gov/articles/PMC11178878/
test	PRJEB63349	SAMEA113935316	isolation_source	clinical material	Urine	True	categorical_change		41467_2024_49349_MOESM4_ESM.xlsx:TU50125_UR_KP	https://pmc.ncbi.nlm.nih.gov/articles/PMC11178878/
test	PRJNA839691	SAMN28546251	isolation_source	urine	Urine	False	no_change	no_change	msystems.00799-22-s0002.xlsx:SRR19309962	https://pmc.ncbi.nlm.nih.gov/articles/PMC9764986/
test	PRJNA839691	SAMN28546252	isolation_source	urine	Urine	False	no_change	no_change	msystems.00799-22-s0002.xlsx:SRR19309961	https://pmc.ncbi.nlm.nih.gov/articles/PMC9764986/
test	PRJNA839691	SAMN28546253	isolation_source	secretion	Secretion	False	no_change	no_change	msystems.00799-22-s0002.xlsx:SRR19309890	https://pmc.ncbi.nlm.nih.gov/articles/PMC9764986/
test	PRJNA839691	SAMN28546254	isolation_source	sputum	Sputum	False	no_change	no_change	msystems.00799-22-s0002.xlsx:SRR19309879	https://pmc.ncbi.nlm.nih.gov/articles/PMC9764986/
test	PRJNA839691	SAMN28546255	isolation_source	rectal swab	Rectal swab	False	no_change	no_change	msystems.00799-22-s0002.xlsx:SRR19309868	https://pmc.ncbi.nlm.nih.gov/articles/PMC9764986/
test	PRJNA839691	SAMN28546258	isolation_source	rectal swab	Rectal swab	False	no_change	no_change	msystems.00799-22-s0002.xlsx:SRR19309835	https://pmc.ncbi.nlm.nih.gov/articles/PMC9764986/
test	PRJNA839691	SAMN28546259	isolation_source	rectal swab	Rectal swab	False	no_change	no_change	msystems.00799-22-s0002.xlsx:SRR19309824	https://pmc.ncbi.nlm.nih.gov/articles/PMC9764986/
test	PRJNA839691	SAMN28546260	isolation_source	rectal swab	Rectal swab	False	no_change	no_change	msystems.00799-22-s0002.xlsx:SRR19309923	https://pmc.ncbi.nlm.nih.gov/articles/PMC9764986/
test	PRJNA839691	SAMN28546261	isolation_source	rectal swab	Rectal swab	False	no_change	no_change	msystems.00799-22-s0002.xlsx:SRR19309960	https://pmc.ncbi.nlm.nih.gov/articles/PMC9764986/
test	PRJNA839691	SAMN28546262	isolation_source	rectal swab	Rectal swab	False	no_change	no_change	msystems.00799-22-s0002.xlsx:SRR19309949	https://pmc.ncbi.nlm.nih.gov/articles/PMC9764986/
test	PRJNA839691	SAMN28546263	isolation_source	rectal swab	Rectal swab	False	no_change	no_change	msystems.00799-22-s0002.xlsx:SRR19309938	https://pmc.ncbi.nlm.nih.gov/articles/PMC9764986/
test	PRJNA839691	SAMN28546264	isolation_source	rectal swab	Rectal swab	False	no_change	no_change	msystems.00799-22-s0002.xlsx:SRR19309927	https://pmc.ncbi.nlm.nih.gov/articles/PMC9764986/
test	PRJNA839691	SAMN28546265	isolation_source	rectal swab	Rectal swab	False	no_change	no_change	msystems.00799-22-s0002.xlsx:SRR19309902	https://pmc.ncbi.nlm.nih.gov/articles/PMC9764986/
test	PRJNA839691	SAMN28546266	isolation_source	rectal swab	Rectal swab	False	no_change	no_change	msystems.00799-22-s0002.xlsx:SRR19309895	https://pmc.ncbi.nlm.nih.gov/articles/PMC9764986/
test	PRJNA839691	SAMN28546267	isolation_source	rectal swab	Rectal swab	False	no_change	no_change	msystems.00799-22-s0002.xlsx:SRR19309894	https://pmc.ncbi.nlm.nih.gov/articles/PMC9764986/
test	PRJNA839691	SAMN28546268	isolation_source	rectal swab	Rectal swab	False	no_change	no_change	msystems.00799-22-s0002.xlsx:SRR19309893	https://pmc.ncbi.nlm.nih.gov/articles/PMC9764986/
test	PRJNA839691	SAMN28546269	isolation_source	rectal swab	Rectal swab	False	no_change	no_change	msystems.00799-22-s0002.xlsx:SRR19309892	https://pmc.ncbi.nlm.nih.gov/articles/PMC9764986/
test	PRJNA839691	SAMN28546270	isolation_source	rectal swab	Rectal swab	False	no_change	no_change	msystems.00799-22-s0002.xlsx:SRR19309891	https://pmc.ncbi.nlm.nih.gov/articles/PMC9764986/
test	PRJNA839691	SAMN28546271	isolation_source	rectal swab	Rectal swab	False	no_change	no_change	msystems.00799-22-s0002.xlsx:SRR19309889	https://pmc.ncbi.nlm.nih.gov/articles/PMC9764986/
test	PRJNA839691	SAMN28546272	isolation_source	rectal swab	Rectal swab	False	no_change	no_change	msystems.00799-22-s0002.xlsx:SRR19309888	https://pmc.ncbi.nlm.nih.gov/articles/PMC9764986/
test	PRJNA839691	SAMN28546273	isolation_source	rectal swab	Rectal swab	False	no_change	no_change	msystems.00799-22-s0002.xlsx:SRR19309887	https://pmc.ncbi.nlm.nih.gov/articles/PMC9764986/
test	PRJNA839691	SAMN28546274	isolation_source	rectal swab	Rectal swab	False	no_change	no_change	msystems.00799-22-s0002.xlsx:SRR19309886	https://pmc.ncbi.nlm.nih.gov/articles/PMC9764986/
test	PRJNA839691	SAMN28546275	isolation_source	rectal swab	Rectal swab	False	no_change	no_change	msystems.00799-22-s0002.xlsx:SRR19309885	https://pmc.ncbi.nlm.nih.gov/articles/PMC9764986/
test	PRJNA839691	SAMN28546276	isolation_source	rectal swab	Rectal swab	False	no_change	no_change	msystems.00799-22-s0002.xlsx:SRR19309884	https://pmc.ncbi.nlm.nih.gov/articles/PMC9764986/
test	PRJNA839691	SAMN28546277	isolation_source	rectal swab	Rectal swab	False	no_change	no_change	msystems.00799-22-s0002.xlsx:SRR19309883	https://pmc.ncbi.nlm.nih.gov/articles/PMC9764986/
test	PRJNA839691	SAMN28546278	isolation_source	stool	Stool	False	no_change	no_change	msystems.00799-22-s0002.xlsx:SRR19309882	https://pmc.ncbi.nlm.nih.gov/articles/PMC9764986/
test	PRJNA839691	SAMN28546279	isolation_source	rectal swab	Rectal swab	False	no_change	no_change	msystems.00799-22-s0002.xlsx:SRR19309881	https://pmc.ncbi.nlm.nih.gov/articles/PMC9764986/
test	PRJNA839691	SAMN28546280	isolation_source	stool	Stool	False	no_change	no_change	msystems.00799-22-s0002.xlsx:SRR19309880	https://pmc.ncbi.nlm.nih.gov/articles/PMC9764986/
test	PRJNA839691	SAMN28546281	isolation_source	stool	Stool	False	no_change	no_change	msystems.00799-22-s0002.xlsx:SRR19309878	https://pmc.ncbi.nlm.nih.gov/articles/PMC9764986/
test	PRJNA839691	SAMN28546282	isolation_source	rectal swab	Rectal swab	False	no_change	no_change	msystems.00799-22-s0002.xlsx:SRR19309877	https://pmc.ncbi.nlm.nih.gov/articles/PMC9764986/
test	PRJNA839691	SAMN28546283	isolation_source	rectal swab	Rectal swab	False	no_change	no_change	msystems.00799-22-s0002.xlsx:SRR19309876	https://pmc.ncbi.nlm.nih.gov/articles/PMC9764986/
test	PRJNA839691	SAMN28546284	isolation_source	rectal swab	Rectal swab	False	no_change	no_change	msystems.00799-22-s0002.xlsx:SRR19309875	https://pmc.ncbi.nlm.nih.gov/articles/PMC9764986/
test	PRJNA839691	SAMN28546285	isolation_source	rectal swab	Rectal swab	False	no_change	no_change	msystems.00799-22-s0002.xlsx:SRR19309874	https://pmc.ncbi.nlm.nih.gov/articles/PMC9764986/
test	PRJNA839691	SAMN28546287	isolation_source	rectal swab	Rectal swab	False	no_change	no_change	msystems.00799-22-s0002.xlsx:SRR19309872	https://pmc.ncbi.nlm.nih.gov/articles/PMC9764986/
test	PRJNA839691	SAMN28546288	isolation_source	rectal swab	Rectal swab	False	no_change	no_change	msystems.00799-22-s0002.xlsx:SRR19309871	https://pmc.ncbi.nlm.nih.gov/articles/PMC9764986/
test	PRJNA839691	SAMN28546289	isolation_source	rectal swab	Rectal swab	False	no_change	no_change	msystems.00799-22-s0002.xlsx:SRR19309870	https://pmc.ncbi.nlm.nih.gov/articles/PMC9764986/
test	PRJNA839691	SAMN28546290	isolation_source	rectal swab	Rectal swab	False	no_change	no_change	msystems.00799-22-s0002.xlsx:SRR19309869	https://pmc.ncbi.nlm.nih.gov/articles/PMC9764986/
test	PRJNA839691	SAMN28546291	isolation_source	rectal swab	Rectal swab	False	no_change	no_change	msystems.00799-22-s0002.xlsx:SRR19309867	https://pmc.ncbi.nlm.nih.gov/articles/PMC9764986/
test	PRJNA839691	SAMN28546292	isolation_source	rectal swab	Rectal swab	False	no_change	no_change	msystems.00799-22-s0002.xlsx:SRR19309866	https://pmc.ncbi.nlm.nih.gov/articles/PMC9764986/
test	PRJNA839691	SAMN28546293	isolation_source	rectal swab	Rectal swab	False	no_change	no_change	msystems.00799-22-s0002.xlsx:SRR19309865	https://pmc.ncbi.nlm.nih.gov/articles/PMC9764986/
test	PRJNA839691	SAMN28546294	isolation_source	sputum	Sputum	False	no_change	no_change	msystems.00799-22-s0002.xlsx:SRR19309864	https://pmc.ncbi.nlm.nih.gov/articles/PMC9764986/
test	PRJNA839691	SAMN28546295	isolation_source	sputum	Sputum	False	no_change	no_change	msystems.00799-22-s0002.xlsx:SRR19309863	https://pmc.ncbi.nlm.nih.gov/articles/PMC9764986/
test	PRJNA839691	SAMN28546296	isolation_source	secretion	Secretion	False	no_change	no_change	msystems.00799-22-s0002.xlsx:SRR19309862	https://pmc.ncbi.nlm.nih.gov/articles/PMC9764986/
test	PRJNA839691	SAMN28546297	isolation_source	surface	Hanging tower	True	categorical_change		msystems.00799-22-s0002.xlsx:SRR19309861	https://pmc.ncbi.nlm.nih.gov/articles/PMC9764986/
test	PRJNA839691	SAMN28546298	isolation_source	surface	Handwashing sink: the top surfaces and the entire internal surfaces of the bowl	True	categorical_change		msystems.00799-22-s0002.xlsx:SRR19309860	https://pmc.ncbi.nlm.nih.gov/articles/PMC9764986/
test	PRJNA839691	SAMN28546299	isolation_source	surface	Mouse and keyboard	True	categorical_change		msystems.00799-22-s0002.xlsx:SRR19309859	https://pmc.ncbi.nlm.nih.gov/articles/PMC9764986/
test	PRJNA839691	SAMN28546300	isolation_source	surface	Hanging tower	True	categorical_change		msystems.00799-22-s0002.xlsx:SRR19309858	https://pmc.ncbi.nlm.nih.gov/articles/PMC9764986/
test	PRJNA839691	SAMN28546301	isolation_source	surface	Ventilator	True	categorical_change		msystems.00799-22-s0002.xlsx:SRR19309856	https://pmc.ncbi.nlm.nih.gov/articles/PMC9764986/
test	PRJNA839691	SAMN28546302	isolation_source	surface	Infusion pump	True	categorical_change		msystems.00799-22-s0002.xlsx:SRR19309855	https://pmc.ncbi.nlm.nih.gov/articles/PMC9764986/
test	PRJNA839691	SAMN28546303	isolation_source	surface	Handwashing sink: Internal surface of the drain	True	categorical_change		msystems.00799-22-s0002.xlsx:SRR19309854	https://pmc.ncbi.nlm.nih.gov/articles/PMC9764986/
test	PRJNA839691	SAMN28546304	isolation_source	surface	Handwashing sink: faucet	True	categorical_change		msystems.00799-22-s0002.xlsx:SRR19309853	https://pmc.ncbi.nlm.nih.gov/articles/PMC9764986/
test	PRJNA839691	SAMN28546305	isolation_source	surface	Cardiovascular monitor	True	categorical_change		msystems.00799-22-s0002.xlsx:SRR19309852	https://pmc.ncbi.nlm.nih.gov/articles/PMC9764986/
test	PRJNA839691	SAMN28546306	isolation_source	surface	Ventilator	True	categorical_change		msystems.00799-22-s0002.xlsx:SRR19309851	https://pmc.ncbi.nlm.nih.gov/articles/PMC9764986/
test	PRJNA839691	SAMN28546307	isolation_source	surface	Bed rails at both bedsides	True	categorical_change		msystems.00799-22-s0002.xlsx:SRR19309850	https://pmc.ncbi.nlm.nih.gov/articles/PMC9764986/
test	PRJNA839691	SAMN28546308	isolation_source	surface	Handwashing sink: Internal surface of the drain	True	categorical_change		msystems.00799-22-s0002.xlsx:SRR19309849	https://pmc.ncbi.nlm.nih.gov/articles/PMC9764986/
test	PRJNA839691	SAMN28546309	isolation_source	surface	Mouse and keyboard	True	categorical_change		msystems.00799-22-s0002.xlsx:SRR19309848	https://pmc.ncbi.nlm.nih.gov/articles/PMC9764986/
test	PRJNA839691	SAMN28546310	isolation_source	surface	Ventilator	True	categorical_change		msystems.00799-22-s0002.xlsx:SRR19309847	https://pmc.ncbi.nlm.nih.gov/articles/PMC9764986/
test	PRJNA839691	SAMN28546311	isolation_source	surface	Hanging tower	True	categorical_change		msystems.00799-22-s0002.xlsx:SRR19309845	https://pmc.ncbi.nlm.nih.gov/articles/PMC9764986/
test	PRJNA839691	SAMN28546312	isolation_source	surface	Infusion pump	True	categorical_change		msystems.00799-22-s0002.xlsx:SRR19309844	https://pmc.ncbi.nlm.nih.gov/articles/PMC9764986/
test	PRJNA839691	SAMN28546313	isolation_source	surface	Hanging tower	True	categorical_change		msystems.00799-22-s0002.xlsx:SRR19309843	https://pmc.ncbi.nlm.nih.gov/articles/PMC9764986/
test	PRJNA839691	SAMN28546314	isolation_source	surface	Infusion pump	True	categorical_change		msystems.00799-22-s0002.xlsx:SRR19309842	https://pmc.ncbi.nlm.nih.gov/articles/PMC9764986/
test	PRJNA839691	SAMN28546315	isolation_source	surface	Hanging tower	True	categorical_change		msystems.00799-22-s0002.xlsx:SRR19309841	https://pmc.ncbi.nlm.nih.gov/articles/PMC9764986/
test	PRJNA839691	SAMN28546316	isolation_source	surface	Mouse and keyboard	True	categorical_change		msystems.00799-22-s0002.xlsx:SRR19309840	https://pmc.ncbi.nlm.nih.gov/articles/PMC9764986/
test	PRJNA839691	SAMN28546317	isolation_source	surface	Handwashing sink: Internal surface of the drain	True	categorical_change		msystems.00799-22-s0002.xlsx:SRR19309839	https://pmc.ncbi.nlm.nih.gov/articles/PMC9764986/
test	PRJNA839691	SAMN28546318	isolation_source	surface	Therapeutic/nurse carts	True	categorical_change		msystems.00799-22-s0002.xlsx:SRR19309838	https://pmc.ncbi.nlm.nih.gov/articles/PMC9764986/
test	PRJNA839691	SAMN28546319	isolation_source	surface	Bed rails at both bedsides	True	categorical_change		msystems.00799-22-s0002.xlsx:SRR19309837	https://pmc.ncbi.nlm.nih.gov/articles/PMC9764986/
test	PRJNA839691	SAMN28546320	isolation_source	surface	Therapeutic/nurse carts	True	categorical_change		msystems.00799-22-s0002.xlsx:SRR19309836	https://pmc.ncbi.nlm.nih.gov/articles/PMC9764986/
test	PRJNA839691	SAMN28546321	isolation_source	surface	Stethoscope	True	categorical_change		msystems.00799-22-s0002.xlsx:SRR19309834	https://pmc.ncbi.nlm.nih.gov/articles/PMC9764986/
test	PRJNA839691	SAMN28546322	isolation_source	surface	Mouse and keyboard	True	categorical_change		msystems.00799-22-s0002.xlsx:SRR19309833	https://pmc.ncbi.nlm.nih.gov/articles/PMC9764986/
test	PRJNA839691	SAMN28546323	isolation_source	surface	Hanging tower	True	categorical_change		msystems.00799-22-s0002.xlsx:SRR19309832	https://pmc.ncbi.nlm.nih.gov/articles/PMC9764986/
test	PRJNA839691	SAMN28546324	isolation_source	surface	Light switch	True	categorical_change		msystems.00799-22-s0002.xlsx:SRR19309831	https://pmc.ncbi.nlm.nih.gov/articles/PMC9764986/
test	PRJNA839691	SAMN28546325	isolation_source	surface	Printer	True	categorical_change		msystems.00799-22-s0002.xlsx:SRR19309830	https://pmc.ncbi.nlm.nih.gov/articles/PMC9764986/
test	PRJNA839691	SAMN28546326	isolation_source	surface	Handwashing sink: the top surfaces and the entire internal surfaces of the bowl	True	categorical_change		msystems.00799-22-s0002.xlsx:SRR19309829	https://pmc.ncbi.nlm.nih.gov/articles/PMC9764986/
test	PRJNA839691	SAMN28546327	isolation_source	surface	Handwashing sink: Internal surface of the drain	True	categorical_change		msystems.00799-22-s0002.xlsx:SRR19309828	https://pmc.ncbi.nlm.nih.gov/articles/PMC9764986/
test	PRJNA839691	SAMN28546328	isolation_source	surface	Handwashing sink: the top surfaces and the entire internal surfaces of the bowl	True	categorical_change		msystems.00799-22-s0002.xlsx:SRR19309827	https://pmc.ncbi.nlm.nih.gov/articles/PMC9764986/
test	PRJNA839691	SAMN28546329	isolation_source	surface	Infusion pump	True	categorical_change		msystems.00799-22-s0002.xlsx:SRR19309826	https://pmc.ncbi.nlm.nih.gov/articles/PMC9764986/
test	PRJNA839691	SAMN28546330	isolation_source	surface	Infusion pump	True	categorical_change		msystems.00799-22-s0002.xlsx:SRR19309825	https://pmc.ncbi.nlm.nih.gov/articles/PMC9764986/
test	PRJNA839691	SAMN28546331	isolation_source	surface	Bed rails at both bedsides	True	categorical_change		msystems.00799-22-s0002.xlsx:SRR19309823	https://pmc.ncbi.nlm.nih.gov/articles/PMC9764986/
test	PRJNA839691	SAMN28546332	isolation_source	surface	Light switch	True	categorical_change		msystems.00799-22-s0002.xlsx:SRR19309822	https://pmc.ncbi.nlm.nih.gov/articles/PMC9764986/
test	PRJNA839691	SAMN28546333	isolation_source	surface	Handwashing sink: faucet	True	categorical_change		msystems.00799-22-s0002.xlsx:SRR19309821	https://pmc.ncbi.nlm.nih.gov/articles/PMC9764986/
test	PRJNA839691	SAMN28546334	isolation_source	surface	Handwashing sink: Internal surface of the drain	True	categorical_change		msystems.00799-22-s0002.xlsx:SRR19309820	https://pmc.ncbi.nlm.nih.gov/articles/PMC9764986/
test	PRJNA839691	SAMN28546335	isolation_source	surface	Top of the preparation table	True	categorical_change		msystems.00799-22-s0002.xlsx:SRR19309819	https://pmc.ncbi.nlm.nih.gov/articles/PMC9764986/
test	PRJNA839691	SAMN28546336	isolation_source	surface	Handwashing sink: the top surfaces and the entire internal surfaces of the bowl	True	categorical_change		msystems.00799-22-s0002.xlsx:SRR19309818	https://pmc.ncbi.nlm.nih.gov/articles/PMC9764986/
test	PRJNA839691	SAMN28546337	isolation_source	surface	Handwashing sink: Internal surface of the overflow	True	categorical_change		msystems.00799-22-s0002.xlsx:SRR19309817	https://pmc.ncbi.nlm.nih.gov/articles/PMC9764986/
test	PRJNA839691	SAMN28546338	isolation_source	surface	Bed rails at both bedsides	True	categorical_change		msystems.00799-22-s0002.xlsx:SRR19309926	https://pmc.ncbi.nlm.nih.gov/articles/PMC9764986/
test	PRJNA839691	SAMN28546339	isolation_source	surface	Infusion pump	True	categorical_change		msystems.00799-22-s0002.xlsx:SRR19309925	https://pmc.ncbi.nlm.nih.gov/articles/PMC9764986/
test	PRJNA839691	SAMN28546340	isolation_source	surface	Mouse and keyboard	True	categorical_change		msystems.00799-22-s0002.xlsx:SRR19309924	https://pmc.ncbi.nlm.nih.gov/articles/PMC9764986/
test	PRJNA839691	SAMN28546341	isolation_source	surface	Hanging tower	True	categorical_change		msystems.00799-22-s0002.xlsx:SRR19309922	https://pmc.ncbi.nlm.nih.gov/articles/PMC9764986/
test	PRJNA839691	SAMN28546342	isolation_source	surface	Bed rails at both bedsides	True	categorical_change		msystems.00799-22-s0002.xlsx:SRR19309921	https://pmc.ncbi.nlm.nih.gov/articles/PMC9764986/
test	PRJNA839691	SAMN28546343	isolation_source	surface	Ventilator	True	categorical_change		msystems.00799-22-s0002.xlsx:SRR19309920	https://pmc.ncbi.nlm.nih.gov/articles/PMC9764986/
test	PRJNA839691	SAMN28546344	isolation_source	surface	Cardiovascular monitor	True	categorical_change		msystems.00799-22-s0002.xlsx:SRR19309919	https://pmc.ncbi.nlm.nih.gov/articles/PMC9764986/
test	PRJNA839691	SAMN28546345	isolation_source	surface	Hanging tower	True	categorical_change		msystems.00799-22-s0002.xlsx:SRR19309918	https://pmc.ncbi.nlm.nih.gov/articles/PMC9764986/
test	PRJNA839691	SAMN28546346	isolation_source	surface	Cardiovascular monitor	True	categorical_change		msystems.00799-22-s0002.xlsx:SRR19309917	https://pmc.ncbi.nlm.nih.gov/articles/PMC9764986/
test	PRJNA839691	SAMN28546347	isolation_source	surface	Ventilator	True	categorical_change		msystems.00799-22-s0002.xlsx:SRR19309916	https://pmc.ncbi.nlm.nih.gov/articles/PMC9764986/
test	PRJNA839691	SAMN28546348	isolation_source	surface	Stethoscope	True	categorical_change		msystems.00799-22-s0002.xlsx:SRR19309915	https://pmc.ncbi.nlm.nih.gov/articles/PMC9764986/
test	PRJNA839691	SAMN28546349	isolation_source	surface	Bed rails at both bedsides	True	categorical_change		msystems.00799-22-s0002.xlsx:SRR19309914	https://pmc.ncbi.nlm.nih.gov/articles/PMC9764986/
test	PRJNA839691	SAMN28546350	isolation_source	surface	Bed rails at both bedsides	True	categorical_change		msystems.00799-22-s0002.xlsx:SRR19309913	https://pmc.ncbi.nlm.nih.gov/articles/PMC9764986/
test	PRJNA839691	SAMN28546351	isolation_source	surface	Light switch	True	categorical_change		msystems.00799-22-s0002.xlsx:SRR19309959	https://pmc.ncbi.nlm.nih.gov/articles/PMC9764986/
test	PRJNA839691	SAMN28546352	isolation_source	surface	Handwashing sink: faucet	True	categorical_change		msystems.00799-22-s0002.xlsx:SRR19309958	https://pmc.ncbi.nlm.nih.gov/articles/PMC9764986/
test	PRJNA839691	SAMN28546353	isolation_source	surface	Mouse and keyboard	True	categorical_change		msystems.00799-22-s0002.xlsx:SRR19309957	https://pmc.ncbi.nlm.nih.gov/articles/PMC9764986/
test	PRJNA839691	SAMN28546354	isolation_source	surface	Handwashing sink: faucet	True	categorical_change		msystems.00799-22-s0002.xlsx:SRR19309956	https://pmc.ncbi.nlm.nih.gov/articles/PMC9764986/
test	PRJNA839691	SAMN28546355	isolation_source	surface	Handwashing sink: Internal surface of the drain	True	categorical_change		msystems.00799-22-s0002.xlsx:SRR19309955	https://pmc.ncbi.nlm.nih.gov/articles/PMC9764986/
test	PRJNA839691	SAMN28546356	isolation_source	surface	Handwashing sink: Internal surface of the drain	True	categorical_change		msystems.00799-22-s0002.xlsx:SRR19309954	https://pmc.ncbi.nlm.nih.gov/articles/PMC9764986/
test	PRJNA839691	SAMN28546357	isolation_source	surface	Handwashing sink: the top surfaces and the entire internal surfaces of the bowl	True	categorical_change		msystems.00799-22-s0002.xlsx:SRR19309953	https://pmc.ncbi.nlm.nih.gov/articles/PMC9764986/
test	PRJNA839691	SAMN28546358	isolation_source	surface	Bed rails at both bedsides	True	categorical_change		msystems.00799-22-s0002.xlsx:SRR19309952	https://pmc.ncbi.nlm.nih.gov/articles/PMC9764986/
test	PRJNA839691	SAMN28546359	isolation_source	surface	Handwashing sink: Internal surface of the drain	True	categorical_change		msystems.00799-22-s0002.xlsx:SRR19309951	https://pmc.ncbi.nlm.nih.gov/articles/PMC9764986/
test	PRJNA839691	SAMN28546360	isolation_source	surface	Stethoscope	True	categorical_change		msystems.00799-22-s0002.xlsx:SRR19309950	https://pmc.ncbi.nlm.nih.gov/articles/PMC9764986/
test	PRJNA839691	SAMN28546361	isolation_source	surface	Printer	True	categorical_change		msystems.00799-22-s0002.xlsx:SRR19309948	https://pmc.ncbi.nlm.nih.gov/articles/PMC9764986/
test	PRJNA839691	SAMN28546362	isolation_source	surface	Ventilator	True	categorical_change		msystems.00799-22-s0002.xlsx:SRR19309947	https://pmc.ncbi.nlm.nih.gov/articles/PMC9764986/
test	PRJNA839691	SAMN28546363	isolation_source	surface	Ventilator	True	categorical_change		msystems.00799-22-s0002.xlsx:SRR19309946	https://pmc.ncbi.nlm.nih.gov/articles/PMC9764986/
test	PRJNA839691	SAMN28546364	isolation_source	surface	Stethoscope	True	categorical_change		msystems.00799-22-s0002.xlsx:SRR19309945	https://pmc.ncbi.nlm.nih.gov/articles/PMC9764986/
test	PRJNA839691	SAMN28546365	isolation_source	surface	Handwashing sink: Internal surface of the drain	True	categorical_change		msystems.00799-22-s0002.xlsx:SRR19309944	https://pmc.ncbi.nlm.nih.gov/articles/PMC9764986/
test	PRJNA839691	SAMN28546366	isolation_source	surface	Hanging tower	True	categorical_change		msystems.00799-22-s0002.xlsx:SRR19309943	https://pmc.ncbi.nlm.nih.gov/articles/PMC9764986/
test	PRJNA839691	SAMN28546367	isolation_source	surface	Hanging tower	True	categorical_change		msystems.00799-22-s0002.xlsx:SRR19309942	https://pmc.ncbi.nlm.nih.gov/articles/PMC9764986/
test	PRJNA839691	SAMN28546368	isolation_source	surface	Stethoscope	True	categorical_change		msystems.00799-22-s0002.xlsx:SRR19309941	https://pmc.ncbi.nlm.nih.gov/articles/PMC9764986/
test	PRJNA839691	SAMN28546369	isolation_source	surface	Mouse and keyboard	True	categorical_change		msystems.00799-22-s0002.xlsx:SRR19309940	https://pmc.ncbi.nlm.nih.gov/articles/PMC9764986/
test	PRJNA839691	SAMN28546370	isolation_source	surface	Handwashing sink: the top surfaces and the entire internal surfaces of the bowl	True	categorical_change		msystems.00799-22-s0002.xlsx:SRR19309939	https://pmc.ncbi.nlm.nih.gov/articles/PMC9764986/
test	PRJNA839691	SAMN28546371	isolation_source	surface	Storage rack	True	categorical_change		msystems.00799-22-s0002.xlsx:SRR19309937	https://pmc.ncbi.nlm.nih.gov/articles/PMC9764986/
test	PRJNA839691	SAMN28546372	isolation_source	sputum	Sputum	False	no_change	no_change	msystems.00799-22-s0002.xlsx:SRR19309936	https://pmc.ncbi.nlm.nih.gov/articles/PMC9764986/
test	PRJNA839691	SAMN28546373	isolation_source	rectal swab	Rectal swab	False	no_change	no_change	msystems.00799-22-s0002.xlsx:SRR19309935	https://pmc.ncbi.nlm.nih.gov/articles/PMC9764986/
test	PRJNA839691	SAMN28546374	isolation_source	surface	Therapeutic/nurse carts	True	categorical_change		msystems.00799-22-s0002.xlsx:SRR19309934	https://pmc.ncbi.nlm.nih.gov/articles/PMC9764986/
test	PRJNA839691	SAMN28546375	isolation_source	surface	Bed rails at both bedsides	True	categorical_change		msystems.00799-22-s0002.xlsx:SRR19309933	https://pmc.ncbi.nlm.nih.gov/articles/PMC9764986/
test	PRJNA839691	SAMN28546376	isolation_source	surface	Bed rails at both bedsides	True	categorical_change		msystems.00799-22-s0002.xlsx:SRR19309932	https://pmc.ncbi.nlm.nih.gov/articles/PMC9764986/
test	PRJNA839691	SAMN28546377	isolation_source	surface	Printer	True	categorical_change		msystems.00799-22-s0002.xlsx:SRR19309931	https://pmc.ncbi.nlm.nih.gov/articles/PMC9764986/
test	PRJNA839691	SAMN28546378	isolation_source	surface	Hanging tower	True	categorical_change		msystems.00799-22-s0002.xlsx:SRR19309930	https://pmc.ncbi.nlm.nih.gov/articles/PMC9764986/
test	PRJNA839691	SAMN28546379	isolation_source	surface	Handwashing sink: Internal surface of the drain	True	categorical_change		msystems.00799-22-s0002.xlsx:SRR19309929	https://pmc.ncbi.nlm.nih.gov/articles/PMC9764986/
test	PRJNA839691	SAMN28546380	isolation_source	surface	Handwashing sink: the top surfaces and the entire internal surfaces of the bowl	True	categorical_change		msystems.00799-22-s0002.xlsx:SRR19309928	https://pmc.ncbi.nlm.nih.gov/articles/PMC9764986/
test	PRJNA839691	SAMN28546381	isolation_source	surface	Hanging tower	True	categorical_change		msystems.00799-22-s0002.xlsx:SRR19309912	https://pmc.ncbi.nlm.nih.gov/articles/PMC9764986/
test	PRJNA839691	SAMN28546382	isolation_source	surface	Therapeutic/nurse carts	True	categorical_change		msystems.00799-22-s0002.xlsx:SRR19309911	https://pmc.ncbi.nlm.nih.gov/articles/PMC9764986/
test	PRJNA839691	SAMN28546383	isolation_source	surface	Infusion pump	True	categorical_change		msystems.00799-22-s0002.xlsx:SRR19309910	https://pmc.ncbi.nlm.nih.gov/articles/PMC9764986/
test	PRJNA839691	SAMN28546384	isolation_source	surface	Hanging tower	True	categorical_change		msystems.00799-22-s0002.xlsx:SRR19309909	https://pmc.ncbi.nlm.nih.gov/articles/PMC9764986/
test	PRJNA839691	SAMN28546385	isolation_source	surface	air pump	True	categorical_change		msystems.00799-22-s0002.xlsx:SRR19309908	https://pmc.ncbi.nlm.nih.gov/articles/PMC9764986/
test	PRJNA839691	SAMN28546386	isolation_source	surface	Hanging tower	True	categorical_change		msystems.00799-22-s0002.xlsx:SRR19309907	https://pmc.ncbi.nlm.nih.gov/articles/PMC9764986/
test	PRJNA839691	SAMN28546387	isolation_source	surface	Handwashing sink: the top surfaces and the entire internal surfaces of the bowl	True	categorical_change		msystems.00799-22-s0002.xlsx:SRR19309906	https://pmc.ncbi.nlm.nih.gov/articles/PMC9764986/
test	PRJNA839691	SAMN28546388	isolation_source	surface	Hanging tower	True	categorical_change		msystems.00799-22-s0002.xlsx:SRR19309905	https://pmc.ncbi.nlm.nih.gov/articles/PMC9764986/
test	PRJNA839691	SAMN28546389	isolation_source	surface	Cardiovascular monitor	True	categorical_change		msystems.00799-22-s0002.xlsx:SRR19309904	https://pmc.ncbi.nlm.nih.gov/articles/PMC9764986/
test	PRJNA839691	SAMN28546390	isolation_source	surface	Infusion pump	True	categorical_change		msystems.00799-22-s0002.xlsx:SRR19309903	https://pmc.ncbi.nlm.nih.gov/articles/PMC9764986/
test	PRJNA839691	SAMN28546391	isolation_source	surface	Stethoscope	True	categorical_change		msystems.00799-22-s0002.xlsx:SRR19309901	https://pmc.ncbi.nlm.nih.gov/articles/PMC9764986/
test	PRJNA839691	SAMN28546392	isolation_source	surface	Hanging tower	True	categorical_change		msystems.00799-22-s0002.xlsx:SRR19309900	https://pmc.ncbi.nlm.nih.gov/articles/PMC9764986/
test	PRJNA839691	SAMN28546393	isolation_source	surface	air pump	True	categorical_change		msystems.00799-22-s0002.xlsx:SRR19309899	https://pmc.ncbi.nlm.nih.gov/articles/PMC9764986/
test	PRJNA839691	SAMN28546394	isolation_source	surface	Bed rails at both bedsides	True	categorical_change		msystems.00799-22-s0002.xlsx:SRR19309898	https://pmc.ncbi.nlm.nih.gov/articles/PMC9764986/
test	PRJNA839691	SAMN28546395	isolation_source	surface	Infusion pump	True	categorical_change		msystems.00799-22-s0002.xlsx:SRR19309897	https://pmc.ncbi.nlm.nih.gov/articles/PMC9764986/
test	PRJNA839691	SAMN28546396	isolation_source	surface	Handwashing sink: Internal surface of the drain	True	categorical_change		msystems.00799-22-s0002.xlsx:SRR19309896	https://pmc.ncbi.nlm.nih.gov/articles/PMC9764986/
tail100	PRJNA675776	SAMN16721895	collection_date	2010	10/08/2010	True	date_same_year_refinement		PRJNA675776.xlsx:25571	https://pmc.ncbi.nlm.nih.gov/articles/PMC9047677/
tail100	PRJNA675776	SAMN16721896	collection_date	2011	27/01/2011	True	date_same_year_refinement		PRJNA675776.xlsx:26425	https://pmc.ncbi.nlm.nih.gov/articles/PMC9047677/
tail100	PRJNA675776	SAMN16721897	collection_date	2011	21/05/2011	True	date_same_year_refinement		PRJNA675776.xlsx:27064	https://pmc.ncbi.nlm.nih.gov/articles/PMC9047677/
tail100	PRJNA675776	SAMN16721898	collection_date	2011	2011-11-09 00:00:00	True	date_same_year_refinement		PRJNA675776.xlsx:29130	https://pmc.ncbi.nlm.nih.gov/articles/PMC9047677/
tail100	PRJNA675776	SAMN16721899	collection_date	2012	2012-03-10 00:00:00	True	date_same_year_refinement		PRJNA675776.xlsx:32558	https://pmc.ncbi.nlm.nih.gov/articles/PMC9047677/
tail100	PRJNA675776	SAMN16721900	collection_date	2012	2012-02-06 00:00:00	True	date_same_year_refinement		PRJNA675776.xlsx:32572	https://pmc.ncbi.nlm.nih.gov/articles/PMC9047677/
tail100	PRJNA675776	SAMN16721901	collection_date	2012	2012-02-16 00:00:00	True	date_same_year_refinement		PRJNA675776.xlsx:32576	https://pmc.ncbi.nlm.nih.gov/articles/PMC9047677/
tail100	PRJNA675776	SAMN16721902	collection_date	2012	2012-08-03 00:00:00	True	date_same_year_refinement		PRJNA675776.xlsx:32803	https://pmc.ncbi.nlm.nih.gov/articles/PMC9047677/
tail100	PRJNA675776	SAMN16721903	collection_date	2012	2012-07-03 00:00:00	True	date_same_year_refinement		PRJNA675776.xlsx:32804	https://pmc.ncbi.nlm.nih.gov/articles/PMC9047677/
tail100	PRJNA675776	SAMN16721904	collection_date	2012	2012-01-27 00:00:00	True	date_same_year_refinement		PRJNA675776.xlsx:33197	https://pmc.ncbi.nlm.nih.gov/articles/PMC9047677/
tail100	PRJNA675776	SAMN16721905	collection_date	2013	2013-01-28 00:00:00	True	date_same_year_refinement		PRJNA675776.xlsx:33741	https://pmc.ncbi.nlm.nih.gov/articles/PMC9047677/
tail100	PRJNA675776	SAMN16721906	collection_date	2012	2012-12-03 00:00:00	True	date_same_year_refinement		PRJNA675776.xlsx:33747	https://pmc.ncbi.nlm.nih.gov/articles/PMC9047677/
tail100	PRJNA675776	SAMN16721907	collection_date	2013	2013-04-19 00:00:00	True	date_same_year_refinement		PRJNA675776.xlsx:34143	https://pmc.ncbi.nlm.nih.gov/articles/PMC9047677/
tail100	PRJNA675776	SAMN16721908	collection_date	2013	2013-10-07 00:00:00	True	date_same_year_refinement		PRJNA675776.xlsx:35812	https://pmc.ncbi.nlm.nih.gov/articles/PMC9047677/
tail100	PRJNA675776	SAMN16721909	collection_date	2013	2013-10-22 00:00:00	True	date_same_year_refinement		PRJNA675776.xlsx:35813	https://pmc.ncbi.nlm.nih.gov/articles/PMC9047677/
tail100	PRJNA675776	SAMN16721910	collection_date	2013	2013-10-02 00:00:00	True	date_same_year_refinement		PRJNA675776.xlsx:35814	https://pmc.ncbi.nlm.nih.gov/articles/PMC9047677/
tail100	PRJNA675776	SAMN16721911	collection_date	2013	2013-11-15 00:00:00	True	date_same_year_refinement		PRJNA675776.xlsx:35815	https://pmc.ncbi.nlm.nih.gov/articles/PMC9047677/
tail100	PRJNA675776	SAMN16721912	collection_date	2013	2013-12-17 00:00:00	True	date_same_year_refinement		PRJNA675776.xlsx:35816	https://pmc.ncbi.nlm.nih.gov/articles/PMC9047677/
tail100	PRJNA675776	SAMN16721913	collection_date	2014	2014-02-14 00:00:00	True	date_same_year_refinement		PRJNA675776.xlsx:36216	https://pmc.ncbi.nlm.nih.gov/articles/PMC9047677/
tail100	PRJNA675776	SAMN16721914	collection_date	2014	2014-02-20 00:00:00	True	date_same_year_refinement		PRJNA675776.xlsx:36558	https://pmc.ncbi.nlm.nih.gov/articles/PMC9047677/
tail100	PRJNA675776	SAMN16721915	collection_date	2014	2014-09-10 00:00:00	True	date_same_year_refinement		PRJNA675776.xlsx:38209	https://pmc.ncbi.nlm.nih.gov/articles/PMC9047677/
tail100	PRJNA675776	SAMN16721916	collection_date	2014	2014-08-11 00:00:00	True	date_same_year_refinement		PRJNA675776.xlsx:38612	https://pmc.ncbi.nlm.nih.gov/articles/PMC9047677/
tail100	PRJNA675776	SAMN16721917	collection_date	2014	2014-12-01 00:00:00	True	date_same_year_refinement		PRJNA675776.xlsx:38974	https://pmc.ncbi.nlm.nih.gov/articles/PMC9047677/
tail100	PRJNA675776	SAMN16721918	collection_date	2014	2014-11-13 00:00:00	True	date_same_year_refinement		PRJNA675776.xlsx:38983	https://pmc.ncbi.nlm.nih.gov/articles/PMC9047677/
tail100	PRJNA675776	SAMN16721919	collection_date	2014	2014-11-13 00:00:00	True	date_same_year_refinement		PRJNA675776.xlsx:38989	https://pmc.ncbi.nlm.nih.gov/articles/PMC9047677/
tail100	PRJNA675776	SAMN16721920	collection_date	2014	2014-12-03 00:00:00	True	date_same_year_refinement		PRJNA675776.xlsx:39000	https://pmc.ncbi.nlm.nih.gov/articles/PMC9047677/
tail100	PRJNA675776	SAMN16721921	collection_date	2015	2015-01-05 00:00:00	True	date_same_year_refinement		PRJNA675776.xlsx:39142	https://pmc.ncbi.nlm.nih.gov/articles/PMC9047677/
tail100	PRJNA675776	SAMN16721922	collection_date	2015	2015-01-05 00:00:00	True	date_same_year_refinement		PRJNA675776.xlsx:39143	https://pmc.ncbi.nlm.nih.gov/articles/PMC9047677/
tail100	PRJNA675776	SAMN16721923	collection_date	2015	2015-01-15 00:00:00	True	date_same_year_refinement		PRJNA675776.xlsx:39145	https://pmc.ncbi.nlm.nih.gov/articles/PMC9047677/
tail100	PRJNA675776	SAMN16721924	collection_date	2014	2014-09-18 00:00:00	True	date_same_year_refinement		PRJNA675776.xlsx:39566	https://pmc.ncbi.nlm.nih.gov/articles/PMC9047677/
tail100	PRJNA675776	SAMN16721925	collection_date	2014	2014-01-30 00:00:00	True	date_same_year_refinement		PRJNA675776.xlsx:40064	https://pmc.ncbi.nlm.nih.gov/articles/PMC9047677/
tail100	PRJNA675776	SAMN16721926	collection_date	2015	2015-04-23 00:00:00	True	date_same_year_refinement		PRJNA675776.xlsx:40294	https://pmc.ncbi.nlm.nih.gov/articles/PMC9047677/
tail100	PRJNA675776	SAMN16721927	collection_date	2015	2015-09-14 00:00:00	True	date_same_year_refinement		PRJNA675776.xlsx:42465	https://pmc.ncbi.nlm.nih.gov/articles/PMC9047677/
tail100	PRJNA675776	SAMN16721928	collection_date	2015	2015-10-26 00:00:00	True	date_same_year_refinement		PRJNA675776.xlsx:42468	https://pmc.ncbi.nlm.nih.gov/articles/PMC9047677/
tail100	PRJNA675776	SAMN16721929	collection_date	2015	2015-09-24 00:00:00	True	date_same_year_refinement		PRJNA675776.xlsx:42470	https://pmc.ncbi.nlm.nih.gov/articles/PMC9047677/
tail100	PRJNA675776	SAMN16721930	collection_date	2015	2015-03-03 00:00:00	True	date_same_year_refinement		PRJNA675776.xlsx:42472	https://pmc.ncbi.nlm.nih.gov/articles/PMC9047677/
tail100	PRJNA675776	SAMN16721931	collection_date	2015	2015-04-10 00:00:00	True	date_same_year_refinement		PRJNA675776.xlsx:42474	https://pmc.ncbi.nlm.nih.gov/articles/PMC9047677/
tail100	PRJNA675776	SAMN16721932	collection_date	2015	2015-01-08 00:00:00	True	date_same_year_refinement		PRJNA675776.xlsx:42475	https://pmc.ncbi.nlm.nih.gov/articles/PMC9047677/
tail100	PRJNA675776	SAMN16721933	collection_date	2015	2015-07-21 00:00:00	True	date_same_year_refinement		PRJNA675776.xlsx:42477	https://pmc.ncbi.nlm.nih.gov/articles/PMC9047677/
tail100	PRJNA675776	SAMN16721934	collection_date	2016	2016-01-08 00:00:00	True	date_same_year_refinement		PRJNA675776.xlsx:42485	https://pmc.ncbi.nlm.nih.gov/articles/PMC9047677/
tail100	PRJNA675776	SAMN16721935	collection_date	2015	2015-06-05 00:00:00	True	date_same_year_refinement		PRJNA675776.xlsx:42486	https://pmc.ncbi.nlm.nih.gov/articles/PMC9047677/
tail100	PRJNA675776	SAMN16721936	collection_date	2015	2015-08-13 00:00:00	True	date_same_year_refinement		PRJNA675776.xlsx:42492	https://pmc.ncbi.nlm.nih.gov/articles/PMC9047677/
tail100	PRJNA675776	SAMN16721937	collection_date	2015	2015-05-12 00:00:00	True	date_same_year_refinement		PRJNA675776.xlsx:42982	https://pmc.ncbi.nlm.nih.gov/articles/PMC9047677/
tail100	PRJNA675776	SAMN16721938	collection_date	2016	2016-01-28 00:00:00	True	date_same_year_refinement		PRJNA675776.xlsx:43103	https://pmc.ncbi.nlm.nih.gov/articles/PMC9047677/
tail100	PRJNA675776	SAMN16721939	collection_date	2015	2015-09-11 00:00:00	True	date_same_year_refinement		PRJNA675776.xlsx:43112	https://pmc.ncbi.nlm.nih.gov/articles/PMC9047677/
tail100	PRJNA675776	SAMN16721940	collection_date	2015	2015-11-10 00:00:00	True	date_same_year_refinement		PRJNA675776.xlsx:43924	https://pmc.ncbi.nlm.nih.gov/articles/PMC9047677/
tail100	PRJNA675776	SAMN16721941	collection_date	2016	2016-04-11 00:00:00	True	date_same_year_refinement		PRJNA675776.xlsx:43926	https://pmc.ncbi.nlm.nih.gov/articles/PMC9047677/
tail100	PRJNA675776	SAMN16721942	collection_date	2016	2016-05-19 00:00:00	True	date_same_year_refinement		PRJNA675776.xlsx:43934	https://pmc.ncbi.nlm.nih.gov/articles/PMC9047677/
tail100	PRJNA675776	SAMN16721943	collection_date	2016	2016-05-26 00:00:00	True	date_same_year_refinement		PRJNA675776.xlsx:43935	https://pmc.ncbi.nlm.nih.gov/articles/PMC9047677/
tail100	PRJNA675776	SAMN16721944	collection_date	2016	2016-05-31 00:00:00	True	date_same_year_refinement		PRJNA675776.xlsx:43936	https://pmc.ncbi.nlm.nih.gov/articles/PMC9047677/
tail100	PRJNA675776	SAMN16721945	collection_date	2016	2016-06-23 00:00:00	True	date_same_year_refinement		PRJNA675776.xlsx:45339	https://pmc.ncbi.nlm.nih.gov/articles/PMC9047677/
tail100	PRJNA675776	SAMN16721946	collection_date	2016	2016-10-14 00:00:00	True	date_same_year_refinement		PRJNA675776.xlsx:45340	https://pmc.ncbi.nlm.nih.gov/articles/PMC9047677/
tail100	PRJNA675776	SAMN16721947	collection_date	2016	2016-04-12 00:00:00	True	date_same_year_refinement		PRJNA675776.xlsx:45341	https://pmc.ncbi.nlm.nih.gov/articles/PMC9047677/
tail100	PRJNA675776	SAMN16721948	collection_date	2016	2016-05-09 00:00:00	True	date_same_year_refinement		PRJNA675776.xlsx:45342	https://pmc.ncbi.nlm.nih.gov/articles/PMC9047677/
tail100	PRJNA675776	SAMN16721949	collection_date	2016	2016-06-08 00:00:00	True	date_same_year_refinement		PRJNA675776.xlsx:45343	https://pmc.ncbi.nlm.nih.gov/articles/PMC9047677/
tail100	PRJNA675776	SAMN16721950	collection_date	2016	2016-11-17 00:00:00	True	date_same_year_refinement		PRJNA675776.xlsx:45350	https://pmc.ncbi.nlm.nih.gov/articles/PMC9047677/
tail100	PRJNA675776	SAMN16721951	collection_date	2016	2016-09-15 00:00:00	True	date_same_year_refinement		PRJNA675776.xlsx:45351	https://pmc.ncbi.nlm.nih.gov/articles/PMC9047677/
tail100	PRJNA675776	SAMN16721952	collection_date	2016	2016-10-04 00:00:00	True	date_same_year_refinement		PRJNA675776.xlsx:45352	https://pmc.ncbi.nlm.nih.gov/articles/PMC9047677/
tail100	PRJNA675776	SAMN16721953	collection_date	2016	2016-09-20 00:00:00	True	date_same_year_refinement		PRJNA675776.xlsx:45353	https://pmc.ncbi.nlm.nih.gov/articles/PMC9047677/
tail100	PRJNA675776	SAMN16721954	collection_date	2016	2016-10-25 00:00:00	True	date_same_year_refinement		PRJNA675776.xlsx:45355	https://pmc.ncbi.nlm.nih.gov/articles/PMC9047677/
tail100	PRJNA675776	SAMN16721955	collection_date	2017	2017-02-13 00:00:00	True	date_same_year_refinement		PRJNA675776.xlsx:46236	https://pmc.ncbi.nlm.nih.gov/articles/PMC9047677/
tail100	PRJNA675776	SAMN16721956	collection_date	2017	2017-02-03 00:00:00	True	date_same_year_refinement		PRJNA675776.xlsx:46238	https://pmc.ncbi.nlm.nih.gov/articles/PMC9047677/
tail100	PRJNA675776	SAMN16721957	collection_date	2017	2017-02-16 00:00:00	True	date_same_year_refinement		PRJNA675776.xlsx:46239	https://pmc.ncbi.nlm.nih.gov/articles/PMC9047677/
tail100	PRJNA675776	SAMN16721958	collection_date	2017	2017-01-17 00:00:00	True	date_same_year_refinement		PRJNA675776.xlsx:46244	https://pmc.ncbi.nlm.nih.gov/articles/PMC9047677/
tail100	PRJNA675776	SAMN16721959	collection_date	2016	2016-09-16 00:00:00	True	date_same_year_refinement		PRJNA675776.xlsx:46247	https://pmc.ncbi.nlm.nih.gov/articles/PMC9047677/
tail100	PRJNA675776	SAMN16721960	collection_date	2016	2016-11-16 00:00:00	True	date_same_year_refinement		PRJNA675776.xlsx:46248	https://pmc.ncbi.nlm.nih.gov/articles/PMC9047677/
tail100	PRJNA675776	SAMN16721961	collection_date	2016	2016-10-24 00:00:00	True	date_same_year_refinement		PRJNA675776.xlsx:46249	https://pmc.ncbi.nlm.nih.gov/articles/PMC9047677/
tail100	PRJNA675776	SAMN16721962	collection_date	2016	2016-12-15 00:00:00	True	date_same_year_refinement		PRJNA675776.xlsx:47225	https://pmc.ncbi.nlm.nih.gov/articles/PMC9047677/
tail100	PRJNA675776	SAMN16721963	collection_date	2017	2017-09-22 00:00:00	True	date_same_year_refinement		PRJNA675776.xlsx:47693	https://pmc.ncbi.nlm.nih.gov/articles/PMC9047677/
tail100	PRJNA675776	SAMN16721964	collection_date	2017	2017-09-18 00:00:00	True	date_same_year_refinement		PRJNA675776.xlsx:47885	https://pmc.ncbi.nlm.nih.gov/articles/PMC9047677/
tail100	PRJNA675776	SAMN16721965	collection_date	2017	2017-06-13 00:00:00	True	date_same_year_refinement		PRJNA675776.xlsx:47892	https://pmc.ncbi.nlm.nih.gov/articles/PMC9047677/
tail100	PRJNA675776	SAMN16721966	collection_date	2017	2017-06-27 00:00:00	True	date_same_year_refinement		PRJNA675776.xlsx:48146	https://pmc.ncbi.nlm.nih.gov/articles/PMC9047677/
tail100	PRJNA675776	SAMN16721967	collection_date	2017	2017-10-09 00:00:00	True	date_same_year_refinement		PRJNA675776.xlsx:48148	https://pmc.ncbi.nlm.nih.gov/articles/PMC9047677/
tail100	PRJNA675776	SAMN16721968	collection_date	2017	2017-09-05 00:00:00	True	date_same_year_refinement		PRJNA675776.xlsx:49240	https://pmc.ncbi.nlm.nih.gov/articles/PMC9047677/
tail100	PRJNA675776	SAMN16721969	collection_date	2018	2018-02-27 00:00:00	True	date_same_year_refinement		PRJNA675776.xlsx:49243	https://pmc.ncbi.nlm.nih.gov/articles/PMC9047677/
tail100	PRJNA675776	SAMN16721970	collection_date	2018	2018-03-01 00:00:00	True	date_same_year_refinement		PRJNA675776.xlsx:49245	https://pmc.ncbi.nlm.nih.gov/articles/PMC9047677/
tail100	PRJNA675776	SAMN16721971	collection_date	2018	2018-03-12 00:00:00	True	date_same_year_refinement		PRJNA675776.xlsx:49246	https://pmc.ncbi.nlm.nih.gov/articles/PMC9047677/
tail100	PRJNA675776	SAMN16721972	collection_date	2017	2017-07-11 00:00:00	True	date_same_year_refinement		PRJNA675776.xlsx:49248	https://pmc.ncbi.nlm.nih.gov/articles/PMC9047677/
tail100	PRJNA675776	SAMN16721973	collection_date	2017	2017-11-24 00:00:00	True	date_same_year_refinement		PRJNA675776.xlsx:49249	https://pmc.ncbi.nlm.nih.gov/articles/PMC9047677/
tail100	PRJNA675776	SAMN16721974	collection_date	2017	2017-11-29 00:00:00	True	date_same_year_refinement		PRJNA675776.xlsx:49252	https://pmc.ncbi.nlm.nih.gov/articles/PMC9047677/
tail100	PRJNA675776	SAMN16721975	collection_date	2017	2017-08-14 00:00:00	True	date_same_year_refinement		PRJNA675776.xlsx:49253	https://pmc.ncbi.nlm.nih.gov/articles/PMC9047677/
tail100	PRJNA675776	SAMN16721976	collection_date	2017	2017-02-14 00:00:00	True	date_same_year_refinement		PRJNA675776.xlsx:49254	https://pmc.ncbi.nlm.nih.gov/articles/PMC9047677/
tail100	PRJNA675776	SAMN16721977	collection_date	2018	2018-01-18 00:00:00	True	date_same_year_refinement		PRJNA675776.xlsx:49255	https://pmc.ncbi.nlm.nih.gov/articles/PMC9047677/
tail100	PRJNA675776	SAMN16721978	collection_date	2018	2018-05-15 00:00:00	True	date_same_year_refinement		PRJNA675776.xlsx:51599	https://pmc.ncbi.nlm.nih.gov/articles/PMC9047677/
tail100	PRJNA675776	SAMN16721979	collection_date	2017	2017-08-17 00:00:00	True	date_same_year_refinement		PRJNA675776.xlsx:51600	https://pmc.ncbi.nlm.nih.gov/articles/PMC9047677/
tail100	PRJNA675776	SAMN16721980	collection_date	2017	2017-09-22 00:00:00	True	date_same_year_refinement		PRJNA675776.xlsx:51601	https://pmc.ncbi.nlm.nih.gov/articles/PMC9047677/
tail100	PRJNA675776	SAMN16721981	collection_date	2017	2017-10-03 00:00:00	True	date_same_year_refinement		PRJNA675776.xlsx:51602	https://pmc.ncbi.nlm.nih.gov/articles/PMC9047677/
tail100	PRJNA675776	SAMN16721982	collection_date	2018	2018-06-12 00:00:00	True	date_same_year_refinement		PRJNA675776.xlsx:51603	https://pmc.ncbi.nlm.nih.gov/articles/PMC9047677/
tail100	PRJNA675776	SAMN16721983	collection_date	2018	2018-07-18 00:00:00	True	date_same_year_refinement		PRJNA675776.xlsx:51606	https://pmc.ncbi.nlm.nih.gov/articles/PMC9047677/
tail100	PRJNA675776	SAMN16721984	collection_date	2018	2018-12-18 00:00:00	True	date_same_year_refinement		PRJNA675776.xlsx:51610	https://pmc.ncbi.nlm.nih.gov/articles/PMC9047677/
tail100	PRJNA675776	SAMN16721985	collection_date	2018	2018-09-01 00:00:00	True	date_same_year_refinement		PRJNA675776.xlsx:51612	https://pmc.ncbi.nlm.nih.gov/articles/PMC9047677/
tail100	PRJNA675776	SAMN16721986	collection_date	2018	2018-09-01 00:00:00	True	date_same_year_refinement		PRJNA675776.xlsx:51613	https://pmc.ncbi.nlm.nih.gov/articles/PMC9047677/
tail100	PRJNA675776	SAMN16721987	collection_date	2018	2018-09-01 00:00:00	True	date_same_year_refinement		PRJNA675776.xlsx:51614	https://pmc.ncbi.nlm.nih.gov/articles/PMC9047677/
tail100	PRJNA675776	SAMN16721988	collection_date	2018	2108-10-18 00:00:00	True	date_unparsed	date_unparsed	PRJNA675776.xlsx:51615	https://pmc.ncbi.nlm.nih.gov/articles/PMC9047677/
tail100	PRJNA675776	SAMN16721989	collection_date	2018	2018-03-15 00:00:00	True	date_same_year_refinement		PRJNA675776.xlsx:51616	https://pmc.ncbi.nlm.nih.gov/articles/PMC9047677/
tail100	PRJNA675776	SAMN16721990	collection_date	2018	2018-10-05 00:00:00	True	date_same_year_refinement		PRJNA675776.xlsx:51617	https://pmc.ncbi.nlm.nih.gov/articles/PMC9047677/
tail100	PRJNA675776	SAMN16721991	collection_date	2018	2018-11-07 00:00:00	True	date_same_year_refinement		PRJNA675776.xlsx:51620	https://pmc.ncbi.nlm.nih.gov/articles/PMC9047677/
tail100	PRJNA675776	SAMN16721992	collection_date	2018	2018-02-22 00:00:00	True	date_same_year_refinement		PRJNA675776.xlsx:51621	https://pmc.ncbi.nlm.nih.gov/articles/PMC9047677/
tail100	PRJNA675776	SAMN16721993	collection_date	2018	2018-03-15 00:00:00	True	date_same_year_refinement		PRJNA675776.xlsx:51622	https://pmc.ncbi.nlm.nih.gov/articles/PMC9047677/
tail100	PRJNA675776	SAMN16721994	collection_date	2018	2018-04-09 00:00:00	True	date_same_year_refinement		PRJNA675776.xlsx:51623	https://pmc.ncbi.nlm.nih.gov/articles/PMC9047677/
tail100	PRJNA675776	SAMN16721995	collection_date	2018	2018-04-09 00:00:00	True	date_same_year_refinement		PRJNA675776.xlsx:51625	https://pmc.ncbi.nlm.nih.gov/articles/PMC9047677/
tail100	PRJNA675776	SAMN16721996	collection_date	2018	2018-04-19 00:00:00	True	date_same_year_refinement		PRJNA675776.xlsx:51626	https://pmc.ncbi.nlm.nih.gov/articles/PMC9047677/
tail100	PRJNA675776	SAMN16721997	collection_date	2018	2018-11-14 00:00:00	True	date_same_year_refinement		PRJNA675776.xlsx:51634	https://pmc.ncbi.nlm.nih.gov/articles/PMC9047677/
tail100	PRJNA675776	SAMN16721998	collection_date	2018	2018-11-28 00:00:00	True	date_same_year_refinement		PRJNA675776.xlsx:51635	https://pmc.ncbi.nlm.nih.gov/articles/PMC9047677/
tail100	PRJNA675776	SAMN16721999	collection_date	2018	2018-08-23 00:00:00	True	date_same_year_refinement		PRJNA675776.xlsx:51718	https://pmc.ncbi.nlm.nih.gov/articles/PMC9047677/
tail50_99	PRJEB39942	SAMEA7198846	collection_date	2019-05	2019-05-01 00:00:00	True	date_same_year_refinement		mgen-7-0509-s002.xlsx:ERS4959068	https://pmc.ncbi.nlm.nih.gov/articles/PMC8190614/
tail50_99	PRJEB56668	SAMEA111441544	isolation_source	Food	Cheese stored day 0	True	categorical_change		41598_2023_37821_MOESM1_ESM.xlsx:1-Kleb-o_S10	https://pmc.ncbi.nlm.nih.gov/articles/PMC10326032/
tail50_99	PRJEB56668	SAMEA111441545	isolation_source	Food	Cheese stored day 4 (8°C)	True	categorical_change		41598_2023_37821_MOESM1_ESM.xlsx:2-Kleb-o_S11	https://pmc.ncbi.nlm.nih.gov/articles/PMC10326032/
tail50_99	PRJEB56668	SAMEA111441546	isolation_source	Food	Cheese stored day 4 (8°C)	True	categorical_change		41598_2023_37821_MOESM1_ESM.xlsx:3-Kleb-o_S12	https://pmc.ncbi.nlm.nih.gov/articles/PMC10326032/
tail50_99	PRJEB56668	SAMEA111441547	isolation_source	Food	Cheese stored day 8 (2°C)	True	categorical_change		41598_2023_37821_MOESM1_ESM.xlsx:4-Kleb-o_S13	https://pmc.ncbi.nlm.nih.gov/articles/PMC10326032/
tail50_99	PRJEB56668	SAMEA111441548	isolation_source	Food	Cheese stored day 11 (2/8°C)	True	categorical_change		41598_2023_37821_MOESM1_ESM.xlsx:5-Kleb-o_S14	https://pmc.ncbi.nlm.nih.gov/articles/PMC10326032/
tail50_99	PRJEB56668	SAMEA111441549	isolation_source	Food	Cheese stored day 15 (2/8°C)	True	categorical_change		41598_2023_37821_MOESM1_ESM.xlsx:6-Kleb-o_S15	https://pmc.ncbi.nlm.nih.gov/articles/PMC10326032/
tail50_99	PRJEB56668	SAMEA111441550	isolation_source	Environment	Walls in maturation room	True	categorical_change		41598_2023_37821_MOESM1_ESM.xlsx:7-Kleb-o_S16	https://pmc.ncbi.nlm.nih.gov/articles/PMC10326032/
tail50_99	PRJEB56668	SAMEA111441551	isolation_source	Food	Cheese stored day 0	True	categorical_change		41598_2023_37821_MOESM1_ESM.xlsx:8-Kleb-o_S17	https://pmc.ncbi.nlm.nih.gov/articles/PMC10326032/
tail50_99	PRJEB56668	SAMEA111441552	isolation_source	Environment	Drains maturation room	True	categorical_change		41598_2023_37821_MOESM1_ESM.xlsx:9-Kleb-o_S18	https://pmc.ncbi.nlm.nih.gov/articles/PMC10326032/
tail50_99	PRJEB56668	SAMEA111441541	isolation_source	Food	Cheese maturation room	True	categorical_change		41598_2023_37821_MOESM1_ESM.xlsx:10-Kleb-o_S19	https://pmc.ncbi.nlm.nih.gov/articles/PMC10326032/
tail50_99	PRJEB56668	SAMEA111441542	isolation_source	Environment	Drains packaging area	True	categorical_change		41598_2023_37821_MOESM1_ESM.xlsx:11-Kleb-o_S20	https://pmc.ncbi.nlm.nih.gov/articles/PMC10326032/
tail50_99	PRJEB56668	SAMEA111441543	isolation_source	Food	Cheese stored day 0	True	categorical_change		41598_2023_37821_MOESM1_ESM.xlsx:12-Kleb-o_S21	https://pmc.ncbi.nlm.nih.gov/articles/PMC10326032/
tail50_99	PRJEB56668	SAMEA111441553	isolation_source	Food	Cheese warm room	True	categorical_change		41598_2023_37821_MOESM1_ESM.xlsx:K13_S11	https://pmc.ncbi.nlm.nih.gov/articles/PMC10326032/
tail50_99	PRJEB56668	SAMEA111441554	isolation_source	Food	Cheese stored day 0	True	categorical_change		41598_2023_37821_MOESM1_ESM.xlsx:K14_S12	https://pmc.ncbi.nlm.nih.gov/articles/PMC10326032/
tail50_99	PRJEB56668	SAMEA111441555	isolation_source	Environment	Drains maturation room	True	categorical_change		41598_2023_37821_MOESM1_ESM.xlsx:K15_S13	https://pmc.ncbi.nlm.nih.gov/articles/PMC10326032/
tail50_99	PRJEB56668	SAMEA111441556	isolation_source	Food	Cheese stored day 1 (2°C)	True	categorical_change		41598_2023_37821_MOESM1_ESM.xlsx:K16_S14	https://pmc.ncbi.nlm.nih.gov/articles/PMC10326032/
tail50_99	PRJEB56668	SAMEA111441557	isolation_source	Food	Cheese stored day 1 (8°C)	True	categorical_change		41598_2023_37821_MOESM1_ESM.xlsx:K17_S15	https://pmc.ncbi.nlm.nih.gov/articles/PMC10326032/
tail50_99	PRJEB56668	SAMEA111441558	isolation_source	Food	Cheese maturation room	True	categorical_change		41598_2023_37821_MOESM1_ESM.xlsx:K18_S16	https://pmc.ncbi.nlm.nih.gov/articles/PMC10326032/
tail50_99	PRJEB56668	SAMEA111441559	isolation_source	Food	Cheese stored day 4 (2°C)	True	categorical_change		41598_2023_37821_MOESM1_ESM.xlsx:K19_S17	https://pmc.ncbi.nlm.nih.gov/articles/PMC10326032/
tail50_99	PRJEB56668	SAMEA111441573	isolation_source	Food	Salami drying 1 week	True	categorical_change		41598_2023_37821_MOESM1_ESM.xlsx:K-OXYT-20_S23	https://pmc.ncbi.nlm.nih.gov/articles/PMC10326032/
tail50_99	PRJEB56668	SAMEA111441574	isolation_source	Food	Salami drying 1 week	True	categorical_change		41598_2023_37821_MOESM1_ESM.xlsx:K-OXYT-21_S24	https://pmc.ncbi.nlm.nih.gov/articles/PMC10326032/
tail50_99	PRJEB56668	SAMEA111441575	isolation_source	Food	Salami drying 1 week	True	categorical_change		41598_2023_37821_MOESM1_ESM.xlsx:K-OXYT-22_S25	https://pmc.ncbi.nlm.nih.gov/articles/PMC10326032/
tail50_99	PRJEB56668	SAMEA111441576	isolation_source	Food	Salami ripening 3 weeks	True	categorical_change		41598_2023_37821_MOESM1_ESM.xlsx:K-OXYT-23_S26	https://pmc.ncbi.nlm.nih.gov/articles/PMC10326032/
tail50_99	PRJEB56668	SAMEA111441577	isolation_source	Environment	Drains stuffing room	True	categorical_change		41598_2023_37821_MOESM1_ESM.xlsx:K-OXYT-24_S27	https://pmc.ncbi.nlm.nih.gov/articles/PMC10326032/
tail50_99	PRJEB56668	SAMEA111441578	isolation_source	Food	Salami drying 1 week	True	categorical_change		41598_2023_37821_MOESM1_ESM.xlsx:K-OXYT-25_S28	https://pmc.ncbi.nlm.nih.gov/articles/PMC10326032/
tail50_99	PRJEB56668	SAMEA111441579	isolation_source	Food	Salami drying 1 week	True	categorical_change		41598_2023_37821_MOESM1_ESM.xlsx:K-OXYT-26_S29	https://pmc.ncbi.nlm.nih.gov/articles/PMC10326032/
tail50_99	PRJEB56668	SAMEA111441580	isolation_source	Food	Salami ripening 3 weeks	True	categorical_change		41598_2023_37821_MOESM1_ESM.xlsx:K-OXYT-27_S30	https://pmc.ncbi.nlm.nih.gov/articles/PMC10326032/
tail50_99	PRJEB56668	SAMEA111441581	isolation_source	Food	Salami ripening 3 weeks	True	categorical_change		41598_2023_37821_MOESM1_ESM.xlsx:K-OXYT-28_S31	https://pmc.ncbi.nlm.nih.gov/articles/PMC10326032/
tail50_99	PRJEB56668	SAMEA111441582	isolation_source	Food	Meat mixture	True	categorical_change		41598_2023_37821_MOESM1_ESM.xlsx:K-OXYT-29_S32	https://pmc.ncbi.nlm.nih.gov/articles/PMC10326032/
tail50_99	PRJEB56668	SAMEA111441583	isolation_source	Food	Meat mixture	True	categorical_change		41598_2023_37821_MOESM1_ESM.xlsx:K-PNEUM-31_S34	https://pmc.ncbi.nlm.nih.gov/articles/PMC10326032/
tail50_99	PRJEB56668	SAMEA111441568	isolation_source	Food	Meat mixture	True	categorical_change		41598_2023_37821_MOESM1_ESM.xlsx:KO32_S15	https://pmc.ncbi.nlm.nih.gov/articles/PMC10326032/
tail50_99	PRJEB56668	SAMEA111441569	isolation_source	Food	Meat mixture	True	categorical_change		41598_2023_37821_MOESM1_ESM.xlsx:KO33_S16	https://pmc.ncbi.nlm.nih.gov/articles/PMC10326032/
tail50_99	PRJEB56668	SAMEA111441570	isolation_source	Food	Meat mixture	True	categorical_change		41598_2023_37821_MOESM1_ESM.xlsx:KO34_S17	https://pmc.ncbi.nlm.nih.gov/articles/PMC10326032/
tail50_99	PRJEB56668	SAMEA111441560	isolation_source	Food	Salami drying 1 week	True	categorical_change		41598_2023_37821_MOESM1_ESM.xlsx:K35_S6	https://pmc.ncbi.nlm.nih.gov/articles/PMC10326032/
tail50_99	PRJEB56668	SAMEA111441561	isolation_source	Food	Meat mixture	True	categorical_change		41598_2023_37821_MOESM1_ESM.xlsx:K36_S7	https://pmc.ncbi.nlm.nih.gov/articles/PMC10326032/
tail50_99	PRJEB56668	SAMEA111441562	isolation_source	Food	Meat mixture	True	categorical_change		41598_2023_37821_MOESM1_ESM.xlsx:K37_S8	https://pmc.ncbi.nlm.nih.gov/articles/PMC10326032/
tail50_99	PRJEB56668	SAMEA111441563	isolation_source	Food	Meat mixture	True	categorical_change		41598_2023_37821_MOESM1_ESM.xlsx:K38_S9	https://pmc.ncbi.nlm.nih.gov/articles/PMC10326032/
tail50_99	PRJEB56668	SAMEA111441564	isolation_source	Environment	Drains drying room	True	categorical_change		41598_2023_37821_MOESM1_ESM.xlsx:K39_S10	https://pmc.ncbi.nlm.nih.gov/articles/PMC10326032/
tail50_99	PRJEB56668	SAMEA111441565	isolation_source	Food	Salami drying 1 week	True	categorical_change		41598_2023_37821_MOESM1_ESM.xlsx:K40_S11	https://pmc.ncbi.nlm.nih.gov/articles/PMC10326032/
tail50_99	PRJEB56668	SAMEA111441566	isolation_source	Food	Salami drying 1 week	True	categorical_change		41598_2023_37821_MOESM1_ESM.xlsx:K41_S12	https://pmc.ncbi.nlm.nih.gov/articles/PMC10326032/
tail50_99	PRJEB56668	SAMEA111441567	isolation_source	Food	Meat mixture	True	categorical_change		41598_2023_37821_MOESM1_ESM.xlsx:K42_S13	https://pmc.ncbi.nlm.nih.gov/articles/PMC10326032/
tail50_99	PRJEB56668	SAMEA111441584	isolation_source	Environment	Drains warm room	True	categorical_change		41598_2023_37821_MOESM1_ESM.xlsx:K43_S3	https://pmc.ncbi.nlm.nih.gov/articles/PMC10326032/
tail50_99	PRJEB56668	SAMEA111441585	isolation_source	Food	Cheese stored warm room	True	categorical_change		41598_2023_37821_MOESM1_ESM.xlsx:K44_S4	https://pmc.ncbi.nlm.nih.gov/articles/PMC10326032/
tail50_99	PRJEB56668	SAMEA111441586	isolation_source	Food	Cheese stored warm room	True	categorical_change		41598_2023_37821_MOESM1_ESM.xlsx:K45_S5	https://pmc.ncbi.nlm.nih.gov/articles/PMC10326032/
tail50_99	PRJEB56668	SAMEA111441571	isolation_source	Food	Cheese stored day 1 (2°C)	True	categorical_change		41598_2023_37821_MOESM1_ESM.xlsx:KO46_S41	https://pmc.ncbi.nlm.nih.gov/articles/PMC10326032/
tail50_99	PRJEB56668	SAMEA111441572	isolation_source	Food	Cheese stored day 1 (2°C)	True	categorical_change		41598_2023_37821_MOESM1_ESM.xlsx:KO47_S42	https://pmc.ncbi.nlm.nih.gov/articles/PMC10326032/
tail50_99	PRJEB56668	SAMEA111441587	isolation_source	Food	Cheese stored day 4 (2/8°C)	True	categorical_change		41598_2023_37821_MOESM1_ESM.xlsx:K48_S1	https://pmc.ncbi.nlm.nih.gov/articles/PMC10326032/
tail50_99	PRJEB56668	SAMEA111441588	isolation_source	Food	Cheese stored day 8 (2°C)	True	categorical_change		41598_2023_37821_MOESM1_ESM.xlsx:K49_S2	https://pmc.ncbi.nlm.nih.gov/articles/PMC10326032/
tail50_99	PRJEB56668	SAMEA111441589	isolation_source	Food	Cheese stored day 8 (2°C)	True	categorical_change		41598_2023_37821_MOESM1_ESM.xlsx:K50_S3	https://pmc.ncbi.nlm.nih.gov/articles/PMC10326032/
tail50_99	PRJEB56668	SAMEA111441590	isolation_source	Food	Cheese stored day 4 (2°C)	True	categorical_change		41598_2023_37821_MOESM1_ESM.xlsx:K51_S4	https://pmc.ncbi.nlm.nih.gov/articles/PMC10326032/
tail50_99	PRJEB56668	SAMEA111441591	isolation_source	Food	Cheese stored day 8 (2°C)	True	categorical_change		41598_2023_37821_MOESM1_ESM.xlsx:K52_S5	https://pmc.ncbi.nlm.nih.gov/articles/PMC10326032/
tail50_99	PRJEB56668	SAMEA111441592	isolation_source	Food	Cheese stored day 8 (2°C)	True	categorical_change		41598_2023_37821_MOESM1_ESM.xlsx:K53_S6	https://pmc.ncbi.nlm.nih.gov/articles/PMC10326032/
tail50_99	PRJEB56668	SAMEA111441593	isolation_source	Food	Salami ripening 10 weeks	True	categorical_change		41598_2023_37821_MOESM1_ESM.xlsx:K54_S9	https://pmc.ncbi.nlm.nih.gov/articles/PMC10326032/
tail50_99	PRJEB56668	SAMEA111441594	isolation_source	Food	Meat mixture	True	categorical_change		41598_2023_37821_MOESM1_ESM.xlsx:K55_S10	https://pmc.ncbi.nlm.nih.gov/articles/PMC10326032/
tail50_99	PRJEB56668	SAMEA111441595	isolation_source	Environment	Drains stuffing room	True	categorical_change		41598_2023_37821_MOESM1_ESM.xlsx:K56_S11	https://pmc.ncbi.nlm.nih.gov/articles/PMC10326032/
tail50_99	PRJEB56668	SAMEA111441596	isolation_source	Environment	Drains stuffing room	True	categorical_change		41598_2023_37821_MOESM1_ESM.xlsx:K57_S12	https://pmc.ncbi.nlm.nih.gov/articles/PMC10326032/
tail50_99	PRJEB56668	SAMEA111441597	isolation_source	Environment	Table stuffing room	True	categorical_change		41598_2023_37821_MOESM1_ESM.xlsx:K58_S7	https://pmc.ncbi.nlm.nih.gov/articles/PMC10326032/
tail50_99	PRJEB56668	SAMEA111441598	isolation_source	Food	Salami ripening 3 weeks	True	categorical_change		41598_2023_37821_MOESM1_ESM.xlsx:K59_S13	https://pmc.ncbi.nlm.nih.gov/articles/PMC10326032/
tail50_99	PRJEB56668	SAMEA111441599	isolation_source	Food	Cheese stored day 15 (2°C)	True	categorical_change		41598_2023_37821_MOESM1_ESM.xlsx:K60_S14	https://pmc.ncbi.nlm.nih.gov/articles/PMC10326032/
tail50_99	PRJEB56668	SAMEA111441600	isolation_source	Food	Cheese stored day 8 (8°C)	True	categorical_change		41598_2023_37821_MOESM1_ESM.xlsx:K61_S8	https://pmc.ncbi.nlm.nih.gov/articles/PMC10326032/
tail50_99	PRJEB56668	SAMEA111441601	isolation_source	Food	Cheese stored day 4 (2/8°C)	True	categorical_change		41598_2023_37821_MOESM1_ESM.xlsx:K62_S9	https://pmc.ncbi.nlm.nih.gov/articles/PMC10326032/
tail50_99	PRJEB56668	SAMEA111441602	isolation_source	Food	Cheese stored day 15 (2°C)	True	categorical_change		41598_2023_37821_MOESM1_ESM.xlsx:K63_S10	https://pmc.ncbi.nlm.nih.gov/articles/PMC10326032/
tail50_99	PRJEB56668	SAMEA111441603	isolation_source	Food	Cheese stored day 11 (8°C)	True	categorical_change		41598_2023_37821_MOESM1_ESM.xlsx:K64_S11	https://pmc.ncbi.nlm.nih.gov/articles/PMC10326032/
tail50_99	PRJEB56668	SAMEA111441604	isolation_source	Food	Cheese stored day 15 (2°C)	True	categorical_change		41598_2023_37821_MOESM1_ESM.xlsx:K65_S12	https://pmc.ncbi.nlm.nih.gov/articles/PMC10326032/
tail50_99	PRJEB56668	SAMEA111441605	isolation_source	Environment	Filler stuffer machine stuffing room	True	categorical_change		41598_2023_37821_MOESM1_ESM.xlsx:K66_S15	https://pmc.ncbi.nlm.nih.gov/articles/PMC10326032/
tail50_99	PRJEB56668	SAMEA111441606	isolation_source	Food	Salami ripening 10 weeks	True	categorical_change		41598_2023_37821_MOESM1_ESM.xlsx:K67_S13	https://pmc.ncbi.nlm.nih.gov/articles/PMC10326032/
tail50_99	PRJEB56668	SAMEA111441607	isolation_source	Food	Cheese stored day 4 (2°C)	True	categorical_change		41598_2023_37821_MOESM1_ESM.xlsx:K69_S15	https://pmc.ncbi.nlm.nih.gov/articles/PMC10326032/
tail50_99	PRJEB56668	SAMEA111441608	isolation_source	Food	Cheese stored day 4 (2/8°C)	True	categorical_change		41598_2023_37821_MOESM1_ESM.xlsx:K70_S16	https://pmc.ncbi.nlm.nih.gov/articles/PMC10326032/
tail50_99	PRJEB56668	SAMEA111441609	isolation_source	Food	Cheese stored day 11 (2°C)	True	categorical_change		41598_2023_37821_MOESM1_ESM.xlsx:K71_S6	https://pmc.ncbi.nlm.nih.gov/articles/PMC10326032/
tail50_99	PRJEB56668	SAMEA111441610	isolation_source	Food	Cheese stored day 11 (8°C)	True	categorical_change		41598_2023_37821_MOESM1_ESM.xlsx:K72_S7	https://pmc.ncbi.nlm.nih.gov/articles/PMC10326032/
tail50_99	PRJEB56668	SAMEA111441611	isolation_source	Food	Cheese stored day 11 (8°C)	True	categorical_change		41598_2023_37821_MOESM1_ESM.xlsx:K73_S8	https://pmc.ncbi.nlm.nih.gov/articles/PMC10326032/
tail50_99	PRJEB56668	SAMEA111441612	isolation_source	Food	Salami ripening 28 weeks	True	categorical_change		41598_2023_37821_MOESM1_ESM.xlsx:k-75_S42	https://pmc.ncbi.nlm.nih.gov/articles/PMC10326032/
tail50_99	PRJEB56668	SAMEA111441613	isolation_source	Food	Salami ripening 28 weeks	True	categorical_change		41598_2023_37821_MOESM1_ESM.xlsx:k-76_S43	https://pmc.ncbi.nlm.nih.gov/articles/PMC10326032/
tail25_49	PRJEB44864	SAMEA8720018	collection_date	2019	2019-10-15	True	date_same_year_refinement		spectrum.01009-22-s0001.pdf:ERR5908336	https://pmc.ncbi.nlm.nih.gov/articles/PMC9430602/
tail25_49	PRJEB44864	SAMEA8720027	collection_date	2019	2019-09-20	True	date_same_year_refinement		spectrum.01009-22-s0001.pdf:ERR5908337	https://pmc.ncbi.nlm.nih.gov/articles/PMC9430602/
tail25_49	PRJEB44864	SAMEA8720028	collection_date	2019	2019-08-16	True	date_same_year_refinement		spectrum.01009-22-s0001.pdf:ERR5908338	https://pmc.ncbi.nlm.nih.gov/articles/PMC9430602/
tail25_49	PRJEB44864	SAMEA8720029	collection_date	2019	2019-11-01	True	date_same_year_refinement		spectrum.01009-22-s0001.pdf:ERR5908339	https://pmc.ncbi.nlm.nih.gov/articles/PMC9430602/
tail25_49	PRJEB44864	SAMEA8720030	collection_date	2019	2019-10-28	True	date_same_year_refinement		spectrum.01009-22-s0001.pdf:ERR5908340	https://pmc.ncbi.nlm.nih.gov/articles/PMC9430602/
tail25_49	PRJEB44864	SAMEA8720031	collection_date	2019	2019-10-29	True	date_same_year_refinement		spectrum.01009-22-s0001.pdf:ERR5908341	https://pmc.ncbi.nlm.nih.gov/articles/PMC9430602/
tail25_49	PRJEB44864	SAMEA8720032	collection_date	2019	2019-11-04	True	date_same_year_refinement		spectrum.01009-22-s0001.pdf:ERR5908342	https://pmc.ncbi.nlm.nih.gov/articles/PMC9430602/
tail25_49	PRJEB44864	SAMEA8720033	collection_date	2019	2019-11-04	True	date_same_year_refinement		spectrum.01009-22-s0001.pdf:ERR5908343	https://pmc.ncbi.nlm.nih.gov/articles/PMC9430602/
tail25_49	PRJEB44864	SAMEA8720034	collection_date	2019	2019-09-27	True	date_same_year_refinement		spectrum.01009-22-s0001.pdf:ERR5908344	https://pmc.ncbi.nlm.nih.gov/articles/PMC9430602/
tail25_49	PRJEB44864	SAMEA8720019	collection_date	2019	2019-10-21	True	date_same_year_refinement		spectrum.01009-22-s0001.pdf:ERR5908347	https://pmc.ncbi.nlm.nih.gov/articles/PMC9430602/
tail25_49	PRJEB44864	SAMEA8720036	collection_date	2019	2019-09-17	True	date_same_year_refinement		spectrum.01009-22-s0001.pdf:ERR5908346	https://pmc.ncbi.nlm.nih.gov/articles/PMC9430602/
tail25_49	PRJEB44864	SAMEA8720037	collection_date	2019	2019-09-17	True	date_same_year_refinement		spectrum.01009-22-s0001.pdf:ERR5908348	https://pmc.ncbi.nlm.nih.gov/articles/PMC9430602/
tail25_49	PRJEB44864	SAMEA8720020	collection_date	2019	2019-10-03	True	date_same_year_refinement		spectrum.01009-22-s0001.pdf:ERR5908358	https://pmc.ncbi.nlm.nih.gov/articles/PMC9430602/
tail25_49	PRJEB44864	SAMEA8720021	collection_date	2019	2019-09-09	True	date_same_year_refinement		spectrum.01009-22-s0001.pdf:ERR5908360	https://pmc.ncbi.nlm.nih.gov/articles/PMC9430602/
tail25_49	PRJEB44864	SAMEA8720023	collection_date	2019	2019-09-17	True	date_same_year_refinement		spectrum.01009-22-s0001.pdf:ERR5908362	https://pmc.ncbi.nlm.nih.gov/articles/PMC9430602/
tail25_49	PRJEB44864	SAMEA8720024	collection_date	2019	2019-10-08	True	date_same_year_refinement		spectrum.01009-22-s0001.pdf:ERR5908363	https://pmc.ncbi.nlm.nih.gov/articles/PMC9430602/
tail25_49	PRJEB44864	SAMEA8720025	collection_date	2019	2019-10-22	True	date_same_year_refinement		spectrum.01009-22-s0001.pdf:ERR5908364	https://pmc.ncbi.nlm.nih.gov/articles/PMC9430602/
tail25_49	PRJEB44864	SAMEA8720026	collection_date	2019	2019-08-12	True	date_same_year_refinement		spectrum.01009-22-s0001.pdf:ERR5908365	https://pmc.ncbi.nlm.nih.gov/articles/PMC9430602/
tail25_49	PRJEB76256	SAMEA115670461	collection_date	2022	03/2022	True	date_same_year_refinement		mmc1.xlsx:kreshist0052	https://pmc.ncbi.nlm.nih.gov/articles/PMC11760810/
tail25_49	PRJEB76256	SAMEA115670462	collection_date	2020	02/2020	True	date_same_year_refinement		mmc1.xlsx:kreshist0053	https://pmc.ncbi.nlm.nih.gov/articles/PMC11760810/
tail25_49	PRJEB76256	SAMEA115670463	collection_date	2019	03/2019	True	date_same_year_refinement		mmc1.xlsx:kreshist0054	https://pmc.ncbi.nlm.nih.gov/articles/PMC11760810/
tail25_49	PRJEB76256	SAMEA115670464	collection_date	2019	10/2019	True	date_same_year_refinement		mmc1.xlsx:kreshist0055	https://pmc.ncbi.nlm.nih.gov/articles/PMC11760810/
tail25_49	PRJEB76256	SAMEA115670465	collection_date	2022	02/2022	True	date_same_year_refinement		mmc1.xlsx:kreshist0056	https://pmc.ncbi.nlm.nih.gov/articles/PMC11760810/
tail25_49	PRJEB76256	SAMEA115670466	collection_date	2022	06/2022	True	date_same_year_refinement		mmc1.xlsx:kreshist0057	https://pmc.ncbi.nlm.nih.gov/articles/PMC11760810/
tail25_49	PRJEB76256	SAMEA115670467	collection_date	2022	06/2022	True	date_same_year_refinement		mmc1.xlsx:kreshist0058	https://pmc.ncbi.nlm.nih.gov/articles/PMC11760810/
tail25_49	PRJEB76256	SAMEA115670468	collection_date	2022	06/2022	True	date_same_year_refinement		mmc1.xlsx:kreshist0059	https://pmc.ncbi.nlm.nih.gov/articles/PMC11760810/
tail25_49	PRJEB76256	SAMEA115670469	collection_date	2021	10/2021	True	date_same_year_refinement		mmc1.xlsx:kreshist0060	https://pmc.ncbi.nlm.nih.gov/articles/PMC11760810/
tail25_49	PRJEB76256	SAMEA115670470	collection_date	2021	11/2021	True	date_same_year_refinement		mmc1.xlsx:kreshist0061	https://pmc.ncbi.nlm.nih.gov/articles/PMC11760810/
tail25_49	PRJEB76256	SAMEA115670471	collection_date	2021	02/2021	True	date_same_year_refinement		mmc1.xlsx:kreshist0062	https://pmc.ncbi.nlm.nih.gov/articles/PMC11760810/
tail25_49	PRJEB76256	SAMEA115670472	collection_date	2019	12/2019	True	date_same_year_refinement		mmc1.xlsx:kreshist0063	https://pmc.ncbi.nlm.nih.gov/articles/PMC11760810/
tail25_49	PRJEB76256	SAMEA115670473	collection_date	2022	02/2022	True	date_same_year_refinement		mmc1.xlsx:kreshist0064	https://pmc.ncbi.nlm.nih.gov/articles/PMC11760810/
tail25_49	PRJEB76256	SAMEA115670474	collection_date	2021	08/2021	True	date_same_year_refinement		mmc1.xlsx:kreshist0065	https://pmc.ncbi.nlm.nih.gov/articles/PMC11760810/
tail25_49	PRJEB76256	SAMEA115670475	collection_date	2021	08/2021	True	date_same_year_refinement		mmc1.xlsx:kreshist0066	https://pmc.ncbi.nlm.nih.gov/articles/PMC11760810/
tail25_49	PRJEB76256	SAMEA115670476	collection_date	2021	08/2021	True	date_same_year_refinement		mmc1.xlsx:kreshist0067	https://pmc.ncbi.nlm.nih.gov/articles/PMC11760810/
tail25_49	PRJEB76256	SAMEA115670477	collection_date	2021	01/2021	True	date_same_year_refinement		mmc1.xlsx:kreshist0068	https://pmc.ncbi.nlm.nih.gov/articles/PMC11760810/
tail25_49	PRJEB76256	SAMEA115670478	collection_date	2021	11/2021	True	date_same_year_refinement		mmc1.xlsx:kreshist0069	https://pmc.ncbi.nlm.nih.gov/articles/PMC11760810/
tail25_49	PRJEB76256	SAMEA115670479	collection_date	2022	02/2022	True	date_same_year_refinement		mmc1.xlsx:kreshist0070	https://pmc.ncbi.nlm.nih.gov/articles/PMC11760810/
tail25_49	PRJEB76256	SAMEA115670480	collection_date	2022	02/2022	True	date_same_year_refinement		mmc1.xlsx:kreshist0071	https://pmc.ncbi.nlm.nih.gov/articles/PMC11760810/
tail25_49	PRJEB76256	SAMEA115670481	collection_date	2022	06/2022	True	date_same_year_refinement		mmc1.xlsx:kreshist0072	https://pmc.ncbi.nlm.nih.gov/articles/PMC11760810/
tail25_49	PRJEB76256	SAMEA115670482	collection_date	2021	01/2021	True	date_same_year_refinement		mmc1.xlsx:kreshist0073	https://pmc.ncbi.nlm.nih.gov/articles/PMC11760810/
tail25_49	PRJEB76256	SAMEA115670483	collection_date	2021	09/2021	True	date_same_year_refinement		mmc1.xlsx:kreshist0074	https://pmc.ncbi.nlm.nih.gov/articles/PMC11760810/
tail25_49	PRJEB76256	SAMEA115670484	collection_date	2021	10/2021	True	date_same_year_refinement		mmc1.xlsx:kreshist0075	https://pmc.ncbi.nlm.nih.gov/articles/PMC11760810/
tail25_49	PRJEB76256	SAMEA115670485	collection_date	2021	08/2021	True	date_same_year_refinement		mmc1.xlsx:kreshist0076	https://pmc.ncbi.nlm.nih.gov/articles/PMC11760810/
tail25_49	PRJEB76256	SAMEA115670486	collection_date	2021	11/2021	True	date_same_year_refinement		mmc1.xlsx:kreshist0077	https://pmc.ncbi.nlm.nih.gov/articles/PMC11760810/
tail25_49	PRJEB76256	SAMEA115670487	collection_date	2021	12/2021	True	date_same_year_refinement		mmc1.xlsx:kreshist0078	https://pmc.ncbi.nlm.nih.gov/articles/PMC11760810/
tail25_49	PRJEB76256	SAMEA115670488	collection_date	2022	02/2022	True	date_same_year_refinement		mmc1.xlsx:kreshist0079	https://pmc.ncbi.nlm.nih.gov/articles/PMC11760810/
tail25_49	PRJEB76256	SAMEA115670489	collection_date	2022	06/2022	True	date_same_year_refinement		mmc1.xlsx:kreshist0080	https://pmc.ncbi.nlm.nih.gov/articles/PMC11760810/
tail25_49	PRJEB76256	SAMEA115670490	collection_date	2021	07/2021	True	date_same_year_refinement		mmc1.xlsx:kreshist0081	https://pmc.ncbi.nlm.nih.gov/articles/PMC11760810/
tail25_49	PRJEB76311	SAMEA115709865	collection_date	2021	14/8/2021	True	date_same_year_refinement		mmc1.xlsx:22RX24782	https://pmc.ncbi.nlm.nih.gov/articles/PMC11471225/
tail25_49	PRJEB76311	SAMEA115709866	collection_date	2021	14/8/2021	True	date_same_year_refinement		mmc1.xlsx:22RX24783	https://pmc.ncbi.nlm.nih.gov/articles/PMC11471225/
tail25_49	PRJEB76311	SAMEA115709868	collection_date	2021	17/8/2021	True	date_same_year_refinement		mmc1.xlsx:22RX24786	https://pmc.ncbi.nlm.nih.gov/articles/PMC11471225/
tail25_49	PRJEB76311	SAMEA115709869	collection_date	2021	18/8/2021	True	date_same_year_refinement		mmc1.xlsx:22RX24787	https://pmc.ncbi.nlm.nih.gov/articles/PMC11471225/
tail25_49	PRJEB76311	SAMEA115709873	collection_date	2021	27/8/2021	True	date_same_year_refinement		mmc1.xlsx:22RX24792	https://pmc.ncbi.nlm.nih.gov/articles/PMC11471225/
tail25_49	PRJEB76311	SAMEA115709908	collection_date	2021	16/8/2021	True	date_same_year_refinement		mmc1.xlsx:22RX24849	https://pmc.ncbi.nlm.nih.gov/articles/PMC11471225/
tail25_49	PRJEB76311	SAMEA115709874	collection_date	2021	2021-12-09 00:00:00	True	date_same_year_refinement		mmc1.xlsx:22RX24796	https://pmc.ncbi.nlm.nih.gov/articles/PMC11471225/
tail25_49	PRJEB76311	SAMEA115709880	collection_date	2021	2021-11-10 00:00:00	True	date_same_year_refinement		mmc1.xlsx:22RX24807	https://pmc.ncbi.nlm.nih.gov/articles/PMC11471225/
tail25_49	PRJEB76311	SAMEA115709881	collection_date	2021	2021-10-10 00:00:00	True	date_same_year_refinement		mmc1.xlsx:22RX24808	https://pmc.ncbi.nlm.nih.gov/articles/PMC11471225/
tail25_49	PRJEB76311	SAMEA115709883	collection_date	2021	18/10/2021	True	date_same_year_refinement		mmc1.xlsx:22RX24810	https://pmc.ncbi.nlm.nih.gov/articles/PMC11471225/
tail25_49	PRJEB76311	SAMEA115709884	collection_date	2021	18/10/2021	True	date_same_year_refinement		mmc1.xlsx:22RX24811	https://pmc.ncbi.nlm.nih.gov/articles/PMC11471225/
tail25_49	PRJEB76311	SAMEA115709910	collection_date	2021	18/10/2021	True	date_same_year_refinement		mmc1.xlsx:22RX24853	https://pmc.ncbi.nlm.nih.gov/articles/PMC11471225/
tail25_49	PRJEB76311	SAMEA115709876	collection_date	2021	18/9/2021	True	date_same_year_refinement		mmc1.xlsx:22RX24799	https://pmc.ncbi.nlm.nih.gov/articles/PMC11471225/
tail25_49	PRJEB76311	SAMEA115709878	collection_date	2021	18/9/2021	True	date_same_year_refinement		mmc1.xlsx:22RX24801	https://pmc.ncbi.nlm.nih.gov/articles/PMC11471225/
tail25_49	PRJEB76311	SAMEA115709879	collection_date	2021	2021-11-10 00:00:00	True	date_same_year_refinement		mmc1.xlsx:22RX24805	https://pmc.ncbi.nlm.nih.gov/articles/PMC11471225/
tail25_49	PRJEB76311	SAMEA115709894	collection_date	2021	29/8/2021	True	date_same_year_refinement		mmc1.xlsx:22RX24825	https://pmc.ncbi.nlm.nih.gov/articles/PMC11471225/
tail25_49	PRJEB76311	SAMEA115709903	collection_date	2021	19/9/2021	True	date_same_year_refinement		mmc1.xlsx:22RX24836	https://pmc.ncbi.nlm.nih.gov/articles/PMC11471225/
tail25_49	PRJEB76311	SAMEA115709905	collection_date	2021	21/9/2021	True	date_same_year_refinement		mmc1.xlsx:22RX24840	https://pmc.ncbi.nlm.nih.gov/articles/PMC11471225/
tail25_49	PRJEB76311	SAMEA115709913	collection_date	2021	29/8/2021	True	date_same_year_refinement		mmc1.xlsx:22RX24856	https://pmc.ncbi.nlm.nih.gov/articles/PMC11471225/
tail25_49	PRJEB76311	SAMEA115709886	collection_date	2021	18/10/2021	True	date_same_year_refinement		mmc1.xlsx:22RX24813	https://pmc.ncbi.nlm.nih.gov/articles/PMC11471225/
tail25_49	PRJEB76311	SAMEA115709888	collection_date	2021	25/10/2021	True	date_same_year_refinement		mmc1.xlsx:22RX24816	https://pmc.ncbi.nlm.nih.gov/articles/PMC11471225/
tail25_49	PRJEB76311	SAMEA115709889	collection_date	2021	27/10/2021	True	date_same_year_refinement		mmc1.xlsx:22RX24817	https://pmc.ncbi.nlm.nih.gov/articles/PMC11471225/
tail25_49	PRJEB76311	SAMEA115709871	collection_date	2021	19/8/2021	True	date_same_year_refinement		mmc1.xlsx:22RX24789	https://pmc.ncbi.nlm.nih.gov/articles/PMC11471225/
tail25_49	PRJEB76311	SAMEA115709892	collection_date	2021	17/8/2021	True	date_same_year_refinement		mmc1.xlsx:22RX24820	https://pmc.ncbi.nlm.nih.gov/articles/PMC11471225/
tail25_49	PRJEB76311	SAMEA115709875	collection_date	2021	2021-11-09 00:00:00	True	date_same_year_refinement		mmc1.xlsx:22RX24797	https://pmc.ncbi.nlm.nih.gov/articles/PMC11471225/
tail25_49	PRJEB76311	SAMEA115709882	collection_date	2021	17/10/2021	True	date_same_year_refinement		mmc1.xlsx:22RX24809	https://pmc.ncbi.nlm.nih.gov/articles/PMC11471225/
tail25_49	PRJEB76311	SAMEA115709885	collection_date	2021	18/10/2021	True	date_same_year_refinement		mmc1.xlsx:22RX24812	https://pmc.ncbi.nlm.nih.gov/articles/PMC11471225/
tail25_49	PRJEB76311	SAMEA115709887	collection_date	2021	18/10/2021	True	date_same_year_refinement		mmc1.xlsx:22RX24814	https://pmc.ncbi.nlm.nih.gov/articles/PMC11471225/
tail25_49	PRJEB76311	SAMEA115709890	collection_date	2021	31/10/2021	True	date_same_year_refinement		mmc1.xlsx:22RX24818	https://pmc.ncbi.nlm.nih.gov/articles/PMC11471225/
tail25_49	PRJEB76311	SAMEA115709891	collection_date	2021	31/10/2021	True	date_same_year_refinement		mmc1.xlsx:22RX24819	https://pmc.ncbi.nlm.nih.gov/articles/PMC11471225/
tail25_49	PRJEB76311	SAMEA115709870	collection_date	2021	18/8/2021	True	date_same_year_refinement		mmc1.xlsx:22RX24788	https://pmc.ncbi.nlm.nih.gov/articles/PMC11471225/
tail25_49	PRJEB76311	SAMEA115709911	collection_date	2021	18/9/2021	True	date_same_year_refinement		mmc1.xlsx:22RX24854	https://pmc.ncbi.nlm.nih.gov/articles/PMC11471225/
tail25_49	PRJEB76311	SAMEA115709867	collection_date	2021	17/8/2021	True	date_same_year_refinement		mmc1.xlsx:22RX24784	https://pmc.ncbi.nlm.nih.gov/articles/PMC11471225/
tail25_49	PRJEB76311	SAMEA115709893	collection_date	2021	16/8/2021	True	date_same_year_refinement		mmc1.xlsx:22RX24821	https://pmc.ncbi.nlm.nih.gov/articles/PMC11471225/
tail25_49	PRJEB76311	SAMEA115709898	collection_date	2021	30/8/2021	True	date_same_year_refinement		mmc1.xlsx:22RX24829	https://pmc.ncbi.nlm.nih.gov/articles/PMC11471225/
tail25_49	PRJEB76311	SAMEA115709899	collection_date	2021	30/8/2021	True	date_same_year_refinement		mmc1.xlsx:22RX24830	https://pmc.ncbi.nlm.nih.gov/articles/PMC11471225/
tail25_49	PRJEB76311	SAMEA115709907	collection_date	2021	2021-04-10 00:00:00	True	date_same_year_refinement		mmc1.xlsx:22RX24846	https://pmc.ncbi.nlm.nih.gov/articles/PMC11471225/
tail25_49	PRJEB76311	SAMEA115709909	collection_date	2021	14/10/2021	True	date_same_year_refinement		mmc1.xlsx:22RX24850	https://pmc.ncbi.nlm.nih.gov/articles/PMC11471225/
tail25_49	PRJEB76311	SAMEA115709912	collection_date	2021	30/8/2021	True	date_same_year_refinement		mmc1.xlsx:22RX24855	https://pmc.ncbi.nlm.nih.gov/articles/PMC11471225/
tail25_49	PRJEB76311	SAMEA115709897	collection_date	2021	30/8/2021	True	date_same_year_refinement		mmc1.xlsx:22RX24828	https://pmc.ncbi.nlm.nih.gov/articles/PMC11471225/
tail25_49	PRJEB76311	SAMEA115709872	collection_date	2021	27/8/2021	True	date_same_year_refinement		mmc1.xlsx:22RX24791	https://pmc.ncbi.nlm.nih.gov/articles/PMC11471225/
tail25_49	PRJEB76311	SAMEA115709895	collection_date	2021	30/8/2021	True	date_same_year_refinement		mmc1.xlsx:22RX24826	https://pmc.ncbi.nlm.nih.gov/articles/PMC11471225/
tail25_49	PRJEB76311	SAMEA115709896	collection_date	2021	30/8/2021	True	date_same_year_refinement		mmc1.xlsx:22RX24827	https://pmc.ncbi.nlm.nih.gov/articles/PMC11471225/
tail25_49	PRJEB76311	SAMEA115709900	collection_date	2021	31/8/2021	True	date_same_year_refinement		mmc1.xlsx:22RX24831	https://pmc.ncbi.nlm.nih.gov/articles/PMC11471225/
tail25_49	PRJEB76311	SAMEA115709901	collection_date	2021	2021-05-09 00:00:00	True	date_same_year_refinement		mmc1.xlsx:22RX24833	https://pmc.ncbi.nlm.nih.gov/articles/PMC11471225/
tail25_49	PRJEB76311	SAMEA115709902	collection_date	2021	19/9/2021	True	date_same_year_refinement		mmc1.xlsx:22RX24835	https://pmc.ncbi.nlm.nih.gov/articles/PMC11471225/
tail25_49	PRJEB76311	SAMEA115709904	collection_date	2021	2021-05-09 00:00:00	True	date_same_year_refinement		mmc1.xlsx:22RX24838	https://pmc.ncbi.nlm.nih.gov/articles/PMC11471225/
tail25_49	PRJEB76311	SAMEA115709906	collection_date	2021	2021-03-10 00:00:00	True	date_same_year_refinement		mmc1.xlsx:22RX24843	https://pmc.ncbi.nlm.nih.gov/articles/PMC11471225/
tail25_49	PRJEB76496	SAMEA115720004	collection_date	2021	2021-09-28 00:00:00	True	date_same_year_refinement		msystems.01128-24-s0008.xlsx:Zagreb001	https://pmc.ncbi.nlm.nih.gov/articles/PMC11834398/
tail25_49	PRJEB76496	SAMEA115720005	collection_date	2021	2021-12-06 00:00:00	True	date_same_year_refinement		msystems.01128-24-s0008.xlsx:Zagreb002	https://pmc.ncbi.nlm.nih.gov/articles/PMC11834398/
tail25_49	PRJEB76496	SAMEA115720006	collection_date	2021	2021-10-12 00:00:00	True	date_same_year_refinement		msystems.01128-24-s0008.xlsx:Zagreb003	https://pmc.ncbi.nlm.nih.gov/articles/PMC11834398/
tail25_49	PRJEB76496	SAMEA115720007	collection_date	2021	2021-09-01 00:00:00	True	date_same_year_refinement		msystems.01128-24-s0008.xlsx:Zagreb004	https://pmc.ncbi.nlm.nih.gov/articles/PMC11834398/
tail25_49	PRJEB76496	SAMEA115720008	collection_date	2021	2021-12-21 00:00:00	True	date_same_year_refinement		msystems.01128-24-s0008.xlsx:Zagreb005	https://pmc.ncbi.nlm.nih.gov/articles/PMC11834398/
tail25_49	PRJEB76496	SAMEA115720009	collection_date	2022	2022-02-04 00:00:00	True	date_same_year_refinement		msystems.01128-24-s0008.xlsx:Zagreb006	https://pmc.ncbi.nlm.nih.gov/articles/PMC11834398/
tail25_49	PRJEB76496	SAMEA115720010	collection_date	2022	2022-01-27 00:00:00	True	date_same_year_refinement		msystems.01128-24-s0008.xlsx:Zagreb007	https://pmc.ncbi.nlm.nih.gov/articles/PMC11834398/
tail25_49	PRJEB76496	SAMEA115720011	collection_date	2022	2022-03-04 00:00:00	True	date_same_year_refinement		msystems.01128-24-s0008.xlsx:Zagreb008	https://pmc.ncbi.nlm.nih.gov/articles/PMC11834398/
tail25_49	PRJEB76496	SAMEA115720012	collection_date	2022	2022-02-14 00:00:00	True	date_same_year_refinement		msystems.01128-24-s0008.xlsx:Zagreb009	https://pmc.ncbi.nlm.nih.gov/articles/PMC11834398/
tail25_49	PRJEB76496	SAMEA115720013	collection_date	2022	2022-03-10 00:00:00	True	date_same_year_refinement		msystems.01128-24-s0008.xlsx:Zagreb010	https://pmc.ncbi.nlm.nih.gov/articles/PMC11834398/
tail25_49	PRJEB76496	SAMEA115720014	collection_date	2022	2022-02-22 00:00:00	True	date_same_year_refinement		msystems.01128-24-s0008.xlsx:Zagreb011	https://pmc.ncbi.nlm.nih.gov/articles/PMC11834398/
tail25_49	PRJEB76496	SAMEA115720015	collection_date	2022	2022-01-28 00:00:00	True	date_same_year_refinement		msystems.01128-24-s0008.xlsx:Zagreb012	https://pmc.ncbi.nlm.nih.gov/articles/PMC11834398/
tail25_49	PRJEB76496	SAMEA115720016	collection_date	2022	2022-01-28 00:00:00	True	date_same_year_refinement		msystems.01128-24-s0008.xlsx:Zagreb013	https://pmc.ncbi.nlm.nih.gov/articles/PMC11834398/
tail25_49	PRJEB76496	SAMEA115720017	collection_date	2022	2022-03-02 00:00:00	True	date_same_year_refinement		msystems.01128-24-s0008.xlsx:Zagreb014	https://pmc.ncbi.nlm.nih.gov/articles/PMC11834398/
tail25_49	PRJEB76496	SAMEA115720018	collection_date	2022	2022-03-29 00:00:00	True	date_same_year_refinement		msystems.01128-24-s0008.xlsx:Zagreb015	https://pmc.ncbi.nlm.nih.gov/articles/PMC11834398/
tail25_49	PRJEB76496	SAMEA115720019	collection_date	2022	2022-04-02 00:00:00	True	date_same_year_refinement		msystems.01128-24-s0008.xlsx:Zagreb016	https://pmc.ncbi.nlm.nih.gov/articles/PMC11834398/
tail25_49	PRJEB76496	SAMEA115720020	collection_date	2022	2022-03-14 00:00:00	True	date_same_year_refinement		msystems.01128-24-s0008.xlsx:Zagreb017	https://pmc.ncbi.nlm.nih.gov/articles/PMC11834398/
tail25_49	PRJEB76496	SAMEA115720021	collection_date	2022	2022-03-01 00:00:00	True	date_same_year_refinement		msystems.01128-24-s0008.xlsx:Zagreb018	https://pmc.ncbi.nlm.nih.gov/articles/PMC11834398/
tail25_49	PRJEB76496	SAMEA115720022	collection_date	2022	2022-03-10 00:00:00	True	date_same_year_refinement		msystems.01128-24-s0008.xlsx:Zagreb019	https://pmc.ncbi.nlm.nih.gov/articles/PMC11834398/
tail25_49	PRJEB76496	SAMEA115720023	collection_date	2022	2022-03-01 00:00:00	True	date_same_year_refinement		msystems.01128-24-s0008.xlsx:Zagreb020	https://pmc.ncbi.nlm.nih.gov/articles/PMC11834398/
tail25_49	PRJEB76496	SAMEA115720024	collection_date	2022	2022-04-05 00:00:00	True	date_same_year_refinement		msystems.01128-24-s0008.xlsx:Zagreb021	https://pmc.ncbi.nlm.nih.gov/articles/PMC11834398/
tail25_49	PRJEB76496	SAMEA115720025	collection_date	2022	2022-03-22 00:00:00	True	date_same_year_refinement		msystems.01128-24-s0008.xlsx:Zagreb022	https://pmc.ncbi.nlm.nih.gov/articles/PMC11834398/
tail25_49	PRJEB76496	SAMEA115720026	collection_date	2022	2022-04-11 00:00:00	True	date_same_year_refinement		msystems.01128-24-s0008.xlsx:Zagreb023	https://pmc.ncbi.nlm.nih.gov/articles/PMC11834398/
tail25_49	PRJEB76496	SAMEA115720027	collection_date	2022	2022-04-11 00:00:00	True	date_same_year_refinement		msystems.01128-24-s0008.xlsx:Zagreb024	https://pmc.ncbi.nlm.nih.gov/articles/PMC11834398/
tail25_49	PRJEB76496	SAMEA115720028	collection_date	2022	2022-04-19 00:00:00	True	date_same_year_refinement		msystems.01128-24-s0008.xlsx:Zagreb025	https://pmc.ncbi.nlm.nih.gov/articles/PMC11834398/
tail25_49	PRJEB76496	SAMEA115720029	collection_date	2022	2022-02-21 00:00:00	True	date_same_year_refinement		msystems.01128-24-s0008.xlsx:Zagreb026	https://pmc.ncbi.nlm.nih.gov/articles/PMC11834398/
tail25_49	PRJEB76496	SAMEA115720030	collection_date	2022	2022-04-26 00:00:00	True	date_same_year_refinement		msystems.01128-24-s0008.xlsx:Zagreb027	https://pmc.ncbi.nlm.nih.gov/articles/PMC11834398/
tail25_49	PRJEB76496	SAMEA115720031	collection_date	2022	2022-04-09 00:00:00	True	date_same_year_refinement		msystems.01128-24-s0008.xlsx:Zagreb028	https://pmc.ncbi.nlm.nih.gov/articles/PMC11834398/
tail25_49	PRJEB76496	SAMEA115720032	collection_date	2022	2022-04-16 00:00:00	True	date_same_year_refinement		msystems.01128-24-s0008.xlsx:Zagreb029	https://pmc.ncbi.nlm.nih.gov/articles/PMC11834398/
tail25_49	PRJEB76496	SAMEA115720033	collection_date	2022	2022-04-22 00:00:00	True	date_same_year_refinement		msystems.01128-24-s0008.xlsx:Zagreb030	https://pmc.ncbi.nlm.nih.gov/articles/PMC11834398/
tail25_49	PRJEB76496	SAMEA115720034	collection_date	2022	2022-03-01 00:00:00	True	date_same_year_refinement		msystems.01128-24-s0008.xlsx:Zagreb031	https://pmc.ncbi.nlm.nih.gov/articles/PMC11834398/
tail25_49	PRJEB76496	SAMEA115720035	collection_date	2022	2022-04-11 00:00:00	True	date_same_year_refinement		msystems.01128-24-s0008.xlsx:Zagreb032	https://pmc.ncbi.nlm.nih.gov/articles/PMC11834398/
tail25_49	PRJEB76496	SAMEA115720036	collection_date	2022	2022-05-06 00:00:00	True	date_same_year_refinement		msystems.01128-24-s0008.xlsx:Zagreb033	https://pmc.ncbi.nlm.nih.gov/articles/PMC11834398/
tail25_49	PRJEB76496	SAMEA115720037	collection_date	2022	2022-04-11 00:00:00	True	date_same_year_refinement		msystems.01128-24-s0008.xlsx:Zagreb034	https://pmc.ncbi.nlm.nih.gov/articles/PMC11834398/
tail25_49	PRJEB76496	SAMEA115720038	collection_date	2020	2020-08-24 00:00:00	True	date_same_year_refinement		msystems.01128-24-s0008.xlsx:Zagreb035	https://pmc.ncbi.nlm.nih.gov/articles/PMC11834398/
tail25_49	PRJEB76496	SAMEA115720039	collection_date	2021	2021-06-28 00:00:00	True	date_same_year_refinement		msystems.01128-24-s0008.xlsx:Zagreb036	https://pmc.ncbi.nlm.nih.gov/articles/PMC11834398/
tail25_49	PRJEB76496	SAMEA115720040	collection_date	2021	2021-09-23 00:00:00	True	date_same_year_refinement		msystems.01128-24-s0008.xlsx:Zagreb037	https://pmc.ncbi.nlm.nih.gov/articles/PMC11834398/
tail25_49	PRJEB76496	SAMEA115720041	collection_date	2021	2021-04-13 00:00:00	True	date_same_year_refinement		msystems.01128-24-s0008.xlsx:Zagreb038	https://pmc.ncbi.nlm.nih.gov/articles/PMC11834398/
tail25_49	PRJEB76496	SAMEA115720042	collection_date	2021	2021-10-04 00:00:00	True	date_same_year_refinement		msystems.01128-24-s0008.xlsx:Zagreb039	https://pmc.ncbi.nlm.nih.gov/articles/PMC11834398/
tail25_49	PRJEB76496	SAMEA115720043	collection_date	2022	2022-05-03 00:00:00	True	date_same_year_refinement		msystems.01128-24-s0008.xlsx:Zagreb041	https://pmc.ncbi.nlm.nih.gov/articles/PMC11834398/
tail25_49	PRJEB76496	SAMEA115720044	collection_date	2022	2022-05-03 00:00:00	True	date_same_year_refinement		msystems.01128-24-s0008.xlsx:Zagreb042	https://pmc.ncbi.nlm.nih.gov/articles/PMC11834398/
tail25_49	PRJEB76496	SAMEA115720045	collection_date	2022	2022-05-02 00:00:00	True	date_same_year_refinement		msystems.01128-24-s0008.xlsx:Zagreb043	https://pmc.ncbi.nlm.nih.gov/articles/PMC11834398/
tail25_49	PRJEB76496	SAMEA115720046	collection_date	2022	2022-05-12 00:00:00	True	date_same_year_refinement		msystems.01128-24-s0008.xlsx:Zagreb044	https://pmc.ncbi.nlm.nih.gov/articles/PMC11834398/
tail25_49	PRJEB76496	SAMEA115720047	collection_date	2022	2022-03-23 00:00:00	True	date_same_year_refinement		msystems.01128-24-s0008.xlsx:Zagreb045	https://pmc.ncbi.nlm.nih.gov/articles/PMC11834398/
tail25_49	PRJEB76496	SAMEA115720048	collection_date	2022	2022-05-06 00:00:00	True	date_same_year_refinement		msystems.01128-24-s0008.xlsx:Zagreb046	https://pmc.ncbi.nlm.nih.gov/articles/PMC11834398/
tail25_49	PRJEB76496	SAMEA115720049	collection_date	2022	2022-01-28 00:00:00	True	date_same_year_refinement		msystems.01128-24-s0008.xlsx:Zagreb047	https://pmc.ncbi.nlm.nih.gov/articles/PMC11834398/
tail25_49	PRJEB8766	SAMEA3304003	isolation_source	sewage	Municipal Wastewater	True	categorical_change		ciz174_suppl_supplementary_table_1.xlsx:ERR972062	https://pmc.ncbi.nlm.nih.gov/articles/PMC6938978/
tail25_49	PRJEB8766	SAMEA3304008	isolation_source	sewage	Hospital Sewage	True	categorical_change		ciz174_suppl_supplementary_table_1.xlsx:ERR972067	https://pmc.ncbi.nlm.nih.gov/articles/PMC6938978/
tail25_49	PRJEB8766	SAMEA3304009	isolation_source	sewage	Hospital Sewage	True	categorical_change		ciz174_suppl_supplementary_table_1.xlsx:ERR972068	https://pmc.ncbi.nlm.nih.gov/articles/PMC6938978/
tail25_49	PRJEB8766	SAMEA3304010	isolation_source	sewage	Hospital Sewage	True	categorical_change		ciz174_suppl_supplementary_table_1.xlsx:ERR972069	https://pmc.ncbi.nlm.nih.gov/articles/PMC6938978/
tail25_49	PRJEB8766	SAMEA3303993	isolation_source	sewage	Municipal Wastewater	True	categorical_change		ciz174_suppl_supplementary_table_1.xlsx:ERR972052	https://pmc.ncbi.nlm.nih.gov/articles/PMC6938978/
tail25_49	PRJEB8766	SAMEA3304011	isolation_source	sewage	Hospital Sewage	True	categorical_change		ciz174_suppl_supplementary_table_1.xlsx:ERR972070	https://pmc.ncbi.nlm.nih.gov/articles/PMC6938978/
tail25_49	PRJEB8766	SAMEA3304013	isolation_source	sewage	Hospital Sewage	True	categorical_change		ciz174_suppl_supplementary_table_1.xlsx:ERR972072	https://pmc.ncbi.nlm.nih.gov/articles/PMC6938978/
tail25_49	PRJEB8766	SAMEA3304016	isolation_source	sewage	Municipal Wastewater	True	categorical_change		ciz174_suppl_supplementary_table_1.xlsx:ERR972075	https://pmc.ncbi.nlm.nih.gov/articles/PMC6938978/
tail25_49	PRJEB8766	SAMEA3304019	isolation_source	sewage	Municipal Wastewater	True	categorical_change		ciz174_suppl_supplementary_table_1.xlsx:ERR972078	https://pmc.ncbi.nlm.nih.gov/articles/PMC6938978/
tail25_49	PRJEB8766	SAMEA3304020	isolation_source	sewage	Municipal Wastewater	True	categorical_change		ciz174_suppl_supplementary_table_1.xlsx:ERR972079	https://pmc.ncbi.nlm.nih.gov/articles/PMC6938978/
tail25_49	PRJEB8766	SAMEA3304021	isolation_source	sewage	Municipal Wastewater	True	categorical_change		ciz174_suppl_supplementary_table_1.xlsx:ERR972080	https://pmc.ncbi.nlm.nih.gov/articles/PMC6938978/
tail25_49	PRJEB8766	SAMEA3303995	isolation_source	sewage	Municipal Wastewater	True	categorical_change		ciz174_suppl_supplementary_table_1.xlsx:ERR972054	https://pmc.ncbi.nlm.nih.gov/articles/PMC6938978/
tail25_49	PRJEB8766	SAMEA3303997	isolation_source	sewage	Municipal Wastewater	True	categorical_change		ciz174_suppl_supplementary_table_1.xlsx:ERR972056	https://pmc.ncbi.nlm.nih.gov/articles/PMC6938978/
tail25_49	PRJEB8766	SAMEA3531564	isolation_source	sewage	Municipal Wastewater	True	categorical_change		ciz174_suppl_supplementary_table_1.xlsx:ERR1216256	https://pmc.ncbi.nlm.nih.gov/articles/PMC6938978/
tail25_49	PRJEB8766	SAMEA3531565	isolation_source	sewage	Municipal Wastewater	True	categorical_change		ciz174_suppl_supplementary_table_1.xlsx:ERR1216257	https://pmc.ncbi.nlm.nih.gov/articles/PMC6938978/
tail25_49	PRJEB8766	SAMEA3531566	isolation_source	sewage	Municipal Wastewater	True	categorical_change		ciz174_suppl_supplementary_table_1.xlsx:ERR1216258	https://pmc.ncbi.nlm.nih.gov/articles/PMC6938978/
tail25_49	PRJEB8766	SAMEA3531567	isolation_source	sewage	Municipal Wastewater	True	categorical_change		ciz174_suppl_supplementary_table_1.xlsx:ERR1216259	https://pmc.ncbi.nlm.nih.gov/articles/PMC6938978/
tail25_49	PRJEB8766	SAMEA3531570	isolation_source	sewage	Municipal Wastewater	True	categorical_change		ciz174_suppl_supplementary_table_1.xlsx:ERR1216262	https://pmc.ncbi.nlm.nih.gov/articles/PMC6938978/
tail25_49	PRJEB8766	SAMEA3531572	isolation_source	sewage	Municipal Wastewater	True	categorical_change		ciz174_suppl_supplementary_table_1.xlsx:ERR1216264	https://pmc.ncbi.nlm.nih.gov/articles/PMC6938978/
tail25_49	PRJEB8766	SAMEA3531573	isolation_source	sewage	Hospital Sewage	True	categorical_change		ciz174_suppl_supplementary_table_1.xlsx:ERR1216265	https://pmc.ncbi.nlm.nih.gov/articles/PMC6938978/
tail25_49	PRJEB8766	SAMEA3531574	isolation_source	sewage	Municipal Wastewater	True	categorical_change		ciz174_suppl_supplementary_table_1.xlsx:ERR1216266	https://pmc.ncbi.nlm.nih.gov/articles/PMC6938978/
tail25_49	PRJEB8766	SAMEA3531575	isolation_source	sewage	Municipal Wastewater	True	categorical_change		ciz174_suppl_supplementary_table_1.xlsx:ERR1216267	https://pmc.ncbi.nlm.nih.gov/articles/PMC6938978/
tail25_49	PRJEB8766	SAMEA3531576	isolation_source	sewage	Municipal Wastewater	True	categorical_change		ciz174_suppl_supplementary_table_1.xlsx:ERR1216268	https://pmc.ncbi.nlm.nih.gov/articles/PMC6938978/
tail25_49	PRJEB8766	SAMEA3531577	isolation_source	sewage	Municipal Wastewater	True	categorical_change		ciz174_suppl_supplementary_table_1.xlsx:ERR1216269	https://pmc.ncbi.nlm.nih.gov/articles/PMC6938978/
tail25_49	PRJNA741123	SAMN19855423	isolation_source	Room_2_C_Organism_2	InRoom_Sink_drain	True	categorical_change		43856_2022_124_MOESM2_ESM.xlsx:7822-44-C2	https://pmc.ncbi.nlm.nih.gov/articles/PMC9160058/
tail25_49	PRJNA741123	SAMN19855439	isolation_source	Room_6_E_Organism_4	Bathroom_Sink_drain	True	categorical_change		43856_2022_124_MOESM2_ESM.xlsx:7824-22-E4	https://pmc.ncbi.nlm.nih.gov/articles/PMC9160058/
tail25_49	PRJNA741123	SAMN19855089	isolation_source	Blood_Blood	Blood	True	categorical_change	shortened	43856_2022_124_MOESM2_ESM.xlsx:Blood-WK8-015	https://pmc.ncbi.nlm.nih.gov/articles/PMC9160058/
tail25_49	PRJNA741123	SAMN19855088	isolation_source	Blood_Blood	Blood	True	categorical_change	shortened	43856_2022_124_MOESM2_ESM.xlsx:Blood-WK8-014	https://pmc.ncbi.nlm.nih.gov/articles/PMC9160058/
tail25_49	PRJNA741123	SAMN19855112	isolation_source	Blood_Blood	Blood	True	categorical_change	shortened	43856_2022_124_MOESM2_ESM.xlsx:Blood-WK37-036	https://pmc.ncbi.nlm.nih.gov/articles/PMC9160058/
tail25_49	PRJNA741123	SAMN19855083	isolation_source	Blood_Blood	Blood	True	categorical_change	shortened	43856_2022_124_MOESM2_ESM.xlsx:Blood-WK0-009	https://pmc.ncbi.nlm.nih.gov/articles/PMC9160058/
tail25_49	PRJNA741123	SAMN19855160	isolation_source	Blood_Blood	Blood	True	categorical_change	shortened	43856_2022_124_MOESM2_ESM.xlsx:Blood-WK7-066	https://pmc.ncbi.nlm.nih.gov/articles/PMC9160058/
tail25_49	PRJNA741123	SAMN19855087	isolation_source	Blood_Blood	Blood	True	categorical_change	shortened	43856_2022_124_MOESM2_ESM.xlsx:Blood-WK7-013	https://pmc.ncbi.nlm.nih.gov/articles/PMC9160058/
tail25_49	PRJNA741123	SAMN19855090	isolation_source	Blood_Blood	Blood	True	categorical_change	shortened	43856_2022_124_MOESM2_ESM.xlsx:Blood-WK8-016	https://pmc.ncbi.nlm.nih.gov/articles/PMC9160058/
tail25_49	PRJNA741123	SAMN19855092	isolation_source	Blood_Blood	Blood	True	categorical_change	shortened	43856_2022_124_MOESM2_ESM.xlsx:Blood-WK8-018	https://pmc.ncbi.nlm.nih.gov/articles/PMC9160058/
tail25_49	PRJNA741123	SAMN19855094	isolation_source	Blood_Blood	Blood	True	categorical_change	shortened	43856_2022_124_MOESM2_ESM.xlsx:Blood-WK11-020	https://pmc.ncbi.nlm.nih.gov/articles/PMC9160058/
tail25_49	PRJNA741123	SAMN19855095	isolation_source	Blood_Blood	Blood	True	categorical_change	shortened	43856_2022_124_MOESM2_ESM.xlsx:Blood-WK14-021	https://pmc.ncbi.nlm.nih.gov/articles/PMC9160058/
tail25_49	PRJNA741123	SAMN19855097	isolation_source	Blood_Blood	Blood	True	categorical_change	shortened	43856_2022_124_MOESM2_ESM.xlsx:Blood-WK23-023	https://pmc.ncbi.nlm.nih.gov/articles/PMC9160058/
tail25_49	PRJNA741123	SAMN19855108	isolation_source	Blood_Blood	Blood	True	categorical_change	shortened	43856_2022_124_MOESM2_ESM.xlsx:Blood-WK34-033	https://pmc.ncbi.nlm.nih.gov/articles/PMC9160058/
tail25_49	PRJNA741123	SAMN19855110	isolation_source	Blood_Blood	Blood	True	categorical_change	shortened	43856_2022_124_MOESM2_ESM.xlsx:Blood-WK37-034	https://pmc.ncbi.nlm.nih.gov/articles/PMC9160058/
tail25_49	PRJNA741123	SAMN19855111	isolation_source	Blood_Blood	Blood	True	categorical_change	shortened	43856_2022_124_MOESM2_ESM.xlsx:Blood-WK37-035	https://pmc.ncbi.nlm.nih.gov/articles/PMC9160058/
tail25_49	PRJNA741123	SAMN19855115	isolation_source	Blood_Blood	Blood	True	categorical_change	shortened	43856_2022_124_MOESM2_ESM.xlsx:Blood-WK38-0782	https://pmc.ncbi.nlm.nih.gov/articles/PMC9160058/
tail25_49	PRJNA741123	SAMN19855117	isolation_source	Blood_Blood	Blood	True	categorical_change	shortened	43856_2022_124_MOESM2_ESM.xlsx:Blood-WK42-039	https://pmc.ncbi.nlm.nih.gov/articles/PMC9160058/
tail25_49	PRJNA741123	SAMN19855118	isolation_source	Blood_Blood	Blood	True	categorical_change	shortened	43856_2022_124_MOESM2_ESM.xlsx:Blood-WK45-040	https://pmc.ncbi.nlm.nih.gov/articles/PMC9160058/
tail25_49	PRJNA741123	SAMN19855119	isolation_source	Blood_Blood	Blood	True	categorical_change	shortened	43856_2022_124_MOESM2_ESM.xlsx:Blood-WK45-041	https://pmc.ncbi.nlm.nih.gov/articles/PMC9160058/
tail25_49	PRJNA741123	SAMN19855124	isolation_source	Blood_Blood	Blood	True	categorical_change	shortened	43856_2022_124_MOESM2_ESM.xlsx:Blood-WK51-044	https://pmc.ncbi.nlm.nih.gov/articles/PMC9160058/
tail25_49	PRJNA741123	SAMN19855142	isolation_source	Blood_Blood	Blood	True	categorical_change	shortened	43856_2022_124_MOESM2_ESM.xlsx:Blood-WK57-054	https://pmc.ncbi.nlm.nih.gov/articles/PMC9160058/
tail25_49	PRJNA741123	SAMN19855143	isolation_source	Blood_Blood	Blood	True	categorical_change	shortened	43856_2022_124_MOESM2_ESM.xlsx:Blood-WK58-055	https://pmc.ncbi.nlm.nih.gov/articles/PMC9160058/
tail25_49	PRJNA741123	SAMN19855542	isolation_source	ST1_Stool_Organism_2	Stool	True	categorical_change	shortened	43856_2022_124_MOESM2_ESM.xlsx:NewBuildingStools-30-ST1Org2	https://pmc.ncbi.nlm.nih.gov/articles/PMC9160058/
tail25_49	PRJNA741123	SAMN19855552	isolation_source	ST2_Stool_Organism_1	Stool	True	categorical_change	shortened	43856_2022_124_MOESM2_ESM.xlsx:NewBuildingStools-51-ST2Org1	https://pmc.ncbi.nlm.nih.gov/articles/PMC9160058/
tail25_49	PRJNA741123	SAMN19855546	isolation_source	ST3_Stool_Organism_1	Stool	True	categorical_change	shortened	43856_2022_124_MOESM2_ESM.xlsx:NewBuildingStools-44-ST3Org1	https://pmc.ncbi.nlm.nih.gov/articles/PMC9160058/
tail25_49	PRJNA741123	SAMN19855585	isolation_source	ST3_Stool_Organism_3	Stool	True	categorical_change	shortened	43856_2022_124_MOESM2_ESM.xlsx:WK14-ST3-3	https://pmc.ncbi.nlm.nih.gov/articles/PMC9160058/
tail25_49	PRJNA741123	SAMN19855562	isolation_source	ST4_Stool_Organism_2	Stool	True	categorical_change	shortened	43856_2022_124_MOESM2_ESM.xlsx:OldBuildingStools-01-ST4Org2	https://pmc.ncbi.nlm.nih.gov/articles/PMC9160058/
tail25_49	PRJNA741123	SAMN19855538	isolation_source	ST4_Stool_Organism_2	Stool	True	categorical_change	shortened	43856_2022_124_MOESM2_ESM.xlsx:NewBuildingStools-22-ST4Org2	https://pmc.ncbi.nlm.nih.gov/articles/PMC9160058/
tail25_49	PRJNA741123	SAMN19855564	isolation_source	ST4_Stool_Organism_4	Stool	True	categorical_change	shortened	43856_2022_124_MOESM2_ESM.xlsx:OldBuildingStools-01-ST4Org4	https://pmc.ncbi.nlm.nih.gov/articles/PMC9160058/
tail25_49	PRJNA741123	SAMN19855565	isolation_source	ST4_Stool_Organism_6	Stool	True	categorical_change	shortened	43856_2022_124_MOESM2_ESM.xlsx:OldBuildingStools-01-ST4Org6	https://pmc.ncbi.nlm.nih.gov/articles/PMC9160058/
tail25_49	PRJNA744003	SAMN20064863	country	Switzerland	Australia	True	categorical_change		21-1265-Techapp-s1.pdf:N1130	https://pmc.ncbi.nlm.nih.gov/articles/PMC8462332/
tail25_49	PRJNA744003	SAMN20064867	country	Switzerland	UAE	True	categorical_change		21-1265-Techapp-s1.pdf:N1154	https://pmc.ncbi.nlm.nih.gov/articles/PMC8462332/
tail25_49	PRJNA744003	SAMN20064868	country	Switzerland	Myanmar	True	categorical_change		21-1265-Techapp-s1.pdf:N1159	https://pmc.ncbi.nlm.nih.gov/articles/PMC8462332/
tail25_49	PRJNA744003	SAMN20064869	country	Switzerland	Czechia	True	categorical_change		21-1265-Techapp-s1.pdf:N1184	https://pmc.ncbi.nlm.nih.gov/articles/PMC8462332/
tail25_49	PRJNA744003	SAMN20064871	country	Switzerland	Myanmar	True	categorical_change		21-1265-Techapp-s1.pdf:N1232	https://pmc.ncbi.nlm.nih.gov/articles/PMC8462332/
tail25_49	PRJNA744003	SAMN20064882	country	Switzerland	Myanmar	True	categorical_change		21-1265-Techapp-s1.pdf:N1418	https://pmc.ncbi.nlm.nih.gov/articles/PMC8462332/
tail25_49	PRJNA744003	SAMN20064949	country	Switzerland	Myanmar	True	categorical_change		21-1265-Techapp-s1.pdf:N1436	https://pmc.ncbi.nlm.nih.gov/articles/PMC8462332/
tail25_49	PRJNA744003	SAMN20064884	country	Switzerland	Myanmar	True	categorical_change		21-1265-Techapp-s1.pdf:N1437	https://pmc.ncbi.nlm.nih.gov/articles/PMC8462332/
tail25_49	PRJNA744003	SAMN20064887	country	Switzerland	Myanmar	True	categorical_change		21-1265-Techapp-s1.pdf:N1448	https://pmc.ncbi.nlm.nih.gov/articles/PMC8462332/
tail25_49	PRJNA744003	SAMN20064938	country	Switzerland	USA	True	categorical_change		21-1265-Techapp-s1.pdf:N1605	https://pmc.ncbi.nlm.nih.gov/articles/PMC8462332/
tail25_49	PRJNA744003	SAMN20064900	country	Switzerland	USA	True	categorical_change		21-1265-Techapp-s1.pdf:N1626	https://pmc.ncbi.nlm.nih.gov/articles/PMC8462332/
tail25_49	PRJNA744003	SAMN20064947	country	Switzerland	USA	True	categorical_change		21-1265-Techapp-s1.pdf:N1683	https://pmc.ncbi.nlm.nih.gov/articles/PMC8462332/
tail25_49	PRJNA744003	SAMN20064940	country	Switzerland	Myanmar	True	categorical_change		21-1265-Techapp-s1.pdf:N1692	https://pmc.ncbi.nlm.nih.gov/articles/PMC8462332/
tail25_49	PRJNA744003	SAMN20064941	country	Switzerland	China	True	categorical_change		21-1265-Techapp-s1.pdf:N1694	https://pmc.ncbi.nlm.nih.gov/articles/PMC8462332/
tail25_49	PRJNA744003	SAMN20064942	country	Switzerland	Australia	True	categorical_change		21-1265-Techapp-s1.pdf:N1696	https://pmc.ncbi.nlm.nih.gov/articles/PMC8462332/
tail25_49	PRJNA744003	SAMN20064944	country	Switzerland	Myanmar	True	categorical_change		21-1265-Techapp-s1.pdf:N1712	https://pmc.ncbi.nlm.nih.gov/articles/PMC8462332/
tail10_24	PRJEB34353	SAMEA5949538	isolation_source	clinical sample	catheter	True	categorical_change		Table_1.xlsx:22-16	https://pmc.ncbi.nlm.nih.gov/articles/PMC6929489/
tail10_24	PRJEB34353	SAMEA5949540	isolation_source	clinical sample	rectal	True	categorical_change		Table_1.xlsx:22-17	https://pmc.ncbi.nlm.nih.gov/articles/PMC6929489/
tail10_24	PRJEB34353	SAMEA5949541	isolation_source	clinical sample	rectal	True	categorical_change		Table_1.xlsx:24-17	https://pmc.ncbi.nlm.nih.gov/articles/PMC6929489/
tail10_24	PRJEB34353	SAMEA5949542	isolation_source	clinical sample	rectal	True	categorical_change		Table_1.xlsx:26-17	https://pmc.ncbi.nlm.nih.gov/articles/PMC6929489/
tail10_24	PRJEB34353	SAMEA5949543	isolation_source	clinical sample	rectal	True	categorical_change		Table_1.xlsx:211-17	https://pmc.ncbi.nlm.nih.gov/articles/PMC6929489/
tail10_24	PRJEB34353	SAMEA5949544	isolation_source	clinical sample	rectal	True	categorical_change		Table_1.xlsx:213-17	https://pmc.ncbi.nlm.nih.gov/articles/PMC6929489/
tail10_24	PRJEB34353	SAMEA5949545	isolation_source	clinical sample	rectal	True	categorical_change		Table_1.xlsx:689-17	https://pmc.ncbi.nlm.nih.gov/articles/PMC6929489/
tail10_24	PRJEB34353	SAMEA5949546	isolation_source	clinical sample	rectal	True	categorical_change		Table_1.xlsx:691-17	https://pmc.ncbi.nlm.nih.gov/articles/PMC6929489/
tail10_24	PRJEB34353	SAMEA5949547	isolation_source	clinical sample	rectal	True	categorical_change		Table_1.xlsx:693-17	https://pmc.ncbi.nlm.nih.gov/articles/PMC6929489/
tail10_24	PRJEB34353	SAMEA5949548	isolation_source	clinical sample	rectal	True	categorical_change		Table_1.xlsx:694-17	https://pmc.ncbi.nlm.nih.gov/articles/PMC6929489/
tail10_24	PRJEB34353	SAMEA5949549	isolation_source	environmental sample	rinse water	True	categorical_change		Table_1.xlsx:697-17	https://pmc.ncbi.nlm.nih.gov/articles/PMC6929489/
tail10_24	PRJEB34353	SAMEA5949550	isolation_source	clinical sample	rectal	True	categorical_change		Table_1.xlsx:1087-16	https://pmc.ncbi.nlm.nih.gov/articles/PMC6929489/
tail10_24	PRJEB34353	SAMEA5949551	isolation_source	clinical sample	rectal	True	categorical_change		Table_1.xlsx:28-17	https://pmc.ncbi.nlm.nih.gov/articles/PMC6929489/
tail10_24	PRJEB34353	SAMEA5949552	isolation_source	clinical sample	rectal	True	categorical_change		Table_1.xlsx:685-17	https://pmc.ncbi.nlm.nih.gov/articles/PMC6929489/
tail10_24	PRJEB34353	SAMEA5949553	isolation_source	clinical sample	intraabdominal	True	categorical_change		Table_1.xlsx:686-17	https://pmc.ncbi.nlm.nih.gov/articles/PMC6929489/
tail10_24	PRJEB34353	SAMEA5949555	isolation_source	clinical sample	rectal	True	categorical_change		Table_1.xlsx:1081-16	https://pmc.ncbi.nlm.nih.gov/articles/PMC6929489/
tail10_24	PRJEB34353	SAMEA5949557	isolation_source	clinical sample	rectal	True	categorical_change		Table_1.xlsx:1086-16	https://pmc.ncbi.nlm.nih.gov/articles/PMC6929489/
tail10_24	PRJEB34353	SAMEA5949559	isolation_source	clinical sample	rectal	True	categorical_change		Table_1.xlsx:692-17	https://pmc.ncbi.nlm.nih.gov/articles/PMC6929489/
tail10_24	PRJEB34353	SAMEA5949560	isolation_source	clinical sample	rectal	True	categorical_change		Table_1.xlsx:696-17	https://pmc.ncbi.nlm.nih.gov/articles/PMC6929489/
tail10_24	PRJEB38898	SAMEA6963083	collection_date	2019	2020-08-01 00:00:00	True	date_year_changed	year_changed	mgen-7-0519-s002.xlsx:ERS4672944	https://pmc.ncbi.nlm.nih.gov/articles/PMC8190610/
tail10_24	PRJEB38898	SAMEA6963084	collection_date	2019	2020-08-01 00:00:00	True	date_year_changed	year_changed	mgen-7-0519-s002.xlsx:ERS4672945	https://pmc.ncbi.nlm.nih.gov/articles/PMC8190610/
tail10_24	PRJEB38898	SAMEA6963085	isolation_source	BAL	BAL	False	no_change	no_change	mgen-7-0519-s002.xlsx:ERS4672946	https://pmc.ncbi.nlm.nih.gov/articles/PMC8190610/
tail10_24	PRJEB38898	SAMEA6963086	isolation_source	BAL	BAL	False	no_change	no_change	mgen-7-0519-s002.xlsx:ERS4672947	https://pmc.ncbi.nlm.nih.gov/articles/PMC8190610/
tail10_24	PRJEB38898	SAMEA6963087	isolation_source	blood	BLOOD	False	no_change	no_change	mgen-7-0519-s002.xlsx:ERS4672948	https://pmc.ncbi.nlm.nih.gov/articles/PMC8190610/
tail10_24	PRJEB38898	SAMEA6963088	isolation_source	BAL	BAL	False	no_change	no_change	mgen-7-0519-s002.xlsx:ERS4672949	https://pmc.ncbi.nlm.nih.gov/articles/PMC8190610/
tail10_24	PRJEB38898	SAMEA6963089	isolation_source	urine	URINE	False	no_change	no_change	mgen-7-0519-s002.xlsx:ERS4672950	https://pmc.ncbi.nlm.nih.gov/articles/PMC8190610/
tail10_24	PRJEB38898	SAMEA6963090	isolation_source	pus	PUS	False	no_change	no_change	mgen-7-0519-s002.xlsx:ERS4672951	https://pmc.ncbi.nlm.nih.gov/articles/PMC8190610/
tail10_24	PRJEB38898	SAMEA6963080	isolation_source	tracheal aspirate	Tracheal aspirate	False	no_change	no_change	mgen-7-0519-s002.xlsx:ERS4672941	https://pmc.ncbi.nlm.nih.gov/articles/PMC8190610/
tail10_24	PRJEB38898	SAMEA6963082	isolation_source	blood	BLOOD	False	no_change	no_change	mgen-7-0519-s002.xlsx:ERS4672943	https://pmc.ncbi.nlm.nih.gov/articles/PMC8190610/
tail10_24	PRJEB38898	SAMEA6963083	isolation_source	environment swab	Bed rail	True	categorical_change		mgen-7-0519-s002.xlsx:ERS4672944	https://pmc.ncbi.nlm.nih.gov/articles/PMC8190610/
tail10_24	PRJEB38898	SAMEA6963084	isolation_source	environment	Blood pressure cuff	True	categorical_change		mgen-7-0519-s002.xlsx:ERS4672945	https://pmc.ncbi.nlm.nih.gov/articles/PMC8190610/
