field	study_accession	n_records	completeness	n_blank	status	n_filled
collection_date	PRJEB12361	3	0.0	3	covered	3
collection_date	PRJEB19677	8	0.0	8	covered	8
collection_date	PRJEB26677	6	0.0	6	covered	6
collection_date	PRJEB28522	5	0.0	5	covered	5
collection_date	PRJEB48690	6	0.0	6	covered	6
collection_date	PRJEB49171	2	0.0	2	covered	2
collection_date	PRJEB58069	9	0.0	9	covered	9
collection_date	PRJEB71714	1	0.0	1	covered	1
collection_date	PRJEB8575	1	0.0	1	covered	1
collection_date	PRJNA1001661	9	0.0	9	covered	9
collection_date	PRJNA1100498	3	0.667	1	covered	1
collection_date	PRJNA343442,PRJNA175243	1	0.0	1	covered	1
collection_date	PRJNA592166	1	0.0	1	covered	1
collection_date	PRJNA695302	1	0.0	1	covered	1
collection_date	PRJNA73843	1	0.0	1	covered	1
collection_date	PRJNA746575	3	0.0	3	covered	3
collection_date	PRJNA774508	3	0.667	1	covered	1
collection_date	PRJNA917297	1	0.0	1	covered	1
collection_date	PRJDB11476	1	0.0	1	residual_per_sample	0
collection_date	PRJDB1836	1	0.0	1	residual_per_sample	0
collection_date	PRJDB2133	1	0.0	1	residual_per_sample	0
collection_date	PRJDB2159	1	0.0	1	residual_per_sample	0
collection_date	PRJDB2238	1	0.0	1	residual_per_sample	0
collection_date	PRJDB2655	1	0.0	1	residual_per_sample	0
collection_date	PRJDB7330	5	0.0	5	residual_per_sample	0
collection_date	PRJDB9509	7	0.0	7	residual_per_sample	0
collection_date	PRJEB10263	2	0.0	2	residual_per_sample	0
collection_date	PRJEB11503	1	0.0	1	residual_per_sample	0
collection_date	PRJEB11876	1	0.0	1	residual_per_sample	0
collection_date	PRJEB12513	3	0.0	3	residual_per_sample	0
collection_date	PRJEB12887	1	0.0	1	residual_per_sample	0
collection_date	PRJEB13482	1	0.0	1	residual_per_sample	0
collection_date	PRJEB14050	1	0.0	1	residual_per_sample	0
collection_date	PRJEB14232	1	0.0	1	residual_per_sample	0
collection_date	PRJEB14648	2	0.0	2	residual_per_sample	0
collection_date	PRJEB15430	1	0.0	1	residual_per_sample	0
collection_date	PRJEB17631	2	0.0	2	residual_per_sample	0
collection_date	PRJEB18525	2	0.0	2	residual_per_sample	0
collection_date	PRJEB18589	1	0.0	1	residual_per_sample	0
collection_date	PRJEB19657	5	0.0	5	residual_per_sample	0
collection_date	PRJEB20135	1	0.0	1	residual_per_sample	0
collection_date	PRJEB20557	1	0.0	1	residual_per_sample	0
collection_date	PRJEB20897	1	0.0	1	residual_per_sample	0
collection_date	PRJEB20997	3	0.0	3	residual_per_sample	0
collection_date	PRJEB21566	1	0.0	1	residual_per_sample	0
collection_date	PRJEB22119	1	0.0	1	residual_per_sample	0
collection_date	PRJEB2215	1	0.0	1	residual_per_sample	0
collection_date	PRJEB22207	1	0.0	1	residual_per_sample	0
collection_date	PRJEB23294	5	0.0	5	residual_per_sample	0
collection_date	PRJEB23315	6	0.0	6	residual_per_sample	0
collection_date	PRJEB23879	5	0.0	5	residual_per_sample	0
collection_date	PRJEB24638	1	0.0	1	residual_per_sample	0
collection_date	PRJEB25425	2	0.0	2	residual_per_sample	0
collection_date	PRJEB2581	1	0.0	1	residual_per_sample	0
collection_date	PRJEB25904	7	0.0	7	residual_per_sample	0
collection_date	PRJEB26081	5	0.0	5	residual_per_sample	0
collection_date	PRJEB26512	1	0.0	1	residual_per_sample	0
collection_date	PRJEB27400	1	0.0	1	residual_per_sample	0
collection_date	PRJEB2779	1	0.0	1	residual_per_sample	0
collection_date	PRJEB2801	1	0.0	1	residual_per_sample	0
collection_date	PRJEB28327	1	0.0	1	residual_per_sample	0
collection_date	PRJEB2968	1	0.0	1	residual_per_sample	0
collection_date	PRJEB29743	1	0.0	1	residual_per_sample	0
collection_date	PRJEB29928	5	0.4	3	residual_per_sample	0
collection_date	PRJEB30066	3	0.0	3	residual_per_sample	0
collection_date	PRJEB3184	1	0.0	1	residual_per_sample	0
collection_date	PRJEB31941	3	0.0	3	residual_per_sample	0
collection_date	PRJEB32059	2	0.0	2	residual_per_sample	0
collection_date	PRJEB3215	1	0.0	1	residual_per_sample	0
collection_date	PRJEB32402	1	0.0	1	residual_per_sample	0
collection_date	PRJEB32700	4	0.0	4	residual_per_sample	0
collection_date	PRJEB33296	1	0.0	1	residual_per_sample	0
collection_date	PRJEB33365	2	0.0	2	residual_per_sample	0
collection_date	PRJEB3353	2	0.5	1	residual_per_sample	0
collection_date	PRJEB34232	1	0.0	1	residual_per_sample	0
collection_date	PRJEB34874	6	0.0	6	residual_per_sample	0
collection_date	PRJEB35084	1	0.0	1	residual_per_sample	0
collection_date	PRJEB36448	2	0.0	2	residual_per_sample	0
collection_date	PRJEB39709	4	0.0	4	residual_per_sample	0
collection_date	PRJEB39816	7	0.0	7	residual_per_sample	0
collection_date	PRJEB41009	5	0.0	5	residual_per_sample	0
collection_date	PRJEB41279	2	0.0	2	residual_per_sample	0
collection_date	PRJEB43975	1	0.0	1	residual_per_sample	0
collection_date	PRJEB44490	2	0.0	2	residual_per_sample	0
collection_date	PRJEB4506	2	0.0	2	residual_per_sample	0
collection_date	PRJEB45084	6	0.167	5	residual_per_sample	0
collection_date	PRJEB4649	1	0.0	1	residual_per_sample	0
collection_date	PRJEB51164	1	0.0	1	residual_per_sample	0
collection_date	PRJEB52722	2	0.0	2	residual_per_sample	0
collection_date	PRJEB53460	4	0.0	4	residual_per_sample	0
collection_date	PRJEB53512	8	0.125	7	residual_per_sample	0
collection_date	PRJEB54871	5	0.0	5	residual_per_sample	0
collection_date	PRJEB55904	1	0.0	1	residual_per_sample	0
collection_date	PRJEB59061	1	0.0	1	residual_per_sample	0
collection_date	PRJEB59337	5	0.0	5	residual_per_sample	0
collection_date	PRJEB60446	2	0.0	2	residual_per_sample	0
collection_date	PRJEB6416	1	0.0	1	residual_per_sample	0
collection_date	PRJEB66292	1	0.0	1	residual_per_sample	0
collection_date	PRJEB6657	1	0.0	1	residual_per_sample	0
collection_date	PRJEB6921	3	0.0	3	residual_per_sample	0
collection_date	PRJEB75816	2	0.0	2	residual_per_sample	0
collection_date	PRJEB7689	4	0.0	4	residual_per_sample	0
collection_date	PRJEB76944	8	0.0	8	residual_per_sample	0
collection_date	PRJEB8104	4	0.0	4	residual_per_sample	0
collection_date	PRJEB8302	3	0.0	3	residual_per_sample	0
collection_date	PRJEB8303	1	0.0	1	residual_per_sample	0
collection_date	PRJEB8559	1	0.0	1	residual_per_sample	0
collection_date	PRJEB8721	2	0.0	2	residual_per_sample	0
collection_date	PRJEB8768	1	0.0	1	residual_per_sample	0
collection_date	PRJEB9173	1	0.0	1	residual_per_sample	0
collection_date	PRJEB9644	1	0.0	1	residual_per_sample	0
collection_date	PRJEB9824	4	0.0	4	residual_per_sample	0
collection_date	PRJNA1003529	7	0.0	7	residual_per_sample	0
collection_date	PRJNA1029809	8	0.0	8	residual_per_sample	0
collection_date	PRJNA1031676	3	0.0	3	residual_per_sample	0
collection_date	PRJNA1037744	4	0.0	4	residual_per_sample	0
collection_date	PRJNA1040118	9	0.0	9	residual_per_sample	0
collection_date	PRJNA1064853	2	0.0	2	residual_per_sample	0
collection_date	PRJNA1066419	1	0.0	1	residual_per_sample	0
collection_date	PRJNA1067287	4	0.0	4	residual_per_sample	0
collection_date	PRJNA1088746	1	0.0	1	residual_per_sample	0
collection_date	PRJNA1100205	9	0.0	9	residual_per_sample	0
collection_date	PRJNA1100308	1	0.0	1	residual_per_sample	0
collection_date	PRJNA1101420	6	0.0	6	residual_per_sample	0
collection_date	PRJNA1128528	8	0.0	8	residual_per_sample	0
collection_date	PRJNA1134078	5	0.0	5	residual_per_sample	0
collection_date	PRJNA161277	1	0.0	1	residual_per_sample	0
collection_date	PRJNA165913	1	0.0	1	residual_per_sample	0
collection_date	PRJNA168337	1	0.0	1	residual_per_sample	0
collection_date	PRJNA169453	1	0.0	1	residual_per_sample	0
collection_date	PRJNA169454	1	0.0	1	residual_per_sample	0
collection_date	PRJNA169455	1	0.0	1	residual_per_sample	0
collection_date	PRJNA169456	1	0.0	1	residual_per_sample	0
collection_date	PRJNA181050	1	0.0	1	residual_per_sample	0
collection_date	PRJNA181051	1	0.0	1	residual_per_sample	0
collection_date	PRJNA181052	1	0.0	1	residual_per_sample	0
collection_date	PRJNA184888	6	0.0	6	residual_per_sample	0
collection_date	PRJNA187279	1	0.0	1	residual_per_sample	0
collection_date	PRJNA187280	1	0.0	1	residual_per_sample	0
collection_date	PRJNA187281	1	0.0	1	residual_per_sample	0
collection_date	PRJNA187283	1	0.0	1	residual_per_sample	0
collection_date	PRJNA187284	1	0.0	1	residual_per_sample	0
collection_date	PRJNA187285	1	0.0	1	residual_per_sample	0
collection_date	PRJNA187286	1	0.0	1	residual_per_sample	0
collection_date	PRJNA187287	1	0.0	1	residual_per_sample	0
collection_date	PRJNA187288	1	0.0	1	residual_per_sample	0
collection_date	PRJNA187289	1	0.0	1	residual_per_sample	0
collection_date	PRJNA187290	1	0.0	1	residual_per_sample	0
collection_date	PRJNA187291	1	0.0	1	residual_per_sample	0
collection_date	PRJNA187292	1	0.0	1	residual_per_sample	0
collection_date	PRJNA187293	1	0.0	1	residual_per_sample	0
collection_date	PRJNA187294	1	0.0	1	residual_per_sample	0
collection_date	PRJNA187295	1	0.0	1	residual_per_sample	0
collection_date	PRJNA187296	1	0.0	1	residual_per_sample	0
collection_date	PRJNA187297	1	0.0	1	residual_per_sample	0
collection_date	PRJNA187298	1	0.0	1	residual_per_sample	0
collection_date	PRJNA187299	1	0.0	1	residual_per_sample	0
collection_date	PRJNA187300	1	0.0	1	residual_per_sample	0
collection_date	PRJNA187301	1	0.0	1	residual_per_sample	0
collection_date	PRJNA187302	1	0.0	1	residual_per_sample	0
collection_date	PRJNA187303	1	0.0	1	residual_per_sample	0
collection_date	PRJNA187304	1	0.0	1	residual_per_sample	0
collection_date	PRJNA187305	1	0.0	1	residual_per_sample	0
collection_date	PRJNA187306	1	0.0	1	residual_per_sample	0
collection_date	PRJNA187307	1	0.0	1	residual_per_sample	0
collection_date	PRJNA187308	1	0.0	1	residual_per_sample	0
collection_date	PRJNA187309	1	0.0	1	residual_per_sample	0
collection_date	PRJNA187310	1	0.0	1	residual_per_sample	0
collection_date	PRJNA187311	1	0.0	1	residual_per_sample	0
collection_date	PRJNA187312	1	0.0	1	residual_per_sample	0
collection_date	PRJNA187313	1	0.0	1	residual_per_sample	0
collection_date	PRJNA187314	1	0.0	1	residual_per_sample	0
collection_date	PRJNA187315	1	0.0	1	residual_per_sample	0
collection_date	PRJNA187316	1	0.0	1	residual_per_sample	0
collection_date	PRJNA187317	1	0.0	1	residual_per_sample	0
collection_date	PRJNA187318	1	0.0	1	residual_per_sample	0
collection_date	PRJNA187319	1	0.0	1	residual_per_sample	0
collection_date	PRJNA187320	1	0.0	1	residual_per_sample	0
collection_date	PRJNA187321	1	0.0	1	residual_per_sample	0
collection_date	PRJNA187322	1	0.0	1	residual_per_sample	0
collection_date	PRJNA187323	1	0.0	1	residual_per_sample	0
collection_date	PRJNA187324	1	0.0	1	residual_per_sample	0
collection_date	PRJNA187325	1	0.0	1	residual_per_sample	0
collection_date	PRJNA187326	1	0.0	1	residual_per_sample	0
collection_date	PRJNA193160	1	0.0	1	residual_per_sample	0
collection_date	PRJNA193161	1	0.0	1	residual_per_sample	0
collection_date	PRJNA193162	1	0.0	1	residual_per_sample	0
collection_date	PRJNA193163	1	0.0	1	residual_per_sample	0
collection_date	PRJNA193164	1	0.0	1	residual_per_sample	0
collection_date	PRJNA193165	1	0.0	1	residual_per_sample	0
collection_date	PRJNA193167	1	0.0	1	residual_per_sample	0
collection_date	PRJNA193168	1	0.0	1	residual_per_sample	0
collection_date	PRJNA193169	1	0.0	1	residual_per_sample	0
collection_date	PRJNA195754	1	0.0	1	residual_per_sample	0
collection_date	PRJNA197002	1	0.0	1	residual_per_sample	0
collection_date	PRJNA201932	1	0.0	1	residual_per_sample	0
collection_date	PRJNA201933	1	0.0	1	residual_per_sample	0
collection_date	PRJNA201934	1	0.0	1	residual_per_sample	0
collection_date	PRJNA201935	1	0.0	1	residual_per_sample	0
collection_date	PRJNA201936	1	0.0	1	residual_per_sample	0
collection_date	PRJNA201942	1	0.0	1	residual_per_sample	0
collection_date	PRJNA201943	1	0.0	1	residual_per_sample	0
collection_date	PRJNA201944	1	0.0	1	residual_per_sample	0
collection_date	PRJNA201945	1	0.0	1	residual_per_sample	0
collection_date	PRJNA201946	1	0.0	1	residual_per_sample	0
collection_date	PRJNA201947	1	0.0	1	residual_per_sample	0
collection_date	PRJNA201950	1	0.0	1	residual_per_sample	0
collection_date	PRJNA201951	1	0.0	1	residual_per_sample	0
collection_date	PRJNA201955	1	0.0	1	residual_per_sample	0
collection_date	PRJNA201956	1	0.0	1	residual_per_sample	0
collection_date	PRJNA201957	1	0.0	1	residual_per_sample	0
collection_date	PRJNA201958,PRJNA201967	1	0.0	1	residual_per_sample	0
collection_date	PRJNA201959	1	0.0	1	residual_per_sample	0
collection_date	PRJNA201960	1	0.0	1	residual_per_sample	0
collection_date	PRJNA201961	1	0.0	1	residual_per_sample	0
collection_date	PRJNA201962	1	0.0	1	residual_per_sample	0
collection_date	PRJNA201963	1	0.0	1	residual_per_sample	0
collection_date	PRJNA201964	1	0.0	1	residual_per_sample	0
collection_date	PRJNA201965	1	0.0	1	residual_per_sample	0
collection_date	PRJNA201966	1	0.0	1	residual_per_sample	0
collection_date	PRJNA201967,PRJNA201954	1	0.0	1	residual_per_sample	0
collection_date	PRJNA201968	1	0.0	1	residual_per_sample	0
collection_date	PRJNA201970	1	0.0	1	residual_per_sample	0
collection_date	PRJNA201974	1	0.0	1	residual_per_sample	0
collection_date	PRJNA201978	1	0.0	1	residual_per_sample	0
collection_date	PRJNA201981	1	0.0	1	residual_per_sample	0
collection_date	PRJNA201984	1	0.0	1	residual_per_sample	0
collection_date	PRJNA201985	1	0.0	1	residual_per_sample	0
collection_date	PRJNA201987	1	0.0	1	residual_per_sample	0
collection_date	PRJNA201989	1	0.0	1	residual_per_sample	0
collection_date	PRJNA201990	1	0.0	1	residual_per_sample	0
collection_date	PRJNA201991	1	0.0	1	residual_per_sample	0
collection_date	PRJNA201994	1	0.0	1	residual_per_sample	0
collection_date	PRJNA201999	1	0.0	1	residual_per_sample	0
collection_date	PRJNA202000	1	0.0	1	residual_per_sample	0
collection_date	PRJNA202001	1	0.0	1	residual_per_sample	0
collection_date	PRJNA202002	1	0.0	1	residual_per_sample	0
collection_date	PRJNA202005	1	0.0	1	residual_per_sample	0
collection_date	PRJNA202006	1	0.0	1	residual_per_sample	0
collection_date	PRJNA202008	1	0.0	1	residual_per_sample	0
collection_date	PRJNA202009	1	0.0	1	residual_per_sample	0
collection_date	PRJNA202012	1	0.0	1	residual_per_sample	0
collection_date	PRJNA202013	1	0.0	1	residual_per_sample	0
collection_date	PRJNA202014	1	0.0	1	residual_per_sample	0
collection_date	PRJNA202015	1	0.0	1	residual_per_sample	0
collection_date	PRJNA202016	1	0.0	1	residual_per_sample	0
collection_date	PRJNA202017	1	0.0	1	residual_per_sample	0
collection_date	PRJNA202018	1	0.0	1	residual_per_sample	0
collection_date	PRJNA202020	1	0.0	1	residual_per_sample	0
collection_date	PRJNA202023	1	0.0	1	residual_per_sample	0
collection_date	PRJNA202024	1	0.0	1	residual_per_sample	0
collection_date	PRJNA202025	1	0.0	1	residual_per_sample	0
collection_date	PRJNA202026	1	0.0	1	residual_per_sample	0
collection_date	PRJNA203445	1	0.0	1	residual_per_sample	0
collection_date	PRJNA212643	1	0.0	1	residual_per_sample	0
collection_date	PRJNA212649	1	0.0	1	residual_per_sample	0
collection_date	PRJNA213341	1	0.0	1	residual_per_sample	0
collection_date	PRJNA218110	1	0.0	1	residual_per_sample	0
collection_date	PRJNA219265	1	0.0	1	residual_per_sample	0
collection_date	PRJNA219266	1	0.0	1	residual_per_sample	0
collection_date	PRJNA219267	1	0.0	1	residual_per_sample	0
collection_date	PRJNA219268	1	0.0	1	residual_per_sample	0
collection_date	PRJNA219269	1	0.0	1	residual_per_sample	0
collection_date	PRJNA219270	1	0.0	1	residual_per_sample	0
collection_date	PRJNA219271	1	0.0	1	residual_per_sample	0
collection_date	PRJNA219272	1	0.0	1	residual_per_sample	0
collection_date	PRJNA219275	1	0.0	1	residual_per_sample	0
collection_date	PRJNA219276	1	0.0	1	residual_per_sample	0
collection_date	PRJNA219277	1	0.0	1	residual_per_sample	0
collection_date	PRJNA219278	1	0.0	1	residual_per_sample	0
collection_date	PRJNA219283	1	0.0	1	residual_per_sample	0
collection_date	PRJNA219284	1	0.0	1	residual_per_sample	0
collection_date	PRJNA219287	1	0.0	1	residual_per_sample	0
collection_date	PRJNA219289	1	0.0	1	residual_per_sample	0
collection_date	PRJNA219292	1	0.0	1	residual_per_sample	0
collection_date	PRJNA219293	1	0.0	1	residual_per_sample	0
collection_date	PRJNA219294	1	0.0	1	residual_per_sample	0
collection_date	PRJNA219295	1	0.0	1	residual_per_sample	0
collection_date	PRJNA219296	1	0.0	1	residual_per_sample	0
collection_date	PRJNA219297	1	0.0	1	residual_per_sample	0
collection_date	PRJNA219298	1	0.0	1	residual_per_sample	0
collection_date	PRJNA219299	1	0.0	1	residual_per_sample	0
collection_date	PRJNA219300	1	0.0	1	residual_per_sample	0
collection_date	PRJNA244547	1	0.0	1	residual_per_sample	0
collection_date	PRJNA244567	1	0.0	1	residual_per_sample	0
collection_date	PRJNA263062	1	0.0	1	residual_per_sample	0
collection_date	PRJNA265231	1	0.0	1	residual_per_sample	0
collection_date	PRJNA265232	1	0.0	1	residual_per_sample	0
collection_date	PRJNA265233	1	0.0	1	residual_per_sample	0
collection_date	PRJNA265234	1	0.0	1	residual_per_sample	0
collection_date	PRJNA265235	1	0.0	1	residual_per_sample	0
collection_date	PRJNA265236	1	0.0	1	residual_per_sample	0
collection_date	PRJNA265237	1	0.0	1	residual_per_sample	0
collection_date	PRJNA265240	1	0.0	1	residual_per_sample	0
collection_date	PRJNA265241	1	0.0	1	residual_per_sample	0
collection_date	PRJNA265242	1	0.0	1	residual_per_sample	0
collection_date	PRJNA265243	1	0.0	1	residual_per_sample	0
collection_date	PRJNA265244	1	0.0	1	residual_per_sample	0
collection_date	PRJNA265245	1	0.0	1	residual_per_sample	0
collection_date	PRJNA265246	1	0.0	1	residual_per_sample	0
collection_date	PRJNA265247	1	0.0	1	residual_per_sample	0
collection_date	PRJNA265248	1	0.0	1	residual_per_sample	0
collection_date	PRJNA265254	1	0.0	1	residual_per_sample	0
collection_date	PRJNA265255	1	0.0	1	residual_per_sample	0
collection_date	PRJNA265256	1	0.0	1	residual_per_sample	0
collection_date	PRJNA265257	1	0.0	1	residual_per_sample	0
collection_date	PRJNA265258	1	0.0	1	residual_per_sample	0
collection_date	PRJNA265259	1	0.0	1	residual_per_sample	0
collection_date	PRJNA265260	1	0.0	1	residual_per_sample	0
collection_date	PRJNA265261	1	0.0	1	residual_per_sample	0
collection_date	PRJNA265262	1	0.0	1	residual_per_sample	0
collection_date	PRJNA265263	1	0.0	1	residual_per_sample	0
collection_date	PRJNA265264	1	0.0	1	residual_per_sample	0
collection_date	PRJNA265265	1	0.0	1	residual_per_sample	0
collection_date	PRJNA265266	1	0.0	1	residual_per_sample	0
collection_date	PRJNA265267	1	0.0	1	residual_per_sample	0
collection_date	PRJNA265268	1	0.0	1	residual_per_sample	0
collection_date	PRJNA265269	1	0.0	1	residual_per_sample	0
collection_date	PRJNA265270	1	0.0	1	residual_per_sample	0
collection_date	PRJNA265275	1	0.0	1	residual_per_sample	0
collection_date	PRJNA265347	1	0.0	1	residual_per_sample	0
collection_date	PRJNA269826	1	0.0	1	residual_per_sample	0
collection_date	PRJNA269833	1	0.0	1	residual_per_sample	0
collection_date	PRJNA269877	1	0.0	1	residual_per_sample	0
collection_date	PRJNA269879	1	0.0	1	residual_per_sample	0
collection_date	PRJNA269915	1	0.0	1	residual_per_sample	0
collection_date	PRJNA272089	1	0.0	1	residual_per_sample	0
collection_date	PRJNA275974	1	0.0	1	residual_per_sample	0
collection_date	PRJNA279657	1	0.0	1	residual_per_sample	0
collection_date	PRJNA296147	1	0.0	1	residual_per_sample	0
collection_date	PRJNA316321	9	0.0	9	residual_per_sample	0
collection_date	PRJNA353361	1	0.0	1	residual_per_sample	0
collection_date	PRJNA354234	3	0.667	1	residual_per_sample	0
collection_date	PRJNA360179	1	0.0	1	residual_per_sample	0
collection_date	PRJNA391510	1	0.0	1	residual_per_sample	0
collection_date	PRJNA398365	1	0.0	1	residual_per_sample	0
collection_date	PRJNA40025	1	0.0	1	residual_per_sample	0
collection_date	PRJNA40049	1	0.0	1	residual_per_sample	0
collection_date	PRJNA429995	1	0.0	1	residual_per_sample	0
collection_date	PRJNA450215	3	0.333	2	residual_per_sample	0
collection_date	PRJNA456216	1	0.0	1	residual_per_sample	0
collection_date	PRJNA456219	1	0.0	1	residual_per_sample	0
collection_date	PRJNA463112	1	0.0	1	residual_per_sample	0
collection_date	PRJNA47211,PRJNA47257,PRJNA47225,PRJNA47209,PRJNA47275,PRJNA47263,PRJNA47223,PRJNA47217,PRJNA47267,PRJNA47259,PRJNA47271,PRJNA47229	1	0.0	1	residual_per_sample	0
collection_date	PRJNA494608	2	0.0	2	residual_per_sample	0
collection_date	PRJNA499494	1	0.0	1	residual_per_sample	0
collection_date	PRJNA500331	1	0.0	1	residual_per_sample	0
collection_date	PRJNA501401	1	0.0	1	residual_per_sample	0
collection_date	PRJNA501405	1	0.0	1	residual_per_sample	0
collection_date	PRJNA501406	1	0.0	1	residual_per_sample	0
collection_date	PRJNA501409	1	0.0	1	residual_per_sample	0
collection_date	PRJNA501412	1	0.0	1	residual_per_sample	0
collection_date	PRJNA508495	3	0.0	3	residual_per_sample	0
collection_date	PRJNA508509	7	0.0	7	residual_per_sample	0
collection_date	PRJNA521748	1	0.0	1	residual_per_sample	0
collection_date	PRJNA523425	2	0.0	2	residual_per_sample	0
collection_date	PRJNA523427	5	0.0	5	residual_per_sample	0
collection_date	PRJNA523730	7	0.0	7	residual_per_sample	0
collection_date	PRJNA523732	8	0.0	8	residual_per_sample	0
collection_date	PRJNA542320	1	0.0	1	residual_per_sample	0
collection_date	PRJNA543187	1	0.0	1	residual_per_sample	0
collection_date	PRJNA547184	1	0.0	1	residual_per_sample	0
collection_date	PRJNA552311	1	0.0	1	residual_per_sample	0
collection_date	PRJNA593956	2	0.0	2	residual_per_sample	0
collection_date	PRJNA614986	1	0.0	1	residual_per_sample	0
collection_date	PRJNA627626	2	0.0	2	residual_per_sample	0
collection_date	PRJNA628576	5	0.0	5	residual_per_sample	0
collection_date	PRJNA631981	3	0.0	3	residual_per_sample	0
collection_date	PRJNA641130	1	0.0	1	residual_per_sample	0
collection_date	PRJNA641131	3	0.333	2	residual_per_sample	0
collection_date	PRJNA674952	8	0.25	6	residual_per_sample	0
collection_date	PRJNA687988	4	0.0	4	residual_per_sample	0
collection_date	PRJNA719112	2	0.0	2	residual_per_sample	0
collection_date	PRJNA728680	2	0.0	2	residual_per_sample	0
collection_date	PRJNA731002	1	0.0	1	residual_per_sample	0
collection_date	PRJNA749581	1	0.0	1	residual_per_sample	0
collection_date	PRJNA749600	2	0.0	2	residual_per_sample	0
collection_date	PRJNA760944	1	0.0	1	residual_per_sample	0
collection_date	PRJNA762607	5	0.0	5	residual_per_sample	0
collection_date	PRJNA78565	1	0.0	1	residual_per_sample	0
collection_date	PRJNA78567	1	0.0	1	residual_per_sample	0
collection_date	PRJNA786472	1	0.0	1	residual_per_sample	0
collection_date	PRJNA803341	1	0.0	1	residual_per_sample	0
collection_date	PRJNA825843	6	0.5	3	residual_per_sample	0
collection_date	PRJNA839526	1	0.0	1	residual_per_sample	0
collection_date	PRJNA886974	1	0.0	1	residual_per_sample	0
collection_date	PRJNA892093	1	0.0	1	residual_per_sample	0
collection_date	PRJNA942340	7	0.0	7	residual_per_sample	0
collection_date	PRJNA947381	1	0.0	1	residual_per_sample	0
collection_date	PRJNA980722	4	0.0	4	residual_per_sample	0
collection_date	PRJNA981489	1	0.0	1	residual_per_sample	0
collection_date	PRJNA983061	4	0.0	4	residual_per_sample	0
collection_date	PRJNA985548	1	0.0	1	residual_per_sample	0
collection_date	PRJNA986296	1	0.0	1	residual_per_sample	0
country	PRJDB10450	9	0.0	9	covered	9
country	PRJDB8047	1	0.0	1	covered	1
country	PRJDB9509	7	0.0	7	covered	7
country	PRJEB12361	3	0.0	3	covered	3
country	PRJEB12513	3	0.0	3	covered	3
country	PRJEB12887	1	0.0	1	covered	1
country	PRJEB14232	1	0.0	1	covered	1
country	PRJEB18589	1	0.0	1	covered	1
country	PRJEB19657	5	0.0	5	covered	5
country	PRJEB21566	1	0.0	1	covered	1
country	PRJEB22119	1	0.0	1	covered	1
country	PRJEB22207	1	0.0	1	covered	1
country	PRJEB25904	7	0.0	7	covered	7
country	PRJEB26512	1	0.0	1	covered	1
country	PRJEB26677	6	0.0	6	covered	6
country	PRJEB2801	1	0.0	1	covered	1
country	PRJEB28522	5	0.0	5	covered	5
country	PRJEB29743	1	0.0	1	covered	1
country	PRJEB29745	6	0.0	6	covered	6
country	PRJEB29928	5	0.4	3	covered	3
country	PRJEB32059	2	0.0	2	covered	2
country	PRJEB32700	4	0.0	4	covered	4
country	PRJEB3353	2	0.5	1	covered	1
country	PRJEB34232	1	0.0	1	covered	1
country	PRJEB34874	6	0.0	6	covered	6
country	PRJEB36448	2	0.0	2	covered	2
country	PRJEB39709	4	0.0	4	covered	4
country	PRJEB41279	2	0.0	2	covered	2
country	PRJEB43975	1	0.0	1	covered	1
country	PRJEB45009	4	0.0	4	covered	4
country	PRJEB45084	6	0.167	5	covered	5
country	PRJEB4649	1	0.0	1	covered	1
country	PRJEB52722	2	0.0	2	covered	2
country	PRJEB53460	4	0.0	4	covered	4
country	PRJEB6416	1	0.0	1	covered	1
country	PRJEB6657	1	0.0	1	covered	1
country	PRJEB71714	1	0.0	1	covered	1
country	PRJEB7689	4	0.0	4	covered	4
country	PRJEB8302	3	0.0	3	covered	3
country	PRJEB8303	1	0.0	1	covered	1
country	PRJEB8575	1	0.0	1	covered	1
country	PRJEB9644	1	0.0	1	covered	1
country	PRJEB9824	4	0.0	4	covered	4
country	PRJNA1001661	9	0.0	9	covered	9
country	PRJNA1003529	7	0.0	7	covered	7
country	PRJNA1064853	2	0.0	2	covered	2
country	PRJNA1066419	1	0.0	1	covered	1
country	PRJNA1077593	1	0.0	1	covered	1
country	PRJNA1088746	1	0.0	1	covered	1
country	PRJNA1100498	3	0.667	1	covered	1
country	PRJNA187285	1	0.0	1	covered	1
country	PRJNA187287	1	0.0	1	covered	1
country	PRJNA187305	1	0.0	1	covered	1
country	PRJNA187315	1	0.0	1	covered	1
country	PRJNA193165	1	0.0	1	covered	1
country	PRJNA275974	1	0.0	1	covered	1
country	PRJNA302185	8	0.0	8	covered	8
country	PRJNA343442,PRJNA175243	1	0.0	1	covered	1
country	PRJNA508495	3	0.667	1	covered	1
country	PRJNA521748	1	0.0	1	covered	1
country	PRJNA609701	1	0.0	1	covered	1
country	PRJNA674952	8	0.25	6	covered	6
country	PRJNA73843	1	0.0	1	covered	1
country	PRJNA739632	4	0.25	3	covered	3
country	PRJNA739637	8	0.125	7	covered	7
country	PRJNA773853	1	0.0	1	covered	1
country	PRJNA774508	3	0.0	3	covered	3
country	PRJNA825843	6	0.5	3	covered	3
country	PRJNA847041	1	0.0	1	covered	1
country	PRJNA871216	2	0.0	2	covered	2
country	PRJNA887375	1	0.0	1	covered	1
country	PRJNA891137	8	0.0	8	covered	8
country	PRJNA917297	1	0.0	1	covered	1
country	PRJNA922098	1	0.0	1	covered	1
country	PRJNA949453	6	0.0	6	covered	6
country	PRJNA983061	4	0.0	4	covered	4
country	PRJDB11476	1	0.0	1	residual_per_sample	0
country	PRJDB1836	1	0.0	1	residual_per_sample	0
country	PRJDB2133	1	0.0	1	residual_per_sample	0
country	PRJDB2159	1	0.0	1	residual_per_sample	0
country	PRJDB2238	1	0.0	1	residual_per_sample	0
country	PRJDB2655	1	0.0	1	residual_per_sample	0
country	PRJDB7087	1	0.0	1	residual_per_sample	0
country	PRJEB10263	2	0.0	2	residual_per_sample	0
country	PRJEB11503	1	0.0	1	residual_per_sample	0
country	PRJEB11876	1	0.0	1	residual_per_sample	0
country	PRJEB13482	1	0.0	1	residual_per_sample	0
country	PRJEB14050	1	0.0	1	residual_per_sample	0
country	PRJEB14648	2	0.0	2	residual_per_sample	0
country	PRJEB15430	1	0.0	1	residual_per_sample	0
country	PRJEB17631	2	0.0	2	residual_per_sample	0
country	PRJEB18525	2	0.0	2	residual_per_sample	0
country	PRJEB20135	1	0.0	1	residual_per_sample	0
country	PRJEB20557	1	0.0	1	residual_per_sample	0
country	PRJEB20897	1	0.0	1	residual_per_sample	0
country	PRJEB20997	3	0.0	3	residual_per_sample	0
country	PRJEB21765	2	0.5	1	residual_per_sample	0
country	PRJEB2215	1	0.0	1	residual_per_sample	0
country	PRJEB23294	5	0.0	5	residual_per_sample	0
country	PRJEB23315	6	0.0	6	residual_per_sample	0
country	PRJEB23879	5	0.0	5	residual_per_sample	0
country	PRJEB24638	1	0.0	1	residual_per_sample	0
country	PRJEB25425	2	0.0	2	residual_per_sample	0
country	PRJEB2581	1	0.0	1	residual_per_sample	0
country	PRJEB26081	5	0.0	5	residual_per_sample	0
country	PRJEB27400	1	0.0	1	residual_per_sample	0
country	PRJEB2779	1	0.0	1	residual_per_sample	0
country	PRJEB28327	1	0.0	1	residual_per_sample	0
country	PRJEB2968	1	0.0	1	residual_per_sample	0
country	PRJEB30066	3	0.0	3	residual_per_sample	0
country	PRJEB3184	1	0.0	1	residual_per_sample	0
country	PRJEB31941	3	0.0	3	residual_per_sample	0
country	PRJEB3215	1	0.0	1	residual_per_sample	0
country	PRJEB32402	1	0.0	1	residual_per_sample	0
country	PRJEB33365	2	0.0	2	residual_per_sample	0
country	PRJEB35084	1	0.0	1	residual_per_sample	0
country	PRJEB38960	1	0.0	1	residual_per_sample	0
country	PRJEB39816	7	0.0	7	residual_per_sample	0
country	PRJEB41009	5	0.0	5	residual_per_sample	0
country	PRJEB44490	2	0.0	2	residual_per_sample	0
country	PRJEB4506	2	0.0	2	residual_per_sample	0
country	PRJEB51164	1	0.0	1	residual_per_sample	0
country	PRJEB54871	5	0.0	5	residual_per_sample	0
country	PRJEB59061	1	0.0	1	residual_per_sample	0
country	PRJEB59337	5	0.0	5	residual_per_sample	0
country	PRJEB60446	2	0.0	2	residual_per_sample	0
country	PRJEB6921	3	0.0	3	residual_per_sample	0
country	PRJEB76944	8	0.0	8	residual_per_sample	0
country	PRJEB8104	4	0.0	4	residual_per_sample	0
country	PRJEB8559	1	0.0	1	residual_per_sample	0
country	PRJEB8721	2	0.0	2	residual_per_sample	0
country	PRJEB8768	1	0.0	1	residual_per_sample	0
country	PRJEB9173	1	0.0	1	residual_per_sample	0
country	PRJNA1017663	4	0.0	4	residual_per_sample	0
country	PRJNA1058963	9	0.0	9	residual_per_sample	0
country	PRJNA1067287	4	0.0	4	residual_per_sample	0
country	PRJNA1100205	9	0.0	9	residual_per_sample	0
country	PRJNA1100308	1	0.0	1	residual_per_sample	0
country	PRJNA1101420	6	0.0	6	residual_per_sample	0
country	PRJNA1134078	5	0.0	5	residual_per_sample	0
country	PRJNA161277	1	0.0	1	residual_per_sample	0
country	PRJNA165913	1	0.0	1	residual_per_sample	0
country	PRJNA168337	1	0.0	1	residual_per_sample	0
country	PRJNA169453	1	0.0	1	residual_per_sample	0
country	PRJNA169454	1	0.0	1	residual_per_sample	0
country	PRJNA169455	1	0.0	1	residual_per_sample	0
country	PRJNA169456	1	0.0	1	residual_per_sample	0
country	PRJNA181050	1	0.0	1	residual_per_sample	0
country	PRJNA181051	1	0.0	1	residual_per_sample	0
country	PRJNA181052	1	0.0	1	residual_per_sample	0
country	PRJNA184888	6	0.0	6	residual_per_sample	0
country	PRJNA187279	1	0.0	1	residual_per_sample	0
country	PRJNA187280	1	0.0	1	residual_per_sample	0
country	PRJNA187281	1	0.0	1	residual_per_sample	0
country	PRJNA187283	1	0.0	1	residual_per_sample	0
country	PRJNA187284	1	0.0	1	residual_per_sample	0
country	PRJNA187286	1	0.0	1	residual_per_sample	0
country	PRJNA187288	1	0.0	1	residual_per_sample	0
country	PRJNA187289	1	0.0	1	residual_per_sample	0
country	PRJNA187290	1	0.0	1	residual_per_sample	0
country	PRJNA187291	1	0.0	1	residual_per_sample	0
country	PRJNA187292	1	0.0	1	residual_per_sample	0
country	PRJNA187293	1	0.0	1	residual_per_sample	0
country	PRJNA187294	1	0.0	1	residual_per_sample	0
country	PRJNA187295	1	0.0	1	residual_per_sample	0
country	PRJNA187296	1	0.0	1	residual_per_sample	0
country	PRJNA187297	1	0.0	1	residual_per_sample	0
country	PRJNA187298	1	0.0	1	residual_per_sample	0
country	PRJNA187299	1	0.0	1	residual_per_sample	0
country	PRJNA187300	1	0.0	1	residual_per_sample	0
country	PRJNA187301	1	0.0	1	residual_per_sample	0
country	PRJNA187302	1	0.0	1	residual_per_sample	0
country	PRJNA187303	1	0.0	1	residual_per_sample	0
country	PRJNA187304	1	0.0	1	residual_per_sample	0
country	PRJNA187306	1	0.0	1	residual_per_sample	0
country	PRJNA187307	1	0.0	1	residual_per_sample	0
country	PRJNA187308	1	0.0	1	residual_per_sample	0
country	PRJNA187309	1	0.0	1	residual_per_sample	0
country	PRJNA187310	1	0.0	1	residual_per_sample	0
country	PRJNA187311	1	0.0	1	residual_per_sample	0
country	PRJNA187312	1	0.0	1	residual_per_sample	0
country	PRJNA187313	1	0.0	1	residual_per_sample	0
country	PRJNA187314	1	0.0	1	residual_per_sample	0
country	PRJNA187316	1	0.0	1	residual_per_sample	0
country	PRJNA187317	1	0.0	1	residual_per_sample	0
country	PRJNA187318	1	0.0	1	residual_per_sample	0
country	PRJNA187319	1	0.0	1	residual_per_sample	0
country	PRJNA187320	1	0.0	1	residual_per_sample	0
country	PRJNA187321	1	0.0	1	residual_per_sample	0
country	PRJNA187322	1	0.0	1	residual_per_sample	0
country	PRJNA187323	1	0.0	1	residual_per_sample	0
country	PRJNA187324	1	0.0	1	residual_per_sample	0
country	PRJNA187326	1	0.0	1	residual_per_sample	0
country	PRJNA193160	1	0.0	1	residual_per_sample	0
country	PRJNA193161	1	0.0	1	residual_per_sample	0
country	PRJNA193162	1	0.0	1	residual_per_sample	0
country	PRJNA193163	1	0.0	1	residual_per_sample	0
country	PRJNA193164	1	0.0	1	residual_per_sample	0
country	PRJNA193167	1	0.0	1	residual_per_sample	0
country	PRJNA193168	1	0.0	1	residual_per_sample	0
country	PRJNA193169	1	0.0	1	residual_per_sample	0
country	PRJNA195754	1	0.0	1	residual_per_sample	0
country	PRJNA197002	1	0.0	1	residual_per_sample	0
country	PRJNA201932	1	0.0	1	residual_per_sample	0
country	PRJNA201933	1	0.0	1	residual_per_sample	0
country	PRJNA201934	1	0.0	1	residual_per_sample	0
country	PRJNA201935	1	0.0	1	residual_per_sample	0
country	PRJNA201936	1	0.0	1	residual_per_sample	0
country	PRJNA201942	1	0.0	1	residual_per_sample	0
country	PRJNA201943	1	0.0	1	residual_per_sample	0
country	PRJNA201944	1	0.0	1	residual_per_sample	0
country	PRJNA201945	1	0.0	1	residual_per_sample	0
country	PRJNA201946	1	0.0	1	residual_per_sample	0
country	PRJNA201947	1	0.0	1	residual_per_sample	0
country	PRJNA201950	1	0.0	1	residual_per_sample	0
country	PRJNA201951	1	0.0	1	residual_per_sample	0
country	PRJNA201955	1	0.0	1	residual_per_sample	0
country	PRJNA201956	1	0.0	1	residual_per_sample	0
country	PRJNA201957	1	0.0	1	residual_per_sample	0
country	PRJNA201958,PRJNA201967	1	0.0	1	residual_per_sample	0
country	PRJNA201959	1	0.0	1	residual_per_sample	0
country	PRJNA201960	1	0.0	1	residual_per_sample	0
country	PRJNA201961	1	0.0	1	residual_per_sample	0
country	PRJNA201962	1	0.0	1	residual_per_sample	0
country	PRJNA201963	1	0.0	1	residual_per_sample	0
country	PRJNA201964	1	0.0	1	residual_per_sample	0
country	PRJNA201965	1	0.0	1	residual_per_sample	0
country	PRJNA201966	1	0.0	1	residual_per_sample	0
country	PRJNA201967,PRJNA201954	1	0.0	1	residual_per_sample	0
country	PRJNA201968	1	0.0	1	residual_per_sample	0
country	PRJNA201970	1	0.0	1	residual_per_sample	0
country	PRJNA201974	1	0.0	1	residual_per_sample	0
country	PRJNA201978	1	0.0	1	residual_per_sample	0
country	PRJNA201981	1	0.0	1	residual_per_sample	0
country	PRJNA201984	1	0.0	1	residual_per_sample	0
country	PRJNA201985	1	0.0	1	residual_per_sample	0
country	PRJNA201987	1	0.0	1	residual_per_sample	0
country	PRJNA201989	1	0.0	1	residual_per_sample	0
country	PRJNA201990	1	0.0	1	residual_per_sample	0
country	PRJNA201991	1	0.0	1	residual_per_sample	0
country	PRJNA201994	1	0.0	1	residual_per_sample	0
country	PRJNA201999	1	0.0	1	residual_per_sample	0
country	PRJNA202000	1	0.0	1	residual_per_sample	0
country	PRJNA202001	1	0.0	1	residual_per_sample	0
country	PRJNA202002	1	0.0	1	residual_per_sample	0
country	PRJNA202005	1	0.0	1	residual_per_sample	0
country	PRJNA202006	1	0.0	1	residual_per_sample	0
country	PRJNA202008	1	0.0	1	residual_per_sample	0
country	PRJNA202009	1	0.0	1	residual_per_sample	0
country	PRJNA202012	1	0.0	1	residual_per_sample	0
country	PRJNA202013	1	0.0	1	residual_per_sample	0
country	PRJNA202014	1	0.0	1	residual_per_sample	0
country	PRJNA202015	1	0.0	1	residual_per_sample	0
country	PRJNA202016	1	0.0	1	residual_per_sample	0
country	PRJNA202017	1	0.0	1	residual_per_sample	0
country	PRJNA202018	1	0.0	1	residual_per_sample	0
country	PRJNA202020	1	0.0	1	residual_per_sample	0
country	PRJNA202023	1	0.0	1	residual_per_sample	0
country	PRJNA202024	1	0.0	1	residual_per_sample	0
country	PRJNA202025	1	0.0	1	residual_per_sample	0
country	PRJNA202026	1	0.0	1	residual_per_sample	0
country	PRJNA202032	1	0.0	1	residual_per_sample	0
country	PRJNA202033	1	0.0	1	residual_per_sample	0
country	PRJNA202034	1	0.0	1	residual_per_sample	0
country	PRJNA202035	1	0.0	1	residual_per_sample	0
country	PRJNA202036	1	0.0	1	residual_per_sample	0
country	PRJNA202042	1	0.0	1	residual_per_sample	0
country	PRJNA202043	1	0.0	1	residual_per_sample	0
country	PRJNA202045	1	0.0	1	residual_per_sample	0
country	PRJNA202046	1	0.0	1	residual_per_sample	0
country	PRJNA202047	1	0.0	1	residual_per_sample	0
country	PRJNA202048	1	0.0	1	residual_per_sample	0
country	PRJNA202052	1	0.0	1	residual_per_sample	0
country	PRJNA202053	1	0.0	1	residual_per_sample	0
country	PRJNA203445	1	0.0	1	residual_per_sample	0
country	PRJNA212643	1	0.0	1	residual_per_sample	0
country	PRJNA212649	1	0.0	1	residual_per_sample	0
country	PRJNA213341	1	0.0	1	residual_per_sample	0
country	PRJNA219247	1	0.0	1	residual_per_sample	0
country	PRJNA219248	1	0.0	1	residual_per_sample	0
country	PRJNA219252	1	0.0	1	residual_per_sample	0
country	PRJNA219253	1	0.0	1	residual_per_sample	0
country	PRJNA219254	1	0.0	1	residual_per_sample	0
country	PRJNA219255	1	0.0	1	residual_per_sample	0
country	PRJNA219259	1	0.0	1	residual_per_sample	0
country	PRJNA219260	1	0.0	1	residual_per_sample	0
country	PRJNA219261	1	0.0	1	residual_per_sample	0
country	PRJNA219262	1	0.0	1	residual_per_sample	0
country	PRJNA219265	1	0.0	1	residual_per_sample	0
country	PRJNA219266	1	0.0	1	residual_per_sample	0
country	PRJNA219267	1	0.0	1	residual_per_sample	0
country	PRJNA219268	1	0.0	1	residual_per_sample	0
country	PRJNA219269	1	0.0	1	residual_per_sample	0
country	PRJNA219270	1	0.0	1	residual_per_sample	0
country	PRJNA219271	1	0.0	1	residual_per_sample	0
country	PRJNA219272	1	0.0	1	residual_per_sample	0
country	PRJNA219275	1	0.0	1	residual_per_sample	0
country	PRJNA219276	1	0.0	1	residual_per_sample	0
country	PRJNA219277	1	0.0	1	residual_per_sample	0
country	PRJNA219278	1	0.0	1	residual_per_sample	0
country	PRJNA219283	1	0.0	1	residual_per_sample	0
country	PRJNA219284	1	0.0	1	residual_per_sample	0
country	PRJNA219287	1	0.0	1	residual_per_sample	0
country	PRJNA219289	1	0.0	1	residual_per_sample	0
country	PRJNA219292	1	0.0	1	residual_per_sample	0
country	PRJNA219293	1	0.0	1	residual_per_sample	0
country	PRJNA219294	1	0.0	1	residual_per_sample	0
country	PRJNA219295	1	0.0	1	residual_per_sample	0
country	PRJNA219296	1	0.0	1	residual_per_sample	0
country	PRJNA219297	1	0.0	1	residual_per_sample	0
country	PRJNA219298	1	0.0	1	residual_per_sample	0
country	PRJNA219299	1	0.0	1	residual_per_sample	0
country	PRJNA219300	1	0.0	1	residual_per_sample	0
country	PRJNA223655	1	0.0	1	residual_per_sample	0
country	PRJNA234107	1	0.0	1	residual_per_sample	0
country	PRJNA234108	1	0.0	1	residual_per_sample	0
country	PRJNA234109	1	0.0	1	residual_per_sample	0
country	PRJNA234110	1	0.0	1	residual_per_sample	0
country	PRJNA234111	1	0.0	1	residual_per_sample	0
country	PRJNA234112	1	0.0	1	residual_per_sample	0
country	PRJNA234113	1	0.0	1	residual_per_sample	0
country	PRJNA234114	1	0.0	1	residual_per_sample	0
country	PRJNA234115	1	0.0	1	residual_per_sample	0
country	PRJNA234116	1	0.0	1	residual_per_sample	0
country	PRJNA234117,PRJNA201967	1	0.0	1	residual_per_sample	0
country	PRJNA234118	1	0.0	1	residual_per_sample	0
country	PRJNA234119	1	0.0	1	residual_per_sample	0
country	PRJNA234120	1	0.0	1	residual_per_sample	0
country	PRJNA234122	1	0.0	1	residual_per_sample	0
country	PRJNA234123	1	0.0	1	residual_per_sample	0
country	PRJNA234128	1	0.0	1	residual_per_sample	0
country	PRJNA234129	1	0.0	1	residual_per_sample	0
country	PRJNA234132	1	0.0	1	residual_per_sample	0
country	PRJNA234134	1	0.0	1	residual_per_sample	0
country	PRJNA234135	1	0.0	1	residual_per_sample	0
country	PRJNA234136	1	0.0	1	residual_per_sample	0
country	PRJNA234137	1	0.0	1	residual_per_sample	0
country	PRJNA234140	1	0.0	1	residual_per_sample	0
country	PRJNA234141	1	0.0	1	residual_per_sample	0
country	PRJNA234142	1	0.0	1	residual_per_sample	0
country	PRJNA234143	1	0.0	1	residual_per_sample	0
country	PRJNA234144	1	0.0	1	residual_per_sample	0
country	PRJNA234148	1	0.0	1	residual_per_sample	0
country	PRJNA234149	1	0.0	1	residual_per_sample	0
country	PRJNA234157	1	0.0	1	residual_per_sample	0
country	PRJNA234168	1	0.0	1	residual_per_sample	0
country	PRJNA234169	1	0.0	1	residual_per_sample	0
country	PRJNA234170	1	0.0	1	residual_per_sample	0
country	PRJNA234171	1	0.0	1	residual_per_sample	0
country	PRJNA234172	1	0.0	1	residual_per_sample	0
country	PRJNA234173	1	0.0	1	residual_per_sample	0
country	PRJNA234174	1	0.0	1	residual_per_sample	0
country	PRJNA234175	1	0.0	1	residual_per_sample	0
country	PRJNA234176	1	0.0	1	residual_per_sample	0
country	PRJNA234177	1	0.0	1	residual_per_sample	0
country	PRJNA234178	1	0.0	1	residual_per_sample	0
country	PRJNA234179	1	0.0	1	residual_per_sample	0
country	PRJNA234180	1	0.0	1	residual_per_sample	0
country	PRJNA234181	1	0.0	1	residual_per_sample	0
country	PRJNA234182	1	0.0	1	residual_per_sample	0
country	PRJNA234183	1	0.0	1	residual_per_sample	0
country	PRJNA234184	1	0.0	1	residual_per_sample	0
country	PRJNA234185	1	0.0	1	residual_per_sample	0
country	PRJNA234186	1	0.0	1	residual_per_sample	0
country	PRJNA234187	1	0.0	1	residual_per_sample	0
country	PRJNA234188	1	0.0	1	residual_per_sample	0
country	PRJNA234189	1	0.0	1	residual_per_sample	0
country	PRJNA234190	1	0.0	1	residual_per_sample	0
country	PRJNA234191	1	0.0	1	residual_per_sample	0
country	PRJNA234192	1	0.0	1	residual_per_sample	0
country	PRJNA234193	1	0.0	1	residual_per_sample	0
country	PRJNA234194	1	0.0	1	residual_per_sample	0
country	PRJNA234195	1	0.0	1	residual_per_sample	0
country	PRJNA234196	1	0.0	1	residual_per_sample	0
country	PRJNA234197	1	0.0	1	residual_per_sample	0
country	PRJNA234198	1	0.0	1	residual_per_sample	0
country	PRJNA234199	1	0.0	1	residual_per_sample	0
country	PRJNA234200	1	0.0	1	residual_per_sample	0
country	PRJNA234201	1	0.0	1	residual_per_sample	0
country	PRJNA234202	1	0.0	1	residual_per_sample	0
country	PRJNA234203	1	0.0	1	residual_per_sample	0
country	PRJNA234204	1	0.0	1	residual_per_sample	0
country	PRJNA234205	1	0.0	1	residual_per_sample	0
country	PRJNA234206	1	0.0	1	residual_per_sample	0
country	PRJNA234207	1	0.0	1	residual_per_sample	0
country	PRJNA234208	1	0.0	1	residual_per_sample	0
country	PRJNA234209	1	0.0	1	residual_per_sample	0
country	PRJNA234210	1	0.0	1	residual_per_sample	0
country	PRJNA234211	1	0.0	1	residual_per_sample	0
country	PRJNA234212	1	0.0	1	residual_per_sample	0
country	PRJNA234213	1	0.0	1	residual_per_sample	0
country	PRJNA234215	1	0.0	1	residual_per_sample	0
country	PRJNA234216	1	0.0	1	residual_per_sample	0
country	PRJNA234217	1	0.0	1	residual_per_sample	0
country	PRJNA234218	1	0.0	1	residual_per_sample	0
country	PRJNA234219	1	0.0	1	residual_per_sample	0
country	PRJNA234220	1	0.0	1	residual_per_sample	0
country	PRJNA234221	1	0.0	1	residual_per_sample	0
country	PRJNA234222	1	0.0	1	residual_per_sample	0
country	PRJNA234223	1	0.0	1	residual_per_sample	0
country	PRJNA234224	1	0.0	1	residual_per_sample	0
country	PRJNA234225	1	0.0	1	residual_per_sample	0
country	PRJNA234226	1	0.0	1	residual_per_sample	0
country	PRJNA234227	1	0.0	1	residual_per_sample	0
country	PRJNA234228	1	0.0	1	residual_per_sample	0
country	PRJNA234229	1	0.0	1	residual_per_sample	0
country	PRJNA234230	1	0.0	1	residual_per_sample	0
country	PRJNA234231	1	0.0	1	residual_per_sample	0
country	PRJNA234232	1	0.0	1	residual_per_sample	0
country	PRJNA234233	1	0.0	1	residual_per_sample	0
country	PRJNA234234	1	0.0	1	residual_per_sample	0
country	PRJNA234235	1	0.0	1	residual_per_sample	0
country	PRJNA234236	1	0.0	1	residual_per_sample	0
country	PRJNA234239	1	0.0	1	residual_per_sample	0
country	PRJNA234240	1	0.0	1	residual_per_sample	0
country	PRJNA234241	1	0.0	1	residual_per_sample	0
country	PRJNA234242	1	0.0	1	residual_per_sample	0
country	PRJNA234243	1	0.0	1	residual_per_sample	0
country	PRJNA234244	1	0.0	1	residual_per_sample	0
country	PRJNA234245	1	0.0	1	residual_per_sample	0
country	PRJNA234249	1	0.0	1	residual_per_sample	0
country	PRJNA234250	1	0.0	1	residual_per_sample	0
country	PRJNA234251	1	0.0	1	residual_per_sample	0
country	PRJNA234258	1	0.0	1	residual_per_sample	0
country	PRJNA234259	1	0.0	1	residual_per_sample	0
country	PRJNA234260	1	0.0	1	residual_per_sample	0
country	PRJNA234261	1	0.0	1	residual_per_sample	0
country	PRJNA234262	1	0.0	1	residual_per_sample	0
country	PRJNA234263	1	0.0	1	residual_per_sample	0
country	PRJNA234264	1	0.0	1	residual_per_sample	0
country	PRJNA234265	1	0.0	1	residual_per_sample	0
country	PRJNA244547	1	0.0	1	residual_per_sample	0
country	PRJNA244567	1	0.0	1	residual_per_sample	0
country	PRJNA263062	1	0.0	1	residual_per_sample	0
country	PRJNA265231	1	0.0	1	residual_per_sample	0
country	PRJNA265232	1	0.0	1	residual_per_sample	0
country	PRJNA265233	1	0.0	1	residual_per_sample	0
country	PRJNA265234	1	0.0	1	residual_per_sample	0
country	PRJNA265235	1	0.0	1	residual_per_sample	0
country	PRJNA265236	1	0.0	1	residual_per_sample	0
country	PRJNA265237	1	0.0	1	residual_per_sample	0
country	PRJNA265240	1	0.0	1	residual_per_sample	0
country	PRJNA265241	1	0.0	1	residual_per_sample	0
country	PRJNA265242	1	0.0	1	residual_per_sample	0
country	PRJNA265243	1	0.0	1	residual_per_sample	0
country	PRJNA265244	1	0.0	1	residual_per_sample	0
country	PRJNA265245	1	0.0	1	residual_per_sample	0
country	PRJNA265246	1	0.0	1	residual_per_sample	0
country	PRJNA265247	1	0.0	1	residual_per_sample	0
country	PRJNA265248	1	0.0	1	residual_per_sample	0
country	PRJNA265254	1	0.0	1	residual_per_sample	0
country	PRJNA265255	1	0.0	1	residual_per_sample	0
country	PRJNA265256	1	0.0	1	residual_per_sample	0
country	PRJNA265257	1	0.0	1	residual_per_sample	0
country	PRJNA265258	1	0.0	1	residual_per_sample	0
country	PRJNA265259	1	0.0	1	residual_per_sample	0
country	PRJNA265260	1	0.0	1	residual_per_sample	0
country	PRJNA265261	1	0.0	1	residual_per_sample	0
country	PRJNA265262	1	0.0	1	residual_per_sample	0
country	PRJNA265263	1	0.0	1	residual_per_sample	0
country	PRJNA265264	1	0.0	1	residual_per_sample	0
country	PRJNA265265	1	0.0	1	residual_per_sample	0
country	PRJNA265266	1	0.0	1	residual_per_sample	0
country	PRJNA265267	1	0.0	1	residual_per_sample	0
country	PRJNA265268	1	0.0	1	residual_per_sample	0
country	PRJNA265269	1	0.0	1	residual_per_sample	0
country	PRJNA265270	1	0.0	1	residual_per_sample	0
country	PRJNA265275	1	0.0	1	residual_per_sample	0
country	PRJNA265347	1	0.0	1	residual_per_sample	0
country	PRJNA269826	1	0.0	1	residual_per_sample	0
country	PRJNA269833	1	0.0	1	residual_per_sample	0
country	PRJNA269877	1	0.0	1	residual_per_sample	0
country	PRJNA269879	1	0.0	1	residual_per_sample	0
country	PRJNA269915	1	0.0	1	residual_per_sample	0
country	PRJNA272089	1	0.0	1	residual_per_sample	0
country	PRJNA279657	1	0.0	1	residual_per_sample	0
country	PRJNA296147	1	0.0	1	residual_per_sample	0
country	PRJNA316321	9	0.0	9	residual_per_sample	0
country	PRJNA353361	1	0.0	1	residual_per_sample	0
country	PRJNA354234	3	0.667	1	residual_per_sample	0
country	PRJNA391510	1	0.0	1	residual_per_sample	0
country	PRJNA40025	1	0.0	1	residual_per_sample	0
country	PRJNA40049	1	0.0	1	residual_per_sample	0
country	PRJNA47211,PRJNA47257,PRJNA47225,PRJNA47209,PRJNA47275,PRJNA47263,PRJNA47223,PRJNA47217,PRJNA47267,PRJNA47259,PRJNA47271,PRJNA47229	1	0.0	1	residual_per_sample	0
country	PRJNA499494	1	0.0	1	residual_per_sample	0
country	PRJNA500331	1	0.0	1	residual_per_sample	0
country	PRJNA501401	1	0.0	1	residual_per_sample	0
country	PRJNA501405	1	0.0	1	residual_per_sample	0
country	PRJNA501406	1	0.0	1	residual_per_sample	0
country	PRJNA501409	1	0.0	1	residual_per_sample	0
country	PRJNA501412	1	0.0	1	residual_per_sample	0
country	PRJNA52135	1	0.0	1	residual_per_sample	0
country	PRJNA52137	1	0.0	1	residual_per_sample	0
country	PRJNA52139	1	0.0	1	residual_per_sample	0
country	PRJNA52141	1	0.0	1	residual_per_sample	0
country	PRJNA52143	1	0.0	1	residual_per_sample	0
country	PRJNA52145	1	0.0	1	residual_per_sample	0
country	PRJNA52149	1	0.0	1	residual_per_sample	0
country	PRJNA52151	1	0.0	1	residual_per_sample	0
country	PRJNA52153	1	0.0	1	residual_per_sample	0
country	PRJNA523425	2	0.0	2	residual_per_sample	0
country	PRJNA523427	5	0.0	5	residual_per_sample	0
country	PRJNA523730	7	0.0	7	residual_per_sample	0
country	PRJNA523732	8	0.0	8	residual_per_sample	0
country	PRJNA543187	1	0.0	1	residual_per_sample	0
country	PRJNA547184	1	0.0	1	residual_per_sample	0
country	PRJNA552311	1	0.0	1	residual_per_sample	0
country	PRJNA555823	8	0.0	8	residual_per_sample	0
country	PRJNA593956	2	0.0	2	residual_per_sample	0
country	PRJNA613320	1	0.0	1	residual_per_sample	0
country	PRJNA628576	5	0.0	5	residual_per_sample	0
country	PRJNA631981	3	0.0	3	residual_per_sample	0
country	PRJNA687411	1	0.0	1	residual_per_sample	0
country	PRJNA687988	4	0.0	4	residual_per_sample	0
country	PRJNA695302	1	0.0	1	residual_per_sample	0
country	PRJNA707347	8	0.5	4	residual_per_sample	0
country	PRJNA749600	2	0.0	2	residual_per_sample	0
country	PRJNA78565	1	0.0	1	residual_per_sample	0
country	PRJNA78567	1	0.0	1	residual_per_sample	0
country	PRJNA803341	1	0.0	1	residual_per_sample	0
country	PRJNA942340	7	0.0	7	residual_per_sample	0
country	PRJNA947381	1	0.0	1	residual_per_sample	0
country	PRJNA980722	4	0.0	4	residual_per_sample	0
country	PRJNA981489	1	0.0	1	residual_per_sample	0
country	PRJNA985548	1	0.0	1	residual_per_sample	0
country	PRJNA985853	6	0.0	6	residual_per_sample	0
country	PRJNA986296	1	0.0	1	residual_per_sample	0
host	PRJDB10450	9	0.0	9	covered	9
host	PRJDB10686	1	0.0	1	covered	1
host	PRJDB10890	1	0.0	1	covered	1
host	PRJDB12737	1	0.0	1	covered	1
host	PRJDB14713	2	0.0	2	covered	2
host	PRJDB15848	4	0.0	4	covered	4
host	PRJDB15972	2	0.0	2	covered	2
host	PRJDB5295	1	0.0	1	covered	1
host	PRJDB6797	1	0.0	1	covered	1
host	PRJDB8047	1	0.0	1	covered	1
host	PRJDB9227	1	0.0	1	covered	1
host	PRJDB9461	6	0.167	5	covered	5
host	PRJDB9509	7	0.0	7	covered	7
host	PRJEB12361	3	0.0	3	covered	3
host	PRJEB12513	3	0.0	3	covered	3
host	PRJEB15430	1	0.0	1	covered	1
host	PRJEB18589	1	0.0	1	covered	1
host	PRJEB19657	5	0.0	5	covered	5
host	PRJEB19677	8	0.0	8	covered	8
host	PRJEB21566	1	0.0	1	covered	1
host	PRJEB22119	1	0.0	1	covered	1
host	PRJEB22207	1	0.0	1	covered	1
host	PRJEB24576	2	0.0	2	covered	2
host	PRJEB2581	1	0.0	1	covered	1
host	PRJEB25904	7	0.0	7	covered	7
host	PRJEB26512	1	0.0	1	covered	1
host	PRJEB26677	6	0.0	6	covered	6
host	PRJEB27805	3	0.0	3	covered	3
host	PRJEB2801	1	0.0	1	covered	1
host	PRJEB28252	1	0.0	1	covered	1
host	PRJEB28522	5	0.0	5	covered	5
host	PRJEB29745	6	0.0	6	covered	6
host	PRJEB29928	5	0.0	5	covered	5
host	PRJEB30582	1	0.0	1	covered	1
host	PRJEB30599	1	0.0	1	covered	1
host	PRJEB32059	2	0.0	2	covered	2
host	PRJEB32700	4	0.0	4	covered	4
host	PRJEB33296	1	0.0	1	covered	1
host	PRJEB3353	2	0.5	1	covered	1
host	PRJEB33694	2	0.0	2	covered	2
host	PRJEB34028	4	0.0	4	covered	4
host	PRJEB34232	1	0.0	1	covered	1
host	PRJEB34513	5	0.0	5	covered	5
host	PRJEB34557	1	0.0	1	covered	1
host	PRJEB34702	4	0.0	4	covered	4
host	PRJEB34867	2	0.0	2	covered	2
host	PRJEB34874	6	0.0	6	covered	6
host	PRJEB35623	2	0.0	2	covered	2
host	PRJEB36000	1	0.0	1	covered	1
host	PRJEB36448	2	0.0	2	covered	2
host	PRJEB36913	1	0.0	1	covered	1
host	PRJEB37472	4	0.0	4	covered	4
host	PRJEB37610	1	0.0	1	covered	1
host	PRJEB37902	4	0.0	4	covered	4
host	PRJEB38442	2	0.0	2	covered	2
host	PRJEB38601	1	0.0	1	covered	1
host	PRJEB38602	1	0.0	1	covered	1
host	PRJEB38863	1	0.0	1	covered	1
host	PRJEB39204	5	0.0	5	covered	5
host	PRJEB39816	7	0.0	7	covered	7
host	PRJEB40149	1	0.0	1	covered	1
host	PRJEB40388	6	0.0	6	covered	6
host	PRJEB41009	5	0.0	5	covered	5
host	PRJEB41234	1	0.0	1	covered	1
host	PRJEB42295	2	0.0	2	covered	2
host	PRJEB43637	5	0.0	5	covered	5
host	PRJEB43975	1	0.0	1	covered	1
host	PRJEB44175	2	0.0	2	covered	2
host	PRJEB44350	2	0.0	2	covered	2
host	PRJEB44904	2	0.0	2	covered	2
host	PRJEB45009	4	0.0	4	covered	4
host	PRJEB4506	2	0.0	2	covered	2
host	PRJEB45084	6	0.0	6	covered	6
host	PRJEB45559	9	0.0	9	covered	9
host	PRJEB46059	2	0.0	2	covered	2
host	PRJEB46496	1	0.0	1	covered	1
host	PRJEB48936	1	0.0	1	covered	1
host	PRJEB49171	2	0.0	2	covered	2
host	PRJEB49509	1	0.0	1	covered	1
host	PRJEB50384	5	0.0	5	covered	5
host	PRJEB50707	2	0.0	2	covered	2
host	PRJEB51925	8	0.0	8	covered	8
host	PRJEB52194	4	0.0	4	covered	4
host	PRJEB52722	2	0.0	2	covered	2
host	PRJEB53051	2	0.0	2	covered	2
host	PRJEB53460	4	0.0	4	covered	4
host	PRJEB53512	8	0.0	8	covered	8
host	PRJEB54871	5	0.0	5	covered	5
host	PRJEB55839	3	0.0	3	covered	3
host	PRJEB55904	1	0.0	1	covered	1
host	PRJEB56148	6	0.0	6	covered	6
host	PRJEB58617	5	0.0	5	covered	5
host	PRJEB58827	2	0.0	2	covered	2
host	PRJEB59061	1	0.0	1	covered	1
host	PRJEB59337	5	0.0	5	covered	5
host	PRJEB60070	2	0.0	2	covered	2
host	PRJEB60429	2	0.0	2	covered	2
host	PRJEB60446	2	0.0	2	covered	2
host	PRJEB60914	1	0.0	1	covered	1
host	PRJEB61660	5	0.0	5	covered	5
host	PRJEB61934	1	0.0	1	covered	1
host	PRJEB63064	3	0.0	3	covered	3
host	PRJEB6416	1	0.0	1	covered	1
host	PRJEB6657	1	0.0	1	covered	1
host	PRJEB68301	9	0.0	9	covered	9
host	PRJEB70870	6	0.0	6	covered	6
host	PRJEB71341	9	0.0	9	covered	9
host	PRJEB71714	1	0.0	1	covered	1
host	PRJEB71832	5	0.0	5	covered	5
host	PRJEB71895	2	0.0	2	covered	2
host	PRJEB73531	3	0.0	3	covered	3
host	PRJEB74697	3	0.0	3	covered	3
host	PRJEB7689	4	0.0	4	covered	4
host	PRJEB8104	4	0.0	4	covered	4
host	PRJEB8302	3	0.0	3	covered	3
host	PRJEB8303	1	0.0	1	covered	1
host	PRJEB8575	1	0.0	1	covered	1
host	PRJEB8768	1	0.0	1	covered	1
host	PRJEB9173	1	0.0	1	covered	1
host	PRJEB9824	4	0.0	4	covered	4
host	PRJNA1001661	9	0.0	9	covered	9
host	PRJNA1003529	7	0.0	7	covered	7
host	PRJNA1019652	5	0.0	5	covered	5
host	PRJNA1023395	1	0.0	1	covered	1
host	PRJNA1029809	8	0.0	8	covered	8
host	PRJNA1029998	3	0.0	3	covered	3
host	PRJNA1037744	4	0.0	4	covered	4
host	PRJNA1064853	2	0.0	2	covered	2
host	PRJNA1067287	4	0.0	4	covered	4
host	PRJNA107647	9	0.0	9	covered	9
host	PRJNA1088746	1	0.0	1	covered	1
host	PRJNA1100498	3	0.667	1	covered	1
host	PRJNA1101420	6	0.0	6	covered	6
host	PRJNA1134078	5	0.0	5	covered	5
host	PRJNA165913	1	0.0	1	covered	1
host	PRJNA173233	1	0.0	1	covered	1
host	PRJNA181050	1	0.0	1	covered	1
host	PRJNA181051	1	0.0	1	covered	1
host	PRJNA181052	1	0.0	1	covered	1
host	PRJNA184888	6	0.0	6	covered	6
host	PRJNA187279	1	0.0	1	covered	1
host	PRJNA187280	1	0.0	1	covered	1
host	PRJNA187281	1	0.0	1	covered	1
host	PRJNA187282	1	0.0	1	covered	1
host	PRJNA187283	1	0.0	1	covered	1
host	PRJNA187284	1	0.0	1	covered	1
host	PRJNA187285	1	0.0	1	covered	1
host	PRJNA187286	1	0.0	1	covered	1
host	PRJNA187287	1	0.0	1	covered	1
host	PRJNA187288	1	0.0	1	covered	1
host	PRJNA187289	1	0.0	1	covered	1
host	PRJNA187290	1	0.0	1	covered	1
host	PRJNA187291	1	0.0	1	covered	1
host	PRJNA187292	1	0.0	1	covered	1
host	PRJNA187293	1	0.0	1	covered	1
host	PRJNA187294	1	0.0	1	covered	1
host	PRJNA187295	1	0.0	1	covered	1
host	PRJNA187296	1	0.0	1	covered	1
host	PRJNA187297	1	0.0	1	covered	1
host	PRJNA187298	1	0.0	1	covered	1
host	PRJNA187299	1	0.0	1	covered	1
host	PRJNA187300	1	0.0	1	covered	1
host	PRJNA187301	1	0.0	1	covered	1
host	PRJNA187302	1	0.0	1	covered	1
host	PRJNA187303	1	0.0	1	covered	1
host	PRJNA187304	1	0.0	1	covered	1
host	PRJNA187305	1	0.0	1	covered	1
host	PRJNA187306	1	0.0	1	covered	1
host	PRJNA187307	1	0.0	1	covered	1
host	PRJNA187308	1	0.0	1	covered	1
host	PRJNA187309	1	0.0	1	covered	1
host	PRJNA187310	1	0.0	1	covered	1
host	PRJNA187311	1	0.0	1	covered	1
host	PRJNA187312	1	0.0	1	covered	1
host	PRJNA187313	1	0.0	1	covered	1
host	PRJNA187314	1	0.0	1	covered	1
host	PRJNA187315	1	0.0	1	covered	1
host	PRJNA187316	1	0.0	1	covered	1
host	PRJNA187317	1	0.0	1	covered	1
host	PRJNA187318	1	0.0	1	covered	1
host	PRJNA187319	1	0.0	1	covered	1
host	PRJNA187320	1	0.0	1	covered	1
host	PRJNA187321	1	0.0	1	covered	1
host	PRJNA187322	1	0.0	1	covered	1
host	PRJNA187323	1	0.0	1	covered	1
host	PRJNA187324	1	0.0	1	covered	1
host	PRJNA187326	1	0.0	1	covered	1
host	PRJNA193160	1	0.0	1	covered	1
host	PRJNA193161	1	0.0	1	covered	1
host	PRJNA193162	1	0.0	1	covered	1
host	PRJNA193163	1	0.0	1	covered	1
host	PRJNA193164	1	0.0	1	covered	1
host	PRJNA193165	1	0.0	1	covered	1
host	PRJNA193167	1	0.0	1	covered	1
host	PRJNA193168	1	0.0	1	covered	1
host	PRJNA193169	1	0.0	1	covered	1
host	PRJNA195754	1	0.0	1	covered	1
host	PRJNA197002	1	0.0	1	covered	1
host	PRJNA202047	1	0.0	1	covered	1
host	PRJNA212643	1	0.0	1	covered	1
host	PRJNA212649	1	0.0	1	covered	1
host	PRJNA254477	2	0.0	2	covered	2
host	PRJNA263062	1	0.0	1	covered	1
host	PRJNA265231	1	0.0	1	covered	1
host	PRJNA265232	1	0.0	1	covered	1
host	PRJNA265233	1	0.0	1	covered	1
host	PRJNA265234	1	0.0	1	covered	1
host	PRJNA265235	1	0.0	1	covered	1
host	PRJNA265236	1	0.0	1	covered	1
host	PRJNA265237	1	0.0	1	covered	1
host	PRJNA265240	1	0.0	1	covered	1
host	PRJNA265241	1	0.0	1	covered	1
host	PRJNA265242	1	0.0	1	covered	1
host	PRJNA265243	1	0.0	1	covered	1
host	PRJNA265244	1	0.0	1	covered	1
host	PRJNA265245	1	0.0	1	covered	1
host	PRJNA265246	1	0.0	1	covered	1
host	PRJNA265247	1	0.0	1	covered	1
host	PRJNA265248	1	0.0	1	covered	1
host	PRJNA265254	1	0.0	1	covered	1
host	PRJNA265255	1	0.0	1	covered	1
host	PRJNA265256	1	0.0	1	covered	1
host	PRJNA265257	1	0.0	1	covered	1
host	PRJNA265258	1	0.0	1	covered	1
host	PRJNA265259	1	0.0	1	covered	1
host	PRJNA265260	1	0.0	1	covered	1
host	PRJNA265261	1	0.0	1	covered	1
host	PRJNA265262	1	0.0	1	covered	1
host	PRJNA265263	1	0.0	1	covered	1
host	PRJNA265264	1	0.0	1	covered	1
host	PRJNA265265	1	0.0	1	covered	1
host	PRJNA265266	1	0.0	1	covered	1
host	PRJNA265267	1	0.0	1	covered	1
host	PRJNA265268	1	0.0	1	covered	1
host	PRJNA265269	1	0.0	1	covered	1
host	PRJNA265270	1	0.0	1	covered	1
host	PRJNA265275	1	0.0	1	covered	1
host	PRJNA265347	1	0.0	1	covered	1
host	PRJNA269826	1	0.0	1	covered	1
host	PRJNA279611	1	0.0	1	covered	1
host	PRJNA279619	1	0.0	1	covered	1
host	PRJNA279655	1	0.0	1	covered	1
host	PRJNA279656	1	0.0	1	covered	1
host	PRJNA279671	1	0.0	1	covered	1
host	PRJNA279672	1	0.0	1	covered	1
host	PRJNA284365	1	0.0	1	covered	1
host	PRJNA316321	9	0.0	9	covered	9
host	PRJNA316457	2	0.0	2	covered	2
host	PRJNA343442,PRJNA175243	1	0.0	1	covered	1
host	PRJNA354234	3	0.667	1	covered	1
host	PRJNA357722	3	0.0	3	covered	3
host	PRJNA380388	1	0.0	1	covered	1
host	PRJNA393050	1	0.0	1	covered	1
host	PRJNA398365	1	0.0	1	covered	1
host	PRJNA40025	1	0.0	1	covered	1
host	PRJNA40049	1	0.0	1	covered	1
host	PRJNA420100	1	0.0	1	covered	1
host	PRJNA432294	3	0.0	3	covered	3
host	PRJNA445318	1	0.0	1	covered	1
host	PRJNA471737	1	0.0	1	covered	1
host	PRJNA474898	1	0.0	1	covered	1
host	PRJNA489399	5	0.0	5	covered	5
host	PRJNA499494	1	0.0	1	covered	1
host	PRJNA501401	1	0.0	1	covered	1
host	PRJNA501405	1	0.0	1	covered	1
host	PRJNA501406	1	0.0	1	covered	1
host	PRJNA501409	1	0.0	1	covered	1
host	PRJNA501412	1	0.0	1	covered	1
host	PRJNA503825	1	0.0	1	covered	1
host	PRJNA508495	3	0.0	3	covered	3
host	PRJNA508509	7	0.0	7	covered	7
host	PRJNA513350	1	0.0	1	covered	1
host	PRJNA52135	1	0.0	1	covered	1
host	PRJNA52137	1	0.0	1	covered	1
host	PRJNA52139	1	0.0	1	covered	1
host	PRJNA52141	1	0.0	1	covered	1
host	PRJNA52143	1	0.0	1	covered	1
host	PRJNA52145	1	0.0	1	covered	1
host	PRJNA52149	1	0.0	1	covered	1
host	PRJNA52151	1	0.0	1	covered	1
host	PRJNA52153	1	0.0	1	covered	1
host	PRJNA527940	1	0.0	1	covered	1
host	PRJNA531554	1	0.0	1	covered	1
host	PRJNA534097	1	0.0	1	covered	1
host	PRJNA543860	2	0.0	2	covered	2
host	PRJNA547184	1	0.0	1	covered	1
host	PRJNA550349	1	0.0	1	covered	1
host	PRJNA552487	1	0.0	1	covered	1
host	PRJNA553302	3	0.0	3	covered	3
host	PRJNA564151	4	0.0	4	covered	4
host	PRJNA565663	5	0.0	5	covered	5
host	PRJNA576510	1	0.0	1	covered	1
host	PRJNA587512	1	0.0	1	covered	1
host	PRJNA592166	1	0.0	1	covered	1
host	PRJNA594627	1	0.0	1	covered	1
host	PRJNA604100	3	0.0	3	covered	3
host	PRJNA604671	1	0.0	1	covered	1
host	PRJNA609701	1	0.0	1	covered	1
host	PRJNA611005	1	0.0	1	covered	1
host	PRJNA636185	5	0.0	5	covered	5
host	PRJNA641130	1	0.0	1	covered	1
host	PRJNA641131	3	0.0	3	covered	3
host	PRJNA641176	1	0.0	1	covered	1
host	PRJNA660495	1	0.0	1	covered	1
host	PRJNA664939	6	0.0	6	covered	6
host	PRJNA685932	1	0.0	1	covered	1
host	PRJNA688543	1	0.0	1	covered	1
host	PRJNA691968	5	0.0	5	covered	5
host	PRJNA706398	1	0.0	1	covered	1
host	PRJNA713498	2	0.0	2	covered	2
host	PRJNA715323	1	0.0	1	covered	1
host	PRJNA715927	1	0.0	1	covered	1
host	PRJNA719938	2	0.0	2	covered	2
host	PRJNA733494	5	0.0	5	covered	5
host	PRJNA73843	1	0.0	1	covered	1
host	PRJNA744549	9	0.0	9	covered	9
host	PRJNA756469	1	0.0	1	covered	1
host	PRJNA758781	1	0.0	1	covered	1
host	PRJNA761099	1	0.0	1	covered	1
host	PRJNA768347	3	0.0	3	covered	3
host	PRJNA774508	3	0.0	3	covered	3
host	PRJNA799011	2	0.0	2	covered	2
host	PRJNA801117	1	0.0	1	covered	1
host	PRJNA807804	1	0.0	1	covered	1
host	PRJNA818256	1	0.0	1	covered	1
host	PRJNA838568	5	0.0	5	covered	5
host	PRJNA845367	1	0.0	1	covered	1
host	PRJNA847041	1	0.0	1	covered	1
host	PRJNA856883	7	0.0	7	covered	7
host	PRJNA862318	1	0.0	1	covered	1
host	PRJNA864766	2	0.0	2	covered	2
host	PRJNA871216	2	0.0	2	covered	2
host	PRJNA873263	7	0.0	7	covered	7
host	PRJNA877288	1	0.0	1	covered	1
host	PRJNA883008	1	0.0	1	covered	1
host	PRJNA885384	1	0.0	1	covered	1
host	PRJNA886974	1	0.0	1	covered	1
host	PRJNA887604	1	0.0	1	covered	1
host	PRJNA892272	3	0.0	3	covered	3
host	PRJNA904531	4	0.0	4	covered	4
host	PRJNA907796	3	0.0	3	covered	3
host	PRJNA917297	1	0.0	1	covered	1
host	PRJNA930651	3	0.0	3	covered	3
host	PRJNA939005	1	0.0	1	covered	1
host	PRJNA939354	1	0.0	1	covered	1
host	PRJNA941224	5	0.0	5	covered	5
host	PRJNA949453	6	0.0	6	covered	6
host	PRJNA961034	9	0.222	7	covered	7
host	PRJNA981489	1	0.0	1	covered	1
host	PRJNA983061	4	0.0	4	covered	4
host	PRJNA985548	1	0.0	1	covered	1
host	PRJNA989579	1	0.0	1	covered	1
host	PRJDB11476	1	0.0	1	residual_per_sample	0
host	PRJDB11634	8	0.0	8	residual_per_sample	0
host	PRJDB1836	1	0.0	1	residual_per_sample	0
host	PRJDB2133	1	0.0	1	residual_per_sample	0
host	PRJDB2159	1	0.0	1	residual_per_sample	0
host	PRJDB2238	1	0.0	1	residual_per_sample	0
host	PRJDB2655	1	0.0	1	residual_per_sample	0
host	PRJEB10263	2	0.0	2	residual_per_sample	0
host	PRJEB11503	1	0.0	1	residual_per_sample	0
host	PRJEB11876	1	0.0	1	residual_per_sample	0
host	PRJEB12887	1	0.0	1	residual_per_sample	0
host	PRJEB13482	1	0.0	1	residual_per_sample	0
host	PRJEB14050	1	0.0	1	residual_per_sample	0
host	PRJEB14232	1	0.0	1	residual_per_sample	0
host	PRJEB14648	2	0.0	2	residual_per_sample	0
host	PRJEB17631	2	0.0	2	residual_per_sample	0
host	PRJEB18525	2	0.0	2	residual_per_sample	0
host	PRJEB20135	1	0.0	1	residual_per_sample	0
host	PRJEB20557	1	0.0	1	residual_per_sample	0
host	PRJEB20897	1	0.0	1	residual_per_sample	0
host	PRJEB20997	3	0.0	3	residual_per_sample	0
host	PRJEB21131	1	0.0	1	residual_per_sample	0
host	PRJEB21201	1	0.0	1	residual_per_sample	0
host	PRJEB2215	1	0.0	1	residual_per_sample	0
host	PRJEB23294	5	0.0	5	residual_per_sample	0
host	PRJEB23315	6	0.0	6	residual_per_sample	0
host	PRJEB23879	5	0.0	5	residual_per_sample	0
host	PRJEB24638	1	0.0	1	residual_per_sample	0
host	PRJEB25425	2	0.0	2	residual_per_sample	0
host	PRJEB26081	5	0.0	5	residual_per_sample	0
host	PRJEB27400	1	0.0	1	residual_per_sample	0
host	PRJEB2779	1	0.0	1	residual_per_sample	0
host	PRJEB28327	1	0.0	1	residual_per_sample	0
host	PRJEB2968	1	0.0	1	residual_per_sample	0
host	PRJEB29743	1	0.0	1	residual_per_sample	0
host	PRJEB30066	3	0.0	3	residual_per_sample	0
host	PRJEB3184	1	0.0	1	residual_per_sample	0
host	PRJEB31941	3	0.0	3	residual_per_sample	0
host	PRJEB3215	1	0.0	1	residual_per_sample	0
host	PRJEB32402	1	0.0	1	residual_per_sample	0
host	PRJEB33365	2	0.0	2	residual_per_sample	0
host	PRJEB34174	1	0.0	1	residual_per_sample	0
host	PRJEB35084	1	0.0	1	residual_per_sample	0
host	PRJEB37779	4	0.0	4	residual_per_sample	0
host	PRJEB38951	1	0.0	1	residual_per_sample	0
host	PRJEB39709	4	0.0	4	residual_per_sample	0
host	PRJEB41279	2	0.0	2	residual_per_sample	0
host	PRJEB43940	5	0.0	5	residual_per_sample	0
host	PRJEB44490	2	0.0	2	residual_per_sample	0
host	PRJEB4649	1	0.0	1	residual_per_sample	0
host	PRJEB48690	6	0.0	6	residual_per_sample	0
host	PRJEB50806	2	0.0	2	residual_per_sample	0
host	PRJEB51164	1	0.0	1	residual_per_sample	0
host	PRJEB55525	6	0.0	6	residual_per_sample	0
host	PRJEB58069	9	0.0	9	residual_per_sample	0
host	PRJEB61017	1	0.0	1	residual_per_sample	0
host	PRJEB61973	2	0.0	2	residual_per_sample	0
host	PRJEB62871	1	0.0	1	residual_per_sample	0
host	PRJEB66292	1	0.0	1	residual_per_sample	0
host	PRJEB6921	3	0.0	3	residual_per_sample	0
host	PRJEB73590	1	0.0	1	residual_per_sample	0
host	PRJEB74142	1	0.0	1	residual_per_sample	0
host	PRJEB75816	2	0.0	2	residual_per_sample	0
host	PRJEB76944	8	0.0	8	residual_per_sample	0
host	PRJEB8559	1	0.0	1	residual_per_sample	0
host	PRJEB8721	2	0.0	2	residual_per_sample	0
host	PRJEB9644	1	0.0	1	residual_per_sample	0
host	PRJNA1021015	1	0.0	1	residual_per_sample	0
host	PRJNA1039570	6	0.0	6	residual_per_sample	0
host	PRJNA1058963	9	0.0	9	residual_per_sample	0
host	PRJNA1066419	1	0.0	1	residual_per_sample	0
host	PRJNA1075815	1	0.0	1	residual_per_sample	0
host	PRJNA1086631	9	0.0	9	residual_per_sample	0
host	PRJNA1099652	3	0.0	3	residual_per_sample	0
host	PRJNA1100205	9	0.0	9	residual_per_sample	0
host	PRJNA1100308	1	0.0	1	residual_per_sample	0
host	PRJNA1101017	2	0.0	2	residual_per_sample	0
host	PRJNA1122522	1	0.0	1	residual_per_sample	0
host	PRJNA1123194	5	0.0	5	residual_per_sample	0
host	PRJNA1128528	8	0.125	7	residual_per_sample	0
host	PRJNA1138264	1	0.0	1	residual_per_sample	0
host	PRJNA161277	1	0.0	1	residual_per_sample	0
host	PRJNA168337	1	0.0	1	residual_per_sample	0
host	PRJNA169453	1	0.0	1	residual_per_sample	0
host	PRJNA169454	1	0.0	1	residual_per_sample	0
host	PRJNA169455	1	0.0	1	residual_per_sample	0
host	PRJNA169456	1	0.0	1	residual_per_sample	0
host	PRJNA186035	3	0.0	3	residual_per_sample	0
host	PRJNA198783	1	0.0	1	residual_per_sample	0
host	PRJNA201932	1	0.0	1	residual_per_sample	0
host	PRJNA201933	1	0.0	1	residual_per_sample	0
host	PRJNA201934	1	0.0	1	residual_per_sample	0
host	PRJNA201935	1	0.0	1	residual_per_sample	0
host	PRJNA201936	1	0.0	1	residual_per_sample	0
host	PRJNA201942	1	0.0	1	residual_per_sample	0
host	PRJNA201943	1	0.0	1	residual_per_sample	0
host	PRJNA201944	1	0.0	1	residual_per_sample	0
host	PRJNA201945	1	0.0	1	residual_per_sample	0
host	PRJNA201946	1	0.0	1	residual_per_sample	0
host	PRJNA201947	1	0.0	1	residual_per_sample	0
host	PRJNA201950	1	0.0	1	residual_per_sample	0
host	PRJNA201951	1	0.0	1	residual_per_sample	0
host	PRJNA201955	1	0.0	1	residual_per_sample	0
host	PRJNA201956	1	0.0	1	residual_per_sample	0
host	PRJNA201957	1	0.0	1	residual_per_sample	0
host	PRJNA201958,PRJNA201967	1	0.0	1	residual_per_sample	0
host	PRJNA201959	1	0.0	1	residual_per_sample	0
host	PRJNA201960	1	0.0	1	residual_per_sample	0
host	PRJNA201961	1	0.0	1	residual_per_sample	0
host	PRJNA201962	1	0.0	1	residual_per_sample	0
host	PRJNA201963	1	0.0	1	residual_per_sample	0
host	PRJNA201964	1	0.0	1	residual_per_sample	0
host	PRJNA201965	1	0.0	1	residual_per_sample	0
host	PRJNA201966	1	0.0	1	residual_per_sample	0
host	PRJNA201967,PRJNA201954	1	0.0	1	residual_per_sample	0
host	PRJNA201968	1	0.0	1	residual_per_sample	0
host	PRJNA201970	1	0.0	1	residual_per_sample	0
host	PRJNA201974	1	0.0	1	residual_per_sample	0
host	PRJNA201978	1	0.0	1	residual_per_sample	0
host	PRJNA201981	1	0.0	1	residual_per_sample	0
host	PRJNA201984	1	0.0	1	residual_per_sample	0
host	PRJNA201985	1	0.0	1	residual_per_sample	0
host	PRJNA201987	1	0.0	1	residual_per_sample	0
host	PRJNA201989	1	0.0	1	residual_per_sample	0
host	PRJNA201990	1	0.0	1	residual_per_sample	0
host	PRJNA201991	1	0.0	1	residual_per_sample	0
host	PRJNA201994	1	0.0	1	residual_per_sample	0
host	PRJNA201999	1	0.0	1	residual_per_sample	0
host	PRJNA202000	1	0.0	1	residual_per_sample	0
host	PRJNA202001	1	0.0	1	residual_per_sample	0
host	PRJNA202002	1	0.0	1	residual_per_sample	0
host	PRJNA202005	1	0.0	1	residual_per_sample	0
host	PRJNA202006	1	0.0	1	residual_per_sample	0
host	PRJNA202008	1	0.0	1	residual_per_sample	0
host	PRJNA202009	1	0.0	1	residual_per_sample	0
host	PRJNA202012	1	0.0	1	residual_per_sample	0
host	PRJNA202013	1	0.0	1	residual_per_sample	0
host	PRJNA202014	1	0.0	1	residual_per_sample	0
host	PRJNA202015	1	0.0	1	residual_per_sample	0
host	PRJNA202016	1	0.0	1	residual_per_sample	0
host	PRJNA202017	1	0.0	1	residual_per_sample	0
host	PRJNA202018	1	0.0	1	residual_per_sample	0
host	PRJNA202020	1	0.0	1	residual_per_sample	0
host	PRJNA202023	1	0.0	1	residual_per_sample	0
host	PRJNA202024	1	0.0	1	residual_per_sample	0
host	PRJNA202025	1	0.0	1	residual_per_sample	0
host	PRJNA202026	1	0.0	1	residual_per_sample	0
host	PRJNA202032	1	0.0	1	residual_per_sample	0
host	PRJNA202033	1	0.0	1	residual_per_sample	0
host	PRJNA202034	1	0.0	1	residual_per_sample	0
host	PRJNA202035	1	0.0	1	residual_per_sample	0
host	PRJNA202036	1	0.0	1	residual_per_sample	0
host	PRJNA202042	1	0.0	1	residual_per_sample	0
host	PRJNA202043	1	0.0	1	residual_per_sample	0
host	PRJNA202045	1	0.0	1	residual_per_sample	0
host	PRJNA202046	1	0.0	1	residual_per_sample	0
host	PRJNA202048	1	0.0	1	residual_per_sample	0
host	PRJNA202052	1	0.0	1	residual_per_sample	0
host	PRJNA202053	1	0.0	1	residual_per_sample	0
host	PRJNA202895	1	0.0	1	residual_per_sample	0
host	PRJNA203445	1	0.0	1	residual_per_sample	0
host	PRJNA213341	1	0.0	1	residual_per_sample	0
host	PRJNA218110	1	0.0	1	residual_per_sample	0
host	PRJNA219247	1	0.0	1	residual_per_sample	0
host	PRJNA219248	1	0.0	1	residual_per_sample	0
host	PRJNA219252	1	0.0	1	residual_per_sample	0
host	PRJNA219253	1	0.0	1	residual_per_sample	0
host	PRJNA219254	1	0.0	1	residual_per_sample	0
host	PRJNA219255	1	0.0	1	residual_per_sample	0
host	PRJNA219259	1	0.0	1	residual_per_sample	0
host	PRJNA219260	1	0.0	1	residual_per_sample	0
host	PRJNA219261	1	0.0	1	residual_per_sample	0
host	PRJNA219262	1	0.0	1	residual_per_sample	0
host	PRJNA219265	1	0.0	1	residual_per_sample	0
host	PRJNA219266	1	0.0	1	residual_per_sample	0
host	PRJNA219267	1	0.0	1	residual_per_sample	0
host	PRJNA219268	1	0.0	1	residual_per_sample	0
host	PRJNA219269	1	0.0	1	residual_per_sample	0
host	PRJNA219270	1	0.0	1	residual_per_sample	0
host	PRJNA219271	1	0.0	1	residual_per_sample	0
host	PRJNA219272	1	0.0	1	residual_per_sample	0
host	PRJNA219275	1	0.0	1	residual_per_sample	0
host	PRJNA219276	1	0.0	1	residual_per_sample	0
host	PRJNA219277	1	0.0	1	residual_per_sample	0
host	PRJNA219278	1	0.0	1	residual_per_sample	0
host	PRJNA219283	1	0.0	1	residual_per_sample	0
host	PRJNA219284	1	0.0	1	residual_per_sample	0
host	PRJNA219287	1	0.0	1	residual_per_sample	0
host	PRJNA219289	1	0.0	1	residual_per_sample	0
host	PRJNA219292	1	0.0	1	residual_per_sample	0
host	PRJNA219293	1	0.0	1	residual_per_sample	0
host	PRJNA219294	1	0.0	1	residual_per_sample	0
host	PRJNA219295	1	0.0	1	residual_per_sample	0
host	PRJNA219296	1	0.0	1	residual_per_sample	0
host	PRJNA219297	1	0.0	1	residual_per_sample	0
host	PRJNA219298	1	0.0	1	residual_per_sample	0
host	PRJNA219299	1	0.0	1	residual_per_sample	0
host	PRJNA219300	1	0.0	1	residual_per_sample	0
host	PRJNA223655	1	0.0	1	residual_per_sample	0
host	PRJNA230968	2	0.0	2	residual_per_sample	0
host	PRJNA230969	2	0.0	2	residual_per_sample	0
host	PRJNA233696	1	0.0	1	residual_per_sample	0
host	PRJNA233724	1	0.0	1	residual_per_sample	0
host	PRJNA234107	1	0.0	1	residual_per_sample	0
host	PRJNA234108	1	0.0	1	residual_per_sample	0
host	PRJNA234109	1	0.0	1	residual_per_sample	0
host	PRJNA234110	1	0.0	1	residual_per_sample	0
host	PRJNA234111	1	0.0	1	residual_per_sample	0
host	PRJNA234112	1	0.0	1	residual_per_sample	0
host	PRJNA234113	1	0.0	1	residual_per_sample	0
host	PRJNA234114	1	0.0	1	residual_per_sample	0
host	PRJNA234115	1	0.0	1	residual_per_sample	0
host	PRJNA234116	1	0.0	1	residual_per_sample	0
host	PRJNA234117,PRJNA201967	1	0.0	1	residual_per_sample	0
host	PRJNA234118	1	0.0	1	residual_per_sample	0
host	PRJNA234119	1	0.0	1	residual_per_sample	0
host	PRJNA234120	1	0.0	1	residual_per_sample	0
host	PRJNA234122	1	0.0	1	residual_per_sample	0
host	PRJNA234123	1	0.0	1	residual_per_sample	0
host	PRJNA234128	1	0.0	1	residual_per_sample	0
host	PRJNA234129	1	0.0	1	residual_per_sample	0
host	PRJNA234132	1	0.0	1	residual_per_sample	0
host	PRJNA234134	1	0.0	1	residual_per_sample	0
host	PRJNA234135	1	0.0	1	residual_per_sample	0
host	PRJNA234136	1	0.0	1	residual_per_sample	0
host	PRJNA234137	1	0.0	1	residual_per_sample	0
host	PRJNA234140	1	0.0	1	residual_per_sample	0
host	PRJNA234141	1	0.0	1	residual_per_sample	0
host	PRJNA234142	1	0.0	1	residual_per_sample	0
host	PRJNA234143	1	0.0	1	residual_per_sample	0
host	PRJNA234144	1	0.0	1	residual_per_sample	0
host	PRJNA234148	1	0.0	1	residual_per_sample	0
host	PRJNA234149	1	0.0	1	residual_per_sample	0
host	PRJNA234157	1	0.0	1	residual_per_sample	0
host	PRJNA234168	1	0.0	1	residual_per_sample	0
host	PRJNA234169	1	0.0	1	residual_per_sample	0
host	PRJNA234170	1	0.0	1	residual_per_sample	0
host	PRJNA234171	1	0.0	1	residual_per_sample	0
host	PRJNA234172	1	0.0	1	residual_per_sample	0
host	PRJNA234173	1	0.0	1	residual_per_sample	0
host	PRJNA234174	1	0.0	1	residual_per_sample	0
host	PRJNA234175	1	0.0	1	residual_per_sample	0
host	PRJNA234176	1	0.0	1	residual_per_sample	0
host	PRJNA234177	1	0.0	1	residual_per_sample	0
host	PRJNA234178	1	0.0	1	residual_per_sample	0
host	PRJNA234179	1	0.0	1	residual_per_sample	0
host	PRJNA234180	1	0.0	1	residual_per_sample	0
host	PRJNA234181	1	0.0	1	residual_per_sample	0
host	PRJNA234182	1	0.0	1	residual_per_sample	0
host	PRJNA234183	1	0.0	1	residual_per_sample	0
host	PRJNA234184	1	0.0	1	residual_per_sample	0
host	PRJNA234185	1	0.0	1	residual_per_sample	0
host	PRJNA234186	1	0.0	1	residual_per_sample	0
host	PRJNA234187	1	0.0	1	residual_per_sample	0
host	PRJNA234188	1	0.0	1	residual_per_sample	0
host	PRJNA234189	1	0.0	1	residual_per_sample	0
host	PRJNA234190	1	0.0	1	residual_per_sample	0
host	PRJNA234191	1	0.0	1	residual_per_sample	0
host	PRJNA234192	1	0.0	1	residual_per_sample	0
host	PRJNA234193	1	0.0	1	residual_per_sample	0
host	PRJNA234194	1	0.0	1	residual_per_sample	0
host	PRJNA234195	1	0.0	1	residual_per_sample	0
host	PRJNA234196	1	0.0	1	residual_per_sample	0
host	PRJNA234197	1	0.0	1	residual_per_sample	0
host	PRJNA234198	1	0.0	1	residual_per_sample	0
host	PRJNA234199	1	0.0	1	residual_per_sample	0
host	PRJNA234200	1	0.0	1	residual_per_sample	0
host	PRJNA234201	1	0.0	1	residual_per_sample	0
host	PRJNA234202	1	0.0	1	residual_per_sample	0
host	PRJNA234203	1	0.0	1	residual_per_sample	0
host	PRJNA234204	1	0.0	1	residual_per_sample	0
host	PRJNA234205	1	0.0	1	residual_per_sample	0
host	PRJNA234206	1	0.0	1	residual_per_sample	0
host	PRJNA234207	1	0.0	1	residual_per_sample	0
host	PRJNA234208	1	0.0	1	residual_per_sample	0
host	PRJNA234209	1	0.0	1	residual_per_sample	0
host	PRJNA234210	1	0.0	1	residual_per_sample	0
host	PRJNA234211	1	0.0	1	residual_per_sample	0
host	PRJNA234212	1	0.0	1	residual_per_sample	0
host	PRJNA234213	1	0.0	1	residual_per_sample	0
host	PRJNA234215	1	0.0	1	residual_per_sample	0
host	PRJNA234216	1	0.0	1	residual_per_sample	0
host	PRJNA234217	1	0.0	1	residual_per_sample	0
host	PRJNA234218	1	0.0	1	residual_per_sample	0
host	PRJNA234219	1	0.0	1	residual_per_sample	0
host	PRJNA234220	1	0.0	1	residual_per_sample	0
host	PRJNA234221	1	0.0	1	residual_per_sample	0
host	PRJNA234222	1	0.0	1	residual_per_sample	0
host	PRJNA234223	1	0.0	1	residual_per_sample	0
host	PRJNA234224	1	0.0	1	residual_per_sample	0
host	PRJNA234225	1	0.0	1	residual_per_sample	0
host	PRJNA234226	1	0.0	1	residual_per_sample	0
host	PRJNA234227	1	0.0	1	residual_per_sample	0
host	PRJNA234228	1	0.0	1	residual_per_sample	0
host	PRJNA234229	1	0.0	1	residual_per_sample	0
host	PRJNA234230	1	0.0	1	residual_per_sample	0
host	PRJNA234231	1	0.0	1	residual_per_sample	0
host	PRJNA234232	1	0.0	1	residual_per_sample	0
host	PRJNA234233	1	0.0	1	residual_per_sample	0
host	PRJNA234234	1	0.0	1	residual_per_sample	0
host	PRJNA234235	1	0.0	1	residual_per_sample	0
host	PRJNA234236	1	0.0	1	residual_per_sample	0
host	PRJNA234239	1	0.0	1	residual_per_sample	0
host	PRJNA234240	1	0.0	1	residual_per_sample	0
host	PRJNA234241	1	0.0	1	residual_per_sample	0
host	PRJNA234242	1	0.0	1	residual_per_sample	0
host	PRJNA234243	1	0.0	1	residual_per_sample	0
host	PRJNA234244	1	0.0	1	residual_per_sample	0
host	PRJNA234245	1	0.0	1	residual_per_sample	0
host	PRJNA234249	1	0.0	1	residual_per_sample	0
host	PRJNA234250	1	0.0	1	residual_per_sample	0
host	PRJNA234251	1	0.0	1	residual_per_sample	0
host	PRJNA234258	1	0.0	1	residual_per_sample	0
host	PRJNA234259	1	0.0	1	residual_per_sample	0
host	PRJNA234260	1	0.0	1	residual_per_sample	0
host	PRJNA234261	1	0.0	1	residual_per_sample	0
host	PRJNA234262	1	0.0	1	residual_per_sample	0
host	PRJNA234263	1	0.0	1	residual_per_sample	0
host	PRJNA234264	1	0.0	1	residual_per_sample	0
host	PRJNA234265	1	0.0	1	residual_per_sample	0
host	PRJNA243331	3	0.0	3	residual_per_sample	0
host	PRJNA244567	1	0.0	1	residual_per_sample	0
host	PRJNA269833	1	0.0	1	residual_per_sample	0
host	PRJNA269877	1	0.0	1	residual_per_sample	0
host	PRJNA269879	1	0.0	1	residual_per_sample	0
host	PRJNA269915	1	0.0	1	residual_per_sample	0
host	PRJNA272089	1	0.0	1	residual_per_sample	0
host	PRJNA275974	1	0.0	1	residual_per_sample	0
host	PRJNA279650	1	0.0	1	residual_per_sample	0
host	PRJNA279657	1	0.0	1	residual_per_sample	0
host	PRJNA279669	1	0.0	1	residual_per_sample	0
host	PRJNA292403	1	0.0	1	residual_per_sample	0
host	PRJNA293224	1	0.0	1	residual_per_sample	0
host	PRJNA293225	2	0.5	1	residual_per_sample	0
host	PRJNA296147	1	0.0	1	residual_per_sample	0
host	PRJNA303003	1	0.0	1	residual_per_sample	0
host	PRJNA318591	1	0.0	1	residual_per_sample	0
host	PRJNA344449	1	0.0	1	residual_per_sample	0
host	PRJNA353361	1	0.0	1	residual_per_sample	0
host	PRJNA391510	1	0.0	1	residual_per_sample	0
host	PRJNA429995	1	0.0	1	residual_per_sample	0
host	PRJNA456216	1	0.0	1	residual_per_sample	0
host	PRJNA456219	1	0.0	1	residual_per_sample	0
host	PRJNA463112	1	0.0	1	residual_per_sample	0
host	PRJNA480281	1	0.0	1	residual_per_sample	0
host	PRJNA481356	3	0.333	2	residual_per_sample	0
host	PRJNA482007	3	0.667	1	residual_per_sample	0
host	PRJNA485367	5	0.6	2	residual_per_sample	0
host	PRJNA500331	1	0.0	1	residual_per_sample	0
host	PRJNA503785	2	0.0	2	residual_per_sample	0
host	PRJNA512885	3	0.333	2	residual_per_sample	0
host	PRJNA523425	2	0.0	2	residual_per_sample	0
host	PRJNA523427	5	0.0	5	residual_per_sample	0
host	PRJNA523730	7	0.0	7	residual_per_sample	0
host	PRJNA523732	8	0.0	8	residual_per_sample	0
host	PRJNA528367	1	0.0	1	residual_per_sample	0
host	PRJNA530250	1	0.0	1	residual_per_sample	0
host	PRJNA542320	1	0.0	1	residual_per_sample	0
host	PRJNA544642	1	0.0	1	residual_per_sample	0
host	PRJNA552311	1	0.0	1	residual_per_sample	0
host	PRJNA555823	8	0.0	8	residual_per_sample	0
host	PRJNA561052	6	0.0	6	residual_per_sample	0
host	PRJNA593956	2	0.0	2	residual_per_sample	0
host	PRJNA595838	1	0.0	1	residual_per_sample	0
host	PRJNA607307	3	0.0	3	residual_per_sample	0
host	PRJNA610191	6	0.667	2	residual_per_sample	0
host	PRJNA612869	1	0.0	1	residual_per_sample	0
host	PRJNA647060	2	0.0	2	residual_per_sample	0
host	PRJNA673369	3	0.0	3	residual_per_sample	0
host	PRJNA680857	3	0.0	3	residual_per_sample	0
host	PRJNA687988	4	0.0	4	residual_per_sample	0
host	PRJNA689691	2	0.0	2	residual_per_sample	0
host	PRJNA706839	9	0.0	9	residual_per_sample	0
host	PRJNA706921	1	0.0	1	residual_per_sample	0
host	PRJNA739632	4	0.0	4	residual_per_sample	0
host	PRJNA739637	8	0.0	8	residual_per_sample	0
host	PRJNA749600	2	0.0	2	residual_per_sample	0
host	PRJNA756309	1	0.0	1	residual_per_sample	0
host	PRJNA770945	9	0.0	9	residual_per_sample	0
host	PRJNA774102	4	0.0	4	residual_per_sample	0
host	PRJNA774259	1	0.0	1	residual_per_sample	0
host	PRJNA779558	1	0.0	1	residual_per_sample	0
host	PRJNA78567	1	0.0	1	residual_per_sample	0
host	PRJNA803341	1	0.0	1	residual_per_sample	0
host	PRJNA805266	1	0.0	1	residual_per_sample	0
host	PRJNA809128	1	0.0	1	residual_per_sample	0
host	PRJNA809422	3	0.0	3	residual_per_sample	0
host	PRJNA819844	2	0.0	2	residual_per_sample	0
host	PRJNA824073	6	0.167	5	residual_per_sample	0
host	PRJNA824074	5	0.2	4	residual_per_sample	0
host	PRJNA825843	6	0.0	6	residual_per_sample	0
host	PRJNA839526	1	0.0	1	residual_per_sample	0
host	PRJNA841857	7	0.0	7	residual_per_sample	0
host	PRJNA855340	1	0.0	1	residual_per_sample	0
host	PRJNA861272	6	0.5	3	residual_per_sample	0
host	PRJNA872534	1	0.0	1	residual_per_sample	0
host	PRJNA896194	3	0.0	3	residual_per_sample	0
host	PRJNA912639	3	0.0	3	residual_per_sample	0
host	PRJNA917544	3	0.0	3	residual_per_sample	0
host	PRJNA929966	1	0.0	1	residual_per_sample	0
host	PRJNA931810	1	0.0	1	residual_per_sample	0
host	PRJNA942340	7	0.0	7	residual_per_sample	0
host	PRJNA947837	6	0.0	6	residual_per_sample	0
host	PRJNA947927	4	0.0	4	residual_per_sample	0
host	PRJNA970235	2	0.0	2	residual_per_sample	0
host	PRJNA971755	2	0.0	2	residual_per_sample	0
host	PRJNA980722	4	0.0	4	residual_per_sample	0
host	PRJNA985853	6	0.667	2	residual_per_sample	0
host	PRJNA986296	1	0.0	1	residual_per_sample	0
isolation_source	PRJDB10686	1	0.0	1	covered	1
isolation_source	PRJDB14068	4	0.0	4	covered	4
isolation_source	PRJDB5295	1	0.0	1	covered	1
isolation_source	PRJDB6797	1	0.0	1	covered	1
isolation_source	PRJDB7066	2	0.0	2	covered	2
isolation_source	PRJDB7330	5	0.0	5	covered	5
isolation_source	PRJDB7545	2	0.0	2	covered	2
isolation_source	PRJDB8047	1	0.0	1	covered	1
isolation_source	PRJDB9227	1	0.0	1	covered	1
isolation_source	PRJDB9461	6	0.0	6	covered	6
isolation_source	PRJEB12361	3	0.0	3	covered	3
isolation_source	PRJEB12513	3	0.0	3	covered	3
isolation_source	PRJEB18589	1	0.0	1	covered	1
isolation_source	PRJEB19677	8	0.0	8	covered	8
isolation_source	PRJEB22207	1	0.0	1	covered	1
isolation_source	PRJEB24657	3	0.0	3	covered	3
isolation_source	PRJEB25904	7	0.0	7	covered	7
isolation_source	PRJEB26512	1	0.0	1	covered	1
isolation_source	PRJEB26677	6	0.0	6	covered	6
isolation_source	PRJEB28522	5	0.0	5	covered	5
isolation_source	PRJEB29745	6	0.0	6	covered	6
isolation_source	PRJEB30582	1	0.0	1	covered	1
isolation_source	PRJEB32059	2	0.0	2	covered	2
isolation_source	PRJEB33296	1	0.0	1	covered	1
isolation_source	PRJEB36448	2	0.0	2	covered	2
isolation_source	PRJEB38442	2	0.0	2	covered	2
isolation_source	PRJEB43975	1	0.0	1	covered	1
isolation_source	PRJEB45009	4	0.0	4	covered	4
isolation_source	PRJEB45084	6	0.167	5	covered	5
isolation_source	PRJEB49171	2	0.0	2	covered	2
isolation_source	PRJEB50384	5	0.0	5	covered	5
isolation_source	PRJEB52722	2	0.0	2	covered	2
isolation_source	PRJEB54871	5	0.0	5	covered	5
isolation_source	PRJEB55904	1	0.0	1	covered	1
isolation_source	PRJEB6416	1	0.0	1	covered	1
isolation_source	PRJEB73531	3	0.0	3	covered	3
isolation_source	PRJEB74697	3	0.0	3	covered	3
isolation_source	PRJEB7689	4	0.0	4	covered	4
isolation_source	PRJEB8104	4	0.0	4	covered	4
isolation_source	PRJEB8302	3	0.0	3	covered	3
isolation_source	PRJEB8303	1	0.0	1	covered	1
isolation_source	PRJEB8768	1	0.0	1	covered	1
isolation_source	PRJEB9173	1	0.0	1	covered	1
isolation_source	PRJNA1023934	5	0.0	5	covered	5
isolation_source	PRJNA1023975	1	0.0	1	covered	1
isolation_source	PRJNA1029809	8	0.0	8	covered	8
isolation_source	PRJNA1073544	1	0.0	1	covered	1
isolation_source	PRJNA1077593	1	0.0	1	covered	1
isolation_source	PRJNA1134078	5	0.0	5	covered	5
isolation_source	PRJNA161277	1	0.0	1	covered	1
isolation_source	PRJNA195754	1	0.0	1	covered	1
isolation_source	PRJNA213341	1	0.0	1	covered	1
isolation_source	PRJNA263062	1	0.0	1	covered	1
isolation_source	PRJNA265231	1	0.0	1	covered	1
isolation_source	PRJNA265232	1	0.0	1	covered	1
isolation_source	PRJNA265233	1	0.0	1	covered	1
isolation_source	PRJNA265234	1	0.0	1	covered	1
isolation_source	PRJNA265235	1	0.0	1	covered	1
isolation_source	PRJNA265236	1	0.0	1	covered	1
isolation_source	PRJNA265237	1	0.0	1	covered	1
isolation_source	PRJNA265240	1	0.0	1	covered	1
isolation_source	PRJNA265241	1	0.0	1	covered	1
isolation_source	PRJNA265242	1	0.0	1	covered	1
isolation_source	PRJNA265243	1	0.0	1	covered	1
isolation_source	PRJNA265244	1	0.0	1	covered	1
isolation_source	PRJNA265245	1	0.0	1	covered	1
isolation_source	PRJNA265246	1	0.0	1	covered	1
isolation_source	PRJNA265247	1	0.0	1	covered	1
isolation_source	PRJNA265248	1	0.0	1	covered	1
isolation_source	PRJNA265254	1	0.0	1	covered	1
isolation_source	PRJNA265255	1	0.0	1	covered	1
isolation_source	PRJNA265256	1	0.0	1	covered	1
isolation_source	PRJNA265257	1	0.0	1	covered	1
isolation_source	PRJNA265258	1	0.0	1	covered	1
isolation_source	PRJNA265259	1	0.0	1	covered	1
isolation_source	PRJNA265260	1	0.0	1	covered	1
isolation_source	PRJNA265261	1	0.0	1	covered	1
isolation_source	PRJNA265262	1	0.0	1	covered	1
isolation_source	PRJNA265263	1	0.0	1	covered	1
isolation_source	PRJNA265264	1	0.0	1	covered	1
isolation_source	PRJNA265265	1	0.0	1	covered	1
isolation_source	PRJNA265266	1	0.0	1	covered	1
isolation_source	PRJNA265267	1	0.0	1	covered	1
isolation_source	PRJNA265268	1	0.0	1	covered	1
isolation_source	PRJNA265269	1	0.0	1	covered	1
isolation_source	PRJNA265270	1	0.0	1	covered	1
isolation_source	PRJNA265275	1	0.0	1	covered	1
isolation_source	PRJNA265347	1	0.0	1	covered	1
isolation_source	PRJNA279611	1	0.0	1	covered	1
isolation_source	PRJNA279619	1	0.0	1	covered	1
isolation_source	PRJNA279672	1	0.0	1	covered	1
isolation_source	PRJNA343442,PRJNA175243	1	0.0	1	covered	1
isolation_source	PRJNA357339	1	0.0	1	covered	1
isolation_source	PRJNA357350	1	0.0	1	covered	1
isolation_source	PRJNA357543	1	0.0	1	covered	1
isolation_source	PRJNA436343	2	0.5	1	covered	1
isolation_source	PRJNA494608	2	0.0	2	covered	2
isolation_source	PRJNA499494	1	0.0	1	covered	1
isolation_source	PRJNA501406	1	0.0	1	covered	1
isolation_source	PRJNA501409	1	0.0	1	covered	1
isolation_source	PRJNA501412	1	0.0	1	covered	1
isolation_source	PRJNA505478	1	0.0	1	covered	1
isolation_source	PRJNA527940	1	0.0	1	covered	1
isolation_source	PRJNA529243	4	0.0	4	covered	4
isolation_source	PRJNA547184	1	0.0	1	covered	1
isolation_source	PRJNA553808	1	0.0	1	covered	1
isolation_source	PRJNA589638	1	0.0	1	covered	1
isolation_source	PRJNA589639	1	0.0	1	covered	1
isolation_source	PRJNA609701	1	0.0	1	covered	1
isolation_source	PRJNA611005	1	0.0	1	covered	1
isolation_source	PRJNA614986	1	0.0	1	covered	1
isolation_source	PRJNA641130	1	0.0	1	covered	1
isolation_source	PRJNA641131	3	0.0	3	covered	3
isolation_source	PRJNA656363	7	0.0	7	covered	7
isolation_source	PRJNA657522	5	0.0	5	covered	5
isolation_source	PRJNA664939	6	0.0	6	covered	6
isolation_source	PRJNA684628	2	0.5	1	covered	1
isolation_source	PRJNA687411	1	0.0	1	covered	1
isolation_source	PRJNA699239	1	0.0	1	covered	1
isolation_source	PRJNA715072	1	0.0	1	covered	1
isolation_source	PRJNA717148	1	0.0	1	covered	1
isolation_source	PRJNA759343	1	0.0	1	covered	1
isolation_source	PRJNA770882	2	0.5	1	covered	1
isolation_source	PRJNA793783	3	0.0	3	covered	3
isolation_source	PRJNA841267	1	0.0	1	covered	1
isolation_source	PRJNA851948	1	0.0	1	covered	1
isolation_source	PRJNA864766	2	0.0	2	covered	2
isolation_source	PRJNA871216	2	0.0	2	covered	2
isolation_source	PRJNA884103	2	0.0	2	covered	2
isolation_source	PRJNA887604	1	0.0	1	covered	1
isolation_source	PRJNA892272	3	0.0	3	covered	3
isolation_source	PRJNA907796	3	0.667	1	covered	1
isolation_source	PRJNA911203	7	0.0	7	covered	7
isolation_source	PRJNA917297	1	0.0	1	covered	1
isolation_source	PRJNA941224	5	0.0	5	covered	5
isolation_source	PRJNA949453	6	0.0	6	covered	6
isolation_source	PRJNA981489	1	0.0	1	covered	1
isolation_source	PRJNA985548	1	0.0	1	covered	1
isolation_source	PRJDB10450	9	0.0	9	residual_per_sample	0
isolation_source	PRJDB10890	1	0.0	1	residual_per_sample	0
isolation_source	PRJDB11111	1	0.0	1	residual_per_sample	0
isolation_source	PRJDB11476	1	0.0	1	residual_per_sample	0
isolation_source	PRJDB11627	2	0.0	2	residual_per_sample	0
isolation_source	PRJDB11634	8	0.0	8	residual_per_sample	0
isolation_source	PRJDB12737	1	0.0	1	residual_per_sample	0
isolation_source	PRJDB18280	9	0.0	9	residual_per_sample	0
isolation_source	PRJDB1836	1	0.0	1	residual_per_sample	0
isolation_source	PRJDB2133	1	0.0	1	residual_per_sample	0
isolation_source	PRJDB2159	1	0.0	1	residual_per_sample	0
isolation_source	PRJDB2238	1	0.0	1	residual_per_sample	0
isolation_source	PRJDB2655	1	0.0	1	residual_per_sample	0
isolation_source	PRJDB4694	2	0.0	2	residual_per_sample	0
isolation_source	PRJDB5117	4	0.0	4	residual_per_sample	0
isolation_source	PRJDB5948	1	0.0	1	residual_per_sample	0
isolation_source	PRJDB7087	1	0.0	1	residual_per_sample	0
isolation_source	PRJDB9124	2	0.0	2	residual_per_sample	0
isolation_source	PRJDB9509	7	0.0	7	residual_per_sample	0
isolation_source	PRJDB9614	2	0.0	2	residual_per_sample	0
isolation_source	PRJDB9688	3	0.0	3	residual_per_sample	0
isolation_source	PRJEB10263	2	0.0	2	residual_per_sample	0
isolation_source	PRJEB11503	1	0.0	1	residual_per_sample	0
isolation_source	PRJEB11876	1	0.0	1	residual_per_sample	0
isolation_source	PRJEB12145	8	0.0	8	residual_per_sample	0
isolation_source	PRJEB12887	1	0.0	1	residual_per_sample	0
isolation_source	PRJEB13482	1	0.0	1	residual_per_sample	0
isolation_source	PRJEB14050	1	0.0	1	residual_per_sample	0
isolation_source	PRJEB14232	1	0.0	1	residual_per_sample	0
isolation_source	PRJEB14648	2	0.0	2	residual_per_sample	0
isolation_source	PRJEB15430	1	0.0	1	residual_per_sample	0
isolation_source	PRJEB17631	2	0.0	2	residual_per_sample	0
isolation_source	PRJEB18525	2	0.0	2	residual_per_sample	0
isolation_source	PRJEB19657	5	0.0	5	residual_per_sample	0
isolation_source	PRJEB20135	1	0.0	1	residual_per_sample	0
isolation_source	PRJEB20557	1	0.0	1	residual_per_sample	0
isolation_source	PRJEB20897	1	0.0	1	residual_per_sample	0
isolation_source	PRJEB20997	3	0.0	3	residual_per_sample	0
isolation_source	PRJEB21131	1	0.0	1	residual_per_sample	0
isolation_source	PRJEB21201	1	0.0	1	residual_per_sample	0
isolation_source	PRJEB21566	1	0.0	1	residual_per_sample	0
isolation_source	PRJEB22119	1	0.0	1	residual_per_sample	0
isolation_source	PRJEB2215	1	0.0	1	residual_per_sample	0
isolation_source	PRJEB23208	4	0.0	4	residual_per_sample	0
isolation_source	PRJEB23294	5	0.0	5	residual_per_sample	0
isolation_source	PRJEB23315	6	0.0	6	residual_per_sample	0
isolation_source	PRJEB23879	5	0.0	5	residual_per_sample	0
isolation_source	PRJEB24638	1	0.0	1	residual_per_sample	0
isolation_source	PRJEB25425	2	0.0	2	residual_per_sample	0
isolation_source	PRJEB2581	1	0.0	1	residual_per_sample	0
isolation_source	PRJEB26081	5	0.0	5	residual_per_sample	0
isolation_source	PRJEB27400	1	0.0	1	residual_per_sample	0
isolation_source	PRJEB2779	1	0.0	1	residual_per_sample	0
isolation_source	PRJEB2801	1	0.0	1	residual_per_sample	0
isolation_source	PRJEB28327	1	0.0	1	residual_per_sample	0
isolation_source	PRJEB2968	1	0.0	1	residual_per_sample	0
isolation_source	PRJEB29743	1	0.0	1	residual_per_sample	0
isolation_source	PRJEB29928	5	0.4	3	residual_per_sample	0
isolation_source	PRJEB30066	3	0.0	3	residual_per_sample	0
isolation_source	PRJEB3184	1	0.0	1	residual_per_sample	0
isolation_source	PRJEB31941	3	0.0	3	residual_per_sample	0
isolation_source	PRJEB3215	1	0.0	1	residual_per_sample	0
isolation_source	PRJEB32402	1	0.0	1	residual_per_sample	0
isolation_source	PRJEB32700	4	0.0	4	residual_per_sample	0
isolation_source	PRJEB33365	2	0.0	2	residual_per_sample	0
isolation_source	PRJEB3353	2	0.0	2	residual_per_sample	0
isolation_source	PRJEB33694	2	0.0	2	residual_per_sample	0
isolation_source	PRJEB34174	1	0.0	1	residual_per_sample	0
isolation_source	PRJEB34232	1	0.0	1	residual_per_sample	0
isolation_source	PRJEB34557	1	0.0	1	residual_per_sample	0
isolation_source	PRJEB35084	1	0.0	1	residual_per_sample	0
isolation_source	PRJEB38601	1	0.0	1	residual_per_sample	0
isolation_source	PRJEB38602	1	0.0	1	residual_per_sample	0
isolation_source	PRJEB38960	1	0.0	1	residual_per_sample	0
isolation_source	PRJEB39709	4	0.0	4	residual_per_sample	0
isolation_source	PRJEB39816	7	0.0	7	residual_per_sample	0
isolation_source	PRJEB40388	6	0.0	6	residual_per_sample	0
isolation_source	PRJEB41009	5	0.0	5	residual_per_sample	0
isolation_source	PRJEB41279	2	0.0	2	residual_per_sample	0
isolation_source	PRJEB43940	5	0.0	5	residual_per_sample	0
isolation_source	PRJEB44490	2	0.0	2	residual_per_sample	0
isolation_source	PRJEB4506	2	0.0	2	residual_per_sample	0
isolation_source	PRJEB4649	1	0.0	1	residual_per_sample	0
isolation_source	PRJEB48690	6	0.0	6	residual_per_sample	0
isolation_source	PRJEB51164	1	0.0	1	residual_per_sample	0
isolation_source	PRJEB51459	2	0.0	2	residual_per_sample	0
isolation_source	PRJEB53460	4	0.0	4	residual_per_sample	0
isolation_source	PRJEB53512	8	0.0	8	residual_per_sample	0
isolation_source	PRJEB55839	3	0.0	3	residual_per_sample	0
isolation_source	PRJEB58069	9	0.0	9	residual_per_sample	0
isolation_source	PRJEB59061	1	0.0	1	residual_per_sample	0
isolation_source	PRJEB59337	5	0.0	5	residual_per_sample	0
isolation_source	PRJEB60446	2	0.0	2	residual_per_sample	0
isolation_source	PRJEB63064	3	0.0	3	residual_per_sample	0
isolation_source	PRJEB66292	1	0.0	1	residual_per_sample	0
isolation_source	PRJEB6657	1	0.0	1	residual_per_sample	0
isolation_source	PRJEB6921	3	0.0	3	residual_per_sample	0
isolation_source	PRJEB70870	6	0.0	6	residual_per_sample	0
isolation_source	PRJEB71714	1	0.0	1	residual_per_sample	0
isolation_source	PRJEB74142	1	0.0	1	residual_per_sample	0
isolation_source	PRJEB75744	2	0.0	2	residual_per_sample	0
isolation_source	PRJEB75816	2	0.0	2	residual_per_sample	0
isolation_source	PRJEB76944	8	0.0	8	residual_per_sample	0
isolation_source	PRJEB8559	1	0.0	1	residual_per_sample	0
isolation_source	PRJEB8575	1	0.0	1	residual_per_sample	0
isolation_source	PRJEB8721	2	0.0	2	residual_per_sample	0
isolation_source	PRJEB9644	1	0.0	1	residual_per_sample	0
isolation_source	PRJEB9824	4	0.0	4	residual_per_sample	0
isolation_source	PRJNA1001661	9	0.0	9	residual_per_sample	0
isolation_source	PRJNA1003529	7	0.0	7	residual_per_sample	0
isolation_source	PRJNA1012333	9	0.0	9	residual_per_sample	0
isolation_source	PRJNA1020811	3	0.0	3	residual_per_sample	0
isolation_source	PRJNA1029537	1	0.0	1	residual_per_sample	0
isolation_source	PRJNA1037605	1	0.0	1	residual_per_sample	0
isolation_source	PRJNA1040118	9	0.0	9	residual_per_sample	0
isolation_source	PRJNA1044302	6	0.167	5	residual_per_sample	0
isolation_source	PRJNA1044623	1	0.0	1	residual_per_sample	0
isolation_source	PRJNA1057770	7	0.0	7	residual_per_sample	0
isolation_source	PRJNA1064853	2	0.0	2	residual_per_sample	0
isolation_source	PRJNA1066419	1	0.0	1	residual_per_sample	0
isolation_source	PRJNA1067287	4	0.0	4	residual_per_sample	0
isolation_source	PRJNA1086703	3	0.0	3	residual_per_sample	0
isolation_source	PRJNA1088746	1	0.0	1	residual_per_sample	0
isolation_source	PRJNA1100205	9	0.0	9	residual_per_sample	0
isolation_source	PRJNA1100308	1	0.0	1	residual_per_sample	0
isolation_source	PRJNA1100498	3	0.667	1	residual_per_sample	0
isolation_source	PRJNA1101420	6	0.0	6	residual_per_sample	0
isolation_source	PRJNA1106484	5	0.0	5	residual_per_sample	0
isolation_source	PRJNA1128528	8	0.125	7	residual_per_sample	0
isolation_source	PRJNA164933	1	0.0	1	residual_per_sample	0
isolation_source	PRJNA165913	1	0.0	1	residual_per_sample	0
isolation_source	PRJNA168337	1	0.0	1	residual_per_sample	0
isolation_source	PRJNA169453	1	0.0	1	residual_per_sample	0
isolation_source	PRJNA169454	1	0.0	1	residual_per_sample	0
isolation_source	PRJNA169455	1	0.0	1	residual_per_sample	0
isolation_source	PRJNA169456	1	0.0	1	residual_per_sample	0
isolation_source	PRJNA181050	1	0.0	1	residual_per_sample	0
isolation_source	PRJNA181051	1	0.0	1	residual_per_sample	0
isolation_source	PRJNA181052	1	0.0	1	residual_per_sample	0
isolation_source	PRJNA184888	6	0.0	6	residual_per_sample	0
isolation_source	PRJNA187279	1	0.0	1	residual_per_sample	0
isolation_source	PRJNA187280	1	0.0	1	residual_per_sample	0
isolation_source	PRJNA187281	1	0.0	1	residual_per_sample	0
isolation_source	PRJNA187283	1	0.0	1	residual_per_sample	0
isolation_source	PRJNA187284	1	0.0	1	residual_per_sample	0
isolation_source	PRJNA187285	1	0.0	1	residual_per_sample	0
isolation_source	PRJNA187286	1	0.0	1	residual_per_sample	0
isolation_source	PRJNA187287	1	0.0	1	residual_per_sample	0
isolation_source	PRJNA187288	1	0.0	1	residual_per_sample	0
isolation_source	PRJNA187289	1	0.0	1	residual_per_sample	0
isolation_source	PRJNA187290	1	0.0	1	residual_per_sample	0
isolation_source	PRJNA187291	1	0.0	1	residual_per_sample	0
isolation_source	PRJNA187292	1	0.0	1	residual_per_sample	0
isolation_source	PRJNA187293	1	0.0	1	residual_per_sample	0
isolation_source	PRJNA187294	1	0.0	1	residual_per_sample	0
isolation_source	PRJNA187295	1	0.0	1	residual_per_sample	0
isolation_source	PRJNA187296	1	0.0	1	residual_per_sample	0
isolation_source	PRJNA187297	1	0.0	1	residual_per_sample	0
isolation_source	PRJNA187298	1	0.0	1	residual_per_sample	0
isolation_source	PRJNA187299	1	0.0	1	residual_per_sample	0
isolation_source	PRJNA187300	1	0.0	1	residual_per_sample	0
isolation_source	PRJNA187301	1	0.0	1	residual_per_sample	0
isolation_source	PRJNA187302	1	0.0	1	residual_per_sample	0
isolation_source	PRJNA187303	1	0.0	1	residual_per_sample	0
isolation_source	PRJNA187304	1	0.0	1	residual_per_sample	0
isolation_source	PRJNA187305	1	0.0	1	residual_per_sample	0
isolation_source	PRJNA187306	1	0.0	1	residual_per_sample	0
isolation_source	PRJNA187307	1	0.0	1	residual_per_sample	0
isolation_source	PRJNA187308	1	0.0	1	residual_per_sample	0
isolation_source	PRJNA187309	1	0.0	1	residual_per_sample	0
isolation_source	PRJNA187310	1	0.0	1	residual_per_sample	0
isolation_source	PRJNA187311	1	0.0	1	residual_per_sample	0
isolation_source	PRJNA187312	1	0.0	1	residual_per_sample	0
isolation_source	PRJNA187313	1	0.0	1	residual_per_sample	0
isolation_source	PRJNA187314	1	0.0	1	residual_per_sample	0
isolation_source	PRJNA187315	1	0.0	1	residual_per_sample	0
isolation_source	PRJNA187316	1	0.0	1	residual_per_sample	0
isolation_source	PRJNA187317	1	0.0	1	residual_per_sample	0
isolation_source	PRJNA187318	1	0.0	1	residual_per_sample	0
isolation_source	PRJNA187319	1	0.0	1	residual_per_sample	0
isolation_source	PRJNA187320	1	0.0	1	residual_per_sample	0
isolation_source	PRJNA187321	1	0.0	1	residual_per_sample	0
isolation_source	PRJNA187322	1	0.0	1	residual_per_sample	0
isolation_source	PRJNA187323	1	0.0	1	residual_per_sample	0
isolation_source	PRJNA187324	1	0.0	1	residual_per_sample	0
isolation_source	PRJNA187326	1	0.0	1	residual_per_sample	0
isolation_source	PRJNA193160	1	0.0	1	residual_per_sample	0
isolation_source	PRJNA193161	1	0.0	1	residual_per_sample	0
isolation_source	PRJNA193162	1	0.0	1	residual_per_sample	0
isolation_source	PRJNA193163	1	0.0	1	residual_per_sample	0
isolation_source	PRJNA193164	1	0.0	1	residual_per_sample	0
isolation_source	PRJNA193165	1	0.0	1	residual_per_sample	0
isolation_source	PRJNA193167	1	0.0	1	residual_per_sample	0
isolation_source	PRJNA193168	1	0.0	1	residual_per_sample	0
isolation_source	PRJNA193169	1	0.0	1	residual_per_sample	0
isolation_source	PRJNA197002	1	0.0	1	residual_per_sample	0
isolation_source	PRJNA201981	1	0.0	1	residual_per_sample	0
isolation_source	PRJNA201984	1	0.0	1	residual_per_sample	0
isolation_source	PRJNA201985	1	0.0	1	residual_per_sample	0
isolation_source	PRJNA201987	1	0.0	1	residual_per_sample	0
isolation_source	PRJNA201989	1	0.0	1	residual_per_sample	0
isolation_source	PRJNA201990	1	0.0	1	residual_per_sample	0
isolation_source	PRJNA201991	1	0.0	1	residual_per_sample	0
isolation_source	PRJNA201994	1	0.0	1	residual_per_sample	0
isolation_source	PRJNA201999	1	0.0	1	residual_per_sample	0
isolation_source	PRJNA202000	1	0.0	1	residual_per_sample	0
isolation_source	PRJNA202032	1	0.0	1	residual_per_sample	0
isolation_source	PRJNA202033	1	0.0	1	residual_per_sample	0
isolation_source	PRJNA202034	1	0.0	1	residual_per_sample	0
isolation_source	PRJNA202035	1	0.0	1	residual_per_sample	0
isolation_source	PRJNA202036	1	0.0	1	residual_per_sample	0
isolation_source	PRJNA202042	1	0.0	1	residual_per_sample	0
isolation_source	PRJNA202043	1	0.0	1	residual_per_sample	0
isolation_source	PRJNA202045	1	0.0	1	residual_per_sample	0
isolation_source	PRJNA202046	1	0.0	1	residual_per_sample	0
isolation_source	PRJNA202047	1	0.0	1	residual_per_sample	0
isolation_source	PRJNA202048	1	0.0	1	residual_per_sample	0
isolation_source	PRJNA202052	1	0.0	1	residual_per_sample	0
isolation_source	PRJNA202053	1	0.0	1	residual_per_sample	0
isolation_source	PRJNA212643	1	0.0	1	residual_per_sample	0
isolation_source	PRJNA212649	1	0.0	1	residual_per_sample	0
isolation_source	PRJNA218110	1	0.0	1	residual_per_sample	0
isolation_source	PRJNA244068	1	0.0	1	residual_per_sample	0
isolation_source	PRJNA244547	1	0.0	1	residual_per_sample	0
isolation_source	PRJNA244567	1	0.0	1	residual_per_sample	0
isolation_source	PRJNA269826	1	0.0	1	residual_per_sample	0
isolation_source	PRJNA275974	1	0.0	1	residual_per_sample	0
isolation_source	PRJNA279650	1	0.0	1	residual_per_sample	0
isolation_source	PRJNA279655	1	0.0	1	residual_per_sample	0
isolation_source	PRJNA279656	1	0.0	1	residual_per_sample	0
isolation_source	PRJNA279657	1	0.0	1	residual_per_sample	0
isolation_source	PRJNA279669	1	0.0	1	residual_per_sample	0
isolation_source	PRJNA279671	1	0.0	1	residual_per_sample	0
isolation_source	PRJNA284365	1	0.0	1	residual_per_sample	0
isolation_source	PRJNA303003	1	0.0	1	residual_per_sample	0
isolation_source	PRJNA312972	6	0.5	3	residual_per_sample	0
isolation_source	PRJNA316321	9	0.0	9	residual_per_sample	0
isolation_source	PRJNA350242	1	0.0	1	residual_per_sample	0
isolation_source	PRJNA353361	1	0.0	1	residual_per_sample	0
isolation_source	PRJNA354234	3	0.667	1	residual_per_sample	0
isolation_source	PRJNA383436	2	0.5	1	residual_per_sample	0
isolation_source	PRJNA391510	1	0.0	1	residual_per_sample	0
isolation_source	PRJNA393721	2	0.5	1	residual_per_sample	0
isolation_source	PRJNA40025	1	0.0	1	residual_per_sample	0
isolation_source	PRJNA40049	1	0.0	1	residual_per_sample	0
isolation_source	PRJNA450215	3	0.0	3	residual_per_sample	0
isolation_source	PRJNA456216	1	0.0	1	residual_per_sample	0
isolation_source	PRJNA456219	1	0.0	1	residual_per_sample	0
isolation_source	PRJNA463112	1	0.0	1	residual_per_sample	0
isolation_source	PRJNA464397	1	0.0	1	residual_per_sample	0
isolation_source	PRJNA47211,PRJNA47257,PRJNA47225,PRJNA47209,PRJNA47275,PRJNA47263,PRJNA47223,PRJNA47217,PRJNA47267,PRJNA47259,PRJNA47271,PRJNA47229	1	0.0	1	residual_per_sample	0
isolation_source	PRJNA491527	5	0.0	5	residual_per_sample	0
isolation_source	PRJNA493667	4	0.0	4	residual_per_sample	0
isolation_source	PRJNA500331	1	0.0	1	residual_per_sample	0
isolation_source	PRJNA501401	1	0.0	1	residual_per_sample	0
isolation_source	PRJNA501405	1	0.0	1	residual_per_sample	0
isolation_source	PRJNA508495	3	0.0	3	residual_per_sample	0
isolation_source	PRJNA513350	1	0.0	1	residual_per_sample	0
isolation_source	PRJNA516562	2	0.0	2	residual_per_sample	0
isolation_source	PRJNA52135	1	0.0	1	residual_per_sample	0
isolation_source	PRJNA52137	1	0.0	1	residual_per_sample	0
isolation_source	PRJNA52139	1	0.0	1	residual_per_sample	0
isolation_source	PRJNA52141	1	0.0	1	residual_per_sample	0
isolation_source	PRJNA52143	1	0.0	1	residual_per_sample	0
isolation_source	PRJNA52145	1	0.0	1	residual_per_sample	0
isolation_source	PRJNA52149	1	0.0	1	residual_per_sample	0
isolation_source	PRJNA52151	1	0.0	1	residual_per_sample	0
isolation_source	PRJNA52153	1	0.0	1	residual_per_sample	0
isolation_source	PRJNA523425	2	0.0	2	residual_per_sample	0
isolation_source	PRJNA523427	5	0.0	5	residual_per_sample	0
isolation_source	PRJNA523730	7	0.0	7	residual_per_sample	0
isolation_source	PRJNA523732	8	0.0	8	residual_per_sample	0
isolation_source	PRJNA531724	1	0.0	1	residual_per_sample	0
isolation_source	PRJNA542320	1	0.0	1	residual_per_sample	0
isolation_source	PRJNA543187	1	0.0	1	residual_per_sample	0
isolation_source	PRJNA549563	1	0.0	1	residual_per_sample	0
isolation_source	PRJNA552311	1	0.0	1	residual_per_sample	0
isolation_source	PRJNA555823	8	0.0	8	residual_per_sample	0
isolation_source	PRJNA565663	5	0.0	5	residual_per_sample	0
isolation_source	PRJNA591409	1	0.0	1	residual_per_sample	0
isolation_source	PRJNA593956	2	0.0	2	residual_per_sample	0
isolation_source	PRJNA595047	7	0.0	7	residual_per_sample	0
isolation_source	PRJNA601835	1	0.0	1	residual_per_sample	0
isolation_source	PRJNA604394	1	0.0	1	residual_per_sample	0
isolation_source	PRJNA610191	6	0.333	4	residual_per_sample	0
isolation_source	PRJNA612645	2	0.0	2	residual_per_sample	0
isolation_source	PRJNA613629	7	0.0	7	residual_per_sample	0
isolation_source	PRJNA616452	1	0.0	1	residual_per_sample	0
isolation_source	PRJNA627626	2	0.5	1	residual_per_sample	0
isolation_source	PRJNA628847	1	0.0	1	residual_per_sample	0
isolation_source	PRJNA631981	3	0.0	3	residual_per_sample	0
isolation_source	PRJNA634081	1	0.0	1	residual_per_sample	0
isolation_source	PRJNA640587	7	0.0	7	residual_per_sample	0
isolation_source	PRJNA642369	1	0.0	1	residual_per_sample	0
isolation_source	PRJNA646204	2	0.0	2	residual_per_sample	0
isolation_source	PRJNA648931	8	0.0	8	residual_per_sample	0
isolation_source	PRJNA650119	4	0.0	4	residual_per_sample	0
isolation_source	PRJNA655785	1	0.0	1	residual_per_sample	0
isolation_source	PRJNA660205	1	0.0	1	residual_per_sample	0
isolation_source	PRJNA681360	1	0.0	1	residual_per_sample	0
isolation_source	PRJNA687988	4	0.0	4	residual_per_sample	0
isolation_source	PRJNA690982	1	0.0	1	residual_per_sample	0
isolation_source	PRJNA695302	1	0.0	1	residual_per_sample	0
isolation_source	PRJNA707347	8	0.0	8	residual_per_sample	0
isolation_source	PRJNA716436	6	0.0	6	residual_per_sample	0
isolation_source	PRJNA719009	1	0.0	1	residual_per_sample	0
isolation_source	PRJNA721588	1	0.0	1	residual_per_sample	0
isolation_source	PRJNA731002	1	0.0	1	residual_per_sample	0
isolation_source	PRJNA736853	1	0.0	1	residual_per_sample	0
isolation_source	PRJNA73843	1	0.0	1	residual_per_sample	0
isolation_source	PRJNA739732	1	0.0	1	residual_per_sample	0
isolation_source	PRJNA746575	3	0.0	3	residual_per_sample	0
isolation_source	PRJNA749581	1	0.0	1	residual_per_sample	0
isolation_source	PRJNA749600	2	0.0	2	residual_per_sample	0
isolation_source	PRJNA754800	1	0.0	1	residual_per_sample	0
isolation_source	PRJNA754801	1	0.0	1	residual_per_sample	0
isolation_source	PRJNA754802	1	0.0	1	residual_per_sample	0
isolation_source	PRJNA754804	1	0.0	1	residual_per_sample	0
isolation_source	PRJNA754806	1	0.0	1	residual_per_sample	0
isolation_source	PRJNA754809	1	0.0	1	residual_per_sample	0
isolation_source	PRJNA754810	1	0.0	1	residual_per_sample	0
isolation_source	PRJNA754811	1	0.0	1	residual_per_sample	0
isolation_source	PRJNA754812	1	0.0	1	residual_per_sample	0
isolation_source	PRJNA754813	1	0.0	1	residual_per_sample	0
isolation_source	PRJNA754819	1	0.0	1	residual_per_sample	0
isolation_source	PRJNA754822	1	0.0	1	residual_per_sample	0
isolation_source	PRJNA754824	1	0.0	1	residual_per_sample	0
isolation_source	PRJNA754827	1	0.0	1	residual_per_sample	0
isolation_source	PRJNA754831	1	0.0	1	residual_per_sample	0
isolation_source	PRJNA754832	1	0.0	1	residual_per_sample	0
isolation_source	PRJNA763348	1	0.0	1	residual_per_sample	0
isolation_source	PRJNA773853	1	0.0	1	residual_per_sample	0
isolation_source	PRJNA774508	3	0.667	1	residual_per_sample	0
isolation_source	PRJNA777034	1	0.0	1	residual_per_sample	0
isolation_source	PRJNA779558	1	0.0	1	residual_per_sample	0
isolation_source	PRJNA78565	1	0.0	1	residual_per_sample	0
isolation_source	PRJNA78567	1	0.0	1	residual_per_sample	0
isolation_source	PRJNA793126	1	0.0	1	residual_per_sample	0
isolation_source	PRJNA793828	9	0.0	9	residual_per_sample	0
isolation_source	PRJNA803341	1	0.0	1	residual_per_sample	0
isolation_source	PRJNA807502	1	0.0	1	residual_per_sample	0
isolation_source	PRJNA811351	1	0.0	1	residual_per_sample	0
isolation_source	PRJNA811370	1	0.0	1	residual_per_sample	0
isolation_source	PRJNA825843	6	0.5	3	residual_per_sample	0
isolation_source	PRJNA834640	9	0.0	9	residual_per_sample	0
isolation_source	PRJNA853708	1	0.0	1	residual_per_sample	0
isolation_source	PRJNA860216	3	0.0	3	residual_per_sample	0
isolation_source	PRJNA861987	1	0.0	1	residual_per_sample	0
isolation_source	PRJNA868191	4	0.0	4	residual_per_sample	0
isolation_source	PRJNA872534	1	0.0	1	residual_per_sample	0
isolation_source	PRJNA887375	1	0.0	1	residual_per_sample	0
isolation_source	PRJNA891092	8	0.0	8	residual_per_sample	0
isolation_source	PRJNA916215	6	0.0	6	residual_per_sample	0
isolation_source	PRJNA917544	3	0.0	3	residual_per_sample	0
isolation_source	PRJNA929966	1	0.0	1	residual_per_sample	0
isolation_source	PRJNA930879	1	0.0	1	residual_per_sample	0
isolation_source	PRJNA942340	7	0.0	7	residual_per_sample	0
isolation_source	PRJNA944929	2	0.0	2	residual_per_sample	0
isolation_source	PRJNA946148	1	0.0	1	residual_per_sample	0
isolation_source	PRJNA947381	1	0.0	1	residual_per_sample	0
isolation_source	PRJNA947837	6	0.0	6	residual_per_sample	0
isolation_source	PRJNA947927	4	0.0	4	residual_per_sample	0
isolation_source	PRJNA957334	1	0.0	1	residual_per_sample	0
isolation_source	PRJNA966930	1	0.0	1	residual_per_sample	0
isolation_source	PRJNA971755	2	0.0	2	residual_per_sample	0
isolation_source	PRJNA974969	1	0.0	1	residual_per_sample	0
isolation_source	PRJNA980722	4	0.0	4	residual_per_sample	0
isolation_source	PRJNA981541	4	0.0	4	residual_per_sample	0
isolation_source	PRJNA983061	4	0.0	4	residual_per_sample	0
isolation_source	PRJNA986296	1	0.0	1	residual_per_sample	0
