study_accession	field	fold	none_found	chosen_pmcid	fulltext_source	is_full_text	paper_resolved	paper_url	paper_title	manual_pdf_present	manual_pdf_readable	supp_present	gate_status	n_blank	per_sample_method	zero_reason	n_whole_field	n_per_sample	n_escalation	remaining_est	escalation_status	resolution_state	recoverability
PRJDB11603	country	tail25_49	False	PMC10327500	europepmc_fulltext	True	True	https://doi.org/10.1099/mgen.0.001043	Transconjugant range of PromA plasmids in microbial communit	False	False	False	not_gated	0	direct		0	0	0	0	not_generated	FILLED	not_gated
PRJDB11603	collection_date	tail25_49	False	PMC10327500	europepmc_fulltext	True	True	https://doi.org/10.1099/mgen.0.001043	Transconjugant range of PromA plasmids in microbial communit	False	False	False	covered	45	direct		45	0	0	45	not_generated	FILLED	whole_field
PRJDB11603	isolation_source	tail25_49	False	PMC10327500	europepmc_fulltext	True	True	https://doi.org/10.1099/mgen.0.001043	Transconjugant range of PromA plasmids in microbial communit	False	False	False	covered	45	direct		0	11	0	34	not_generated	FILLED	whole_field
PRJDB11603	host	tail25_49	False	PMC10327500	europepmc_fulltext	True	True	https://doi.org/10.1099/mgen.0.001043	Transconjugant range of PromA plasmids in microbial communit	False	False	False	residual_per_sample	45	direct	field_not_in_table	0	0	0	45	not_generated	EXHAUSTED	field_not_in_table
PRJDB14712	country	tail25_49	False	PMC10715227	europepmc_fulltext	True	True	https://doi.org/10.1128/spectrum.02188-23	Municipal wastewater monitoring revealed the predominance of	False	False	False	not_gated	0	abstained		0	0	0	0	not_generated	FILLED	not_gated
PRJDB14712	collection_date	tail25_49	False	PMC10715227	europepmc_fulltext	True	True	https://doi.org/10.1128/spectrum.02188-23	Municipal wastewater monitoring revealed the predominance of	False	False	False	not_gated	0	abstained		0	0	0	0	not_generated	FILLED	not_gated
PRJDB14712	isolation_source	tail25_49	False	PMC10715227	europepmc_fulltext	True	True	https://doi.org/10.1128/spectrum.02188-23	Municipal wastewater monitoring revealed the predominance of	False	False	False	not_gated	0	abstained		0	0	0	0	not_generated	FILLED	not_gated
PRJDB14712	host	tail25_49	False	PMC10715227	europepmc_fulltext	True	True	https://doi.org/10.1128/spectrum.02188-23	Municipal wastewater monitoring revealed the predominance of	False	False	False	covered	28	abstained		28	0	0	28	not_generated	FILLED	whole_field
PRJDB16665	country	tail25_49	False	PMC11937256	europepmc_fulltext	True	True	https://doi.org/10.1038/s41467-025-58049-1	Rapid and Integrated Bacterial Evolution Analysis unveils ge	False	False	False	not_gated	0			0	0	0	0	not_generated	FILLED	not_gated
PRJDB16665	collection_date	tail25_49	False	PMC11937256	europepmc_fulltext	True	True	https://doi.org/10.1038/s41467-025-58049-1	Rapid and Integrated Bacterial Evolution Analysis unveils ge	False	False	False	not_gated	0			0	0	0	0	not_generated	FILLED	not_gated
PRJDB16665	isolation_source	tail25_49	False	PMC11937256	europepmc_fulltext	True	True	https://doi.org/10.1038/s41467-025-58049-1	Rapid and Integrated Bacterial Evolution Analysis unveils ge	False	False	False	not_gated	0			0	0	0	0	not_generated	FILLED	not_gated
PRJDB16665	host	tail25_49	False	PMC11937256	europepmc_fulltext	True	True	https://doi.org/10.1038/s41467-025-58049-1	Rapid and Integrated Bacterial Evolution Analysis unveils ge	False	False	False	not_gated	0			0	0	0	0	not_generated	FILLED	not_gated
PRJDB17160	country	tail25_49	False		local_pdf	True	True	https://doi.org/10.1016/j.jgar.2024.04.008	Multidrug-resistant Klebsiella pneumoniae clinical isolates 	True	True	False	not_gated	0	NO_PMCID		0	0	0	0	not_generated	FILLED	not_gated
PRJDB17160	collection_date	tail25_49	False		local_pdf	True	True	https://doi.org/10.1016/j.jgar.2024.04.008	Multidrug-resistant Klebsiella pneumoniae clinical isolates 	True	True	False	not_gated	0	NO_PMCID		0	0	0	0	not_generated	FILLED	not_gated
PRJDB17160	isolation_source	tail25_49	False		local_pdf	True	True	https://doi.org/10.1016/j.jgar.2024.04.008	Multidrug-resistant Klebsiella pneumoniae clinical isolates 	True	True	False	residual_per_sample	39	NO_PMCID	NO_PMCID	0	0	0	39	not_generated	EXHAUSTED	NO_PMCID
PRJDB17160	host	tail25_49	False		local_pdf	True	True	https://doi.org/10.1016/j.jgar.2024.04.008	Multidrug-resistant Klebsiella pneumoniae clinical isolates 	True	True	False	not_gated	0	NO_PMCID		0	0	0	0	not_generated	FILLED	not_gated
PRJDB5126	country	tail25_49	False	PMC6395922	pdf	True	True	https://doi.org/10.1128/aac.01924-18	Spreading Patterns of NDM-Producing <i>Enterobacteriaceae</i	False	False	False	not_gated	0	abstained		0	0	0	0	not_generated	FILLED	not_gated
PRJDB5126	collection_date	tail25_49	False	PMC6395922	pdf	True	True	https://doi.org/10.1128/aac.01924-18	Spreading Patterns of NDM-Producing <i>Enterobacteriaceae</i	False	False	False	not_gated	0	abstained		0	0	0	0	not_generated	FILLED	not_gated
PRJDB5126	isolation_source	tail25_49	False	PMC6395922	pdf	True	True	https://doi.org/10.1128/aac.01924-18	Spreading Patterns of NDM-Producing <i>Enterobacteriaceae</i	False	False	False	residual_per_sample	45	abstained	no_supp	0	0	0	45	not_generated	EXHAUSTED	no_supp
PRJDB5126	host	tail25_49	False	PMC6395922	pdf	True	True	https://doi.org/10.1128/aac.01924-18	Spreading Patterns of NDM-Producing <i>Enterobacteriaceae</i	False	False	False	not_gated	0	abstained		0	0	0	0	not_generated	FILLED	not_gated
PRJDB5317	country	tail25_49	True		none	False	False			False	False	False	not_gated	0	NO_PMCID		0	0	0	0	not_generated	FILLED	not_gated
PRJDB5317	collection_date	tail25_49	True		none	False	False			False	False	False	not_gated	0	NO_PMCID		0	0	0	0	not_generated	FILLED	not_gated
PRJDB5317	isolation_source	tail25_49	True		none	False	False			False	False	False	residual_per_sample	27	NO_PMCID	NO_PMCID	0	0	0	27	not_generated	EXHAUSTED	no_paper_findable
PRJDB5317	host	tail25_49	True		none	False	False			False	False	False	not_gated	0	NO_PMCID		0	0	0	0	not_generated	FILLED	not_gated
PRJDB6565	country	tail25_49	False		pdf	True	True	https://doi.org/10.3412/jsb.77.129	[Regional dissemination of carbapenem-resistant Enterobacter	False	False	False	not_gated	0	NO_PMCID		0	0	0	0	not_generated	FILLED	not_gated
PRJDB6565	collection_date	tail25_49	False		pdf	True	True	https://doi.org/10.3412/jsb.77.129	[Regional dissemination of carbapenem-resistant Enterobacter	False	False	False	not_gated	0	NO_PMCID		0	0	0	0	not_generated	FILLED	not_gated
PRJDB6565	isolation_source	tail25_49	False		pdf	True	True	https://doi.org/10.3412/jsb.77.129	[Regional dissemination of carbapenem-resistant Enterobacter	False	False	False	covered	44	NO_PMCID		44	0	0	44	not_generated	FILLED	whole_field
PRJDB6565	host	tail25_49	False		pdf	True	True	https://doi.org/10.3412/jsb.77.129	[Regional dissemination of carbapenem-resistant Enterobacter	False	False	False	not_gated	0	NO_PMCID		0	0	0	0	not_generated	FILLED	not_gated
PRJDB8975	country	tail25_49	False	PMC9431462	europepmc_fulltext	True	True	https://doi.org/10.1128/spectrum.00673-22	Spread of Carbapenem-Resistant Klebsiella pneumoniae Clinica	False	False	False	not_gated	0	abstained		0	0	0	0	not_generated	FILLED	not_gated
PRJDB8975	collection_date	tail25_49	False	PMC9431462	europepmc_fulltext	True	True	https://doi.org/10.1128/spectrum.00673-22	Spread of Carbapenem-Resistant Klebsiella pneumoniae Clinica	False	False	False	not_gated	0	abstained		0	0	0	0	not_generated	FILLED	not_gated
PRJDB8975	isolation_source	tail25_49	False	PMC9431462	europepmc_fulltext	True	True	https://doi.org/10.1128/spectrum.00673-22	Spread of Carbapenem-Resistant Klebsiella pneumoniae Clinica	False	False	False	residual_per_sample	49	abstained	no_supp	0	0	0	49	not_generated	EXHAUSTED	no_supp
PRJDB8975	host	tail25_49	False	PMC9431462	europepmc_fulltext	True	True	https://doi.org/10.1128/spectrum.00673-22	Spread of Carbapenem-Resistant Klebsiella pneumoniae Clinica	False	False	False	not_gated	0	abstained		0	0	0	0	not_generated	FILLED	not_gated
PRJDB9036	country	tail25_49	False		none	False	False	https://doi.org/10.2147/IDR.S339543	Comprehensive Genomic Survey of Antimicrobial-Resistance Bac	False	False	False	not_gated	0	NO_PMCID		0	0	0	0	not_generated	FILLED	not_gated
PRJDB9036	collection_date	tail25_49	False		none	False	False	https://doi.org/10.2147/IDR.S339543	Comprehensive Genomic Survey of Antimicrobial-Resistance Bac	False	False	False	not_gated	0	NO_PMCID		0	0	0	0	not_generated	FILLED	not_gated
PRJDB9036	isolation_source	tail25_49	False		none	False	False	https://doi.org/10.2147/IDR.S339543	Comprehensive Genomic Survey of Antimicrobial-Resistance Bac	False	False	False	covered	34	NO_PMCID		34	0	0	34	not_generated	FILLED	whole_field
PRJDB9036	host	tail25_49	False		none	False	False	https://doi.org/10.2147/IDR.S339543	Comprehensive Genomic Survey of Antimicrobial-Resistance Bac	False	False	False	covered	30	NO_PMCID		30	0	0	30	not_generated	FILLED	whole_field
PRJEB14100	country	tail25_49	False	PMC10234813	europepmc_fulltext	True	True	https://doi.org/10.1038/s41564-023-01385-z	Particular genomic and virulence traits associated with pret	False	False	False	residual_per_sample	25	abstained		0	0	0	25	not_generated	BLOCKED	needs_linkage
PRJEB14100	collection_date	tail25_49	False	PMC10234813	europepmc_fulltext	True	True	https://doi.org/10.1038/s41564-023-01385-z	Particular genomic and virulence traits associated with pret	False	False	False	residual_per_sample	25	abstained		0	0	0	25	not_generated	BLOCKED	needs_linkage
PRJEB14100	isolation_source	tail25_49	False	PMC10234813	europepmc_fulltext	True	True	https://doi.org/10.1038/s41564-023-01385-z	Particular genomic and virulence traits associated with pret	False	False	False	residual_per_sample	25	abstained		0	0	0	25	not_generated	BLOCKED	needs_linkage
PRJEB14100	host	tail25_49	False	PMC10234813	europepmc_fulltext	True	True	https://doi.org/10.1038/s41564-023-01385-z	Particular genomic and virulence traits associated with pret	False	False	False	residual_per_sample	25	abstained		0	0	0	25	not_generated	BLOCKED	needs_linkage
PRJEB14854	country	tail25_49	False	PMC13148723	europepmc_fulltext	True	True	https://doi.org/10.1099/mgen.0.001654	Whole-genome sequencing to investigate the prevalence and tr	False	False	False	covered	31	abstained		31	0	0	31	not_generated	FILLED	whole_field
PRJEB14854	collection_date	tail25_49	False	PMC13148723	europepmc_fulltext	True	True	https://doi.org/10.1099/mgen.0.001654	Whole-genome sequencing to investigate the prevalence and tr	False	False	False	residual_per_sample	31	abstained	no_supp	0	0	0	31	not_generated	ACTIONABLE	fetch_supp_table
PRJEB14854	isolation_source	tail25_49	False	PMC13148723	europepmc_fulltext	True	True	https://doi.org/10.1099/mgen.0.001654	Whole-genome sequencing to investigate the prevalence and tr	False	False	False	residual_per_sample	31	abstained	no_supp	0	0	0	31	not_generated	ACTIONABLE	fetch_supp_table
PRJEB14854	host	tail25_49	False	PMC13148723	europepmc_fulltext	True	True	https://doi.org/10.1099/mgen.0.001654	Whole-genome sequencing to investigate the prevalence and tr	False	False	False	residual_per_sample	31	abstained	no_supp	0	0	0	31	not_generated	ACTIONABLE	fetch_supp_table
PRJEB19808	country	tail25_49	False		local_pdf	True	True	https://doi.org/10.1016/j.ijantimicag.2017.10.011	Expansion of KPC-producing Klebsiella pneumoniae with variou	True	True	False	covered	30	NO_PMCID		30	0	0	30	not_generated	FILLED	whole_field
PRJEB19808	collection_date	tail25_49	False		local_pdf	True	True	https://doi.org/10.1016/j.ijantimicag.2017.10.011	Expansion of KPC-producing Klebsiella pneumoniae with variou	True	True	False	covered	30	NO_PMCID		30	0	0	30	not_generated	FILLED	whole_field
PRJEB19808	isolation_source	tail25_49	False		local_pdf	True	True	https://doi.org/10.1016/j.ijantimicag.2017.10.011	Expansion of KPC-producing Klebsiella pneumoniae with variou	True	True	False	residual_per_sample	30	NO_PMCID	NO_PMCID	0	0	0	30	not_generated	EXHAUSTED	NO_PMCID
PRJEB19808	host	tail25_49	False		local_pdf	True	True	https://doi.org/10.1016/j.ijantimicag.2017.10.011	Expansion of KPC-producing Klebsiella pneumoniae with variou	True	True	False	covered	30	NO_PMCID		30	0	0	30	not_generated	FILLED	whole_field
PRJEB20875	country	tail25_49	False	PMC6171784	europepmc_fulltext	True	True	https://doi.org/10.1016/j.ijmm.2018.06.012	Predictors of the extended-spectrum-beta lactamases producin	False	False	False	covered	38	abstained		38	0	0	38	not_generated	FILLED	whole_field
PRJEB20875	collection_date	tail25_49	False	PMC6171784	europepmc_fulltext	True	True	https://doi.org/10.1016/j.ijmm.2018.06.012	Predictors of the extended-spectrum-beta lactamases producin	False	False	False	covered	38	abstained		38	0	0	38	not_generated	FILLED	whole_field
PRJEB20875	isolation_source	tail25_49	False	PMC6171784	europepmc_fulltext	True	True	https://doi.org/10.1016/j.ijmm.2018.06.012	Predictors of the extended-spectrum-beta lactamases producin	False	False	False	residual_per_sample	38	abstained	no_supp	0	0	0	38	not_generated	EXHAUSTED	no_supp
PRJEB20875	host	tail25_49	False	PMC6171784	europepmc_fulltext	True	True	https://doi.org/10.1016/j.ijmm.2018.06.012	Predictors of the extended-spectrum-beta lactamases producin	False	False	False	covered	38	abstained		38	0	0	38	not_generated	FILLED	whole_field
PRJEB21015	country	tail25_49	False		pdf	True	True	https://doi.org/10.1101/659771	Resistance to change? The impact of group medication on AMR 	False	False	False	covered	47	NO_PMCID		47	0	0	47	not_generated	FILLED	whole_field
PRJEB21015	collection_date	tail25_49	False		pdf	True	True	https://doi.org/10.1101/659771	Resistance to change? The impact of group medication on AMR 	False	False	False	covered	47	NO_PMCID		47	0	0	47	not_generated	FILLED	whole_field
PRJEB21015	isolation_source	tail25_49	False		pdf	True	True	https://doi.org/10.1101/659771	Resistance to change? The impact of group medication on AMR 	False	False	False	covered	47	NO_PMCID		47	0	0	47	not_generated	FILLED	whole_field
PRJEB21015	host	tail25_49	False		pdf	True	True	https://doi.org/10.1101/659771	Resistance to change? The impact of group medication on AMR 	False	False	False	covered	47	NO_PMCID		47	0	0	47	not_generated	FILLED	whole_field
PRJEB21292	country	tail25_49	False	PMC5527415	pdf	True	True	https://doi.org/10.1128/jcm.00535-17	Outbreak of NDM-1-Producing Klebsiella pneumoniae in a Dutch	False	False	False	not_gated	0	abstained		0	0	0	0	not_generated	FILLED	not_gated
PRJEB21292	collection_date	tail25_49	False	PMC5527415	pdf	True	True	https://doi.org/10.1128/jcm.00535-17	Outbreak of NDM-1-Producing Klebsiella pneumoniae in a Dutch	False	False	False	covered	33	abstained		33	0	0	33	not_generated	FILLED	whole_field
PRJEB21292	isolation_source	tail25_49	False	PMC5527415	pdf	True	True	https://doi.org/10.1128/jcm.00535-17	Outbreak of NDM-1-Producing Klebsiella pneumoniae in a Dutch	False	False	False	residual_per_sample	33	abstained	no_supp	0	0	0	33	not_generated	EXHAUSTED	no_supp
PRJEB21292	host	tail25_49	False	PMC5527415	pdf	True	True	https://doi.org/10.1128/jcm.00535-17	Outbreak of NDM-1-Producing Klebsiella pneumoniae in a Dutch	False	False	False	covered	33	abstained		33	0	0	33	not_generated	FILLED	whole_field
PRJEB25080	country	tail25_49	False	PMC6117087	europepmc_fulltext	True	True	https://doi.org/10.1371/journal.pone.0203338	Extended-spectrum beta-lactamase producing Enterobacteriacea	False	False	False	covered	33	abstained		33	0	0	33	not_generated	FILLED	whole_field
PRJEB25080	collection_date	tail25_49	False	PMC6117087	europepmc_fulltext	True	True	https://doi.org/10.1371/journal.pone.0203338	Extended-spectrum beta-lactamase producing Enterobacteriacea	False	False	False	residual_per_sample	34	abstained		0	0	0	34	not_generated	BLOCKED	needs_linkage
PRJEB25080	isolation_source	tail25_49	False	PMC6117087	europepmc_fulltext	True	True	https://doi.org/10.1371/journal.pone.0203338	Extended-spectrum beta-lactamase producing Enterobacteriacea	False	False	False	covered	34	abstained		34	0	0	34	not_generated	FILLED	whole_field
PRJEB25080	host	tail25_49	False	PMC6117087	europepmc_fulltext	True	True	https://doi.org/10.1371/journal.pone.0203338	Extended-spectrum beta-lactamase producing Enterobacteriacea	False	False	False	covered	34	abstained		34	0	0	34	not_generated	FILLED	whole_field
PRJEB25746	country	tail25_49	True		none	False	False			False	False	False	not_gated	0			0	0	0	0	not_generated	FILLED	not_gated
PRJEB25746	collection_date	tail25_49	True		none	False	False			False	False	False	not_gated	0			0	0	0	0	not_generated	FILLED	not_gated
PRJEB25746	isolation_source	tail25_49	True		none	False	False			False	False	False	not_gated	0			0	0	0	0	not_generated	FILLED	not_gated
PRJEB25746	host	tail25_49	True		none	False	False			False	False	False	not_gated	0			0	0	0	0	not_generated	FILLED	not_gated
PRJEB27508	country	tail25_49	False	PMC7005014	europepmc_fulltext	True	True	https://doi.org/10.3389/fmicb.2019.02961	Core/Whole Genome Multilocus Sequence Typing and Core Genome	False	False	False	not_gated	0	abstained		0	0	0	0	not_generated	FILLED	not_gated
PRJEB27508	collection_date	tail25_49	False	PMC7005014	europepmc_fulltext	True	True	https://doi.org/10.3389/fmicb.2019.02961	Core/Whole Genome Multilocus Sequence Typing and Core Genome	False	False	False	covered	37	abstained		37	0	0	37	not_generated	FILLED	whole_field
PRJEB27508	isolation_source	tail25_49	False	PMC7005014	europepmc_fulltext	True	True	https://doi.org/10.3389/fmicb.2019.02961	Core/Whole Genome Multilocus Sequence Typing and Core Genome	False	False	False	residual_per_sample	37	abstained		0	0	0	37	not_generated	BLOCKED	needs_linkage
PRJEB27508	host	tail25_49	False	PMC7005014	europepmc_fulltext	True	True	https://doi.org/10.3389/fmicb.2019.02961	Core/Whole Genome Multilocus Sequence Typing and Core Genome	False	False	False	covered	37	abstained		37	0	0	37	not_generated	FILLED	whole_field
PRJEB3255	country	tail25_49	False	PMC4584482	europepmc_fulltext	True	True	https://doi.org/10.1186/s13073-015-0222-7	The Murray collection of pre-antibiotic era Enterobacteriaca	False	False	False	residual_per_sample	42	two_hop	field_not_in_table	0	0	0	42	not_generated	EXHAUSTED	field_not_in_table
PRJEB3255	collection_date	tail25_49	False	PMC4584482	europepmc_fulltext	True	True	https://doi.org/10.1186/s13073-015-0222-7	The Murray collection of pre-antibiotic era Enterobacteriaca	False	False	False	covered	42	two_hop		0	37	0	5	not_generated	FILLED	whole_field
PRJEB3255	isolation_source	tail25_49	False	PMC4584482	europepmc_fulltext	True	True	https://doi.org/10.1186/s13073-015-0222-7	The Murray collection of pre-antibiotic era Enterobacteriaca	False	False	False	covered	42	two_hop		0	25	0	17	not_generated	FILLED	whole_field
PRJEB3255	host	tail25_49	False	PMC4584482	europepmc_fulltext	True	True	https://doi.org/10.1186/s13073-015-0222-7	The Murray collection of pre-antibiotic era Enterobacteriaca	False	False	False	covered	42	two_hop		42	0	0	42	not_generated	FILLED	whole_field
PRJEB32657	country	tail25_49	False	PMC12612273	europepmc_fulltext	True	True	https://doi.org/10.1038/s41467-025-65266-1	Circulation of Salmonella spp. between humans, animals and t	False	False	False	covered	27	abstained		27	0	0	27	not_generated	FILLED	whole_field
PRJEB32657	collection_date	tail25_49	False	PMC12612273	europepmc_fulltext	True	True	https://doi.org/10.1038/s41467-025-65266-1	Circulation of Salmonella spp. between humans, animals and t	False	False	False	covered	27	abstained		27	0	0	27	not_generated	FILLED	whole_field
PRJEB32657	isolation_source	tail25_49	False	PMC12612273	europepmc_fulltext	True	True	https://doi.org/10.1038/s41467-025-65266-1	Circulation of Salmonella spp. between humans, animals and t	False	False	False	residual_per_sample	27	abstained		0	0	0	27	not_generated	BLOCKED	needs_linkage
PRJEB32657	host	tail25_49	False	PMC12612273	europepmc_fulltext	True	True	https://doi.org/10.1038/s41467-025-65266-1	Circulation of Salmonella spp. between humans, animals and t	False	False	False	residual_per_sample	27	abstained		0	0	0	27	not_generated	BLOCKED	needs_linkage
PRJEB32863	country	tail25_49	False	PMC7153892	europepmc_fulltext	True	True	https://doi.org/10.1371/journal.pone.0231503	Whole genome sequencing characterization of Slovenian carbap	False	False	False	not_gated	0	abstained		0	0	0	0	not_generated	FILLED	not_gated
PRJEB32863	collection_date	tail25_49	False	PMC7153892	europepmc_fulltext	True	True	https://doi.org/10.1371/journal.pone.0231503	Whole genome sequencing characterization of Slovenian carbap	False	False	False	not_gated	0	abstained		0	0	0	0	not_generated	FILLED	not_gated
PRJEB32863	isolation_source	tail25_49	False	PMC7153892	europepmc_fulltext	True	True	https://doi.org/10.1371/journal.pone.0231503	Whole genome sequencing characterization of Slovenian carbap	False	False	False	not_gated	0	abstained		0	0	0	0	not_generated	FILLED	not_gated
PRJEB32863	host	tail25_49	False	PMC7153892	europepmc_fulltext	True	True	https://doi.org/10.1371/journal.pone.0231503	Whole genome sequencing characterization of Slovenian carbap	False	False	False	covered	37	abstained		37	0	0	37	not_generated	FILLED	whole_field
PRJEB34532	country	tail25_49	False	PMC3381403	europepmc_fulltext	True	True	https://doi.org/10.3201/eid1707.110209	Extended-spectrum β-lactamase genes of Escherichia coli in c	False	False	False	not_gated	0	abstained		0	0	0	0	not_generated	FILLED	not_gated
PRJEB34532	collection_date	tail25_49	False	PMC3381403	europepmc_fulltext	True	True	https://doi.org/10.3201/eid1707.110209	Extended-spectrum β-lactamase genes of Escherichia coli in c	False	False	False	not_gated	0	abstained		0	0	0	0	not_generated	FILLED	not_gated
PRJEB34532	isolation_source	tail25_49	False	PMC3381403	europepmc_fulltext	True	True	https://doi.org/10.3201/eid1707.110209	Extended-spectrum β-lactamase genes of Escherichia coli in c	False	False	False	residual_per_sample	46	abstained	no_supp	0	0	0	46	not_generated	EXHAUSTED	no_supp
PRJEB34532	host	tail25_49	False	PMC3381403	europepmc_fulltext	True	True	https://doi.org/10.3201/eid1707.110209	Extended-spectrum β-lactamase genes of Escherichia coli in c	False	False	False	not_gated	0	abstained		0	0	0	0	not_generated	FILLED	not_gated
PRJEB34793	country	tail25_49	False	PMC7005322	europepmc_fulltext	True	True	https://doi.org/10.1038/s41467-020-14570-z	Bacterial adaptation is constrained in complex communities.	False	False	False	covered	49	abstained		49	0	0	49	not_generated	FILLED	whole_field
PRJEB34793	collection_date	tail25_49	False	PMC7005322	europepmc_fulltext	True	True	https://doi.org/10.1038/s41467-020-14570-z	Bacterial adaptation is constrained in complex communities.	False	False	False	covered	49	abstained		49	0	0	49	not_generated	FILLED	whole_field
PRJEB34793	isolation_source	tail25_49	False	PMC7005322	europepmc_fulltext	True	True	https://doi.org/10.1038/s41467-020-14570-z	Bacterial adaptation is constrained in complex communities.	False	False	False	covered	49	abstained		49	0	0	49	not_generated	FILLED	whole_field
PRJEB34793	host	tail25_49	False	PMC7005322	europepmc_fulltext	True	True	https://doi.org/10.1038/s41467-020-14570-z	Bacterial adaptation is constrained in complex communities.	False	False	False	covered	49	abstained		49	0	0	49	not_generated	FILLED	whole_field
PRJEB35248	country	tail25_49	False	PMC8598304	europepmc_fulltext	True	True	https://doi.org/10.1093/jac/dkab328	Rapid high-resolution detection of colistin resistance in Gr	False	False	False	not_gated	0	abstained		0	0	0	0	not_generated	FILLED	not_gated
PRJEB35248	collection_date	tail25_49	False	PMC8598304	europepmc_fulltext	True	True	https://doi.org/10.1093/jac/dkab328	Rapid high-resolution detection of colistin resistance in Gr	False	False	False	not_gated	0	abstained		0	0	0	0	not_generated	FILLED	not_gated
PRJEB35248	isolation_source	tail25_49	False	PMC8598304	europepmc_fulltext	True	True	https://doi.org/10.1093/jac/dkab328	Rapid high-resolution detection of colistin resistance in Gr	False	False	False	not_gated	0	abstained		0	0	0	0	not_generated	FILLED	not_gated
PRJEB35248	host	tail25_49	False	PMC8598304	europepmc_fulltext	True	True	https://doi.org/10.1093/jac/dkab328	Rapid high-resolution detection of colistin resistance in Gr	False	False	False	covered	28	abstained		28	0	0	28	not_generated	FILLED	whole_field
PRJEB36171	country	tail25_49	False	PMC6987216	europepmc_fulltext	True	True	https://doi.org/10.1038/s41598-020-57742-z	EasyPrimer: user-friendly tool for pan-PCR/HRM primers desig	False	False	False	not_gated	0	abstained		0	0	0	0	not_generated	FILLED	not_gated
PRJEB36171	collection_date	tail25_49	False	PMC6987216	europepmc_fulltext	True	True	https://doi.org/10.1038/s41598-020-57742-z	EasyPrimer: user-friendly tool for pan-PCR/HRM primers desig	False	False	False	not_gated	0	abstained		0	0	0	0	not_generated	FILLED	not_gated
PRJEB36171	isolation_source	tail25_49	False	PMC6987216	europepmc_fulltext	True	True	https://doi.org/10.1038/s41598-020-57742-z	EasyPrimer: user-friendly tool for pan-PCR/HRM primers desig	False	False	False	not_gated	0	abstained		0	0	0	0	not_generated	FILLED	not_gated
PRJEB36171	host	tail25_49	False	PMC6987216	europepmc_fulltext	True	True	https://doi.org/10.1038/s41598-020-57742-z	EasyPrimer: user-friendly tool for pan-PCR/HRM primers desig	False	False	False	covered	45	abstained		45	0	0	45	not_generated	FILLED	whole_field
PRJEB36919	country	tail25_49	True		none	False	False			False	False	False	residual_per_sample	41	NO_PMCID	NO_PMCID	0	0	0	41	not_generated	EXHAUSTED	no_paper_findable
PRJEB36919	collection_date	tail25_49	True		none	False	False			False	False	False	residual_per_sample	41	NO_PMCID	NO_PMCID	0	0	0	41	not_generated	EXHAUSTED	no_paper_findable
PRJEB36919	isolation_source	tail25_49	True		none	False	False			False	False	False	residual_per_sample	41	NO_PMCID	NO_PMCID	0	0	0	41	not_generated	EXHAUSTED	no_paper_findable
PRJEB36919	host	tail25_49	True		none	False	False			False	False	False	residual_per_sample	41	NO_PMCID	NO_PMCID	0	0	0	41	not_generated	EXHAUSTED	no_paper_findable
PRJEB37523	country	tail25_49	False	PMC7192099	europepmc_fulltext	True	True	https://doi.org/10.1093/ofid/ofaa109	High Carriage Rates of Multidrug-Resistant Gram-Negative Bac	False	False	False	not_gated	0	abstained		0	0	0	0	not_generated	FILLED	not_gated
PRJEB37523	collection_date	tail25_49	False	PMC7192099	europepmc_fulltext	True	True	https://doi.org/10.1093/ofid/ofaa109	High Carriage Rates of Multidrug-Resistant Gram-Negative Bac	False	False	False	not_gated	0	abstained		0	0	0	0	not_generated	FILLED	not_gated
PRJEB37523	isolation_source	tail25_49	False	PMC7192099	europepmc_fulltext	True	True	https://doi.org/10.1093/ofid/ofaa109	High Carriage Rates of Multidrug-Resistant Gram-Negative Bac	False	False	False	not_gated	0	abstained		0	0	0	0	not_generated	FILLED	not_gated
PRJEB37523	host	tail25_49	False	PMC7192099	europepmc_fulltext	True	True	https://doi.org/10.1093/ofid/ofaa109	High Carriage Rates of Multidrug-Resistant Gram-Negative Bac	False	False	False	residual_per_sample	39	abstained	no_supp	0	0	0	39	not_generated	EXHAUSTED	no_supp
PRJEB40571	country	tail25_49	False	PMC8477410	europepmc_fulltext	True	True	https://doi.org/10.1099/mgen.0.000567	Harmonization of whole-genome sequencing for outbreak survei	False	False	False	not_gated	0	abstained		0	0	0	0	not_generated	FILLED	not_gated
PRJEB40571	collection_date	tail25_49	False	PMC8477410	europepmc_fulltext	True	True	https://doi.org/10.1099/mgen.0.000567	Harmonization of whole-genome sequencing for outbreak survei	False	False	False	not_gated	0	abstained		0	0	0	0	not_generated	FILLED	not_gated
PRJEB40571	isolation_source	tail25_49	False	PMC8477410	europepmc_fulltext	True	True	https://doi.org/10.1099/mgen.0.000567	Harmonization of whole-genome sequencing for outbreak survei	False	False	False	not_gated	0	abstained		0	0	0	0	not_generated	FILLED	not_gated
PRJEB40571	host	tail25_49	False	PMC8477410	europepmc_fulltext	True	True	https://doi.org/10.1099/mgen.0.000567	Harmonization of whole-genome sequencing for outbreak survei	False	False	False	covered	27	abstained		27	0	0	27	not_generated	FILLED	whole_field
PRJEB41225	country	tail25_49	False	PMC8849082	europepmc_fulltext	True	True	https://doi.org/10.1128/spectrum.01766-21	Characterization of Amino Acid Substitution W20S in MgrB Inv	False	False	False	not_gated	0	abstained		0	0	0	0	not_generated	FILLED	not_gated
PRJEB41225	collection_date	tail25_49	False	PMC8849082	europepmc_fulltext	True	True	https://doi.org/10.1128/spectrum.01766-21	Characterization of Amino Acid Substitution W20S in MgrB Inv	False	False	False	not_gated	0	abstained		0	0	0	0	not_generated	FILLED	not_gated
PRJEB41225	isolation_source	tail25_49	False	PMC8849082	europepmc_fulltext	True	True	https://doi.org/10.1128/spectrum.01766-21	Characterization of Amino Acid Substitution W20S in MgrB Inv	False	False	False	not_gated	0	abstained		0	0	0	0	not_generated	FILLED	not_gated
PRJEB41225	host	tail25_49	False	PMC8849082	europepmc_fulltext	True	True	https://doi.org/10.1128/spectrum.01766-21	Characterization of Amino Acid Substitution W20S in MgrB Inv	False	False	False	covered	45	abstained		45	0	0	45	not_generated	FILLED	whole_field
PRJEB42370	country	tail25_49	False	PMC12164281	europepmc_fulltext	True	True	https://doi.org/10.2807/1560-7917.es.2025.30.23.2400590	Beyond patient contact: combined short- and long read sequen	False	False	False	not_gated	0	abstained		0	0	0	0	not_generated	FILLED	not_gated
PRJEB42370	collection_date	tail25_49	False	PMC12164281	europepmc_fulltext	True	True	https://doi.org/10.2807/1560-7917.es.2025.30.23.2400590	Beyond patient contact: combined short- and long read sequen	False	False	False	not_gated	0	abstained		0	0	0	0	not_generated	FILLED	not_gated
PRJEB42370	isolation_source	tail25_49	False	PMC12164281	europepmc_fulltext	True	True	https://doi.org/10.2807/1560-7917.es.2025.30.23.2400590	Beyond patient contact: combined short- and long read sequen	False	False	False	not_gated	0	abstained		0	0	0	0	not_generated	FILLED	not_gated
PRJEB42370	host	tail25_49	False	PMC12164281	europepmc_fulltext	True	True	https://doi.org/10.2807/1560-7917.es.2025.30.23.2400590	Beyond patient contact: combined short- and long read sequen	False	False	False	covered	34	abstained		34	0	0	34	not_generated	FILLED	whole_field
PRJEB43549	country	tail25_49	False	PMC12164281	europepmc_fulltext	True	True	https://doi.org/10.2807/1560-7917.es.2025.30.23.2400590	Beyond patient contact: combined short- and long read sequen	False	False	False	not_gated	0	abstained		0	0	0	0	not_generated	FILLED	not_gated
PRJEB43549	collection_date	tail25_49	False	PMC12164281	europepmc_fulltext	True	True	https://doi.org/10.2807/1560-7917.es.2025.30.23.2400590	Beyond patient contact: combined short- and long read sequen	False	False	False	not_gated	0	abstained		0	0	0	0	not_generated	FILLED	not_gated
PRJEB43549	isolation_source	tail25_49	False	PMC12164281	europepmc_fulltext	True	True	https://doi.org/10.2807/1560-7917.es.2025.30.23.2400590	Beyond patient contact: combined short- and long read sequen	False	False	False	not_gated	0	abstained		0	0	0	0	not_generated	FILLED	not_gated
PRJEB43549	host	tail25_49	False	PMC12164281	europepmc_fulltext	True	True	https://doi.org/10.2807/1560-7917.es.2025.30.23.2400590	Beyond patient contact: combined short- and long read sequen	False	False	False	covered	32	abstained		32	0	0	32	not_generated	FILLED	whole_field
PRJEB43550	country	tail25_49	False	PMC12164281	europepmc_fulltext	True	True	https://doi.org/10.2807/1560-7917.es.2025.30.23.2400590	Beyond patient contact: combined short- and long read sequen	False	False	False	not_gated	0	abstained		0	0	0	0	not_generated	FILLED	not_gated
PRJEB43550	collection_date	tail25_49	False	PMC12164281	europepmc_fulltext	True	True	https://doi.org/10.2807/1560-7917.es.2025.30.23.2400590	Beyond patient contact: combined short- and long read sequen	False	False	False	not_gated	0	abstained		0	0	0	0	not_generated	FILLED	not_gated
PRJEB43550	isolation_source	tail25_49	False	PMC12164281	europepmc_fulltext	True	True	https://doi.org/10.2807/1560-7917.es.2025.30.23.2400590	Beyond patient contact: combined short- and long read sequen	False	False	False	not_gated	0	abstained		0	0	0	0	not_generated	FILLED	not_gated
PRJEB43550	host	tail25_49	False	PMC12164281	europepmc_fulltext	True	True	https://doi.org/10.2807/1560-7917.es.2025.30.23.2400590	Beyond patient contact: combined short- and long read sequen	False	False	False	covered	30	abstained		30	0	0	30	not_generated	FILLED	whole_field
PRJEB44852	country	tail25_49	False		pdf	True	True	https://doi.org/10.1007/s10096-021-04384-2	Diversity of carbapenem-resistant Klebsiella pneumoniae ST14	False	False	False	not_gated	0	NO_PMCID		0	0	0	0	not_generated	FILLED	not_gated
PRJEB44852	collection_date	tail25_49	False		pdf	True	True	https://doi.org/10.1007/s10096-021-04384-2	Diversity of carbapenem-resistant Klebsiella pneumoniae ST14	False	False	False	residual_per_sample	29	NO_PMCID	NO_PMCID	0	0	0	29	not_generated	ACTIONABLE	fetch_supp_table
PRJEB44852	isolation_source	tail25_49	False		pdf	True	True	https://doi.org/10.1007/s10096-021-04384-2	Diversity of carbapenem-resistant Klebsiella pneumoniae ST14	False	False	False	residual_per_sample	29	NO_PMCID	NO_PMCID	0	0	0	29	not_generated	ACTIONABLE	fetch_supp_table
PRJEB44852	host	tail25_49	False		pdf	True	True	https://doi.org/10.1007/s10096-021-04384-2	Diversity of carbapenem-resistant Klebsiella pneumoniae ST14	False	False	False	covered	8	NO_PMCID		8	0	0	8	not_generated	FILLED	whole_field
PRJEB44864	country	tail25_49	False	PMC9430602	europepmc_fulltext	True	True	https://doi.org/10.1128/spectrum.01009-22	Hypervariable-Locus Melting Typing: a Novel Approach for Mor	False	False	False	not_gated	0	direct		0	0	0	0	not_generated	FILLED	not_gated
PRJEB44864	collection_date	tail25_49	False	PMC9430602	europepmc_fulltext	True	True	https://doi.org/10.1128/spectrum.01009-22	Hypervariable-Locus Melting Typing: a Novel Approach for Mor	False	False	False	not_gated	0	direct		0	18	0	0	not_generated	FILLED	not_gated
PRJEB44864	isolation_source	tail25_49	False	PMC9430602	europepmc_fulltext	True	True	https://doi.org/10.1128/spectrum.01009-22	Hypervariable-Locus Melting Typing: a Novel Approach for Mor	False	False	False	not_gated	0	direct		0	0	0	0	not_generated	FILLED	not_gated
PRJEB44864	host	tail25_49	False	PMC9430602	europepmc_fulltext	True	True	https://doi.org/10.1128/spectrum.01009-22	Hypervariable-Locus Melting Typing: a Novel Approach for Mor	False	False	False	covered	28	direct		28	0	0	28	not_generated	FILLED	whole_field
PRJEB47075	country	tail25_49	False	PMC8605564	europepmc_fulltext	True	True	https://doi.org/10.1186/s12866-021-02388-8	Colistin resistance in Gram-negative bacteria analysed by fi	False	False	False	not_gated	0	abstained		0	0	0	0	not_generated	FILLED	not_gated
PRJEB47075	collection_date	tail25_49	False	PMC8605564	europepmc_fulltext	True	True	https://doi.org/10.1186/s12866-021-02388-8	Colistin resistance in Gram-negative bacteria analysed by fi	False	False	False	residual_per_sample	10	abstained		0	0	0	10	not_generated	BLOCKED	needs_linkage
PRJEB47075	isolation_source	tail25_49	False	PMC8605564	europepmc_fulltext	True	True	https://doi.org/10.1186/s12866-021-02388-8	Colistin resistance in Gram-negative bacteria analysed by fi	False	False	False	residual_per_sample	13	abstained		0	0	0	13	not_generated	BLOCKED	needs_linkage
PRJEB47075	host	tail25_49	False	PMC8605564	europepmc_fulltext	True	True	https://doi.org/10.1186/s12866-021-02388-8	Colistin resistance in Gram-negative bacteria analysed by fi	False	False	False	covered	26	abstained		26	0	0	26	not_generated	FILLED	whole_field
PRJEB50270	country	tail25_49	False	PMC9007738	europepmc_fulltext	True	True	https://doi.org/10.1038/s41592-022-01431-4	Critical Assessment of Metagenome Interpretation: the second	False	False	False	residual_per_sample	48	abstained		0	0	0	48	not_generated	BLOCKED	needs_linkage
PRJEB50270	collection_date	tail25_49	False	PMC9007738	europepmc_fulltext	True	True	https://doi.org/10.1038/s41592-022-01431-4	Critical Assessment of Metagenome Interpretation: the second	False	False	False	residual_per_sample	48	abstained		0	0	0	48	not_generated	BLOCKED	needs_linkage
PRJEB50270	isolation_source	tail25_49	False	PMC9007738	europepmc_fulltext	True	True	https://doi.org/10.1038/s41592-022-01431-4	Critical Assessment of Metagenome Interpretation: the second	False	False	False	residual_per_sample	48	abstained		0	0	0	48	not_generated	BLOCKED	needs_linkage
PRJEB50270	host	tail25_49	False	PMC9007738	europepmc_fulltext	True	True	https://doi.org/10.1038/s41592-022-01431-4	Critical Assessment of Metagenome Interpretation: the second	False	False	False	residual_per_sample	48	abstained		0	0	0	48	not_generated	BLOCKED	needs_linkage
PRJEB5132	country	tail25_49	True		none	False	False			False	False	False	residual_per_sample	32	NO_PMCID	NO_PMCID	0	0	0	32	not_generated	EXHAUSTED	no_paper_findable
PRJEB5132	collection_date	tail25_49	True		none	False	False			False	False	False	residual_per_sample	32	NO_PMCID	NO_PMCID	0	0	0	32	not_generated	EXHAUSTED	no_paper_findable
PRJEB5132	isolation_source	tail25_49	True		none	False	False			False	False	False	residual_per_sample	32	NO_PMCID	NO_PMCID	0	0	0	32	not_generated	EXHAUSTED	no_paper_findable
PRJEB5132	host	tail25_49	True		none	False	False			False	False	False	residual_per_sample	32	NO_PMCID	NO_PMCID	0	0	0	32	not_generated	EXHAUSTED	no_paper_findable
PRJEB54568	country	tail25_49	False	PMC9554532	europepmc_fulltext	True	True	https://doi.org/10.3389/fmicb.2022.1000787	Phenotypic and molecular characterization of IMP-producing E	False	False	False	not_gated	0	abstained		0	0	0	0	not_generated	FILLED	not_gated
PRJEB54568	collection_date	tail25_49	False	PMC9554532	europepmc_fulltext	True	True	https://doi.org/10.3389/fmicb.2022.1000787	Phenotypic and molecular characterization of IMP-producing E	False	False	False	not_gated	0	abstained		0	0	0	0	not_generated	FILLED	not_gated
PRJEB54568	isolation_source	tail25_49	False	PMC9554532	europepmc_fulltext	True	True	https://doi.org/10.3389/fmicb.2022.1000787	Phenotypic and molecular characterization of IMP-producing E	False	False	False	not_gated	0	abstained		0	0	0	0	not_generated	FILLED	not_gated
PRJEB54568	host	tail25_49	False	PMC9554532	europepmc_fulltext	True	True	https://doi.org/10.3389/fmicb.2022.1000787	Phenotypic and molecular characterization of IMP-producing E	False	False	False	covered	26	abstained		26	0	0	26	not_generated	FILLED	whole_field
PRJEB56212	country	tail25_49	False	PMC9960421	europepmc_fulltext	True	True	https://doi.org/10.3390/microorganisms11020525	Genomic Characterization of Multidrug-Resistant Extended Spe	False	False	False	covered	36	abstained		36	0	0	36	not_generated	FILLED	whole_field
PRJEB56212	collection_date	tail25_49	False	PMC9960421	europepmc_fulltext	True	True	https://doi.org/10.3390/microorganisms11020525	Genomic Characterization of Multidrug-Resistant Extended Spe	False	False	False	residual_per_sample	36	abstained	no_supp	0	0	0	36	not_generated	ACTIONABLE	fetch_supp_table
PRJEB56212	isolation_source	tail25_49	False	PMC9960421	europepmc_fulltext	True	True	https://doi.org/10.3390/microorganisms11020525	Genomic Characterization of Multidrug-Resistant Extended Spe	False	False	False	residual_per_sample	36	abstained	no_supp	0	0	0	36	not_generated	ACTIONABLE	fetch_supp_table
PRJEB56212	host	tail25_49	False	PMC9960421	europepmc_fulltext	True	True	https://doi.org/10.3390/microorganisms11020525	Genomic Characterization of Multidrug-Resistant Extended Spe	False	False	False	covered	36	abstained		36	0	0	36	not_generated	FILLED	whole_field
PRJEB59013	country	tail25_49	True		none	False	False			False	False	False	not_gated	0	NO_PMCID		0	0	0	0	not_generated	FILLED	not_gated
PRJEB59013	collection_date	tail25_49	True		none	False	False			False	False	False	not_gated	0	NO_PMCID		0	0	0	0	not_generated	FILLED	not_gated
PRJEB59013	isolation_source	tail25_49	True		none	False	False			False	False	False	not_gated	0	NO_PMCID		0	0	0	0	not_generated	FILLED	not_gated
PRJEB59013	host	tail25_49	True		none	False	False			False	False	False	covered	42	NO_PMCID		42	0	0	42	not_generated	FILLED	whole_field
PRJEB59858	country	tail25_49	False	PMC10021837	europepmc_fulltext	True	True	https://doi.org/10.1371/journal.pgph.0000875	Clinical and laboratory factors associated with neonatal sep	False	False	False	not_gated	0	abstained		0	0	0	0	not_generated	FILLED	not_gated
PRJEB59858	collection_date	tail25_49	False	PMC10021837	europepmc_fulltext	True	True	https://doi.org/10.1371/journal.pgph.0000875	Clinical and laboratory factors associated with neonatal sep	False	False	False	covered	28	abstained		28	0	0	28	not_generated	FILLED	whole_field
PRJEB59858	isolation_source	tail25_49	False	PMC10021837	europepmc_fulltext	True	True	https://doi.org/10.1371/journal.pgph.0000875	Clinical and laboratory factors associated with neonatal sep	False	False	False	not_gated	0	abstained		0	0	0	0	not_generated	FILLED	not_gated
PRJEB59858	host	tail25_49	False	PMC10021837	europepmc_fulltext	True	True	https://doi.org/10.1371/journal.pgph.0000875	Clinical and laboratory factors associated with neonatal sep	False	False	False	covered	28	abstained		28	0	0	28	not_generated	FILLED	whole_field
PRJEB60478	country	tail25_49	False	PMC8060595	europepmc_fulltext	True	True	https://doi.org/10.1016/j.csbj.2021.03.027	AMR-Diag: Neural network based genotype-to-phenotype predict	False	False	False	residual_per_sample	41	abstained		0	0	0	41	not_generated	BLOCKED	needs_linkage
PRJEB60478	collection_date	tail25_49	False	PMC8060595	europepmc_fulltext	True	True	https://doi.org/10.1016/j.csbj.2021.03.027	AMR-Diag: Neural network based genotype-to-phenotype predict	False	False	False	residual_per_sample	41	abstained		0	0	0	41	not_generated	BLOCKED	needs_linkage
PRJEB60478	isolation_source	tail25_49	False	PMC8060595	europepmc_fulltext	True	True	https://doi.org/10.1016/j.csbj.2021.03.027	AMR-Diag: Neural network based genotype-to-phenotype predict	False	False	False	residual_per_sample	41	abstained		0	0	0	41	not_generated	BLOCKED	needs_linkage
PRJEB60478	host	tail25_49	False	PMC8060595	europepmc_fulltext	True	True	https://doi.org/10.1016/j.csbj.2021.03.027	AMR-Diag: Neural network based genotype-to-phenotype predict	False	False	False	covered	41	abstained		41	0	0	41	not_generated	FILLED	whole_field
PRJEB60743	country	tail25_49	False		local_pdf	True	True	https://doi.org/10.1016/j.jgar.2023.06.002	Genotypic characterisation of carbapenemase-producing organi	True	True	False	covered	38	NO_PMCID		38	0	0	38	not_generated	FILLED	whole_field
PRJEB60743	collection_date	tail25_49	False		local_pdf	True	True	https://doi.org/10.1016/j.jgar.2023.06.002	Genotypic characterisation of carbapenemase-producing organi	True	True	False	covered	38	NO_PMCID		38	0	0	38	not_generated	FILLED	whole_field
PRJEB60743	isolation_source	tail25_49	False		local_pdf	True	True	https://doi.org/10.1016/j.jgar.2023.06.002	Genotypic characterisation of carbapenemase-producing organi	True	True	False	residual_per_sample	38	NO_PMCID	NO_PMCID	0	0	0	38	not_generated	EXHAUSTED	NO_PMCID
PRJEB60743	host	tail25_49	False		local_pdf	True	True	https://doi.org/10.1016/j.jgar.2023.06.002	Genotypic characterisation of carbapenemase-producing organi	True	True	False	covered	38	NO_PMCID		38	0	0	38	not_generated	FILLED	whole_field
PRJEB62836	country	tail25_49	False	PMC11092894	europepmc_fulltext	True	True	https://doi.org/10.3389/fmicb.2024.1365011	Decoding <i>Klebsiella pneumoniae</i> in poultry chain: unve	False	False	False	not_gated	0	direct		0	0	0	0	not_generated	FILLED	not_gated
PRJEB62836	collection_date	tail25_49	False	PMC11092894	europepmc_fulltext	True	True	https://doi.org/10.3389/fmicb.2024.1365011	Decoding <i>Klebsiella pneumoniae</i> in poultry chain: unve	False	False	False	not_gated	0	direct		0	0	0	0	not_generated	FILLED	not_gated
PRJEB62836	isolation_source	tail25_49	False	PMC11092894	europepmc_fulltext	True	True	https://doi.org/10.3389/fmicb.2024.1365011	Decoding <i>Klebsiella pneumoniae</i> in poultry chain: unve	False	False	False	not_gated	0	direct		0	0	0	0	not_generated	FILLED	not_gated
PRJEB62836	host	tail25_49	False	PMC11092894	europepmc_fulltext	True	True	https://doi.org/10.3389/fmicb.2024.1365011	Decoding <i>Klebsiella pneumoniae</i> in poultry chain: unve	False	False	False	covered	48	direct		0	48	0	0	not_generated	FILLED	whole_field
PRJEB64632	country	tail25_49	False	PMC10915899	europepmc_fulltext	True	True	https://doi.org/10.1093/jacamr/dlae021	Carbapenem- and cefiderocol-resistant <i>Enterobacterales</i	False	False	False	not_gated	0	abstained		0	0	0	0	not_generated	FILLED	not_gated
PRJEB64632	collection_date	tail25_49	False	PMC10915899	europepmc_fulltext	True	True	https://doi.org/10.1093/jacamr/dlae021	Carbapenem- and cefiderocol-resistant <i>Enterobacterales</i	False	False	False	not_gated	0	abstained		0	0	0	0	not_generated	FILLED	not_gated
PRJEB64632	isolation_source	tail25_49	False	PMC10915899	europepmc_fulltext	True	True	https://doi.org/10.1093/jacamr/dlae021	Carbapenem- and cefiderocol-resistant <i>Enterobacterales</i	False	False	False	not_gated	0	abstained		0	0	0	0	not_generated	FILLED	not_gated
PRJEB64632	host	tail25_49	False	PMC10915899	europepmc_fulltext	True	True	https://doi.org/10.1093/jacamr/dlae021	Carbapenem- and cefiderocol-resistant <i>Enterobacterales</i	False	False	False	covered	30	abstained		30	0	0	30	not_generated	FILLED	whole_field
PRJEB64775	country	tail25_49	False	PMC10829384	europepmc_fulltext	True	True	https://doi.org/10.1186/s13756-024-01370-z	Clinically relevant sequence types of carbapenemase-producin	False	False	False	not_gated	0	abstained		0	0	0	0	not_generated	FILLED	not_gated
PRJEB64775	collection_date	tail25_49	False	PMC10829384	europepmc_fulltext	True	True	https://doi.org/10.1186/s13756-024-01370-z	Clinically relevant sequence types of carbapenemase-producin	False	False	False	not_gated	0	abstained		0	0	0	0	not_generated	FILLED	not_gated
PRJEB64775	isolation_source	tail25_49	False	PMC10829384	europepmc_fulltext	True	True	https://doi.org/10.1186/s13756-024-01370-z	Clinically relevant sequence types of carbapenemase-producin	False	False	False	covered	25	abstained		25	0	0	25	not_generated	FILLED	whole_field
PRJEB64775	host	tail25_49	False	PMC10829384	europepmc_fulltext	True	True	https://doi.org/10.1186/s13756-024-01370-z	Clinically relevant sequence types of carbapenemase-producin	False	False	False	covered	25	abstained		25	0	0	25	not_generated	FILLED	whole_field
PRJEB6688	country	tail25_49	False	PMC4214299	europepmc_fulltext	True	True	https://doi.org/10.3201/eid2011.140206	Genomic definition of hypervirulent and multidrug-resistant 	False	False	False	residual_per_sample	38	abstained	no_supp	0	0	0	38	not_generated	ACTIONABLE	fetch_supp_table
PRJEB6688	collection_date	tail25_49	False	PMC4214299	europepmc_fulltext	True	True	https://doi.org/10.3201/eid2011.140206	Genomic definition of hypervirulent and multidrug-resistant 	False	False	False	covered	38	abstained		38	0	0	38	not_generated	FILLED	whole_field
PRJEB6688	isolation_source	tail25_49	False	PMC4214299	europepmc_fulltext	True	True	https://doi.org/10.3201/eid2011.140206	Genomic definition of hypervirulent and multidrug-resistant 	False	False	False	residual_per_sample	38	abstained	no_supp	0	0	0	38	not_generated	ACTIONABLE	fetch_supp_table
PRJEB6688	host	tail25_49	False	PMC4214299	europepmc_fulltext	True	True	https://doi.org/10.3201/eid2011.140206	Genomic definition of hypervirulent and multidrug-resistant 	False	False	False	covered	38	abstained		38	0	0	38	not_generated	FILLED	whole_field
PRJEB67940	country	tail25_49	False	PMC10924313	europepmc_fulltext	True	True	https://doi.org/10.1186/s13756-024-01386-5	Uncovering the spread of drug-resistant bacteria through nex	False	False	False	not_gated	0	direct		0	0	0	0	not_generated	FILLED	not_gated
PRJEB67940	collection_date	tail25_49	False	PMC10924313	europepmc_fulltext	True	True	https://doi.org/10.1186/s13756-024-01386-5	Uncovering the spread of drug-resistant bacteria through nex	False	False	False	not_gated	0	direct		0	0	0	0	not_generated	FILLED	not_gated
PRJEB67940	isolation_source	tail25_49	False	PMC10924313	europepmc_fulltext	True	True	https://doi.org/10.1186/s13756-024-01386-5	Uncovering the spread of drug-resistant bacteria through nex	False	False	False	covered	36	direct		0	36	0	0	not_generated	FILLED	whole_field
PRJEB67940	host	tail25_49	False	PMC10924313	europepmc_fulltext	True	True	https://doi.org/10.1186/s13756-024-01386-5	Uncovering the spread of drug-resistant bacteria through nex	False	False	False	not_gated	0	direct		0	0	0	0	not_generated	FILLED	not_gated
PRJEB73547	country	tail25_49	True		none	False	False			False	False	False	not_gated	0	NO_PMCID		0	0	0	0	not_generated	FILLED	not_gated
PRJEB73547	collection_date	tail25_49	True		none	False	False			False	False	False	not_gated	0	NO_PMCID		0	0	0	0	not_generated	FILLED	not_gated
PRJEB73547	isolation_source	tail25_49	True		none	False	False			False	False	False	residual_per_sample	31	NO_PMCID	NO_PMCID	0	0	0	31	not_generated	EXHAUSTED	no_paper_findable
PRJEB73547	host	tail25_49	True		none	False	False			False	False	False	residual_per_sample	31	NO_PMCID	NO_PMCID	0	0	0	31	not_generated	EXHAUSTED	no_paper_findable
PRJEB76256	country	tail25_49	False	PMC11760810	europepmc_fulltext	True	True	https://doi.org/10.1016/j.infpip.2024.100430	Hospital toilets and drainage systems as a reservoir for a l	False	False	False	not_gated	0	direct		0	0	0	0	not_generated	FILLED	not_gated
PRJEB76256	collection_date	tail25_49	False	PMC11760810	europepmc_fulltext	True	True	https://doi.org/10.1016/j.infpip.2024.100430	Hospital toilets and drainage systems as a reservoir for a l	False	False	False	not_gated	0	direct		0	30	0	0	not_generated	FILLED	not_gated
PRJEB76256	isolation_source	tail25_49	False	PMC11760810	europepmc_fulltext	True	True	https://doi.org/10.1016/j.infpip.2024.100430	Hospital toilets and drainage systems as a reservoir for a l	False	False	False	covered	30	direct		0	30	0	0	not_generated	FILLED	whole_field
PRJEB76256	host	tail25_49	False	PMC11760810	europepmc_fulltext	True	True	https://doi.org/10.1016/j.infpip.2024.100430	Hospital toilets and drainage systems as a reservoir for a l	False	False	False	covered	30	direct		0	29	0	1	not_generated	FILLED	whole_field
PRJEB76311	country	tail25_49	False	PMC11471225	europepmc_fulltext	True	True	https://doi.org/10.1016/j.onehlt.2024.100904	Exploring AMR and virulence in <i>Klebsiella pneumoniae</i> 	False	False	False	not_gated	0	direct		0	0	0	0	not_generated	FILLED	not_gated
PRJEB76311	collection_date	tail25_49	False	PMC11471225	europepmc_fulltext	True	True	https://doi.org/10.1016/j.onehlt.2024.100904	Exploring AMR and virulence in <i>Klebsiella pneumoniae</i> 	False	False	False	not_gated	0	direct		0	48	0	0	not_generated	FILLED	not_gated
PRJEB76311	isolation_source	tail25_49	False	PMC11471225	europepmc_fulltext	True	True	https://doi.org/10.1016/j.onehlt.2024.100904	Exploring AMR and virulence in <i>Klebsiella pneumoniae</i> 	False	False	False	not_gated	0	direct		0	0	0	0	not_generated	FILLED	not_gated
PRJEB76311	host	tail25_49	False	PMC11471225	europepmc_fulltext	True	True	https://doi.org/10.1016/j.onehlt.2024.100904	Exploring AMR and virulence in <i>Klebsiella pneumoniae</i> 	False	False	False	covered	49	direct		0	49	0	0	not_generated	FILLED	whole_field
PRJEB76496	country	tail25_49	False	PMC11834398	europepmc_fulltext	True	True	https://doi.org/10.1128/msystems.01128-24	Tracking clonal and plasmid transmission in colistin- and ca	False	False	False	not_gated	0	direct		0	0	0	0	not_generated	FILLED	not_gated
PRJEB76496	collection_date	tail25_49	False	PMC11834398	europepmc_fulltext	True	True	https://doi.org/10.1128/msystems.01128-24	Tracking clonal and plasmid transmission in colistin- and ca	False	False	False	not_gated	0	direct		0	46	0	0	not_generated	FILLED	not_gated
PRJEB76496	isolation_source	tail25_49	False	PMC11834398	europepmc_fulltext	True	True	https://doi.org/10.1128/msystems.01128-24	Tracking clonal and plasmid transmission in colistin- and ca	False	False	False	not_gated	0	direct		0	0	0	0	not_generated	FILLED	not_gated
PRJEB76496	host	tail25_49	False	PMC11834398	europepmc_fulltext	True	True	https://doi.org/10.1128/msystems.01128-24	Tracking clonal and plasmid transmission in colistin- and ca	False	False	False	covered	46	direct		46	0	0	46	not_generated	FILLED	whole_field
PRJEB8766	country	tail25_49	False	PMC6938978	europepmc_fulltext	True	True	https://doi.org/10.1093/cid/ciz174	A One Health Study of the Genetic Relatedness of Klebsiella 	False	False	False	covered	19	direct		19	0	0	19	not_generated	FILLED	whole_field
PRJEB8766	collection_date	tail25_49	False	PMC6938978	europepmc_fulltext	True	True	https://doi.org/10.1093/cid/ciz174	A One Health Study of the Genetic Relatedness of Klebsiella 	False	False	False	covered	19	direct		19	0	0	19	not_generated	FILLED	whole_field
PRJEB8766	isolation_source	tail25_49	False	PMC6938978	europepmc_fulltext	True	True	https://doi.org/10.1093/cid/ciz174	A One Health Study of the Genetic Relatedness of Klebsiella 	False	False	False	covered	19	direct		0	24	0	0	not_generated	FILLED	whole_field
PRJEB8766	host	tail25_49	False	PMC6938978	europepmc_fulltext	True	True	https://doi.org/10.1093/cid/ciz174	A One Health Study of the Genetic Relatedness of Klebsiella 	False	False	False	covered	44	direct		20	24	0	20	not_generated	FILLED	whole_field
PRJEB8776	country	tail25_49	False	PMC6938978	europepmc_fulltext	True	True	https://doi.org/10.1093/cid/ciz174	A One Health Study of the Genetic Relatedness of Klebsiella 	False	False	False	not_gated	0			0	0	0	0	not_generated	FILLED	not_gated
PRJEB8776	collection_date	tail25_49	False	PMC6938978	europepmc_fulltext	True	True	https://doi.org/10.1093/cid/ciz174	A One Health Study of the Genetic Relatedness of Klebsiella 	False	False	False	not_gated	0			0	0	0	0	not_generated	FILLED	not_gated
PRJEB8776	isolation_source	tail25_49	False	PMC6938978	europepmc_fulltext	True	True	https://doi.org/10.1093/cid/ciz174	A One Health Study of the Genetic Relatedness of Klebsiella 	False	False	False	not_gated	0			0	0	0	0	not_generated	FILLED	not_gated
PRJEB8776	host	tail25_49	False	PMC6938978	europepmc_fulltext	True	True	https://doi.org/10.1093/cid/ciz174	A One Health Study of the Genetic Relatedness of Klebsiella 	False	False	False	not_gated	0			0	0	0	0	not_generated	FILLED	not_gated
PRJEB9147	country	tail25_49	False	PMC4896371	europepmc_fulltext	True	True	https://doi.org/10.1093/bioinformatics/btw022	The TraDIS toolkit: sequencing and analysis for dense transp	False	False	False	residual_per_sample	25	abstained	no_supp	0	0	0	25	not_generated	EXHAUSTED	paper_has_no_table
PRJEB9147	collection_date	tail25_49	False	PMC4896371	europepmc_fulltext	True	True	https://doi.org/10.1093/bioinformatics/btw022	The TraDIS toolkit: sequencing and analysis for dense transp	False	False	False	residual_per_sample	25	abstained	no_supp	0	0	0	25	not_generated	EXHAUSTED	paper_has_no_table
PRJEB9147	isolation_source	tail25_49	False	PMC4896371	europepmc_fulltext	True	True	https://doi.org/10.1093/bioinformatics/btw022	The TraDIS toolkit: sequencing and analysis for dense transp	False	False	False	residual_per_sample	25	abstained	no_supp	0	0	0	25	not_generated	EXHAUSTED	paper_has_no_table
PRJEB9147	host	tail25_49	False	PMC4896371	europepmc_fulltext	True	True	https://doi.org/10.1093/bioinformatics/btw022	The TraDIS toolkit: sequencing and analysis for dense transp	False	False	False	residual_per_sample	25	abstained	no_supp	0	0	0	25	not_generated	EXHAUSTED	paper_has_no_table
PRJEB9327	country	tail25_49	False	PMC4431171	europepmc_fulltext	True	True	https://doi.org/10.1136/bmjopen-2014-007397	What caused the outbreak of ESBL-producing Klebsiella pneumo	False	False	False	not_gated	0			0	0	0	0	not_generated	FILLED	not_gated
PRJEB9327	collection_date	tail25_49	False	PMC4431171	europepmc_fulltext	True	True	https://doi.org/10.1136/bmjopen-2014-007397	What caused the outbreak of ESBL-producing Klebsiella pneumo	False	False	False	not_gated	0			0	0	0	0	not_generated	FILLED	not_gated
PRJEB9327	isolation_source	tail25_49	False	PMC4431171	europepmc_fulltext	True	True	https://doi.org/10.1136/bmjopen-2014-007397	What caused the outbreak of ESBL-producing Klebsiella pneumo	False	False	False	not_gated	0			0	0	0	0	not_generated	FILLED	not_gated
PRJEB9327	host	tail25_49	False	PMC4431171	europepmc_fulltext	True	True	https://doi.org/10.1136/bmjopen-2014-007397	What caused the outbreak of ESBL-producing Klebsiella pneumo	False	False	False	not_gated	0			0	0	0	0	not_generated	FILLED	not_gated
PRJNA1000963	country	tail25_49	False	PMC8084501	europepmc_fulltext	True	True	https://doi.org/10.3201/eid2705.203662	Characteristics and Clinical Implications of Carbapenemase-P	False	False	False	covered	40	abstained		40	0	0	40	not_generated	FILLED	whole_field
PRJNA1000963	collection_date	tail25_49	False	PMC8084501	europepmc_fulltext	True	True	https://doi.org/10.3201/eid2705.203662	Characteristics and Clinical Implications of Carbapenemase-P	False	False	False	residual_per_sample	40	abstained		0	0	0	40	not_generated	BLOCKED	needs_linkage
PRJNA1000963	isolation_source	tail25_49	False	PMC8084501	europepmc_fulltext	True	True	https://doi.org/10.3201/eid2705.203662	Characteristics and Clinical Implications of Carbapenemase-P	False	False	False	residual_per_sample	40	abstained		0	0	0	40	not_generated	BLOCKED	needs_linkage
PRJNA1000963	host	tail25_49	False	PMC8084501	europepmc_fulltext	True	True	https://doi.org/10.3201/eid2705.203662	Characteristics and Clinical Implications of Carbapenemase-P	False	False	False	covered	40	abstained		40	0	0	40	not_generated	FILLED	whole_field
PRJNA1045567	country	tail25_49	True		none	False	False			False	False	False	not_gated	0			0	0	0	0	not_generated	FILLED	not_gated
PRJNA1045567	collection_date	tail25_49	True		none	False	False			False	False	False	not_gated	0			0	0	0	0	not_generated	FILLED	not_gated
PRJNA1045567	isolation_source	tail25_49	True		none	False	False			False	False	False	not_gated	0			0	0	0	0	not_generated	FILLED	not_gated
PRJNA1045567	host	tail25_49	True		none	False	False			False	False	False	not_gated	0			0	0	0	0	not_generated	FILLED	not_gated
PRJNA1055729	country	tail25_49	False	PMC11237601	europepmc_fulltext	True	True	https://doi.org/10.1128/jcm.01725-23	Core genome multilocus sequence typing (cgMLST) applicable t	False	False	False	not_gated	0			0	0	0	0	not_generated	FILLED	not_gated
PRJNA1055729	collection_date	tail25_49	False	PMC11237601	europepmc_fulltext	True	True	https://doi.org/10.1128/jcm.01725-23	Core genome multilocus sequence typing (cgMLST) applicable t	False	False	False	not_gated	0			0	0	0	0	not_generated	FILLED	not_gated
PRJNA1055729	isolation_source	tail25_49	False	PMC11237601	europepmc_fulltext	True	True	https://doi.org/10.1128/jcm.01725-23	Core genome multilocus sequence typing (cgMLST) applicable t	False	False	False	not_gated	0			0	0	0	0	not_generated	FILLED	not_gated
PRJNA1055729	host	tail25_49	False	PMC11237601	europepmc_fulltext	True	True	https://doi.org/10.1128/jcm.01725-23	Core genome multilocus sequence typing (cgMLST) applicable t	False	False	False	not_gated	0			0	0	0	0	not_generated	FILLED	not_gated
PRJNA1071125	country	tail25_49	False	PMC11492754	europepmc_fulltext	True	True	https://doi.org/10.1186/s12864-024-10661-z	Comparison of genotypic features between two groups of antib	False	False	False	covered	27	abstained		27	0	0	27	not_generated	FILLED	whole_field
PRJNA1071125	collection_date	tail25_49	False	PMC11492754	europepmc_fulltext	True	True	https://doi.org/10.1186/s12864-024-10661-z	Comparison of genotypic features between two groups of antib	False	False	False	covered	27	abstained		27	0	0	27	not_generated	FILLED	whole_field
PRJNA1071125	isolation_source	tail25_49	False	PMC11492754	europepmc_fulltext	True	True	https://doi.org/10.1186/s12864-024-10661-z	Comparison of genotypic features between two groups of antib	False	False	False	residual_per_sample	27	abstained		0	0	0	27	not_generated	BLOCKED	needs_linkage
PRJNA1071125	host	tail25_49	False	PMC11492754	europepmc_fulltext	True	True	https://doi.org/10.1186/s12864-024-10661-z	Comparison of genotypic features between two groups of antib	False	False	False	covered	27	abstained		27	0	0	27	not_generated	FILLED	whole_field
PRJNA1085970	country	tail25_49	False	PMC11541224	europepmc_fulltext	True	True	https://doi.org/10.1099/mgen.0.001299	Genomic study substantiates the intensive care unit as a res	False	False	False	not_gated	0			0	0	0	0	not_generated	FILLED	not_gated
PRJNA1085970	collection_date	tail25_49	False	PMC11541224	europepmc_fulltext	True	True	https://doi.org/10.1099/mgen.0.001299	Genomic study substantiates the intensive care unit as a res	False	False	False	not_gated	0			0	0	0	0	not_generated	FILLED	not_gated
PRJNA1085970	isolation_source	tail25_49	False	PMC11541224	europepmc_fulltext	True	True	https://doi.org/10.1099/mgen.0.001299	Genomic study substantiates the intensive care unit as a res	False	False	False	not_gated	0			0	0	0	0	not_generated	FILLED	not_gated
PRJNA1085970	host	tail25_49	False	PMC11541224	europepmc_fulltext	True	True	https://doi.org/10.1099/mgen.0.001299	Genomic study substantiates the intensive care unit as a res	False	False	False	not_gated	0			0	0	0	0	not_generated	FILLED	not_gated
PRJNA1092272	country	tail25_49	False	PMC11369815	europepmc_fulltext	True	True	https://doi.org/10.1093/jacamr/dlae140	Genomic epidemiology and longitudinal sampling of ward waste	False	False	False	covered	42	abstained		42	0	0	42	not_generated	FILLED	whole_field
PRJNA1092272	collection_date	tail25_49	False	PMC11369815	europepmc_fulltext	True	True	https://doi.org/10.1093/jacamr/dlae140	Genomic epidemiology and longitudinal sampling of ward waste	False	False	False	covered	42	abstained		42	0	0	42	not_generated	FILLED	whole_field
PRJNA1092272	isolation_source	tail25_49	False	PMC11369815	europepmc_fulltext	True	True	https://doi.org/10.1093/jacamr/dlae140	Genomic epidemiology and longitudinal sampling of ward waste	False	False	False	residual_per_sample	42	abstained	no_supp	0	0	0	42	not_generated	ACTIONABLE	fetch_supp_table
PRJNA1092272	host	tail25_49	False	PMC11369815	europepmc_fulltext	True	True	https://doi.org/10.1093/jacamr/dlae140	Genomic epidemiology and longitudinal sampling of ward waste	False	False	False	residual_per_sample	42	abstained	no_supp	0	0	0	42	not_generated	ACTIONABLE	fetch_supp_table
PRJNA1092662	country	tail25_49	True		none	False	False			False	False	False	covered	21	NO_PMCID		21	0	0	21	not_generated	FILLED	whole_field
PRJNA1092662	collection_date	tail25_49	True		none	False	False			False	False	False	residual_per_sample	21	NO_PMCID	NO_PMCID	0	0	0	21	not_generated	EXHAUSTED	no_paper_findable
PRJNA1092662	isolation_source	tail25_49	True		none	False	False			False	False	False	residual_per_sample	21	NO_PMCID	NO_PMCID	0	0	0	21	not_generated	EXHAUSTED	no_paper_findable
PRJNA1092662	host	tail25_49	True		none	False	False			False	False	False	residual_per_sample	46	NO_PMCID	NO_PMCID	0	0	0	46	not_generated	EXHAUSTED	no_paper_findable
PRJNA1102315	country	tail25_49	False	PMC11635258	europepmc_fulltext	True	True	https://doi.org/10.21037/jtd-24-1148	A single-center retrospective study of the molecular epidemi	False	False	False	not_gated	0			0	0	0	0	not_generated	FILLED	not_gated
PRJNA1102315	collection_date	tail25_49	False	PMC11635258	europepmc_fulltext	True	True	https://doi.org/10.21037/jtd-24-1148	A single-center retrospective study of the molecular epidemi	False	False	False	not_gated	0			0	0	0	0	not_generated	FILLED	not_gated
PRJNA1102315	isolation_source	tail25_49	False	PMC11635258	europepmc_fulltext	True	True	https://doi.org/10.21037/jtd-24-1148	A single-center retrospective study of the molecular epidemi	False	False	False	not_gated	0			0	0	0	0	not_generated	FILLED	not_gated
PRJNA1102315	host	tail25_49	False	PMC11635258	europepmc_fulltext	True	True	https://doi.org/10.21037/jtd-24-1148	A single-center retrospective study of the molecular epidemi	False	False	False	not_gated	0			0	0	0	0	not_generated	FILLED	not_gated
PRJNA1114318	country	tail25_49	False	PMC11616059	europepmc_fulltext	True	True	https://doi.org/10.1016/j.lanwpc.2024.101234	Successful management of a multi-species outbreak of carbape	False	False	False	covered	33	direct		33	0	0	33	not_generated	FILLED	whole_field
PRJNA1114318	collection_date	tail25_49	False	PMC11616059	europepmc_fulltext	True	True	https://doi.org/10.1016/j.lanwpc.2024.101234	Successful management of a multi-species outbreak of carbape	False	False	False	covered	33	direct		0	33	0	0	not_generated	FILLED	whole_field
PRJNA1114318	isolation_source	tail25_49	False	PMC11616059	europepmc_fulltext	True	True	https://doi.org/10.1016/j.lanwpc.2024.101234	Successful management of a multi-species outbreak of carbape	False	False	False	residual_per_sample	33	direct	field_not_in_table	0	0	0	33	not_generated	EXHAUSTED	field_not_in_table
PRJNA1114318	host	tail25_49	False	PMC11616059	europepmc_fulltext	True	True	https://doi.org/10.1016/j.lanwpc.2024.101234	Successful management of a multi-species outbreak of carbape	False	False	False	covered	33	direct		33	0	0	33	not_generated	FILLED	whole_field
PRJNA1122997	country	tail25_49	False	PMC12951928	europepmc_fulltext	True	True	https://doi.org/10.1186/s12866-026-04741-1	Ambler class C-type β-lactamases and porin alterations in En	False	False	False	not_gated	0	direct		0	0	0	0	not_generated	FILLED	not_gated
PRJNA1122997	collection_date	tail25_49	False	PMC12951928	europepmc_fulltext	True	True	https://doi.org/10.1186/s12866-026-04741-1	Ambler class C-type β-lactamases and porin alterations in En	False	False	False	not_gated	0	direct		0	0	0	0	not_generated	FILLED	not_gated
PRJNA1122997	isolation_source	tail25_49	False	PMC12951928	europepmc_fulltext	True	True	https://doi.org/10.1186/s12866-026-04741-1	Ambler class C-type β-lactamases and porin alterations in En	False	False	False	covered	29	direct		0	28	0	1	not_generated	FILLED	whole_field
PRJNA1122997	host	tail25_49	False	PMC12951928	europepmc_fulltext	True	True	https://doi.org/10.1186/s12866-026-04741-1	Ambler class C-type β-lactamases and porin alterations in En	False	False	False	not_gated	0	direct		0	0	0	0	not_generated	FILLED	not_gated
PRJNA261540	country	tail25_49	False	PMC4451916	europepmc_fulltext	True	True	https://doi.org/10.3201/eid2106.141504	KPC and NDM-1 genes in related Enterobacteriaceae strains an	False	False	False	not_gated	0	abstained		0	0	0	0	not_generated	FILLED	not_gated
PRJNA261540	collection_date	tail25_49	False	PMC4451916	europepmc_fulltext	True	True	https://doi.org/10.3201/eid2106.141504	KPC and NDM-1 genes in related Enterobacteriaceae strains an	False	False	False	not_gated	0	abstained		0	0	0	0	not_generated	FILLED	not_gated
PRJNA261540	isolation_source	tail25_49	False	PMC4451916	europepmc_fulltext	True	True	https://doi.org/10.3201/eid2106.141504	KPC and NDM-1 genes in related Enterobacteriaceae strains an	False	False	False	not_gated	0	abstained		0	0	0	0	not_generated	FILLED	not_gated
PRJNA261540	host	tail25_49	False	PMC4451916	europepmc_fulltext	True	True	https://doi.org/10.3201/eid2106.141504	KPC and NDM-1 genes in related Enterobacteriaceae strains an	False	False	False	covered	41	abstained		41	0	0	41	not_generated	FILLED	whole_field
PRJNA278293	country	tail25_49	True		none	False	False			False	False	False	not_gated	0	NO_PMCID		0	0	0	0	not_generated	FILLED	not_gated
PRJNA278293	collection_date	tail25_49	True		none	False	False			False	False	False	not_gated	0	NO_PMCID		0	0	0	0	not_generated	FILLED	not_gated
PRJNA278293	isolation_source	tail25_49	True		none	False	False			False	False	False	residual_per_sample	40	NO_PMCID	NO_PMCID	0	0	0	40	not_generated	EXHAUSTED	no_paper_findable
PRJNA278293	host	tail25_49	True		none	False	False			False	False	False	not_gated	0	NO_PMCID		0	0	0	0	not_generated	FILLED	not_gated
PRJNA292902	country	tail25_49	True		none	False	False			False	False	False	residual_per_sample	26	NO_PMCID	NO_PMCID	0	0	0	26	not_generated	EXHAUSTED	no_paper_findable
PRJNA292902	collection_date	tail25_49	True		none	False	False			False	False	False	residual_per_sample	26	NO_PMCID	NO_PMCID	0	0	0	26	not_generated	EXHAUSTED	no_paper_findable
PRJNA292902	isolation_source	tail25_49	True		none	False	False			False	False	False	residual_per_sample	26	NO_PMCID	NO_PMCID	0	0	0	26	not_generated	EXHAUSTED	no_paper_findable
PRJNA292902	host	tail25_49	True		none	False	False			False	False	False	covered	26	NO_PMCID		26	0	0	26	not_generated	FILLED	whole_field
PRJNA292904	country	tail25_49	False	PMC5442553	pdf	True	True	https://doi.org/10.1128/jcm.00244-17	Multicenter Performance Assessment of Carba NP Test.	False	False	False	covered	27	abstained		27	0	0	27	not_generated	FILLED	whole_field
PRJNA292904	collection_date	tail25_49	False	PMC5442553	pdf	True	True	https://doi.org/10.1128/jcm.00244-17	Multicenter Performance Assessment of Carba NP Test.	False	False	False	residual_per_sample	27	abstained	no_supp	0	0	0	27	not_generated	EXHAUSTED	paper_has_no_table
PRJNA292904	isolation_source	tail25_49	False	PMC5442553	pdf	True	True	https://doi.org/10.1128/jcm.00244-17	Multicenter Performance Assessment of Carba NP Test.	False	False	False	residual_per_sample	27	abstained	no_supp	0	0	0	27	not_generated	EXHAUSTED	paper_has_no_table
PRJNA292904	host	tail25_49	False	PMC5442553	pdf	True	True	https://doi.org/10.1128/jcm.00244-17	Multicenter Performance Assessment of Carba NP Test.	False	False	False	covered	27	abstained		27	0	0	27	not_generated	FILLED	whole_field
PRJNA295003	country	tail25_49	False	PMC5687771	europepmc_fulltext	True	True	https://doi.org/10.1371/journal.pone.0187832	Molecular and epidemiological characterization of carbapenem	False	False	False	not_gated	0			0	0	0	0	not_generated	FILLED	not_gated
PRJNA295003	collection_date	tail25_49	False	PMC5687771	europepmc_fulltext	True	True	https://doi.org/10.1371/journal.pone.0187832	Molecular and epidemiological characterization of carbapenem	False	False	False	not_gated	0			0	0	0	0	not_generated	FILLED	not_gated
PRJNA295003	isolation_source	tail25_49	False	PMC5687771	europepmc_fulltext	True	True	https://doi.org/10.1371/journal.pone.0187832	Molecular and epidemiological characterization of carbapenem	False	False	False	not_gated	0			0	0	0	0	not_generated	FILLED	not_gated
PRJNA295003	host	tail25_49	False	PMC5687771	europepmc_fulltext	True	True	https://doi.org/10.1371/journal.pone.0187832	Molecular and epidemiological characterization of carbapenem	False	False	False	not_gated	0			0	0	0	0	not_generated	FILLED	not_gated
PRJNA296771	country	tail25_49	False	PMC5875285	europepmc_fulltext	True	True	https://doi.org/10.3201/eid2404.171377	Phenotypic and Genotypic Characterization of Enterobacteriac	False	False	False	not_gated	0			0	0	0	0	not_generated	FILLED	not_gated
PRJNA296771	collection_date	tail25_49	False	PMC5875285	europepmc_fulltext	True	True	https://doi.org/10.3201/eid2404.171377	Phenotypic and Genotypic Characterization of Enterobacteriac	False	False	False	not_gated	0			0	0	0	0	not_generated	FILLED	not_gated
PRJNA296771	isolation_source	tail25_49	False	PMC5875285	europepmc_fulltext	True	True	https://doi.org/10.3201/eid2404.171377	Phenotypic and Genotypic Characterization of Enterobacteriac	False	False	False	not_gated	0			0	0	0	0	not_generated	FILLED	not_gated
PRJNA296771	host	tail25_49	False	PMC5875285	europepmc_fulltext	True	True	https://doi.org/10.3201/eid2404.171377	Phenotypic and Genotypic Characterization of Enterobacteriac	False	False	False	not_gated	0			0	0	0	0	not_generated	FILLED	not_gated
PRJNA308116	country	tail25_49	False	PMC10508161	europepmc_fulltext	True	True	https://doi.org/10.1128/mra.00163-23	<i>Enterobacterales</i> draft genome sequences: 15 historica	False	False	False	not_gated	0			0	0	0	0	not_generated	FILLED	not_gated
PRJNA308116	collection_date	tail25_49	False	PMC10508161	europepmc_fulltext	True	True	https://doi.org/10.1128/mra.00163-23	<i>Enterobacterales</i> draft genome sequences: 15 historica	False	False	False	not_gated	0			0	0	0	0	not_generated	FILLED	not_gated
PRJNA308116	isolation_source	tail25_49	False	PMC10508161	europepmc_fulltext	True	True	https://doi.org/10.1128/mra.00163-23	<i>Enterobacterales</i> draft genome sequences: 15 historica	False	False	False	not_gated	0			0	0	0	0	not_generated	FILLED	not_gated
PRJNA308116	host	tail25_49	False	PMC10508161	europepmc_fulltext	True	True	https://doi.org/10.1128/mra.00163-23	<i>Enterobacterales</i> draft genome sequences: 15 historica	False	False	False	not_gated	0			0	0	0	0	not_generated	FILLED	not_gated
PRJNA323522	country	tail25_49	True		none	False	False			False	False	False	not_gated	0			0	0	0	0	not_generated	FILLED	not_gated
PRJNA323522	collection_date	tail25_49	True		none	False	False			False	False	False	not_gated	0			0	0	0	0	not_generated	FILLED	not_gated
PRJNA323522	isolation_source	tail25_49	True		none	False	False			False	False	False	not_gated	0			0	0	0	0	not_generated	FILLED	not_gated
PRJNA323522	host	tail25_49	True		none	False	False			False	False	False	not_gated	0			0	0	0	0	not_generated	FILLED	not_gated
PRJNA339159	country	tail25_49	False	PMC5035412	europepmc_fulltext	True	True	https://doi.org/10.1128/jcm.00927-16	KlebSeq, a Diagnostic Tool for Surveillance, Detection, and 	False	False	False	not_gated	0			0	0	0	0	not_generated	FILLED	not_gated
PRJNA339159	collection_date	tail25_49	False	PMC5035412	europepmc_fulltext	True	True	https://doi.org/10.1128/jcm.00927-16	KlebSeq, a Diagnostic Tool for Surveillance, Detection, and 	False	False	False	not_gated	0			0	0	0	0	not_generated	FILLED	not_gated
PRJNA339159	isolation_source	tail25_49	False	PMC5035412	europepmc_fulltext	True	True	https://doi.org/10.1128/jcm.00927-16	KlebSeq, a Diagnostic Tool for Surveillance, Detection, and 	False	False	False	not_gated	0			0	0	0	0	not_generated	FILLED	not_gated
PRJNA339159	host	tail25_49	False	PMC5035412	europepmc_fulltext	True	True	https://doi.org/10.1128/jcm.00927-16	KlebSeq, a Diagnostic Tool for Surveillance, Detection, and 	False	False	False	not_gated	0			0	0	0	0	not_generated	FILLED	not_gated
PRJNA351910	country	tail25_49	False	PMC4942785	europepmc_fulltext	True	True	https://doi.org/10.1038/srep29316	Differential host susceptibility and bacterial virulence fac	False	False	False	not_gated	0	abstained		0	0	0	0	not_generated	FILLED	not_gated
PRJNA351910	collection_date	tail25_49	False	PMC4942785	europepmc_fulltext	True	True	https://doi.org/10.1038/srep29316	Differential host susceptibility and bacterial virulence fac	False	False	False	residual_per_sample	27	abstained	no_supp	0	0	0	27	not_generated	EXHAUSTED	no_supp
PRJNA351910	isolation_source	tail25_49	False	PMC4942785	europepmc_fulltext	True	True	https://doi.org/10.1038/srep29316	Differential host susceptibility and bacterial virulence fac	False	False	False	not_gated	0	abstained		0	0	0	0	not_generated	FILLED	not_gated
PRJNA351910	host	tail25_49	False	PMC4942785	europepmc_fulltext	True	True	https://doi.org/10.1038/srep29316	Differential host susceptibility and bacterial virulence fac	False	False	False	not_gated	0	abstained		0	0	0	0	not_generated	FILLED	not_gated
PRJNA390933	country	tail25_49	False		local_pdf	True	True	https://doi.org/10.1093/jac/dkx462	Characterization of OXA-48-like carbapenemase producers in C	True	True	False	not_gated	0	NO_PMCID		0	0	0	0	not_generated	FILLED	not_gated
PRJNA390933	collection_date	tail25_49	False		local_pdf	True	True	https://doi.org/10.1093/jac/dkx462	Characterization of OXA-48-like carbapenemase producers in C	True	True	False	not_gated	0	NO_PMCID		0	0	0	0	not_generated	FILLED	not_gated
PRJNA390933	isolation_source	tail25_49	False		local_pdf	True	True	https://doi.org/10.1093/jac/dkx462	Characterization of OXA-48-like carbapenemase producers in C	True	True	False	residual_per_sample	46	NO_PMCID	NO_PMCID	0	0	0	46	not_generated	EXHAUSTED	NO_PMCID
PRJNA390933	host	tail25_49	False		local_pdf	True	True	https://doi.org/10.1093/jac/dkx462	Characterization of OXA-48-like carbapenemase producers in C	True	True	False	not_gated	0	NO_PMCID		0	0	0	0	not_generated	FILLED	not_gated
PRJNA413541	country	tail25_49	True		none	False	False			False	False	False	not_gated	0			0	0	0	0	not_generated	FILLED	not_gated
PRJNA413541	collection_date	tail25_49	True		none	False	False			False	False	False	not_gated	0			0	0	0	0	not_generated	FILLED	not_gated
PRJNA413541	isolation_source	tail25_49	True		none	False	False			False	False	False	not_gated	0			0	0	0	0	not_generated	FILLED	not_gated
PRJNA413541	host	tail25_49	True		none	False	False			False	False	False	not_gated	0			0	0	0	0	not_generated	FILLED	not_gated
PRJNA431029	country	tail25_49	False	PMC6109088	europepmc_fulltext	True	True	https://doi.org/10.1038/s41598-018-31081-6	No association between resistance mutations, empiric antibio	False	False	False	not_gated	0			0	0	0	0	not_generated	FILLED	not_gated
PRJNA431029	collection_date	tail25_49	False	PMC6109088	europepmc_fulltext	True	True	https://doi.org/10.1038/s41598-018-31081-6	No association between resistance mutations, empiric antibio	False	False	False	not_gated	0			0	0	0	0	not_generated	FILLED	not_gated
PRJNA431029	isolation_source	tail25_49	False	PMC6109088	europepmc_fulltext	True	True	https://doi.org/10.1038/s41598-018-31081-6	No association between resistance mutations, empiric antibio	False	False	False	not_gated	0			0	0	0	0	not_generated	FILLED	not_gated
PRJNA431029	host	tail25_49	False	PMC6109088	europepmc_fulltext	True	True	https://doi.org/10.1038/s41598-018-31081-6	No association between resistance mutations, empiric antibio	False	False	False	not_gated	0			0	0	0	0	not_generated	FILLED	not_gated
PRJNA431724	country	tail25_49	False	PMC7067035	europepmc_fulltext	True	True	https://doi.org/10.1099/mgen.0.000308	Population structure of KPC carbapenemase-producing <i>Klebs	False	False	False	not_gated	0			0	0	0	0	not_generated	FILLED	not_gated
PRJNA431724	collection_date	tail25_49	False	PMC7067035	europepmc_fulltext	True	True	https://doi.org/10.1099/mgen.0.000308	Population structure of KPC carbapenemase-producing <i>Klebs	False	False	False	not_gated	0			0	0	0	0	not_generated	FILLED	not_gated
PRJNA431724	isolation_source	tail25_49	False	PMC7067035	europepmc_fulltext	True	True	https://doi.org/10.1099/mgen.0.000308	Population structure of KPC carbapenemase-producing <i>Klebs	False	False	False	not_gated	0			0	0	0	0	not_generated	FILLED	not_gated
PRJNA431724	host	tail25_49	False	PMC7067035	europepmc_fulltext	True	True	https://doi.org/10.1099/mgen.0.000308	Population structure of KPC carbapenemase-producing <i>Klebs	False	False	False	not_gated	0			0	0	0	0	not_generated	FILLED	not_gated
PRJNA436373	country	tail25_49	False		pdf	True	True	https://doi.org/10.1101/298513	Diverse Mechanisms of Resistance in Carbapenem-Resistant Ent	False	False	False	not_gated	0			0	0	0	0	not_generated	FILLED	not_gated
PRJNA436373	collection_date	tail25_49	False		pdf	True	True	https://doi.org/10.1101/298513	Diverse Mechanisms of Resistance in Carbapenem-Resistant Ent	False	False	False	not_gated	0			0	0	0	0	not_generated	FILLED	not_gated
PRJNA436373	isolation_source	tail25_49	False		pdf	True	True	https://doi.org/10.1101/298513	Diverse Mechanisms of Resistance in Carbapenem-Resistant Ent	False	False	False	not_gated	0			0	0	0	0	not_generated	FILLED	not_gated
PRJNA436373	host	tail25_49	False		pdf	True	True	https://doi.org/10.1101/298513	Diverse Mechanisms of Resistance in Carbapenem-Resistant Ent	False	False	False	not_gated	0			0	0	0	0	not_generated	FILLED	not_gated
PRJNA438531	country	tail25_49	False	PMC6167210	abstract	False	False	https://doi.org/10.1111/nyas.13672	Genomic epidemiology of multidrug-resistant Gram-negative or	False	False	False	not_gated	0			0	0	0	0	not_generated	FILLED	not_gated
PRJNA438531	collection_date	tail25_49	False	PMC6167210	abstract	False	False	https://doi.org/10.1111/nyas.13672	Genomic epidemiology of multidrug-resistant Gram-negative or	False	False	False	not_gated	0			0	0	0	0	not_generated	FILLED	not_gated
PRJNA438531	isolation_source	tail25_49	False	PMC6167210	abstract	False	False	https://doi.org/10.1111/nyas.13672	Genomic epidemiology of multidrug-resistant Gram-negative or	False	False	False	not_gated	0			0	0	0	0	not_generated	FILLED	not_gated
PRJNA438531	host	tail25_49	False	PMC6167210	abstract	False	False	https://doi.org/10.1111/nyas.13672	Genomic epidemiology of multidrug-resistant Gram-negative or	False	False	False	not_gated	0			0	0	0	0	not_generated	FILLED	not_gated
PRJNA449293	country	tail25_49	False	PMC7047997	europepmc_fulltext	True	True	https://doi.org/10.3389/fmicb.2020.00294	Genomic Epidemiology of Carbapenem- and Colistin-Resistant <	False	False	False	not_gated	0	direct		0	0	0	0	not_generated	FILLED	not_gated
PRJNA449293	collection_date	tail25_49	False	PMC7047997	europepmc_fulltext	True	True	https://doi.org/10.3389/fmicb.2020.00294	Genomic Epidemiology of Carbapenem- and Colistin-Resistant <	False	False	False	not_gated	0	direct		0	0	0	0	not_generated	FILLED	not_gated
PRJNA449293	isolation_source	tail25_49	False	PMC7047997	europepmc_fulltext	True	True	https://doi.org/10.3389/fmicb.2020.00294	Genomic Epidemiology of Carbapenem- and Colistin-Resistant <	False	False	False	covered	45	direct		0	45	0	0	not_generated	FILLED	whole_field
PRJNA449293	host	tail25_49	False	PMC7047997	europepmc_fulltext	True	True	https://doi.org/10.3389/fmicb.2020.00294	Genomic Epidemiology of Carbapenem- and Colistin-Resistant <	False	False	False	not_gated	0	direct		0	0	0	0	not_generated	FILLED	not_gated
PRJNA473419	country	tail25_49	False	PMC7691484	europepmc_fulltext	True	True	https://doi.org/10.3389/fmicb.2020.587398	Prevalence and Characterization of Carbapenem-Hydrolyzing Cl	False	False	False	not_gated	0			0	0	0	0	not_generated	FILLED	not_gated
PRJNA473419	collection_date	tail25_49	False	PMC7691484	europepmc_fulltext	True	True	https://doi.org/10.3389/fmicb.2020.587398	Prevalence and Characterization of Carbapenem-Hydrolyzing Cl	False	False	False	not_gated	0			0	0	0	0	not_generated	FILLED	not_gated
PRJNA473419	isolation_source	tail25_49	False	PMC7691484	europepmc_fulltext	True	True	https://doi.org/10.3389/fmicb.2020.587398	Prevalence and Characterization of Carbapenem-Hydrolyzing Cl	False	False	False	not_gated	0			0	0	0	0	not_generated	FILLED	not_gated
PRJNA473419	host	tail25_49	False	PMC7691484	europepmc_fulltext	True	True	https://doi.org/10.3389/fmicb.2020.587398	Prevalence and Characterization of Carbapenem-Hydrolyzing Cl	False	False	False	not_gated	0			0	0	0	0	not_generated	FILLED	not_gated
PRJNA488268	country	tail25_49	False	PMC6375827	europepmc_fulltext	True	True	https://doi.org/10.3389/fcimb.2019.00014	Whole-Genome Sequencing of <i>Klebsiella pneumoniae</i> Isol	False	False	False	not_gated	0			0	0	0	0	not_generated	FILLED	not_gated
PRJNA488268	collection_date	tail25_49	False	PMC6375827	europepmc_fulltext	True	True	https://doi.org/10.3389/fcimb.2019.00014	Whole-Genome Sequencing of <i>Klebsiella pneumoniae</i> Isol	False	False	False	not_gated	0			0	0	0	0	not_generated	FILLED	not_gated
PRJNA488268	isolation_source	tail25_49	False	PMC6375827	europepmc_fulltext	True	True	https://doi.org/10.3389/fcimb.2019.00014	Whole-Genome Sequencing of <i>Klebsiella pneumoniae</i> Isol	False	False	False	not_gated	0			0	0	0	0	not_generated	FILLED	not_gated
PRJNA488268	host	tail25_49	False	PMC6375827	europepmc_fulltext	True	True	https://doi.org/10.3389/fcimb.2019.00014	Whole-Genome Sequencing of <i>Klebsiella pneumoniae</i> Isol	False	False	False	not_gated	0			0	0	0	0	not_generated	FILLED	not_gated
PRJNA496461	country	tail25_49	False	PMC6325187	abstract	False	False	https://doi.org/10.1128/aac.01923-18	Applying Rapid Whole-Genome Sequencing To Predict Phenotypic	False	False	False	not_gated	0			0	0	0	0	not_generated	FILLED	not_gated
PRJNA496461	collection_date	tail25_49	False	PMC6325187	abstract	False	False	https://doi.org/10.1128/aac.01923-18	Applying Rapid Whole-Genome Sequencing To Predict Phenotypic	False	False	False	not_gated	0			0	0	0	0	not_generated	FILLED	not_gated
PRJNA496461	isolation_source	tail25_49	False	PMC6325187	abstract	False	False	https://doi.org/10.1128/aac.01923-18	Applying Rapid Whole-Genome Sequencing To Predict Phenotypic	False	False	False	not_gated	0			0	0	0	0	not_generated	FILLED	not_gated
PRJNA496461	host	tail25_49	False	PMC6325187	abstract	False	False	https://doi.org/10.1128/aac.01923-18	Applying Rapid Whole-Genome Sequencing To Predict Phenotypic	False	False	False	not_gated	0			0	0	0	0	not_generated	FILLED	not_gated
PRJNA497126	country	tail25_49	False	PMC6783542	europepmc_fulltext	True	True	https://doi.org/10.1038/s41467-019-12563-1	Spatiotemporal dynamics of multidrug resistant bacteria on i	False	False	False	not_gated	0	abstained		0	0	0	0	not_generated	FILLED	not_gated
PRJNA497126	collection_date	tail25_49	False	PMC6783542	europepmc_fulltext	True	True	https://doi.org/10.1038/s41467-019-12563-1	Spatiotemporal dynamics of multidrug resistant bacteria on i	False	False	False	not_gated	0	abstained		0	0	0	0	not_generated	FILLED	not_gated
PRJNA497126	isolation_source	tail25_49	False	PMC6783542	europepmc_fulltext	True	True	https://doi.org/10.1038/s41467-019-12563-1	Spatiotemporal dynamics of multidrug resistant bacteria on i	False	False	False	not_gated	0	abstained		0	0	0	0	not_generated	FILLED	not_gated
PRJNA497126	host	tail25_49	False	PMC6783542	europepmc_fulltext	True	True	https://doi.org/10.1038/s41467-019-12563-1	Spatiotemporal dynamics of multidrug resistant bacteria on i	False	False	False	covered	35	abstained		35	0	0	35	not_generated	FILLED	whole_field
PRJNA504784	country	tail25_49	False	PMC6535514	abstract	False	False	https://doi.org/10.1128/aac.02577-18	Next-Generation-Sequencing-Based Hospital Outbreak Investiga	False	False	False	not_gated	0			0	0	0	0	not_generated	FILLED	not_gated
PRJNA504784	collection_date	tail25_49	False	PMC6535514	abstract	False	False	https://doi.org/10.1128/aac.02577-18	Next-Generation-Sequencing-Based Hospital Outbreak Investiga	False	False	False	not_gated	0			0	0	0	0	not_generated	FILLED	not_gated
PRJNA504784	isolation_source	tail25_49	False	PMC6535514	abstract	False	False	https://doi.org/10.1128/aac.02577-18	Next-Generation-Sequencing-Based Hospital Outbreak Investiga	False	False	False	not_gated	0			0	0	0	0	not_generated	FILLED	not_gated
PRJNA504784	host	tail25_49	False	PMC6535514	abstract	False	False	https://doi.org/10.1128/aac.02577-18	Next-Generation-Sequencing-Based Hospital Outbreak Investiga	False	False	False	not_gated	0			0	0	0	0	not_generated	FILLED	not_gated
PRJNA508406	country	tail25_49	False	PMC8072773	europepmc_fulltext	True	True	https://doi.org/10.3390/ph14040370	In Vitro Activity of a Novel Siderophore-Cephalosporin LCB10	False	False	False	covered	29	abstained		29	0	0	29	not_generated	FILLED	whole_field
PRJNA508406	collection_date	tail25_49	False	PMC8072773	europepmc_fulltext	True	True	https://doi.org/10.3390/ph14040370	In Vitro Activity of a Novel Siderophore-Cephalosporin LCB10	False	False	False	residual_per_sample	29	abstained	no_supp	0	0	0	29	not_generated	EXHAUSTED	paper_has_no_table
PRJNA508406	isolation_source	tail25_49	False	PMC8072773	europepmc_fulltext	True	True	https://doi.org/10.3390/ph14040370	In Vitro Activity of a Novel Siderophore-Cephalosporin LCB10	False	False	False	residual_per_sample	29	abstained	no_supp	0	0	0	29	not_generated	EXHAUSTED	paper_has_no_table
PRJNA508406	host	tail25_49	False	PMC8072773	europepmc_fulltext	True	True	https://doi.org/10.3390/ph14040370	In Vitro Activity of a Novel Siderophore-Cephalosporin LCB10	False	False	False	covered	29	abstained		29	0	0	29	not_generated	FILLED	whole_field
PRJNA512284	country	tail25_49	False	PMC6534532	europepmc_fulltext	True	True	https://doi.org/10.1038/s41598-019-44189-0	A core genome approach that enables prospective and dynamic 	False	False	False	not_gated	0			0	0	0	0	not_generated	FILLED	not_gated
PRJNA512284	collection_date	tail25_49	False	PMC6534532	europepmc_fulltext	True	True	https://doi.org/10.1038/s41598-019-44189-0	A core genome approach that enables prospective and dynamic 	False	False	False	not_gated	0			0	0	0	0	not_generated	FILLED	not_gated
PRJNA512284	isolation_source	tail25_49	False	PMC6534532	europepmc_fulltext	True	True	https://doi.org/10.1038/s41598-019-44189-0	A core genome approach that enables prospective and dynamic 	False	False	False	not_gated	0			0	0	0	0	not_generated	FILLED	not_gated
PRJNA512284	host	tail25_49	False	PMC6534532	europepmc_fulltext	True	True	https://doi.org/10.1038/s41598-019-44189-0	A core genome approach that enables prospective and dynamic 	False	False	False	not_gated	0			0	0	0	0	not_generated	FILLED	not_gated
PRJNA515630	country	tail25_49	False	PMC6692064	europepmc_fulltext	True	True	https://doi.org/10.1371/journal.pone.0221187	Application of mini-MLST and whole genome sequencing in low 	False	False	False	not_gated	0			0	0	0	0	not_generated	FILLED	not_gated
PRJNA515630	collection_date	tail25_49	False	PMC6692064	europepmc_fulltext	True	True	https://doi.org/10.1371/journal.pone.0221187	Application of mini-MLST and whole genome sequencing in low 	False	False	False	not_gated	0			0	0	0	0	not_generated	FILLED	not_gated
PRJNA515630	isolation_source	tail25_49	False	PMC6692064	europepmc_fulltext	True	True	https://doi.org/10.1371/journal.pone.0221187	Application of mini-MLST and whole genome sequencing in low 	False	False	False	not_gated	0			0	0	0	0	not_generated	FILLED	not_gated
PRJNA515630	host	tail25_49	False	PMC6692064	europepmc_fulltext	True	True	https://doi.org/10.1371/journal.pone.0221187	Application of mini-MLST and whole genome sequencing in low 	False	False	False	not_gated	0			0	0	0	0	not_generated	FILLED	not_gated
PRJNA527021	country	tail25_49	True		none	False	False			False	False	False	not_gated	0	NO_PMCID		0	0	0	0	not_generated	FILLED	not_gated
PRJNA527021	collection_date	tail25_49	True		none	False	False			False	False	False	not_gated	0	NO_PMCID		0	0	0	0	not_generated	FILLED	not_gated
PRJNA527021	isolation_source	tail25_49	True		none	False	False			False	False	False	residual_per_sample	36	NO_PMCID	NO_PMCID	0	0	0	36	not_generated	EXHAUSTED	no_paper_findable
PRJNA527021	host	tail25_49	True		none	False	False			False	False	False	not_gated	0	NO_PMCID		0	0	0	0	not_generated	FILLED	not_gated
PRJNA529592	country	tail25_49	False	PMC6722418	europepmc_fulltext	True	True	https://doi.org/10.1128/mbio.01945-19	Evolution of Outbreak-Causing Carbapenem-Resistant Klebsiell	False	False	False	not_gated	0			0	0	0	0	not_generated	FILLED	not_gated
PRJNA529592	collection_date	tail25_49	False	PMC6722418	europepmc_fulltext	True	True	https://doi.org/10.1128/mbio.01945-19	Evolution of Outbreak-Causing Carbapenem-Resistant Klebsiell	False	False	False	not_gated	0			0	0	0	0	not_generated	FILLED	not_gated
PRJNA529592	isolation_source	tail25_49	False	PMC6722418	europepmc_fulltext	True	True	https://doi.org/10.1128/mbio.01945-19	Evolution of Outbreak-Causing Carbapenem-Resistant Klebsiell	False	False	False	not_gated	0			0	0	0	0	not_generated	FILLED	not_gated
PRJNA529592	host	tail25_49	False	PMC6722418	europepmc_fulltext	True	True	https://doi.org/10.1128/mbio.01945-19	Evolution of Outbreak-Causing Carbapenem-Resistant Klebsiell	False	False	False	not_gated	0			0	0	0	0	not_generated	FILLED	not_gated
PRJNA551371	country	tail25_49	False	PMC9123598	europepmc_fulltext	True	True	https://doi.org/10.1093/jacamr/dlac056	Comparative genomic analysis of ESBL-producing <i>Escherichi	False	False	False	not_gated	0			0	0	0	0	not_generated	FILLED	not_gated
PRJNA551371	collection_date	tail25_49	False	PMC9123598	europepmc_fulltext	True	True	https://doi.org/10.1093/jacamr/dlac056	Comparative genomic analysis of ESBL-producing <i>Escherichi	False	False	False	not_gated	0			0	0	0	0	not_generated	FILLED	not_gated
PRJNA551371	isolation_source	tail25_49	False	PMC9123598	europepmc_fulltext	True	True	https://doi.org/10.1093/jacamr/dlac056	Comparative genomic analysis of ESBL-producing <i>Escherichi	False	False	False	not_gated	0			0	0	0	0	not_generated	FILLED	not_gated
PRJNA551371	host	tail25_49	False	PMC9123598	europepmc_fulltext	True	True	https://doi.org/10.1093/jacamr/dlac056	Comparative genomic analysis of ESBL-producing <i>Escherichi	False	False	False	not_gated	0			0	0	0	0	not_generated	FILLED	not_gated
PRJNA552297	country	tail25_49	False	PMC6867876	europepmc_fulltext	True	True	https://doi.org/10.1128/msystems.00465-19	Chemogenomic Screen for Imipenem Resistance in Gram-Negative	False	False	False	residual_per_sample	45	abstained		0	0	0	45	not_generated	BLOCKED	needs_linkage
PRJNA552297	collection_date	tail25_49	False	PMC6867876	europepmc_fulltext	True	True	https://doi.org/10.1128/msystems.00465-19	Chemogenomic Screen for Imipenem Resistance in Gram-Negative	False	False	False	residual_per_sample	45	abstained		0	0	0	45	not_generated	BLOCKED	needs_linkage
PRJNA552297	isolation_source	tail25_49	False	PMC6867876	europepmc_fulltext	True	True	https://doi.org/10.1128/msystems.00465-19	Chemogenomic Screen for Imipenem Resistance in Gram-Negative	False	False	False	residual_per_sample	45	abstained		0	0	0	45	not_generated	BLOCKED	needs_linkage
PRJNA552297	host	tail25_49	False	PMC6867876	europepmc_fulltext	True	True	https://doi.org/10.1128/msystems.00465-19	Chemogenomic Screen for Imipenem Resistance in Gram-Negative	False	False	False	residual_per_sample	45	abstained		0	0	0	45	not_generated	BLOCKED	needs_linkage
PRJNA552385	country	tail25_49	False	PMC8049106	local_pdf	True	True	https://doi.org/10.1038/s41559-020-1170-1	Coevolution of host-plasmid pairs facilitates the emergence 	True	True	False	not_gated	0	abstained		0	0	0	0	not_generated	FILLED	not_gated
PRJNA552385	collection_date	tail25_49	False	PMC8049106	local_pdf	True	True	https://doi.org/10.1038/s41559-020-1170-1	Coevolution of host-plasmid pairs facilitates the emergence 	True	True	False	not_gated	0	abstained		0	0	0	0	not_generated	FILLED	not_gated
PRJNA552385	isolation_source	tail25_49	False	PMC8049106	local_pdf	True	True	https://doi.org/10.1038/s41559-020-1170-1	Coevolution of host-plasmid pairs facilitates the emergence 	True	True	False	residual_per_sample	30	abstained	no_supp	0	0	0	30	not_generated	EXHAUSTED	paper_has_no_table
PRJNA552385	host	tail25_49	False	PMC8049106	local_pdf	True	True	https://doi.org/10.1038/s41559-020-1170-1	Coevolution of host-plasmid pairs facilitates the emergence 	True	True	False	residual_per_sample	30	abstained	no_supp	0	0	0	30	not_generated	EXHAUSTED	paper_has_no_table
PRJNA563817	country	tail25_49	True		none	False	False			False	False	False	not_gated	0	NO_PMCID		0	0	0	0	not_generated	FILLED	not_gated
PRJNA563817	collection_date	tail25_49	True		none	False	False			False	False	False	not_gated	0	NO_PMCID		0	0	0	0	not_generated	FILLED	not_gated
PRJNA563817	isolation_source	tail25_49	True		none	False	False			False	False	False	residual_per_sample	31	NO_PMCID	NO_PMCID	0	0	0	31	not_generated	EXHAUSTED	no_paper_findable
PRJNA563817	host	tail25_49	True		none	False	False			False	False	False	not_gated	0	NO_PMCID		0	0	0	0	not_generated	FILLED	not_gated
PRJNA575579	country	tail25_49	False	PMC7549996	europepmc_fulltext	True	True	https://doi.org/10.1080/21505594.2020.1809322	Hypervirulent <i>Klebsiella pneumoniae</i> is emerging as an	False	False	False	not_gated	0	direct		0	0	0	0	not_generated	FILLED	not_gated
PRJNA575579	collection_date	tail25_49	False	PMC7549996	europepmc_fulltext	True	True	https://doi.org/10.1080/21505594.2020.1809322	Hypervirulent <i>Klebsiella pneumoniae</i> is emerging as an	False	False	False	not_gated	0	direct		0	0	0	0	not_generated	FILLED	not_gated
PRJNA575579	isolation_source	tail25_49	False	PMC7549996	europepmc_fulltext	True	True	https://doi.org/10.1080/21505594.2020.1809322	Hypervirulent <i>Klebsiella pneumoniae</i> is emerging as an	False	False	False	covered	49	direct		0	49	0	0	not_generated	FILLED	whole_field
PRJNA575579	host	tail25_49	False	PMC7549996	europepmc_fulltext	True	True	https://doi.org/10.1080/21505594.2020.1809322	Hypervirulent <i>Klebsiella pneumoniae</i> is emerging as an	False	False	False	not_gated	0	direct		0	0	0	0	not_generated	FILLED	not_gated
PRJNA589105	country	tail25_49	False	PMC7293908	europepmc_fulltext	True	True	https://doi.org/10.2147/idr.s243836	Phenotypic and Genomic Characterization of Virulence Heterog	False	False	False	not_gated	0			0	0	0	0	not_generated	FILLED	not_gated
PRJNA589105	collection_date	tail25_49	False	PMC7293908	europepmc_fulltext	True	True	https://doi.org/10.2147/idr.s243836	Phenotypic and Genomic Characterization of Virulence Heterog	False	False	False	not_gated	0			0	0	0	0	not_generated	FILLED	not_gated
PRJNA589105	isolation_source	tail25_49	False	PMC7293908	europepmc_fulltext	True	True	https://doi.org/10.2147/idr.s243836	Phenotypic and Genomic Characterization of Virulence Heterog	False	False	False	not_gated	0			0	0	0	0	not_generated	FILLED	not_gated
PRJNA589105	host	tail25_49	False	PMC7293908	europepmc_fulltext	True	True	https://doi.org/10.2147/idr.s243836	Phenotypic and Genomic Characterization of Virulence Heterog	False	False	False	not_gated	0			0	0	0	0	not_generated	FILLED	not_gated
PRJNA597144	country	tail25_49	True		none	False	False			False	False	False	not_gated	0			0	0	0	0	not_generated	FILLED	not_gated
PRJNA597144	collection_date	tail25_49	True		none	False	False			False	False	False	not_gated	0			0	0	0	0	not_generated	FILLED	not_gated
PRJNA597144	isolation_source	tail25_49	True		none	False	False			False	False	False	not_gated	0			0	0	0	0	not_generated	FILLED	not_gated
PRJNA597144	host	tail25_49	True		none	False	False			False	False	False	not_gated	0			0	0	0	0	not_generated	FILLED	not_gated
PRJNA631924	country	tail25_49	False		local_pdf	True	True	https://doi.org/10.1111/1462-2920.15476	The evolutionary trade-offs in phage-resistant Klebsiella pn	True	True	False	not_gated	0	NO_PMCID		0	0	0	0	not_generated	FILLED	not_gated
PRJNA631924	collection_date	tail25_49	False		local_pdf	True	True	https://doi.org/10.1111/1462-2920.15476	The evolutionary trade-offs in phage-resistant Klebsiella pn	True	True	False	not_gated	0	NO_PMCID		0	0	0	0	not_generated	FILLED	not_gated
PRJNA631924	isolation_source	tail25_49	False		local_pdf	True	True	https://doi.org/10.1111/1462-2920.15476	The evolutionary trade-offs in phage-resistant Klebsiella pn	True	True	False	not_gated	0	NO_PMCID		0	0	0	0	not_generated	FILLED	not_gated
PRJNA631924	host	tail25_49	False		local_pdf	True	True	https://doi.org/10.1111/1462-2920.15476	The evolutionary trade-offs in phage-resistant Klebsiella pn	True	True	False	residual_per_sample	33	NO_PMCID	NO_PMCID	0	0	0	33	not_generated	EXHAUSTED	NO_PMCID
PRJNA641166	country	tail25_49	False	PMC8113577	europepmc_fulltext	True	True	https://doi.org/10.1038/s41467-021-22849-y	Variability of plasmid fitness effects contributes to plasmi	False	False	False	not_gated	0			0	0	0	0	not_generated	FILLED	not_gated
PRJNA641166	collection_date	tail25_49	False	PMC8113577	europepmc_fulltext	True	True	https://doi.org/10.1038/s41467-021-22849-y	Variability of plasmid fitness effects contributes to plasmi	False	False	False	not_gated	0			0	0	0	0	not_generated	FILLED	not_gated
PRJNA641166	isolation_source	tail25_49	False	PMC8113577	europepmc_fulltext	True	True	https://doi.org/10.1038/s41467-021-22849-y	Variability of plasmid fitness effects contributes to plasmi	False	False	False	not_gated	0			0	0	0	0	not_generated	FILLED	not_gated
PRJNA641166	host	tail25_49	False	PMC8113577	europepmc_fulltext	True	True	https://doi.org/10.1038/s41467-021-22849-y	Variability of plasmid fitness effects contributes to plasmi	False	False	False	not_gated	0			0	0	0	0	not_generated	FILLED	not_gated
PRJNA646592	country	tail25_49	False	PMC9790207	europepmc_fulltext	True	True	https://doi.org/10.1111/1462-2920.16047	Transmission of Klebsiella strains and plasmids within and b	False	False	False	not_gated	0	abstained		0	0	0	0	not_generated	FILLED	not_gated
PRJNA646592	collection_date	tail25_49	False	PMC9790207	europepmc_fulltext	True	True	https://doi.org/10.1111/1462-2920.16047	Transmission of Klebsiella strains and plasmids within and b	False	False	False	not_gated	0	abstained		0	0	0	0	not_generated	FILLED	not_gated
PRJNA646592	isolation_source	tail25_49	False	PMC9790207	europepmc_fulltext	True	True	https://doi.org/10.1111/1462-2920.16047	Transmission of Klebsiella strains and plasmids within and b	False	False	False	covered	39	abstained		39	0	0	39	not_generated	FILLED	whole_field
PRJNA646592	host	tail25_49	False	PMC9790207	europepmc_fulltext	True	True	https://doi.org/10.1111/1462-2920.16047	Transmission of Klebsiella strains and plasmids within and b	False	False	False	not_gated	0	abstained		0	0	0	0	not_generated	FILLED	not_gated
PRJNA658789	country	tail25_49	True		none	False	False			False	False	False	not_gated	0			0	0	0	0	not_generated	FILLED	not_gated
PRJNA658789	collection_date	tail25_49	True		none	False	False			False	False	False	not_gated	0			0	0	0	0	not_generated	FILLED	not_gated
PRJNA658789	isolation_source	tail25_49	True		none	False	False			False	False	False	not_gated	0			0	0	0	0	not_generated	FILLED	not_gated
PRJNA658789	host	tail25_49	True		none	False	False			False	False	False	not_gated	0			0	0	0	0	not_generated	FILLED	not_gated
PRJNA667192	country	tail25_49	False	PMC8579929	europepmc_fulltext	True	True	https://doi.org/10.1128/spectrum.01122-21	Fecal Carriage and Molecular Characterization of Carbapenema	False	False	False	not_gated	0			0	0	0	0	not_generated	FILLED	not_gated
PRJNA667192	collection_date	tail25_49	False	PMC8579929	europepmc_fulltext	True	True	https://doi.org/10.1128/spectrum.01122-21	Fecal Carriage and Molecular Characterization of Carbapenema	False	False	False	not_gated	0			0	0	0	0	not_generated	FILLED	not_gated
PRJNA667192	isolation_source	tail25_49	False	PMC8579929	europepmc_fulltext	True	True	https://doi.org/10.1128/spectrum.01122-21	Fecal Carriage and Molecular Characterization of Carbapenema	False	False	False	not_gated	0			0	0	0	0	not_generated	FILLED	not_gated
PRJNA667192	host	tail25_49	False	PMC8579929	europepmc_fulltext	True	True	https://doi.org/10.1128/spectrum.01122-21	Fecal Carriage and Molecular Characterization of Carbapenema	False	False	False	not_gated	0			0	0	0	0	not_generated	FILLED	not_gated
PRJNA667445	country	tail25_49	True		none	False	False			False	False	False	not_gated	0			0	0	0	0	not_generated	FILLED	not_gated
PRJNA667445	collection_date	tail25_49	True		none	False	False			False	False	False	not_gated	0			0	0	0	0	not_generated	FILLED	not_gated
PRJNA667445	isolation_source	tail25_49	True		none	False	False			False	False	False	not_gated	0			0	0	0	0	not_generated	FILLED	not_gated
PRJNA667445	host	tail25_49	True		none	False	False			False	False	False	not_gated	0			0	0	0	0	not_generated	FILLED	not_gated
PRJNA673499	country	tail25_49	False		pdf	True	True	https://doi.org/10.1101/2020.11.04.369173	Genomic Characterization of Tissue Invasive Klebsiella pneum	False	False	False	not_gated	0			0	0	0	0	not_generated	FILLED	not_gated
PRJNA673499	collection_date	tail25_49	False		pdf	True	True	https://doi.org/10.1101/2020.11.04.369173	Genomic Characterization of Tissue Invasive Klebsiella pneum	False	False	False	not_gated	0			0	0	0	0	not_generated	FILLED	not_gated
PRJNA673499	isolation_source	tail25_49	False		pdf	True	True	https://doi.org/10.1101/2020.11.04.369173	Genomic Characterization of Tissue Invasive Klebsiella pneum	False	False	False	not_gated	0			0	0	0	0	not_generated	FILLED	not_gated
PRJNA673499	host	tail25_49	False		pdf	True	True	https://doi.org/10.1101/2020.11.04.369173	Genomic Characterization of Tissue Invasive Klebsiella pneum	False	False	False	not_gated	0			0	0	0	0	not_generated	FILLED	not_gated
PRJNA682246	country	tail25_49	False	PMC10365138	abstract	False	False	https://doi.org/10.1016/j.chom.2022.04.008	Persisting uropathogenic Escherichia coli lineages show sign	False	False	False	not_gated	0			0	0	0	0	not_generated	FILLED	not_gated
PRJNA682246	collection_date	tail25_49	False	PMC10365138	abstract	False	False	https://doi.org/10.1016/j.chom.2022.04.008	Persisting uropathogenic Escherichia coli lineages show sign	False	False	False	not_gated	0			0	0	0	0	not_generated	FILLED	not_gated
PRJNA682246	isolation_source	tail25_49	False	PMC10365138	abstract	False	False	https://doi.org/10.1016/j.chom.2022.04.008	Persisting uropathogenic Escherichia coli lineages show sign	False	False	False	not_gated	0			0	0	0	0	not_generated	FILLED	not_gated
PRJNA682246	host	tail25_49	False	PMC10365138	abstract	False	False	https://doi.org/10.1016/j.chom.2022.04.008	Persisting uropathogenic Escherichia coli lineages show sign	False	False	False	not_gated	0			0	0	0	0	not_generated	FILLED	not_gated
PRJNA704495	country	tail25_49	False	PMC8284435	pdf	True	True	https://doi.org/10.1128/aac.00412-21	Genomic Characterization of Klebsiella quasipneumoniae from 	False	False	False	not_gated	0			0	0	0	0	not_generated	FILLED	not_gated
PRJNA704495	collection_date	tail25_49	False	PMC8284435	pdf	True	True	https://doi.org/10.1128/aac.00412-21	Genomic Characterization of Klebsiella quasipneumoniae from 	False	False	False	not_gated	0			0	0	0	0	not_generated	FILLED	not_gated
PRJNA704495	isolation_source	tail25_49	False	PMC8284435	pdf	True	True	https://doi.org/10.1128/aac.00412-21	Genomic Characterization of Klebsiella quasipneumoniae from 	False	False	False	not_gated	0			0	0	0	0	not_generated	FILLED	not_gated
PRJNA704495	host	tail25_49	False	PMC8284435	pdf	True	True	https://doi.org/10.1128/aac.00412-21	Genomic Characterization of Klebsiella quasipneumoniae from 	False	False	False	not_gated	0			0	0	0	0	not_generated	FILLED	not_gated
PRJNA707214	country	tail25_49	False	PMC7842938	europepmc_fulltext	True	True	https://doi.org/10.1371/journal.pone.0245250	A One Health approach to assessing occupational exposure to 	False	False	False	not_gated	0			0	0	0	0	not_generated	FILLED	not_gated
PRJNA707214	collection_date	tail25_49	False	PMC7842938	europepmc_fulltext	True	True	https://doi.org/10.1371/journal.pone.0245250	A One Health approach to assessing occupational exposure to 	False	False	False	not_gated	0			0	0	0	0	not_generated	FILLED	not_gated
PRJNA707214	isolation_source	tail25_49	False	PMC7842938	europepmc_fulltext	True	True	https://doi.org/10.1371/journal.pone.0245250	A One Health approach to assessing occupational exposure to 	False	False	False	not_gated	0			0	0	0	0	not_generated	FILLED	not_gated
PRJNA707214	host	tail25_49	False	PMC7842938	europepmc_fulltext	True	True	https://doi.org/10.1371/journal.pone.0245250	A One Health approach to assessing occupational exposure to 	False	False	False	not_gated	0			0	0	0	0	not_generated	FILLED	not_gated
PRJNA715470	country	tail25_49	False	PMC6986821	europepmc_fulltext	True	True	https://doi.org/10.3201/eid2602.191221	New Delhi Metallo-β-Lactamase-5-Producing Escherichia coli i	False	False	False	not_gated	0	abstained		0	0	0	0	not_generated	FILLED	not_gated
PRJNA715470	collection_date	tail25_49	False	PMC6986821	europepmc_fulltext	True	True	https://doi.org/10.3201/eid2602.191221	New Delhi Metallo-β-Lactamase-5-Producing Escherichia coli i	False	False	False	not_gated	0	abstained		0	0	0	0	not_generated	FILLED	not_gated
PRJNA715470	isolation_source	tail25_49	False	PMC6986821	europepmc_fulltext	True	True	https://doi.org/10.3201/eid2602.191221	New Delhi Metallo-β-Lactamase-5-Producing Escherichia coli i	False	False	False	not_gated	0	abstained		0	0	0	0	not_generated	FILLED	not_gated
PRJNA715470	host	tail25_49	False	PMC6986821	europepmc_fulltext	True	True	https://doi.org/10.3201/eid2602.191221	New Delhi Metallo-β-Lactamase-5-Producing Escherichia coli i	False	False	False	covered	30	abstained		30	0	0	30	not_generated	FILLED	whole_field
PRJNA718275	country	tail25_49	True		none	False	False			False	False	False	not_gated	0			0	0	0	0	not_generated	FILLED	not_gated
PRJNA718275	collection_date	tail25_49	True		none	False	False			False	False	False	not_gated	0			0	0	0	0	not_generated	FILLED	not_gated
PRJNA718275	isolation_source	tail25_49	True		none	False	False			False	False	False	not_gated	0			0	0	0	0	not_generated	FILLED	not_gated
PRJNA718275	host	tail25_49	True		none	False	False			False	False	False	not_gated	0			0	0	0	0	not_generated	FILLED	not_gated
PRJNA728968	country	tail25_49	False		local_pdf	True	True	https://doi.org/10.1093/bib/bbac004	Toward accurate diagnosis and surveillance of bacterial infe	True	True	False	not_gated	0	NO_PMCID		0	0	0	0	not_generated	FILLED	not_gated
PRJNA728968	collection_date	tail25_49	False		local_pdf	True	True	https://doi.org/10.1093/bib/bbac004	Toward accurate diagnosis and surveillance of bacterial infe	True	True	False	covered	25	NO_PMCID		25	0	0	25	not_generated	FILLED	whole_field
PRJNA728968	isolation_source	tail25_49	False		local_pdf	True	True	https://doi.org/10.1093/bib/bbac004	Toward accurate diagnosis and surveillance of bacterial infe	True	True	False	not_gated	0	NO_PMCID		0	0	0	0	not_generated	FILLED	not_gated
PRJNA728968	host	tail25_49	False		local_pdf	True	True	https://doi.org/10.1093/bib/bbac004	Toward accurate diagnosis and surveillance of bacterial infe	True	True	False	not_gated	0	NO_PMCID		0	0	0	0	not_generated	FILLED	not_gated
PRJNA730821	country	tail25_49	False	PMC10239441	europepmc_fulltext	True	True	https://doi.org/10.1038/s43856-023-00309-6	Acquisition and carriage of genetically diverse multi-drug r	False	False	False	not_gated	0			0	0	0	0	not_generated	FILLED	not_gated
PRJNA730821	collection_date	tail25_49	False	PMC10239441	europepmc_fulltext	True	True	https://doi.org/10.1038/s43856-023-00309-6	Acquisition and carriage of genetically diverse multi-drug r	False	False	False	not_gated	0			0	0	0	0	not_generated	FILLED	not_gated
PRJNA730821	isolation_source	tail25_49	False	PMC10239441	europepmc_fulltext	True	True	https://doi.org/10.1038/s43856-023-00309-6	Acquisition and carriage of genetically diverse multi-drug r	False	False	False	not_gated	0			0	0	0	0	not_generated	FILLED	not_gated
PRJNA730821	host	tail25_49	False	PMC10239441	europepmc_fulltext	True	True	https://doi.org/10.1038/s43856-023-00309-6	Acquisition and carriage of genetically diverse multi-drug r	False	False	False	not_gated	0			0	0	0	0	not_generated	FILLED	not_gated
PRJNA739636	country	tail25_49	True		none	False	False			False	False	False	covered	11	NO_PMCID		11	0	0	11	not_generated	FILLED	whole_field
PRJNA739636	collection_date	tail25_49	True		none	False	False			False	False	False	not_gated	0	NO_PMCID		0	0	0	0	not_generated	FILLED	not_gated
PRJNA739636	isolation_source	tail25_49	True		none	False	False			False	False	False	not_gated	0	NO_PMCID		0	0	0	0	not_generated	FILLED	not_gated
PRJNA739636	host	tail25_49	True		none	False	False			False	False	False	residual_per_sample	34	NO_PMCID	NO_PMCID	0	0	0	34	not_generated	EXHAUSTED	no_paper_findable
PRJNA741123	country	tail25_49	False	PMC9160058	europepmc_fulltext	True	True	https://doi.org/10.1038/s43856-022-00124-5	Antibiotic-resistant organisms establish reservoirs in new h	False	False	False	not_gated	0	direct		0	0	0	0	not_generated	FILLED	not_gated
PRJNA741123	collection_date	tail25_49	False	PMC9160058	europepmc_fulltext	True	True	https://doi.org/10.1038/s43856-022-00124-5	Antibiotic-resistant organisms establish reservoirs in new h	False	False	False	not_gated	0	direct		0	0	0	0	not_generated	FILLED	not_gated
PRJNA741123	isolation_source	tail25_49	False	PMC9160058	europepmc_fulltext	True	True	https://doi.org/10.1038/s43856-022-00124-5	Antibiotic-resistant organisms establish reservoirs in new h	False	False	False	not_gated	0	direct		0	31	0	0	not_generated	FILLED	not_gated
PRJNA741123	host	tail25_49	False	PMC9160058	europepmc_fulltext	True	True	https://doi.org/10.1038/s43856-022-00124-5	Antibiotic-resistant organisms establish reservoirs in new h	False	False	False	covered	31	direct		0	31	0	0	not_generated	FILLED	whole_field
PRJNA744003	country	tail25_49	False	PMC8462332	europepmc_fulltext	True	True	https://doi.org/10.3201/eid2710.211265	New Delhi Metallo-β-Lactamase-Producing Enterobacterales Bac	False	False	False	not_gated	0	direct		0	16	0	0	not_generated	FILLED	not_gated
PRJNA744003	collection_date	tail25_49	False	PMC8462332	europepmc_fulltext	True	True	https://doi.org/10.3201/eid2710.211265	New Delhi Metallo-β-Lactamase-Producing Enterobacterales Bac	False	False	False	not_gated	0	direct		0	0	0	0	not_generated	FILLED	not_gated
PRJNA744003	isolation_source	tail25_49	False	PMC8462332	europepmc_fulltext	True	True	https://doi.org/10.3201/eid2710.211265	New Delhi Metallo-β-Lactamase-Producing Enterobacterales Bac	False	False	False	residual_per_sample	48	direct	field_not_in_table	0	0	0	48	not_generated	EXHAUSTED	field_not_in_table
PRJNA744003	host	tail25_49	False	PMC8462332	europepmc_fulltext	True	True	https://doi.org/10.3201/eid2710.211265	New Delhi Metallo-β-Lactamase-Producing Enterobacterales Bac	False	False	False	not_gated	0	direct		0	0	0	0	not_generated	FILLED	not_gated
PRJNA744405	country	tail25_49	False	PMC8760991	europepmc_fulltext	True	True	https://doi.org/10.2147/idr.s343673	The Genomic Characterization of KPC-Producing <i>Klebsiella 	False	False	False	not_gated	0	abstained		0	0	0	0	not_generated	FILLED	not_gated
PRJNA744405	collection_date	tail25_49	False	PMC8760991	europepmc_fulltext	True	True	https://doi.org/10.2147/idr.s343673	The Genomic Characterization of KPC-Producing <i>Klebsiella 	False	False	False	not_gated	0	abstained		0	0	0	0	not_generated	FILLED	not_gated
PRJNA744405	isolation_source	tail25_49	False	PMC8760991	europepmc_fulltext	True	True	https://doi.org/10.2147/idr.s343673	The Genomic Characterization of KPC-Producing <i>Klebsiella 	False	False	False	not_gated	0	abstained		0	0	0	0	not_generated	FILLED	not_gated
PRJNA744405	host	tail25_49	False	PMC8760991	europepmc_fulltext	True	True	https://doi.org/10.2147/idr.s343673	The Genomic Characterization of KPC-Producing <i>Klebsiella 	False	False	False	covered	35	abstained		35	0	0	35	not_generated	FILLED	whole_field
PRJNA744889	country	tail25_49	True		none	False	False			False	False	False	not_gated	0	NO_PMCID		0	0	0	0	not_generated	FILLED	not_gated
PRJNA744889	collection_date	tail25_49	True		none	False	False			False	False	False	not_gated	0	NO_PMCID		0	0	0	0	not_generated	FILLED	not_gated
PRJNA744889	isolation_source	tail25_49	True		none	False	False			False	False	False	not_gated	0	NO_PMCID		0	0	0	0	not_generated	FILLED	not_gated
PRJNA744889	host	tail25_49	True		none	False	False			False	False	False	residual_per_sample	23	NO_PMCID	NO_PMCID	0	0	0	23	not_generated	EXHAUSTED	no_paper_findable
PRJNA754858	country	tail25_49	False	PMC9122983	europepmc_fulltext	True	True	https://doi.org/10.1038/s43856-022-00115-6	A prospective matched case-control study on the genomic epid	False	False	False	not_gated	0			0	0	0	0	not_generated	FILLED	not_gated
PRJNA754858	collection_date	tail25_49	False	PMC9122983	europepmc_fulltext	True	True	https://doi.org/10.1038/s43856-022-00115-6	A prospective matched case-control study on the genomic epid	False	False	False	not_gated	0			0	0	0	0	not_generated	FILLED	not_gated
PRJNA754858	isolation_source	tail25_49	False	PMC9122983	europepmc_fulltext	True	True	https://doi.org/10.1038/s43856-022-00115-6	A prospective matched case-control study on the genomic epid	False	False	False	not_gated	0			0	0	0	0	not_generated	FILLED	not_gated
PRJNA754858	host	tail25_49	False	PMC9122983	europepmc_fulltext	True	True	https://doi.org/10.1038/s43856-022-00115-6	A prospective matched case-control study on the genomic epid	False	False	False	not_gated	0			0	0	0	0	not_generated	FILLED	not_gated
PRJNA761884	country	tail25_49	False	PMC8894482	europepmc_fulltext	True	True	https://doi.org/10.1038/s41467-022-28819-2	Role of mobile genetic elements in the global dissemination 	False	False	False	not_gated	0			0	0	0	0	not_generated	FILLED	not_gated
PRJNA761884	collection_date	tail25_49	False	PMC8894482	europepmc_fulltext	True	True	https://doi.org/10.1038/s41467-022-28819-2	Role of mobile genetic elements in the global dissemination 	False	False	False	not_gated	0			0	0	0	0	not_generated	FILLED	not_gated
PRJNA761884	isolation_source	tail25_49	False	PMC8894482	europepmc_fulltext	True	True	https://doi.org/10.1038/s41467-022-28819-2	Role of mobile genetic elements in the global dissemination 	False	False	False	not_gated	0			0	0	0	0	not_generated	FILLED	not_gated
PRJNA761884	host	tail25_49	False	PMC8894482	europepmc_fulltext	True	True	https://doi.org/10.1038/s41467-022-28819-2	Role of mobile genetic elements in the global dissemination 	False	False	False	not_gated	0			0	0	0	0	not_generated	FILLED	not_gated
PRJNA767190	country	tail25_49	False	PMC8597650	europepmc_fulltext	True	True	https://doi.org/10.1128/spectrum.01608-21	Comparison of sCIM and Other Phenotypic Detection Methods fo	False	False	False	not_gated	0	abstained		0	0	0	0	not_generated	FILLED	not_gated
PRJNA767190	collection_date	tail25_49	False	PMC8597650	europepmc_fulltext	True	True	https://doi.org/10.1128/spectrum.01608-21	Comparison of sCIM and Other Phenotypic Detection Methods fo	False	False	False	not_gated	0	abstained		0	0	0	0	not_generated	FILLED	not_gated
PRJNA767190	isolation_source	tail25_49	False	PMC8597650	europepmc_fulltext	True	True	https://doi.org/10.1128/spectrum.01608-21	Comparison of sCIM and Other Phenotypic Detection Methods fo	False	False	False	residual_per_sample	28	abstained	no_supp	0	0	0	28	not_generated	EXHAUSTED	no_supp
PRJNA767190	host	tail25_49	False	PMC8597650	europepmc_fulltext	True	True	https://doi.org/10.1128/spectrum.01608-21	Comparison of sCIM and Other Phenotypic Detection Methods fo	False	False	False	not_gated	0	abstained		0	0	0	0	not_generated	FILLED	not_gated
PRJNA768294	country	tail25_49	False	PMC9104693	europepmc_fulltext	True	True	https://doi.org/10.1101/gr.276289.121	A curated collection of <i>Klebsiella</i> metabolic models r	False	False	False	not_gated	0	abstained		0	0	0	0	not_generated	FILLED	not_gated
PRJNA768294	collection_date	tail25_49	False	PMC9104693	europepmc_fulltext	True	True	https://doi.org/10.1101/gr.276289.121	A curated collection of <i>Klebsiella</i> metabolic models r	False	False	False	not_gated	0	abstained		0	0	0	0	not_generated	FILLED	not_gated
PRJNA768294	isolation_source	tail25_49	False	PMC9104693	europepmc_fulltext	True	True	https://doi.org/10.1101/gr.276289.121	A curated collection of <i>Klebsiella</i> metabolic models r	False	False	False	residual_per_sample	13	abstained	abstained_other	0	0	0	13	not_generated	EXHAUSTED	abstained_other
PRJNA768294	host	tail25_49	False	PMC9104693	europepmc_fulltext	True	True	https://doi.org/10.1101/gr.276289.121	A curated collection of <i>Klebsiella</i> metabolic models r	False	False	False	not_gated	0	abstained		0	0	0	0	not_generated	FILLED	not_gated
PRJNA770840	country	tail25_49	False	PMC9798552	europepmc_fulltext	True	True	https://doi.org/10.1186/s12864-022-08550-4	Identification of highly variable sequence fragments in unma	False	False	False	not_gated	0	abstained		0	0	0	0	not_generated	FILLED	not_gated
PRJNA770840	collection_date	tail25_49	False	PMC9798552	europepmc_fulltext	True	True	https://doi.org/10.1186/s12864-022-08550-4	Identification of highly variable sequence fragments in unma	False	False	False	not_gated	0	abstained		0	0	0	0	not_generated	FILLED	not_gated
PRJNA770840	isolation_source	tail25_49	False	PMC9798552	europepmc_fulltext	True	True	https://doi.org/10.1186/s12864-022-08550-4	Identification of highly variable sequence fragments in unma	False	False	False	residual_per_sample	31	abstained	no_supp	0	0	0	31	not_generated	EXHAUSTED	no_supp
PRJNA770840	host	tail25_49	False	PMC9798552	europepmc_fulltext	True	True	https://doi.org/10.1186/s12864-022-08550-4	Identification of highly variable sequence fragments in unma	False	False	False	not_gated	0	abstained		0	0	0	0	not_generated	FILLED	not_gated
PRJNA790644	country	tail25_49	True		none	False	False			False	False	False	not_gated	0			0	0	0	0	not_generated	FILLED	not_gated
PRJNA790644	collection_date	tail25_49	True		none	False	False			False	False	False	not_gated	0			0	0	0	0	not_generated	FILLED	not_gated
PRJNA790644	isolation_source	tail25_49	True		none	False	False			False	False	False	not_gated	0			0	0	0	0	not_generated	FILLED	not_gated
PRJNA790644	host	tail25_49	True		none	False	False			False	False	False	not_gated	0			0	0	0	0	not_generated	FILLED	not_gated
PRJNA796569	country	tail25_49	False	PMC11849422	europepmc_fulltext	True	True	https://doi.org/10.2147/idr.s488794	Genomic Characterization and Antimicrobial Resistance of ESB	False	False	False	not_gated	0			0	0	0	0	not_generated	FILLED	not_gated
PRJNA796569	collection_date	tail25_49	False	PMC11849422	europepmc_fulltext	True	True	https://doi.org/10.2147/idr.s488794	Genomic Characterization and Antimicrobial Resistance of ESB	False	False	False	not_gated	0			0	0	0	0	not_generated	FILLED	not_gated
PRJNA796569	isolation_source	tail25_49	False	PMC11849422	europepmc_fulltext	True	True	https://doi.org/10.2147/idr.s488794	Genomic Characterization and Antimicrobial Resistance of ESB	False	False	False	not_gated	0			0	0	0	0	not_generated	FILLED	not_gated
PRJNA796569	host	tail25_49	False	PMC11849422	europepmc_fulltext	True	True	https://doi.org/10.2147/idr.s488794	Genomic Characterization and Antimicrobial Resistance of ESB	False	False	False	not_gated	0			0	0	0	0	not_generated	FILLED	not_gated
PRJNA799652	country	tail25_49	False		abstract	False	False	https://doi.org/10.1016/j.ijantimicag.2024.107252	Rapid inference of antibiotic resistance and susceptibility 	False	False	False	not_gated	0			0	0	0	0	not_generated	FILLED	not_gated
PRJNA799652	collection_date	tail25_49	False		abstract	False	False	https://doi.org/10.1016/j.ijantimicag.2024.107252	Rapid inference of antibiotic resistance and susceptibility 	False	False	False	not_gated	0			0	0	0	0	not_generated	FILLED	not_gated
PRJNA799652	isolation_source	tail25_49	False		abstract	False	False	https://doi.org/10.1016/j.ijantimicag.2024.107252	Rapid inference of antibiotic resistance and susceptibility 	False	False	False	not_gated	0			0	0	0	0	not_generated	FILLED	not_gated
PRJNA799652	host	tail25_49	False		abstract	False	False	https://doi.org/10.1016/j.ijantimicag.2024.107252	Rapid inference of antibiotic resistance and susceptibility 	False	False	False	not_gated	0			0	0	0	0	not_generated	FILLED	not_gated
PRJNA814816	country	tail25_49	False		local_pdf	True	True	https://doi.org/10.1111/jam.15701	PCR-based ORF typing of Klebsiella pneumoniae for rapid iden	True	True	False	not_gated	0	NO_PMCID		0	0	0	0	not_generated	FILLED	not_gated
PRJNA814816	collection_date	tail25_49	False		local_pdf	True	True	https://doi.org/10.1111/jam.15701	PCR-based ORF typing of Klebsiella pneumoniae for rapid iden	True	True	False	not_gated	0	NO_PMCID		0	0	0	0	not_generated	FILLED	not_gated
PRJNA814816	isolation_source	tail25_49	False		local_pdf	True	True	https://doi.org/10.1111/jam.15701	PCR-based ORF typing of Klebsiella pneumoniae for rapid iden	True	True	False	residual_per_sample	24	NO_PMCID	NO_PMCID	0	0	0	24	not_generated	EXHAUSTED	NO_PMCID
PRJNA814816	host	tail25_49	False		local_pdf	True	True	https://doi.org/10.1111/jam.15701	PCR-based ORF typing of Klebsiella pneumoniae for rapid iden	True	True	False	not_gated	0	NO_PMCID		0	0	0	0	not_generated	FILLED	not_gated
PRJNA816413	country	tail25_49	False	PMC9027467	europepmc_fulltext	True	True	https://doi.org/10.3390/antibiotics11040435	Genetic Characterization of Carbapenem-Resistant <i>Klebsiel	False	False	False	not_gated	0			0	0	0	0	not_generated	FILLED	not_gated
PRJNA816413	collection_date	tail25_49	False	PMC9027467	europepmc_fulltext	True	True	https://doi.org/10.3390/antibiotics11040435	Genetic Characterization of Carbapenem-Resistant <i>Klebsiel	False	False	False	not_gated	0			0	0	0	0	not_generated	FILLED	not_gated
PRJNA816413	isolation_source	tail25_49	False	PMC9027467	europepmc_fulltext	True	True	https://doi.org/10.3390/antibiotics11040435	Genetic Characterization of Carbapenem-Resistant <i>Klebsiel	False	False	False	not_gated	0			0	0	0	0	not_generated	FILLED	not_gated
PRJNA816413	host	tail25_49	False	PMC9027467	europepmc_fulltext	True	True	https://doi.org/10.3390/antibiotics11040435	Genetic Characterization of Carbapenem-Resistant <i>Klebsiel	False	False	False	not_gated	0			0	0	0	0	not_generated	FILLED	not_gated
PRJNA836696	country	tail25_49	False	PMC9601100	europepmc_fulltext	True	True	https://doi.org/10.1128/msystems.00476-22	Systematic Analysis of Mobile Genetic Elements Mediating β-L	False	False	False	not_gated	0			0	0	0	0	not_generated	FILLED	not_gated
PRJNA836696	collection_date	tail25_49	False	PMC9601100	europepmc_fulltext	True	True	https://doi.org/10.1128/msystems.00476-22	Systematic Analysis of Mobile Genetic Elements Mediating β-L	False	False	False	not_gated	0			0	0	0	0	not_generated	FILLED	not_gated
PRJNA836696	isolation_source	tail25_49	False	PMC9601100	europepmc_fulltext	True	True	https://doi.org/10.1128/msystems.00476-22	Systematic Analysis of Mobile Genetic Elements Mediating β-L	False	False	False	not_gated	0			0	0	0	0	not_generated	FILLED	not_gated
PRJNA836696	host	tail25_49	False	PMC9601100	europepmc_fulltext	True	True	https://doi.org/10.1128/msystems.00476-22	Systematic Analysis of Mobile Genetic Elements Mediating β-L	False	False	False	not_gated	0			0	0	0	0	not_generated	FILLED	not_gated
PRJNA842739	country	tail25_49	True		none	False	False			False	False	False	not_gated	0	NO_PMCID		0	0	0	0	not_generated	FILLED	not_gated
PRJNA842739	collection_date	tail25_49	True		none	False	False			False	False	False	not_gated	0	NO_PMCID		0	0	0	0	not_generated	FILLED	not_gated
PRJNA842739	isolation_source	tail25_49	True		none	False	False			False	False	False	residual_per_sample	34	NO_PMCID	NO_PMCID	0	0	0	34	not_generated	EXHAUSTED	no_paper_findable
PRJNA842739	host	tail25_49	True		none	False	False			False	False	False	not_gated	0	NO_PMCID		0	0	0	0	not_generated	FILLED	not_gated
PRJNA847410	country	tail25_49	False	PMC10590067	europepmc_fulltext	True	True	https://doi.org/10.2147/idr.s426565	Genomic Characteristics of Carbapenem-Resistant <i>Klebsiell	False	False	False	not_gated	0			0	0	0	0	not_generated	FILLED	not_gated
PRJNA847410	collection_date	tail25_49	False	PMC10590067	europepmc_fulltext	True	True	https://doi.org/10.2147/idr.s426565	Genomic Characteristics of Carbapenem-Resistant <i>Klebsiell	False	False	False	not_gated	0			0	0	0	0	not_generated	FILLED	not_gated
PRJNA847410	isolation_source	tail25_49	False	PMC10590067	europepmc_fulltext	True	True	https://doi.org/10.2147/idr.s426565	Genomic Characteristics of Carbapenem-Resistant <i>Klebsiell	False	False	False	not_gated	0			0	0	0	0	not_generated	FILLED	not_gated
PRJNA847410	host	tail25_49	False	PMC10590067	europepmc_fulltext	True	True	https://doi.org/10.2147/idr.s426565	Genomic Characteristics of Carbapenem-Resistant <i>Klebsiell	False	False	False	not_gated	0			0	0	0	0	not_generated	FILLED	not_gated
PRJNA850834	country	tail25_49	False	PMC10933102	europepmc_fulltext	True	True	https://doi.org/10.3389/fcimb.2024.1328123	Molecular epidemiology of multidrug-resistant &lt;i&gt;Klebs	False	False	False	not_gated	0			0	0	0	0	not_generated	FILLED	not_gated
PRJNA850834	collection_date	tail25_49	False	PMC10933102	europepmc_fulltext	True	True	https://doi.org/10.3389/fcimb.2024.1328123	Molecular epidemiology of multidrug-resistant &lt;i&gt;Klebs	False	False	False	not_gated	0			0	0	0	0	not_generated	FILLED	not_gated
PRJNA850834	isolation_source	tail25_49	False	PMC10933102	europepmc_fulltext	True	True	https://doi.org/10.3389/fcimb.2024.1328123	Molecular epidemiology of multidrug-resistant &lt;i&gt;Klebs	False	False	False	not_gated	0			0	0	0	0	not_generated	FILLED	not_gated
PRJNA850834	host	tail25_49	False	PMC10933102	europepmc_fulltext	True	True	https://doi.org/10.3389/fcimb.2024.1328123	Molecular epidemiology of multidrug-resistant &lt;i&gt;Klebs	False	False	False	not_gated	0			0	0	0	0	not_generated	FILLED	not_gated
PRJNA857525	country	tail25_49	True		none	False	False			False	False	False	not_gated	0	NO_PMCID		0	0	0	0	not_generated	FILLED	not_gated
PRJNA857525	collection_date	tail25_49	True		none	False	False			False	False	False	not_gated	0	NO_PMCID		0	0	0	0	not_generated	FILLED	not_gated
PRJNA857525	isolation_source	tail25_49	True		none	False	False			False	False	False	residual_per_sample	31	NO_PMCID	NO_PMCID	0	0	0	31	not_generated	EXHAUSTED	no_paper_findable
PRJNA857525	host	tail25_49	True		none	False	False			False	False	False	not_gated	0	NO_PMCID		0	0	0	0	not_generated	FILLED	not_gated
PRJNA858403	country	tail25_49	False	PMC10100809	europepmc_fulltext	True	True	https://doi.org/10.1128/spectrum.04088-22	Association between Intestinal Colonization and Extraintesti	False	False	False	not_gated	0			0	0	0	0	not_generated	FILLED	not_gated
PRJNA858403	collection_date	tail25_49	False	PMC10100809	europepmc_fulltext	True	True	https://doi.org/10.1128/spectrum.04088-22	Association between Intestinal Colonization and Extraintesti	False	False	False	not_gated	0			0	0	0	0	not_generated	FILLED	not_gated
PRJNA858403	isolation_source	tail25_49	False	PMC10100809	europepmc_fulltext	True	True	https://doi.org/10.1128/spectrum.04088-22	Association between Intestinal Colonization and Extraintesti	False	False	False	not_gated	0			0	0	0	0	not_generated	FILLED	not_gated
PRJNA858403	host	tail25_49	False	PMC10100809	europepmc_fulltext	True	True	https://doi.org/10.1128/spectrum.04088-22	Association between Intestinal Colonization and Extraintesti	False	False	False	not_gated	0			0	0	0	0	not_generated	FILLED	not_gated
PRJNA858823	country	tail25_49	True		none	False	False			False	False	False	not_gated	0	NO_PMCID		0	0	0	0	not_generated	FILLED	not_gated
PRJNA858823	collection_date	tail25_49	True		none	False	False			False	False	False	not_gated	0	NO_PMCID		0	0	0	0	not_generated	FILLED	not_gated
PRJNA858823	isolation_source	tail25_49	True		none	False	False			False	False	False	residual_per_sample	25	NO_PMCID	NO_PMCID	0	0	0	25	not_generated	EXHAUSTED	no_paper_findable
PRJNA858823	host	tail25_49	True		none	False	False			False	False	False	not_gated	0	NO_PMCID		0	0	0	0	not_generated	FILLED	not_gated
PRJNA868296	country	tail25_49	False	PMC10469867	europepmc_fulltext	True	True	https://doi.org/10.1128/msystems.00206-23	Intensive care unit sinks are persistently colonized with mu	False	False	False	not_gated	0	abstained		0	0	0	0	not_generated	FILLED	not_gated
PRJNA868296	collection_date	tail25_49	False	PMC10469867	europepmc_fulltext	True	True	https://doi.org/10.1128/msystems.00206-23	Intensive care unit sinks are persistently colonized with mu	False	False	False	not_gated	0	abstained		0	0	0	0	not_generated	FILLED	not_gated
PRJNA868296	isolation_source	tail25_49	False	PMC10469867	europepmc_fulltext	True	True	https://doi.org/10.1128/msystems.00206-23	Intensive care unit sinks are persistently colonized with mu	False	False	False	residual_per_sample	37	abstained		0	0	0	37	not_generated	BLOCKED	needs_linkage
PRJNA868296	host	tail25_49	False	PMC10469867	europepmc_fulltext	True	True	https://doi.org/10.1128/msystems.00206-23	Intensive care unit sinks are persistently colonized with mu	False	False	False	covered	37	abstained		37	0	0	37	not_generated	FILLED	whole_field
PRJNA884340	country	tail25_49	False	PMC9765435	europepmc_fulltext	True	True	https://doi.org/10.1128/mbio.02906-22	Within-Host Genotypic and Phenotypic Diversity of Contempora	False	False	False	not_gated	0			0	0	0	0	not_generated	FILLED	not_gated
PRJNA884340	collection_date	tail25_49	False	PMC9765435	europepmc_fulltext	True	True	https://doi.org/10.1128/mbio.02906-22	Within-Host Genotypic and Phenotypic Diversity of Contempora	False	False	False	not_gated	0			0	0	0	0	not_generated	FILLED	not_gated
PRJNA884340	isolation_source	tail25_49	False	PMC9765435	europepmc_fulltext	True	True	https://doi.org/10.1128/mbio.02906-22	Within-Host Genotypic and Phenotypic Diversity of Contempora	False	False	False	not_gated	0			0	0	0	0	not_generated	FILLED	not_gated
PRJNA884340	host	tail25_49	False	PMC9765435	europepmc_fulltext	True	True	https://doi.org/10.1128/mbio.02906-22	Within-Host Genotypic and Phenotypic Diversity of Contempora	False	False	False	not_gated	0			0	0	0	0	not_generated	FILLED	not_gated
PRJNA890192	country	tail25_49	False	PMC10019205	pdf	True	True	https://doi.org/10.1128/aac.01424-22	Emergence of Carbapenemase-Producing Hypervirulent Klebsiell	False	False	False	covered	25	abstained		25	0	0	25	not_generated	FILLED	whole_field
PRJNA890192	collection_date	tail25_49	False	PMC10019205	pdf	True	True	https://doi.org/10.1128/aac.01424-22	Emergence of Carbapenemase-Producing Hypervirulent Klebsiell	False	False	False	not_gated	0	abstained		0	0	0	0	not_generated	FILLED	not_gated
PRJNA890192	isolation_source	tail25_49	False	PMC10019205	pdf	True	True	https://doi.org/10.1128/aac.01424-22	Emergence of Carbapenemase-Producing Hypervirulent Klebsiell	False	False	False	residual_per_sample	25	abstained	no_supp	0	0	0	25	not_generated	EXHAUSTED	no_supp
PRJNA890192	host	tail25_49	False	PMC10019205	pdf	True	True	https://doi.org/10.1128/aac.01424-22	Emergence of Carbapenemase-Producing Hypervirulent Klebsiell	False	False	False	not_gated	0	abstained		0	0	0	0	not_generated	FILLED	not_gated
PRJNA922161	country	tail25_49	False	PMC9862994	europepmc_fulltext	True	True	https://doi.org/10.3390/pharmaceutics15010270	Determination of Mutational Timing of Colistin-Resistance Ge	False	False	False	not_gated	0	abstained		0	0	0	0	not_generated	FILLED	not_gated
PRJNA922161	collection_date	tail25_49	False	PMC9862994	europepmc_fulltext	True	True	https://doi.org/10.3390/pharmaceutics15010270	Determination of Mutational Timing of Colistin-Resistance Ge	False	False	False	not_gated	0	abstained		0	0	0	0	not_generated	FILLED	not_gated
PRJNA922161	isolation_source	tail25_49	False	PMC9862994	europepmc_fulltext	True	True	https://doi.org/10.3390/pharmaceutics15010270	Determination of Mutational Timing of Colistin-Resistance Ge	False	False	False	residual_per_sample	46	abstained	no_supp	0	0	0	46	not_generated	EXHAUSTED	paper_has_no_table
PRJNA922161	host	tail25_49	False	PMC9862994	europepmc_fulltext	True	True	https://doi.org/10.3390/pharmaceutics15010270	Determination of Mutational Timing of Colistin-Resistance Ge	False	False	False	residual_per_sample	46	abstained	no_supp	0	0	0	46	not_generated	EXHAUSTED	paper_has_no_table
PRJNA924056	country	tail25_49	False	PMC10409761	europepmc_fulltext	True	True	https://doi.org/10.1038/s41467-023-39915-2	Genomic dissection of endemic carbapenem resistance reveals 	False	False	False	not_gated	0			0	0	0	0	not_generated	FILLED	not_gated
PRJNA924056	collection_date	tail25_49	False	PMC10409761	europepmc_fulltext	True	True	https://doi.org/10.1038/s41467-023-39915-2	Genomic dissection of endemic carbapenem resistance reveals 	False	False	False	not_gated	0			0	0	0	0	not_generated	FILLED	not_gated
PRJNA924056	isolation_source	tail25_49	False	PMC10409761	europepmc_fulltext	True	True	https://doi.org/10.1038/s41467-023-39915-2	Genomic dissection of endemic carbapenem resistance reveals 	False	False	False	not_gated	0			0	0	0	0	not_generated	FILLED	not_gated
PRJNA924056	host	tail25_49	False	PMC10409761	europepmc_fulltext	True	True	https://doi.org/10.1038/s41467-023-39915-2	Genomic dissection of endemic carbapenem resistance reveals 	False	False	False	not_gated	0			0	0	0	0	not_generated	FILLED	not_gated
PRJNA925315	country	tail25_49	False	PMC10193520	europepmc_fulltext	True	True	https://doi.org/10.1101/2023.04.24.23289028	WITHDRAWN: Evaluation of Fourier Transform Infrared spectros	False	False	False	not_gated	0	abstained		0	0	0	0	not_generated	FILLED	not_gated
PRJNA925315	collection_date	tail25_49	False	PMC10193520	europepmc_fulltext	True	True	https://doi.org/10.1101/2023.04.24.23289028	WITHDRAWN: Evaluation of Fourier Transform Infrared spectros	False	False	False	not_gated	0	abstained		0	0	0	0	not_generated	FILLED	not_gated
PRJNA925315	isolation_source	tail25_49	False	PMC10193520	europepmc_fulltext	True	True	https://doi.org/10.1101/2023.04.24.23289028	WITHDRAWN: Evaluation of Fourier Transform Infrared spectros	False	False	False	covered	29	abstained		29	0	0	29	not_generated	FILLED	whole_field
PRJNA925315	host	tail25_49	False	PMC10193520	europepmc_fulltext	True	True	https://doi.org/10.1101/2023.04.24.23289028	WITHDRAWN: Evaluation of Fourier Transform Infrared spectros	False	False	False	covered	29	abstained		29	0	0	29	not_generated	FILLED	whole_field
PRJNA939143	country	tail25_49	False		abstract	False	False	https://doi.org/10.1016/j.jiph.2023.10.013	Whole-genome sequencing of carbapenem-resistant Enterobacter	False	False	False	not_gated	0			0	0	0	0	not_generated	FILLED	not_gated
PRJNA939143	collection_date	tail25_49	False		abstract	False	False	https://doi.org/10.1016/j.jiph.2023.10.013	Whole-genome sequencing of carbapenem-resistant Enterobacter	False	False	False	not_gated	0			0	0	0	0	not_generated	FILLED	not_gated
PRJNA939143	isolation_source	tail25_49	False		abstract	False	False	https://doi.org/10.1016/j.jiph.2023.10.013	Whole-genome sequencing of carbapenem-resistant Enterobacter	False	False	False	not_gated	0			0	0	0	0	not_generated	FILLED	not_gated
PRJNA939143	host	tail25_49	False		abstract	False	False	https://doi.org/10.1016/j.jiph.2023.10.013	Whole-genome sequencing of carbapenem-resistant Enterobacter	False	False	False	not_gated	0			0	0	0	0	not_generated	FILLED	not_gated
PRJNA943144	country	tail25_49	False	PMC11748015	europepmc_fulltext	True	True	https://doi.org/10.1017/s0950268824001754	Antimicrobial resistance profiles and molecular epidemiology	False	False	False	not_gated	0			0	0	0	0	not_generated	FILLED	not_gated
PRJNA943144	collection_date	tail25_49	False	PMC11748015	europepmc_fulltext	True	True	https://doi.org/10.1017/s0950268824001754	Antimicrobial resistance profiles and molecular epidemiology	False	False	False	not_gated	0			0	0	0	0	not_generated	FILLED	not_gated
PRJNA943144	isolation_source	tail25_49	False	PMC11748015	europepmc_fulltext	True	True	https://doi.org/10.1017/s0950268824001754	Antimicrobial resistance profiles and molecular epidemiology	False	False	False	not_gated	0			0	0	0	0	not_generated	FILLED	not_gated
PRJNA943144	host	tail25_49	False	PMC11748015	europepmc_fulltext	True	True	https://doi.org/10.1017/s0950268824001754	Antimicrobial resistance profiles and molecular epidemiology	False	False	False	not_gated	0			0	0	0	0	not_generated	FILLED	not_gated
PRJNA967113	country	tail25_49	True		none	False	False			False	False	False	not_gated	0			0	0	0	0	not_generated	FILLED	not_gated
PRJNA967113	collection_date	tail25_49	True		none	False	False			False	False	False	not_gated	0			0	0	0	0	not_generated	FILLED	not_gated
PRJNA967113	isolation_source	tail25_49	True		none	False	False			False	False	False	not_gated	0			0	0	0	0	not_generated	FILLED	not_gated
PRJNA967113	host	tail25_49	True		none	False	False			False	False	False	not_gated	0			0	0	0	0	not_generated	FILLED	not_gated
PRJNA979006	country	tail25_49	True		none	False	False			False	False	False	not_gated	0			0	0	0	0	not_generated	FILLED	not_gated
PRJNA979006	collection_date	tail25_49	True		none	False	False			False	False	False	not_gated	0			0	0	0	0	not_generated	FILLED	not_gated
PRJNA979006	isolation_source	tail25_49	True		none	False	False			False	False	False	not_gated	0			0	0	0	0	not_generated	FILLED	not_gated
PRJNA979006	host	tail25_49	True		none	False	False			False	False	False	not_gated	0			0	0	0	0	not_generated	FILLED	not_gated
PRJNA984451	country	tail25_49	False	PMC10532110	europepmc_fulltext	True	True	https://doi.org/10.1093/jacamr/dlad106	Analysis of the stepwise acquisition of &lt;i&gt;bla&lt;/i&g	False	False	False	not_gated	0	abstained		0	0	0	0	not_generated	FILLED	not_gated
PRJNA984451	collection_date	tail25_49	False	PMC10532110	europepmc_fulltext	True	True	https://doi.org/10.1093/jacamr/dlad106	Analysis of the stepwise acquisition of &lt;i&gt;bla&lt;/i&g	False	False	False	not_gated	0	abstained		0	0	0	0	not_generated	FILLED	not_gated
PRJNA984451	isolation_source	tail25_49	False	PMC10532110	europepmc_fulltext	True	True	https://doi.org/10.1093/jacamr/dlad106	Analysis of the stepwise acquisition of &lt;i&gt;bla&lt;/i&g	False	False	False	covered	28	abstained		28	0	0	28	not_generated	FILLED	whole_field
PRJNA984451	host	tail25_49	False	PMC10532110	europepmc_fulltext	True	True	https://doi.org/10.1093/jacamr/dlad106	Analysis of the stepwise acquisition of &lt;i&gt;bla&lt;/i&g	False	False	False	residual_per_sample	28	abstained	no_supp	0	0	0	28	not_generated	EXHAUSTED	no_supp
PRJNA986308	country	tail25_49	True		none	False	False			False	False	False	not_gated	0	NO_PMCID		0	0	0	0	not_generated	FILLED	not_gated
PRJNA986308	collection_date	tail25_49	True		none	False	False			False	False	False	not_gated	0	NO_PMCID		0	0	0	0	not_generated	FILLED	not_gated
PRJNA986308	isolation_source	tail25_49	True		none	False	False			False	False	False	residual_per_sample	48	NO_PMCID	NO_PMCID	0	0	0	48	not_generated	EXHAUSTED	no_paper_findable
PRJNA986308	host	tail25_49	True		none	False	False			False	False	False	not_gated	0	NO_PMCID		0	0	0	0	not_generated	FILLED	not_gated
