study_accession	sample_accession	field	ena_value	applied_value	method	evidence
PRJEB37378	SAMEA10147368	collection_date		2020-03-01	curator_escalation	curator escalation
PRJEB37378	SAMEA10147370	collection_date		2020-03-01	curator_escalation	curator escalation
PRJEB37378	SAMEA10147372	collection_date		2020-03-01	curator_escalation	curator escalation
PRJEB37378	SAMEA10147292	collection_date		2020-03-01	curator_escalation	curator escalation
PRJEB37378	SAMEA10147296	collection_date		2020-03-01	curator_escalation	curator escalation
PRJEB37378	SAMEA10147295	collection_date		2020-03-01	curator_escalation	curator escalation
PRJEB37378	SAMEA10147298	collection_date		2020-03-01	curator_escalation	curator escalation
PRJEB37378	SAMEA10147299	collection_date		2020-03-01	curator_escalation	curator escalation
PRJEB37378	SAMEA10147302	collection_date		2020-03-01	curator_escalation	curator escalation
PRJEB37378	SAMEA10147305	collection_date		2020-03-01	curator_escalation	curator escalation
PRJEB37378	SAMEA10147306	collection_date		2020-03-01	curator_escalation	curator escalation
PRJEB37378	SAMEA10147307	collection_date		2020-03-01	curator_escalation	curator escalation
PRJEB37378	SAMEA10147265	collection_date		2020-03-01	curator_escalation	curator escalation
PRJEB37378	SAMEA10147311	collection_date		2020-03-01	curator_escalation	curator escalation
PRJEB37378	SAMEA10147261	collection_date		2020-03-01	curator_escalation	curator escalation
PRJEB37378	SAMEA10147312	collection_date		2020-03-01	curator_escalation	curator escalation
PRJEB37378	SAMEA10147263	collection_date		2020-03-01	curator_escalation	curator escalation
PRJEB37378	SAMEA10147317	collection_date		2020-03-01	curator_escalation	curator escalation
PRJEB37378	SAMEA10147325	collection_date		2020-03-01	curator_escalation	curator escalation
PRJEB37378	SAMEA10147268	collection_date		2020-03-01	curator_escalation	curator escalation
PRJEB37378	SAMEA10147320	collection_date		2020-03-01	curator_escalation	curator escalation
PRJEB37378	SAMEA10147388	collection_date		2020-03-01	curator_escalation	curator escalation
PRJEB37378	SAMEA10147389	collection_date		2020-03-01	curator_escalation	curator escalation
PRJEB37378	SAMEA10147285	collection_date		2020-03-01	curator_escalation	curator escalation
PRJEB37378	SAMEA10147281	collection_date		2020-03-01	curator_escalation	curator escalation
PRJEB37378	SAMEA10147283	collection_date		2020-03-01	curator_escalation	curator escalation
PRJEB37378	SAMEA10147287	collection_date		2020-03-01	curator_escalation	curator escalation
PRJEB37378	SAMEA10147288	collection_date		2020-03-01	curator_escalation	curator escalation
PRJEB37378	SAMEA10147326	collection_date		2020-03-01	curator_escalation	curator escalation
PRJEB37378	SAMEA10147327	collection_date		2020-03-01	curator_escalation	curator escalation
PRJEB37378	SAMEA10147332	collection_date		2020-03-01	curator_escalation	curator escalation
PRJEB37378	SAMEA10147336	collection_date		2020-03-01	curator_escalation	curator escalation
PRJEB37378	SAMEA10147337	collection_date		2020-03-01	curator_escalation	curator escalation
PRJEB37378	SAMEA10147339	collection_date		2020-03-01	curator_escalation	curator escalation
PRJEB37378	SAMEA10147347	collection_date		2020-03-01	curator_escalation	curator escalation
PRJEB37378	SAMEA10147348	collection_date		2020-03-01	curator_escalation	curator escalation
PRJEB37378	SAMEA10147353	collection_date		2020-03-01	curator_escalation	curator escalation
PRJEB37378	SAMEA10147357	collection_date		2020-03-01	curator_escalation	curator escalation
PRJEB37378	SAMEA10147360	collection_date		2020-03-01	curator_escalation	curator escalation
PRJEB37378	SAMEA10147361	collection_date		2020-03-01	curator_escalation	curator escalation
PRJEB37378	SAMEA10147272	collection_date		2020-03-01	curator_escalation	curator escalation
PRJEB37378	SAMEA10147324	collection_date		2020-03-01	curator_escalation	curator escalation
PRJEB37378	SAMEA10147335	collection_date		2020-03-01	curator_escalation	curator escalation
PRJEB37378	SAMEA10147381	collection_date		2020-03-01	curator_escalation	curator escalation
PRJEB37378	SAMEA10147384	collection_date		2020-03-01	curator_escalation	curator escalation
PRJEB37378	SAMEA10147290	collection_date		2020-03-01	curator_escalation	curator escalation
PRJEB37378	SAMEA10147291	collection_date		2020-03-01	curator_escalation	curator escalation
PRJEB37378	SAMEA10147395	collection_date		2020-03-01	curator_escalation	curator escalation
PRJEB37378	SAMEA10147397	collection_date		2020-03-01	curator_escalation	curator escalation
PRJEB37378	SAMEA10147400	collection_date		2020-03-01	curator_escalation	curator escalation
PRJEB37378	SAMEA10147404	collection_date		2020-03-01	curator_escalation	curator escalation
PRJEB37378	SAMEA10147414	collection_date		2020-03-01	curator_escalation	curator escalation
PRJEB37378	SAMEA10147418	collection_date		2020-03-01	curator_escalation	curator escalation
PRJEB37378	SAMEA10147366	collection_date		2020-03-01	curator_escalation	curator escalation
PRJEB37378	SAMEA10147367	collection_date		2020-03-01	curator_escalation	curator escalation
PRJEB37378	SAMEA10147371	collection_date		2020-03-01	curator_escalation	curator escalation
PRJEB37378	SAMEA10147373	collection_date		2020-03-01	curator_escalation	curator escalation
PRJEB37378	SAMEA10147293	collection_date		2020-03-01	curator_escalation	curator escalation
PRJEB37378	SAMEA10147297	collection_date		2020-03-01	curator_escalation	curator escalation
PRJEB37378	SAMEA10147304	collection_date		2020-03-01	curator_escalation	curator escalation
PRJEB37378	SAMEA10147308	collection_date		2020-03-01	curator_escalation	curator escalation
PRJEB37378	SAMEA10147259	collection_date		2020-03-01	curator_escalation	curator escalation
PRJEB37378	SAMEA10147310	collection_date		2020-03-01	curator_escalation	curator escalation
PRJEB37378	SAMEA10147313	collection_date		2020-03-01	curator_escalation	curator escalation
PRJEB37378	SAMEA10147267	collection_date		2020-03-01	curator_escalation	curator escalation
PRJEB37378	SAMEA10147270	collection_date		2020-03-01	curator_escalation	curator escalation
PRJEB37378	SAMEA10147271	collection_date		2020-03-01	curator_escalation	curator escalation
PRJEB37378	SAMEA10147387	collection_date		2020-03-01	curator_escalation	curator escalation
PRJEB37378	SAMEA10147273	collection_date		2020-03-01	curator_escalation	curator escalation
PRJEB37378	SAMEA10147274	collection_date		2020-03-01	curator_escalation	curator escalation
PRJEB37378	SAMEA10147276	collection_date		2020-03-01	curator_escalation	curator escalation
PRJEB37378	SAMEA10147390	collection_date		2020-03-01	curator_escalation	curator escalation
PRJEB37378	SAMEA10147278	collection_date		2020-03-01	curator_escalation	curator escalation
PRJEB37378	SAMEA10147392	collection_date		2020-03-01	curator_escalation	curator escalation
PRJEB37378	SAMEA10147279	collection_date		2020-03-01	curator_escalation	curator escalation
PRJEB37378	SAMEA10147282	collection_date		2020-03-01	curator_escalation	curator escalation
PRJEB37378	SAMEA10147286	collection_date		2020-03-01	curator_escalation	curator escalation
PRJEB37378	SAMEA10147289	collection_date		2020-03-01	curator_escalation	curator escalation
PRJEB37378	SAMEA10147321	collection_date		2020-03-01	curator_escalation	curator escalation
PRJEB37378	SAMEA10147323	collection_date		2020-03-01	curator_escalation	curator escalation
PRJEB37378	SAMEA10147333	collection_date		2020-03-01	curator_escalation	curator escalation
PRJEB37378	SAMEA10147343	collection_date		2020-03-01	curator_escalation	curator escalation
PRJEB37378	SAMEA10147342	collection_date		2020-03-01	curator_escalation	curator escalation
PRJEB37378	SAMEA10147341	collection_date		2020-03-01	curator_escalation	curator escalation
PRJEB37378	SAMEA10147345	collection_date		2020-03-01	curator_escalation	curator escalation
PRJEB37378	SAMEA10147346	collection_date		2020-03-01	curator_escalation	curator escalation
PRJEB37378	SAMEA10147351	collection_date		2020-03-01	curator_escalation	curator escalation
PRJEB37378	SAMEA10147354	collection_date		2020-03-01	curator_escalation	curator escalation
PRJEB37378	SAMEA10147362	collection_date		2020-03-01	curator_escalation	curator escalation
PRJEB37378	SAMEA10147363	collection_date		2020-03-01	curator_escalation	curator escalation
PRJEB37378	SAMEA10147322	collection_date		2020-03-01	curator_escalation	curator escalation
PRJEB37378	SAMEA10147374	collection_date		2020-03-01	curator_escalation	curator escalation
PRJEB37378	SAMEA10147380	collection_date		2020-03-01	curator_escalation	curator escalation
PRJEB37378	SAMEA10147379	collection_date		2020-03-01	curator_escalation	curator escalation
PRJEB37378	SAMEA10147382	collection_date		2020-03-01	curator_escalation	curator escalation
PRJEB37378	SAMEA10147383	collection_date		2020-03-01	curator_escalation	curator escalation
PRJEB37378	SAMEA10147385	collection_date		2020-03-01	curator_escalation	curator escalation
PRJEB37378	SAMEA10147401	collection_date		2020-03-01	curator_escalation	curator escalation
PRJEB37378	SAMEA10147408	collection_date		2020-03-01	curator_escalation	curator escalation
PRJEB37378	SAMEA10147413	collection_date		2020-03-01	curator_escalation	curator escalation
PRJEB37378	SAMEA10147417	collection_date		2020-03-01	curator_escalation	curator escalation
PRJEB37378	SAMEA10147429	collection_date		2020-03-01	curator_escalation	curator escalation
PRJEB37378	SAMEA10147428	collection_date		2020-03-01	curator_escalation	curator escalation
PRJEB37378	SAMEA10147369	collection_date		2020-03-01	curator_escalation	curator escalation
PRJEB37378	SAMEA10147294	collection_date		2020-03-01	curator_escalation	curator escalation
PRJEB37378	SAMEA10147300	collection_date		2020-03-01	curator_escalation	curator escalation
PRJEB37378	SAMEA10147301	collection_date		2020-03-01	curator_escalation	curator escalation
PRJEB37378	SAMEA10147303	collection_date		2020-03-01	curator_escalation	curator escalation
PRJEB37378	SAMEA10147256	collection_date		2020-03-01	curator_escalation	curator escalation
PRJEB37378	SAMEA10147258	collection_date		2020-03-01	curator_escalation	curator escalation
PRJEB37378	SAMEA10147309	collection_date		2020-03-01	curator_escalation	curator escalation
PRJEB37378	SAMEA10147260	collection_date		2020-03-01	curator_escalation	curator escalation
PRJEB37378	SAMEA10147314	collection_date		2020-03-01	curator_escalation	curator escalation
PRJEB37378	SAMEA10147262	collection_date		2020-03-01	curator_escalation	curator escalation
PRJEB37378	SAMEA10147264	collection_date		2020-03-01	curator_escalation	curator escalation
PRJEB37378	SAMEA10147316	collection_date		2020-03-01	curator_escalation	curator escalation
PRJEB37378	SAMEA10147318	collection_date		2020-03-01	curator_escalation	curator escalation
PRJEB37378	SAMEA10147266	collection_date		2020-03-01	curator_escalation	curator escalation
PRJEB37378	SAMEA10147319	collection_date		2020-03-01	curator_escalation	curator escalation
PRJEB37378	SAMEA10147269	collection_date		2020-03-01	curator_escalation	curator escalation
PRJEB37378	SAMEA10147386	collection_date		2020-03-01	curator_escalation	curator escalation
PRJEB37378	SAMEA10147275	collection_date		2020-03-01	curator_escalation	curator escalation
PRJEB37378	SAMEA10147391	collection_date		2020-03-01	curator_escalation	curator escalation
PRJEB37378	SAMEA10147277	collection_date		2020-03-01	curator_escalation	curator escalation
PRJEB37378	SAMEA10147280	collection_date		2020-03-01	curator_escalation	curator escalation
PRJEB37378	SAMEA10147284	collection_date		2020-03-01	curator_escalation	curator escalation
PRJEB37378	SAMEA10147328	collection_date		2020-03-01	curator_escalation	curator escalation
PRJEB37378	SAMEA10147329	collection_date		2020-03-01	curator_escalation	curator escalation
PRJEB37378	SAMEA10147331	collection_date		2020-03-01	curator_escalation	curator escalation
PRJEB37378	SAMEA10147330	collection_date		2020-03-01	curator_escalation	curator escalation
PRJEB37378	SAMEA10147334	collection_date		2020-03-01	curator_escalation	curator escalation
PRJEB37378	SAMEA10147338	collection_date		2020-03-01	curator_escalation	curator escalation
PRJEB37378	SAMEA10147340	collection_date		2020-03-01	curator_escalation	curator escalation
PRJEB37378	SAMEA10147344	collection_date		2020-03-01	curator_escalation	curator escalation
PRJEB37378	SAMEA10147349	collection_date		2020-03-01	curator_escalation	curator escalation
PRJEB37378	SAMEA10147350	collection_date		2020-03-01	curator_escalation	curator escalation
PRJEB37378	SAMEA10147352	collection_date		2020-03-01	curator_escalation	curator escalation
PRJEB37378	SAMEA10147356	collection_date		2020-03-01	curator_escalation	curator escalation
PRJEB37378	SAMEA10147355	collection_date		2020-03-01	curator_escalation	curator escalation
PRJEB37378	SAMEA10147359	collection_date		2020-03-01	curator_escalation	curator escalation
PRJEB37378	SAMEA10147358	collection_date		2020-03-01	curator_escalation	curator escalation
PRJEB37378	SAMEA10147364	collection_date		2020-03-01	curator_escalation	curator escalation
PRJEB37378	SAMEA10147365	collection_date		2020-03-01	curator_escalation	curator escalation
PRJEB37378	SAMEA10147376	collection_date		2020-03-01	curator_escalation	curator escalation
PRJEB37378	SAMEA10147375	collection_date		2020-03-01	curator_escalation	curator escalation
PRJEB37378	SAMEA10147377	collection_date		2020-03-01	curator_escalation	curator escalation
PRJEB37378	SAMEA10147378	collection_date		2020-03-01	curator_escalation	curator escalation
PRJEB37378	SAMEA10147315	collection_date		2020-03-01	curator_escalation	curator escalation
PRJEB37378	SAMEA10147393	collection_date		2020-03-01	curator_escalation	curator escalation
PRJEB37378	SAMEA10147410	collection_date		2020-03-01	curator_escalation	curator escalation
PRJEB37378	SAMEA10147419	collection_date		2020-03-01	curator_escalation	curator escalation
PRJEB37378	SAMEA10147422	collection_date		2020-03-01	curator_escalation	curator escalation
PRJEB37378	SAMEA10302774	collection_date		2020-03-01	curator_escalation	curator escalation
PRJEB37378	SAMEA10302874	collection_date		2020-03-01	curator_escalation	curator escalation
PRJEB37378	SAMEA10303422	collection_date		2020-03-01	curator_escalation	curator escalation
PRJEB37378	SAMEA10303424	collection_date		2020-03-01	curator_escalation	curator escalation
PRJEB37378	SAMEA10303427	collection_date		2020-03-01	curator_escalation	curator escalation
PRJEB37378	SAMEA10303425	collection_date		2020-03-01	curator_escalation	curator escalation
PRJEB37378	SAMEA10303426	collection_date		2020-03-01	curator_escalation	curator escalation
PRJEB37378	SAMEA10303428	collection_date		2020-03-01	curator_escalation	curator escalation
PRJEB37378	SAMEA10303429	collection_date		2020-03-01	curator_escalation	curator escalation
PRJEB37378	SAMEA10302889	collection_date		2020-03-01	curator_escalation	curator escalation
PRJEB37378	SAMEA10303431	collection_date		2020-03-01	curator_escalation	curator escalation
PRJEB37378	SAMEA10303432	collection_date		2020-03-01	curator_escalation	curator escalation
PRJEB37378	SAMEA10302893	collection_date		2020-03-01	curator_escalation	curator escalation
PRJEB37378	SAMEA10303433	collection_date		2020-03-01	curator_escalation	curator escalation
PRJEB37378	SAMEA10302894	collection_date		2020-03-01	curator_escalation	curator escalation
PRJEB37378	SAMEA10302895	collection_date		2020-03-01	curator_escalation	curator escalation
PRJEB37378	SAMEA10302584	collection_date		2020-03-01	curator_escalation	curator escalation
PRJEB37378	SAMEA10303436	collection_date		2020-03-01	curator_escalation	curator escalation
PRJEB37378	SAMEA10302903	collection_date		2020-03-01	curator_escalation	curator escalation
PRJEB37378	SAMEA10302661	collection_date		2020-03-01	curator_escalation	curator escalation
PRJEB37378	SAMEA10303441	collection_date		2020-03-01	curator_escalation	curator escalation
PRJEB37378	SAMEA10302909	collection_date		2020-03-01	curator_escalation	curator escalation
PRJEB37378	SAMEA10302666	collection_date		2020-03-01	curator_escalation	curator escalation
PRJEB37378	SAMEA10303442	collection_date		2020-03-01	curator_escalation	curator escalation
PRJEB37378	SAMEA10302668	collection_date		2020-03-01	curator_escalation	curator escalation
PRJEB37378	SAMEA10303445	collection_date		2020-03-01	curator_escalation	curator escalation
PRJEB37378	SAMEA10302921	collection_date		2020-03-01	curator_escalation	curator escalation
PRJEB37378	SAMEA10303447	collection_date		2020-03-01	curator_escalation	curator escalation
PRJEB37378	SAMEA10302671	collection_date		2020-03-01	curator_escalation	curator escalation
PRJEB37378	SAMEA10302923	collection_date		2020-03-01	curator_escalation	curator escalation
PRJEB37378	SAMEA10302672	collection_date		2020-03-01	curator_escalation	curator escalation
PRJEB37378	SAMEA10302925	collection_date		2020-03-01	curator_escalation	curator escalation
PRJEB37378	SAMEA10302777	collection_date		2020-03-01	curator_escalation	curator escalation
PRJEB37378	SAMEA10302678	collection_date		2020-03-01	curator_escalation	curator escalation
PRJEB37378	SAMEA10302778	collection_date		2020-03-01	curator_escalation	curator escalation
PRJEB37378	SAMEA10302679	collection_date		2020-03-01	curator_escalation	curator escalation
PRJEB37378	SAMEA10302705	collection_date		2020-03-01	curator_escalation	curator escalation
PRJEB37378	SAMEA10302708	collection_date		2020-03-01	curator_escalation	curator escalation
PRJEB37378	SAMEA10302709	collection_date		2020-03-01	curator_escalation	curator escalation
PRJEB37378	SAMEA10303461	collection_date		2020-03-01	curator_escalation	curator escalation
PRJEB37378	SAMEA10303460	collection_date		2020-03-01	curator_escalation	curator escalation
PRJEB37378	SAMEA10303474	collection_date		2020-03-01	curator_escalation	curator escalation
PRJEB37378	SAMEA10302823	collection_date		2020-03-01	curator_escalation	curator escalation
PRJEB37378	SAMEA10302716	collection_date		2020-03-01	curator_escalation	curator escalation
PRJEB37378	SAMEA10302845	collection_date		2020-03-01	curator_escalation	curator escalation
PRJEB37378	SAMEA10303478	collection_date		2020-03-01	curator_escalation	curator escalation
PRJEB37378	SAMEA10303480	collection_date		2020-03-01	curator_escalation	curator escalation
PRJEB37378	SAMEA10302947	collection_date		2020-03-01	curator_escalation	curator escalation
PRJEB37378	SAMEA10302721	collection_date		2020-03-01	curator_escalation	curator escalation
PRJEB37378	SAMEA10302724	collection_date		2020-03-01	curator_escalation	curator escalation
PRJEB37378	SAMEA10303483	collection_date		2020-03-01	curator_escalation	curator escalation
PRJEB37378	SAMEA10303044	collection_date		2020-03-01	curator_escalation	curator escalation
PRJEB37378	SAMEA10302725	collection_date		2020-03-01	curator_escalation	curator escalation
PRJEB37378	SAMEA10303170	collection_date		2020-03-01	curator_escalation	curator escalation
PRJEB37378	SAMEA10302728	collection_date		2020-03-01	curator_escalation	curator escalation
PRJEB37378	SAMEA10302730	collection_date		2020-03-01	curator_escalation	curator escalation
PRJEB37378	SAMEA10303193	collection_date		2020-03-01	curator_escalation	curator escalation
PRJEB37378	SAMEA10302729	collection_date		2020-03-01	curator_escalation	curator escalation
PRJEB37378	SAMEA10303084	collection_date		2020-03-01	curator_escalation	curator escalation
PRJEB37378	SAMEA10303092	collection_date		2020-03-01	curator_escalation	curator escalation
PRJEB37378	SAMEA10302737	collection_date		2020-03-01	curator_escalation	curator escalation
PRJEB37378	SAMEA10302736	collection_date		2020-03-01	curator_escalation	curator escalation
PRJEB37378	SAMEA10302741	collection_date		2020-03-01	curator_escalation	curator escalation
PRJEB37378	SAMEA10302744	collection_date		2020-03-01	curator_escalation	curator escalation
PRJEB37378	SAMEA10302747	collection_date		2020-03-01	curator_escalation	curator escalation
PRJEB37378	SAMEA10302749	collection_date		2020-03-01	curator_escalation	curator escalation
PRJEB37378	SAMEA10302750	collection_date		2020-03-01	curator_escalation	curator escalation
PRJEB37378	SAMEA10302752	collection_date		2020-03-01	curator_escalation	curator escalation
PRJEB37378	SAMEA10302751	collection_date		2020-03-01	curator_escalation	curator escalation
PRJEB37378	SAMEA10302754	collection_date		2020-03-01	curator_escalation	curator escalation
PRJEB37378	SAMEA10302756	collection_date		2020-03-01	curator_escalation	curator escalation
PRJEB37378	SAMEA10302764	collection_date		2020-03-01	curator_escalation	curator escalation
PRJEB37378	SAMEA10302766	collection_date		2020-03-01	curator_escalation	curator escalation
PRJEB37378	SAMEA10302776	collection_date		2020-03-01	curator_escalation	curator escalation
PRJEB37378	SAMEA10300119	collection_date		2020-03-01	curator_escalation	curator escalation
PRJEB37378	SAMEA10300130	collection_date		2020-03-01	curator_escalation	curator escalation
PRJEB37378	SAMEA10302449	collection_date		2020-03-01	curator_escalation	curator escalation
PRJEB37378	SAMEA10302802	collection_date		2020-03-01	curator_escalation	curator escalation
PRJEB37378	SAMEA10302451	collection_date		2020-03-01	curator_escalation	curator escalation
PRJEB37378	SAMEA10300151	collection_date		2020-03-01	curator_escalation	curator escalation
PRJEB37378	SAMEA10302803	collection_date		2020-03-01	curator_escalation	curator escalation
PRJEB37378	SAMEA10302454	collection_date		2020-03-01	curator_escalation	curator escalation
PRJEB37378	SAMEA10302657	collection_date		2020-03-01	curator_escalation	curator escalation
PRJEB37378	SAMEA10302458	collection_date		2020-03-01	curator_escalation	curator escalation
PRJEB37378	SAMEA10302664	collection_date		2020-03-01	curator_escalation	curator escalation
PRJEB37378	SAMEA10302680	collection_date		2020-03-01	curator_escalation	curator escalation
PRJEB37378	SAMEA10302462	collection_date		2020-03-01	curator_escalation	curator escalation
PRJEB37378	SAMEA10302684	collection_date		2020-03-01	curator_escalation	curator escalation
PRJEB37378	SAMEA10302466	collection_date		2020-03-01	curator_escalation	curator escalation
PRJEB37378	SAMEA10300029	collection_date		2020-03-01	curator_escalation	curator escalation
PRJEB37378	SAMEA10302826	collection_date		2020-03-01	curator_escalation	curator escalation
PRJEB37378	SAMEA10302469	collection_date		2020-03-01	curator_escalation	curator escalation
PRJEB37378	SAMEA10302470	collection_date		2020-03-01	curator_escalation	curator escalation
PRJEB37378	SAMEA10302642	collection_date		2020-03-01	curator_escalation	curator escalation
PRJEB37378	SAMEA10302828	collection_date		2020-03-01	curator_escalation	curator escalation
PRJEB37378	SAMEA10302691	collection_date		2020-03-01	curator_escalation	curator escalation
PRJEB37378	SAMEA10302473	collection_date		2020-03-01	curator_escalation	curator escalation
PRJEB37378	SAMEA10302474	collection_date		2020-03-01	curator_escalation	curator escalation
PRJEB37378	SAMEA10302831	collection_date		2020-03-01	curator_escalation	curator escalation
PRJEB37378	SAMEA10302694	collection_date		2020-03-01	curator_escalation	curator escalation
PRJEB37378	SAMEA10302475	collection_date		2020-03-01	curator_escalation	curator escalation
PRJEB37378	SAMEA10302645	collection_date		2020-03-01	curator_escalation	curator escalation
PRJEB37378	SAMEA10302836	collection_date		2020-03-01	curator_escalation	curator escalation
PRJEB37378	SAMEA10302479	collection_date		2020-03-01	curator_escalation	curator escalation
PRJEB37378	SAMEA10300072	collection_date		2020-03-01	curator_escalation	curator escalation
PRJEB37378	SAMEA10302838	collection_date		2020-03-01	curator_escalation	curator escalation
PRJEB37378	SAMEA10302699	collection_date		2020-03-01	curator_escalation	curator escalation
PRJEB37378	SAMEA10302648	collection_date		2020-03-01	curator_escalation	curator escalation
PRJEB37378	SAMEA10302839	collection_date		2020-03-01	curator_escalation	curator escalation
PRJEB37378	SAMEA10302480	collection_date		2020-03-01	curator_escalation	curator escalation
PRJEB37378	SAMEA10302651	collection_date		2020-03-01	curator_escalation	curator escalation
PRJEB37378	SAMEA10302841	collection_date		2020-03-01	curator_escalation	curator escalation
PRJEB37378	SAMEA10302652	collection_date		2020-03-01	curator_escalation	curator escalation
PRJEB37378	SAMEA10302653	collection_date		2020-03-01	curator_escalation	curator escalation
PRJEB37378	SAMEA10302520	collection_date		2020-03-01	curator_escalation	curator escalation
PRJEB37378	SAMEA10302846	collection_date		2020-03-01	curator_escalation	curator escalation
PRJEB37378	SAMEA10302486	collection_date		2020-03-01	curator_escalation	curator escalation
PRJEB37378	SAMEA10302711	collection_date		2020-03-01	curator_escalation	curator escalation
PRJEB37378	SAMEA10302491	collection_date		2020-03-01	curator_escalation	curator escalation
PRJEB37378	SAMEA10302525	collection_date		2020-03-01	curator_escalation	curator escalation
PRJEB37378	SAMEA10302852	collection_date		2020-03-01	curator_escalation	curator escalation
PRJEB37378	SAMEA10302524	collection_date		2020-03-01	curator_escalation	curator escalation
PRJEB37378	SAMEA10302494	collection_date		2020-03-01	curator_escalation	curator escalation
PRJEB37378	SAMEA10302857	collection_date		2020-03-01	curator_escalation	curator escalation
PRJEB37378	SAMEA10302497	collection_date		2020-03-01	curator_escalation	curator escalation
PRJEB37378	SAMEA10302859	collection_date		2020-03-01	curator_escalation	curator escalation
PRJEB37378	SAMEA10302868	collection_date		2020-03-01	curator_escalation	curator escalation
PRJEB37378	SAMEA10302862	collection_date		2020-03-01	curator_escalation	curator escalation
PRJEB37378	SAMEA10302866	collection_date		2020-03-01	curator_escalation	curator escalation
PRJEB37378	SAMEA10302532	collection_date		2020-03-01	curator_escalation	curator escalation
PRJEB37378	SAMEA10302924	collection_date		2020-03-01	curator_escalation	curator escalation
PRJEB37378	SAMEA10302503	collection_date		2020-03-01	curator_escalation	curator escalation
PRJEB37378	SAMEA10302504	collection_date		2020-03-01	curator_escalation	curator escalation
PRJEB37378	SAMEA10302872	collection_date		2020-03-01	curator_escalation	curator escalation
PRJEB37378	SAMEA10302538	collection_date		2020-03-01	curator_escalation	curator escalation
PRJEB37378	SAMEA10302927	collection_date		2020-03-01	curator_escalation	curator escalation
PRJEB37378	SAMEA10302873	collection_date		2020-03-01	curator_escalation	curator escalation
PRJEB37378	SAMEA10302930	collection_date		2020-03-01	curator_escalation	curator escalation
PRJEB37378	SAMEA10302877	collection_date		2020-03-01	curator_escalation	curator escalation
PRJEB37378	SAMEA10302541	collection_date		2020-03-01	curator_escalation	curator escalation
PRJEB37378	SAMEA10302933	collection_date		2020-03-01	curator_escalation	curator escalation
PRJEB37378	SAMEA10302884	collection_date		2020-03-01	curator_escalation	curator escalation
PRJEB37378	SAMEA10302543	collection_date		2020-03-01	curator_escalation	curator escalation
PRJEB37378	SAMEA10302512	collection_date		2020-03-01	curator_escalation	curator escalation
PRJEB37378	SAMEA10302511	collection_date		2020-03-01	curator_escalation	curator escalation
PRJEB37378	SAMEA10302935	collection_date		2020-03-01	curator_escalation	curator escalation
PRJEB37378	SAMEA10302513	collection_date		2020-03-01	curator_escalation	curator escalation
PRJEB37378	SAMEA10302547	collection_date		2020-03-01	curator_escalation	curator escalation
PRJEB37378	SAMEA10302939	collection_date		2020-03-01	curator_escalation	curator escalation
PRJEB37378	SAMEA10302588	collection_date		2020-03-01	curator_escalation	curator escalation
PRJEB37378	SAMEA10302590	collection_date		2020-03-01	curator_escalation	curator escalation
PRJEB37378	SAMEA10302900	collection_date		2020-03-01	curator_escalation	curator escalation
PRJEB37378	SAMEA10302901	collection_date		2020-03-01	curator_escalation	curator escalation
PRJEB37378	SAMEA10302593	collection_date		2020-03-01	curator_escalation	curator escalation
PRJEB37378	SAMEA10302554	collection_date		2020-03-01	curator_escalation	curator escalation
PRJEB37378	SAMEA10302907	collection_date		2020-03-01	curator_escalation	curator escalation
PRJEB37378	SAMEA10302596	collection_date		2020-03-01	curator_escalation	curator escalation
PRJEB37378	SAMEA10302915	collection_date		2020-03-01	curator_escalation	curator escalation
PRJEB37378	SAMEA10302916	collection_date		2020-03-01	curator_escalation	curator escalation
PRJEB37378	SAMEA10302598	collection_date		2020-03-01	curator_escalation	curator escalation
PRJEB37378	SAMEA10302561	collection_date		2020-03-01	curator_escalation	curator escalation
PRJEB37378	SAMEA10302779	collection_date		2020-03-01	curator_escalation	curator escalation
PRJEB37378	SAMEA10302784	collection_date		2020-03-01	curator_escalation	curator escalation
PRJEB37378	SAMEA10302783	collection_date		2020-03-01	curator_escalation	curator escalation
PRJEB37378	SAMEA10302565	collection_date		2020-03-01	curator_escalation	curator escalation
PRJEB37378	SAMEA10302567	collection_date		2020-03-01	curator_escalation	curator escalation
PRJEB37378	SAMEA10302607	collection_date		2020-03-01	curator_escalation	curator escalation
PRJEB37378	SAMEA10302789	collection_date		2020-03-01	curator_escalation	curator escalation
PRJEB37378	SAMEA10302791	collection_date		2020-03-01	curator_escalation	curator escalation
PRJEB37378	SAMEA10302610	collection_date		2020-03-01	curator_escalation	curator escalation
PRJEB37378	SAMEA10302794	collection_date		2020-03-01	curator_escalation	curator escalation
PRJEB37378	SAMEA10302795	collection_date		2020-03-01	curator_escalation	curator escalation
PRJEB37378	SAMEA10302572	collection_date		2020-03-01	curator_escalation	curator escalation
PRJEB37378	SAMEA10303342	collection_date		2020-03-01	curator_escalation	curator escalation
PRJEB37378	SAMEA10303346	collection_date		2020-03-01	curator_escalation	curator escalation
PRJEB37378	SAMEA10303349	collection_date		2020-03-01	curator_escalation	curator escalation
PRJEB37378	SAMEA10303048	collection_date		2020-03-01	curator_escalation	curator escalation
PRJEB37378	SAMEA10303049	collection_date		2020-03-01	curator_escalation	curator escalation
PRJEB37378	SAMEA10303352	collection_date		2020-03-01	curator_escalation	curator escalation
PRJEB37378	SAMEA10303354	collection_date		2020-03-01	curator_escalation	curator escalation
PRJEB37378	SAMEA10303052	collection_date		2020-03-01	curator_escalation	curator escalation
PRJEB37378	SAMEA10303356	collection_date		2020-03-01	curator_escalation	curator escalation
PRJEB37378	SAMEA10303360	collection_date		2020-03-01	curator_escalation	curator escalation
PRJEB37378	SAMEA10303060	collection_date		2020-03-01	curator_escalation	curator escalation
PRJEB37378	SAMEA10300112	collection_date		2020-03-01	curator_escalation	curator escalation
PRJEB37378	SAMEA10303361	collection_date		2020-03-01	curator_escalation	curator escalation
PRJEB37378	SAMEA10303362	collection_date		2020-03-01	curator_escalation	curator escalation
PRJEB37378	SAMEA10303062	collection_date		2020-03-01	curator_escalation	curator escalation
PRJEB37378	SAMEA10303164	collection_date		2020-03-01	curator_escalation	curator escalation
PRJEB37378	SAMEA10303369	collection_date		2020-03-01	curator_escalation	curator escalation
PRJEB37378	SAMEA10303169	collection_date		2020-03-01	curator_escalation	curator escalation
PRJEB37378	SAMEA10303371	collection_date		2020-03-01	curator_escalation	curator escalation
PRJEB37378	SAMEA10303175	collection_date		2020-03-01	curator_escalation	curator escalation
PRJEB37378	SAMEA10303377	collection_date		2020-03-01	curator_escalation	curator escalation
PRJEB37378	SAMEA10303178	collection_date		2020-03-01	curator_escalation	curator escalation
PRJEB37378	SAMEA10303379	collection_date		2020-03-01	curator_escalation	curator escalation
PRJEB37378	SAMEA10303180	collection_date		2020-03-01	curator_escalation	curator escalation
PRJEB37378	SAMEA10303381	collection_date		2020-03-01	curator_escalation	curator escalation
PRJEB37378	SAMEA10303296	collection_date		2020-03-01	curator_escalation	curator escalation
PRJEB37378	SAMEA10303298	collection_date		2020-03-01	curator_escalation	curator escalation
PRJEB37378	SAMEA10303388	collection_date		2020-03-01	curator_escalation	curator escalation
PRJEB37378	SAMEA10303303	collection_date		2020-03-01	curator_escalation	curator escalation
PRJEB37378	SAMEA10303390	collection_date		2020-03-01	curator_escalation	curator escalation
PRJEB37378	SAMEA10303302	collection_date		2020-03-01	curator_escalation	curator escalation
PRJEB37378	SAMEA10303190	collection_date		2020-03-01	curator_escalation	curator escalation
PRJEB37378	SAMEA10303192	collection_date		2020-03-01	curator_escalation	curator escalation
PRJEB37378	SAMEA10303392	collection_date		2020-03-01	curator_escalation	curator escalation
PRJEB37378	SAMEA10303394	collection_date		2020-03-01	curator_escalation	curator escalation
PRJEB37378	SAMEA10303307	collection_date		2020-03-01	curator_escalation	curator escalation
PRJEB37378	SAMEA10303067	collection_date		2020-03-01	curator_escalation	curator escalation
PRJEB37378	SAMEA10303068	collection_date		2020-03-01	curator_escalation	curator escalation
PRJEB37378	SAMEA10303396	collection_date		2020-03-01	curator_escalation	curator escalation
PRJEB37378	SAMEA10303309	collection_date		2020-03-01	curator_escalation	curator escalation
PRJEB37378	SAMEA10303397	collection_date		2020-03-01	curator_escalation	curator escalation
PRJEB37378	SAMEA10303071	collection_date		2020-03-01	curator_escalation	curator escalation
PRJEB37378	SAMEA10303312	collection_date		2020-03-01	curator_escalation	curator escalation
PRJEB37378	SAMEA10303074	collection_date		2020-03-01	curator_escalation	curator escalation
PRJEB37378	SAMEA10303401	collection_date		2020-03-01	curator_escalation	curator escalation
PRJEB37378	SAMEA10303316	collection_date		2020-03-01	curator_escalation	curator escalation
PRJEB37378	SAMEA10303315	collection_date		2020-03-01	curator_escalation	curator escalation
PRJEB37378	SAMEA10303404	collection_date		2020-03-01	curator_escalation	curator escalation
PRJEB37378	SAMEA10303077	collection_date		2020-03-01	curator_escalation	curator escalation
PRJEB37378	SAMEA10303317	collection_date		2020-03-01	curator_escalation	curator escalation
PRJEB37378	SAMEA10303078	collection_date		2020-03-01	curator_escalation	curator escalation
PRJEB37378	SAMEA10303080	collection_date		2020-03-01	curator_escalation	curator escalation
PRJEB37378	SAMEA10303081	collection_date		2020-03-01	curator_escalation	curator escalation
PRJEB37378	SAMEA10303411	collection_date		2020-03-01	curator_escalation	curator escalation
PRJEB37378	SAMEA10303083	collection_date		2020-03-01	curator_escalation	curator escalation
PRJEB37378	SAMEA10303324	collection_date		2020-03-01	curator_escalation	curator escalation
PRJEB37378	SAMEA10303085	collection_date		2020-03-01	curator_escalation	curator escalation
PRJEB37378	SAMEA10303086	collection_date		2020-03-01	curator_escalation	curator escalation
PRJEB37378	SAMEA10303326	collection_date		2020-03-01	curator_escalation	curator escalation
PRJEB37378	SAMEA10303087	collection_date		2020-03-01	curator_escalation	curator escalation
PRJEB37378	SAMEA10303329	collection_date		2020-03-01	curator_escalation	curator escalation
PRJEB37378	SAMEA10303096	collection_date		2020-03-01	curator_escalation	curator escalation
PRJEB37378	SAMEA10303097	collection_date		2020-03-01	curator_escalation	curator escalation
PRJEB37378	SAMEA10303100	collection_date		2020-03-01	curator_escalation	curator escalation
PRJEB37378	SAMEA10303335	collection_date		2020-03-01	curator_escalation	curator escalation
PRJEB37378	SAMEA10303339	collection_date		2020-03-01	curator_escalation	curator escalation
PRJEB37378	SAMEA10303463	collection_date		2020-03-01	curator_escalation	curator escalation
PRJEB37378	SAMEA10303108	collection_date		2020-03-01	curator_escalation	curator escalation
PRJEB37378	SAMEA10303464	collection_date		2020-03-01	curator_escalation	curator escalation
PRJEB37378	SAMEA10303465	collection_date		2020-03-01	curator_escalation	curator escalation
PRJEB37378	SAMEA10303468	collection_date		2020-03-01	curator_escalation	curator escalation
PRJEB37378	SAMEA10303472	collection_date		2020-03-01	curator_escalation	curator escalation
PRJEB37378	SAMEA10303471	collection_date		2020-03-01	curator_escalation	curator escalation
PRJEB37378	SAMEA10634490	collection_date		2020-03-01	curator_escalation	curator escalation
PRJEB37378	SAMEA10634491	collection_date		2020-03-01	curator_escalation	curator escalation
PRJEB37378	SAMEA10634497	collection_date		2020-03-01	curator_escalation	curator escalation
PRJEB37378	SAMEA10417027	collection_date		2020-03-01	curator_escalation	curator escalation
PRJEB37378	SAMEA10417028	collection_date		2020-03-01	curator_escalation	curator escalation
PRJEB37378	SAMEA10417035	collection_date		2020-03-01	curator_escalation	curator escalation
PRJEB37378	SAMEA10417037	collection_date		2020-03-01	curator_escalation	curator escalation
PRJEB37378	SAMEA10417038	collection_date		2020-03-01	curator_escalation	curator escalation
PRJEB37378	SAMEA10417039	collection_date		2020-03-01	curator_escalation	curator escalation
PRJEB37378	SAMEA10417042	collection_date		2020-03-01	curator_escalation	curator escalation
PRJEB37378	SAMEA10417045	collection_date		2020-03-01	curator_escalation	curator escalation
PRJEB37378	SAMEA10417052	collection_date		2020-03-01	curator_escalation	curator escalation
PRJEB37378	SAMEA10417055	collection_date		2020-03-01	curator_escalation	curator escalation
PRJEB37378	SAMEA10417057	collection_date		2020-03-01	curator_escalation	curator escalation
PRJEB37378	SAMEA10417058	collection_date		2020-03-01	curator_escalation	curator escalation
PRJEB37378	SAMEA10417061	collection_date		2020-03-01	curator_escalation	curator escalation
PRJEB37378	SAMEA10417063	collection_date		2020-03-01	curator_escalation	curator escalation
PRJEB37378	SAMEA10417065	collection_date		2020-03-01	curator_escalation	curator escalation
PRJEB37378	SAMEA10417066	collection_date		2020-03-01	curator_escalation	curator escalation
PRJEB37378	SAMEA10417075	collection_date		2020-03-01	curator_escalation	curator escalation
PRJEB37378	SAMEA10417080	collection_date		2020-03-01	curator_escalation	curator escalation
PRJEB37378	SAMEA10417082	collection_date		2020-03-01	curator_escalation	curator escalation
PRJEB37378	SAMEA10417084	collection_date		2020-03-01	curator_escalation	curator escalation
PRJEB37378	SAMEA10634477	collection_date		2020-03-01	curator_escalation	curator escalation
PRJEB37378	SAMEA10634478	collection_date		2020-03-01	curator_escalation	curator escalation
PRJEB37378	SAMEA10634481	collection_date		2020-03-01	curator_escalation	curator escalation
PRJEB37378	SAMEA10634485	collection_date		2020-03-01	curator_escalation	curator escalation
PRJEB37378	SAMEA10634487	collection_date		2020-03-01	curator_escalation	curator escalation
PRJEB37378	SAMEA10634116	collection_date		2020-03-01	curator_escalation	curator escalation
PRJEB37378	SAMEA10634187	collection_date		2020-03-01	curator_escalation	curator escalation
PRJEB37378	SAMEA10634117	collection_date		2020-03-01	curator_escalation	curator escalation
PRJEB37378	SAMEA10634188	collection_date		2020-03-01	curator_escalation	curator escalation
PRJEB37378	SAMEA10634189	collection_date		2020-03-01	curator_escalation	curator escalation
PRJEB37378	SAMEA10634121	collection_date		2020-03-01	curator_escalation	curator escalation
PRJEB37378	SAMEA10634190	collection_date		2020-03-01	curator_escalation	curator escalation
PRJEB37378	SAMEA10634191	collection_date		2020-03-01	curator_escalation	curator escalation
PRJEB37378	SAMEA10634127	collection_date		2020-03-01	curator_escalation	curator escalation
PRJEB37378	SAMEA10634194	collection_date		2020-03-01	curator_escalation	curator escalation
PRJEB37378	SAMEA10634195	collection_date		2020-03-01	curator_escalation	curator escalation
PRJEB37378	SAMEA10634129	collection_date		2020-03-01	curator_escalation	curator escalation
PRJEB37378	SAMEA10634199	collection_date		2020-03-01	curator_escalation	curator escalation
PRJEB37378	SAMEA10634134	collection_date		2020-03-01	curator_escalation	curator escalation
PRJEB37378	SAMEA10634200	collection_date		2020-03-01	curator_escalation	curator escalation
PRJEB37378	SAMEA10634137	collection_date		2020-03-01	curator_escalation	curator escalation
PRJEB37378	SAMEA10634202	collection_date		2020-03-01	curator_escalation	curator escalation
PRJEB37378	SAMEA10634141	collection_date		2020-03-01	curator_escalation	curator escalation
PRJEB37378	SAMEA10634205	collection_date		2020-03-01	curator_escalation	curator escalation
PRJEB37378	SAMEA10634142	collection_date		2020-03-01	curator_escalation	curator escalation
PRJEB37378	SAMEA10634206	collection_date		2020-03-01	curator_escalation	curator escalation
PRJEB37378	SAMEA10634210	collection_date		2020-03-01	curator_escalation	curator escalation
PRJEB37378	SAMEA10634145	collection_date		2020-03-01	curator_escalation	curator escalation
PRJEB37378	SAMEA10634211	collection_date		2020-03-01	curator_escalation	curator escalation
PRJEB37378	SAMEA10634212	collection_date		2020-03-01	curator_escalation	curator escalation
PRJEB37378	SAMEA10634154	collection_date		2020-03-01	curator_escalation	curator escalation
PRJEB37378	SAMEA10634217	collection_date		2020-03-01	curator_escalation	curator escalation
PRJEB37378	SAMEA10634159	collection_date		2020-03-01	curator_escalation	curator escalation
PRJEB37378	SAMEA10634164	collection_date		2020-03-01	curator_escalation	curator escalation
PRJEB37378	SAMEA10634228	collection_date		2020-03-01	curator_escalation	curator escalation
PRJEB37378	SAMEA10634229	collection_date		2020-03-01	curator_escalation	curator escalation
PRJEB37378	SAMEA10634232	collection_date		2020-03-01	curator_escalation	curator escalation
PRJEB37378	SAMEA10634171	collection_date		2020-03-01	curator_escalation	curator escalation
PRJEB37378	SAMEA10634234	collection_date		2020-03-01	curator_escalation	curator escalation
PRJEB37378	SAMEA10634173	collection_date		2020-03-01	curator_escalation	curator escalation
PRJEB37378	SAMEA10634174	collection_date		2020-03-01	curator_escalation	curator escalation
PRJEB37378	SAMEA10634175	collection_date		2020-03-01	curator_escalation	curator escalation
PRJEB37378	SAMEA10634282	collection_date		2020-03-01	curator_escalation	curator escalation
PRJEB37378	SAMEA10634287	collection_date		2020-03-01	curator_escalation	curator escalation
PRJEB37378	SAMEA10634289	collection_date		2020-03-01	curator_escalation	curator escalation
PRJEB37378	SAMEA10634292	collection_date		2020-03-01	curator_escalation	curator escalation
PRJEB37378	SAMEA10634293	collection_date		2020-03-01	curator_escalation	curator escalation
PRJEB37378	SAMEA10634297	collection_date		2020-03-01	curator_escalation	curator escalation
PRJEB37378	SAMEA10634296	collection_date		2020-03-01	curator_escalation	curator escalation
PRJEB37378	SAMEA10634298	collection_date		2020-03-01	curator_escalation	curator escalation
PRJEB37378	SAMEA10634089	collection_date		2020-03-01	curator_escalation	curator escalation
PRJEB37378	SAMEA10634307	collection_date		2020-03-01	curator_escalation	curator escalation
PRJEB37378	SAMEA10634093	collection_date		2020-03-01	curator_escalation	curator escalation
PRJEB37378	SAMEA10634312	collection_date		2020-03-01	curator_escalation	curator escalation
PRJEB37378	SAMEA10634099	collection_date		2020-03-01	curator_escalation	curator escalation
PRJEB37378	SAMEA10634101	collection_date		2020-03-01	curator_escalation	curator escalation
PRJEB37378	SAMEA10634104	collection_date		2020-03-01	curator_escalation	curator escalation
PRJEB37378	SAMEA10634176	collection_date		2020-03-01	curator_escalation	curator escalation
PRJEB37378	SAMEA10634107	collection_date		2020-03-01	curator_escalation	curator escalation
PRJEB37378	SAMEA10634179	collection_date		2020-03-01	curator_escalation	curator escalation
PRJEB37378	SAMEA10634181	collection_date		2020-03-01	curator_escalation	curator escalation
PRJEB37378	SAMEA10634112	collection_date		2020-03-01	curator_escalation	curator escalation
PRJEB37378	SAMEA10634184	collection_date		2020-03-01	curator_escalation	curator escalation
PRJEB37378	SAMEA10634118	collection_date		2020-03-01	curator_escalation	curator escalation
PRJEB37378	SAMEA10302317	collection_date		2020-03-01	curator_escalation	curator escalation
PRJEB37378	SAMEA10302371	collection_date		2020-03-01	curator_escalation	curator escalation
PRJEB37378	SAMEA10302323	collection_date		2020-03-01	curator_escalation	curator escalation
PRJEB37378	SAMEA10302325	collection_date		2020-03-01	curator_escalation	curator escalation
PRJEB37378	SAMEA10302377	collection_date		2020-03-01	curator_escalation	curator escalation
PRJEB37378	SAMEA10302328	collection_date		2020-03-01	curator_escalation	curator escalation
PRJEB37378	SAMEA10302381	collection_date		2020-03-01	curator_escalation	curator escalation
PRJEB37378	SAMEA10302382	collection_date		2020-03-01	curator_escalation	curator escalation
PRJEB37378	SAMEA10302331	collection_date		2020-03-01	curator_escalation	curator escalation
PRJEB37378	SAMEA10302385	collection_date		2020-03-01	curator_escalation	curator escalation
PRJEB37378	SAMEA10302334	collection_date		2020-03-01	curator_escalation	curator escalation
PRJEB37378	SAMEA10302335	collection_date		2020-03-01	curator_escalation	curator escalation
PRJEB37378	SAMEA10302388	collection_date		2020-03-01	curator_escalation	curator escalation
PRJEB37378	SAMEA10302389	collection_date		2020-03-01	curator_escalation	curator escalation
PRJEB37378	SAMEA10302340	collection_date		2020-03-01	curator_escalation	curator escalation
PRJEB37378	SAMEA10302390	collection_date		2020-03-01	curator_escalation	curator escalation
PRJEB37378	SAMEA10302339	collection_date		2020-03-01	curator_escalation	curator escalation
PRJEB37378	SAMEA10302391	collection_date		2020-03-01	curator_escalation	curator escalation
PRJEB37378	SAMEA10302341	collection_date		2020-03-01	curator_escalation	curator escalation
PRJEB37378	SAMEA10302392	collection_date		2020-03-01	curator_escalation	curator escalation
PRJEB37378	SAMEA10302397	collection_date		2020-03-01	curator_escalation	curator escalation
PRJEB37378	SAMEA10302398	collection_date		2020-03-01	curator_escalation	curator escalation
PRJEB37378	SAMEA10302347	collection_date		2020-03-01	curator_escalation	curator escalation
PRJEB37378	SAMEA10302400	collection_date		2020-03-01	curator_escalation	curator escalation
PRJEB37378	SAMEA10302349	collection_date		2020-03-01	curator_escalation	curator escalation
PRJEB37378	SAMEA10302352	collection_date		2020-03-01	curator_escalation	curator escalation
PRJEB37378	SAMEA10302405	collection_date		2020-03-01	curator_escalation	curator escalation
PRJEB37378	SAMEA10302355	collection_date		2020-03-01	curator_escalation	curator escalation
PRJEB37378	SAMEA10302362	collection_date		2020-03-01	curator_escalation	curator escalation
PRJEB37378	SAMEA10302365	collection_date		2020-03-01	curator_escalation	curator escalation
PRJEB37378	SAMEA10302138	collection_date		2020-03-01	curator_escalation	curator escalation
PRJEB37378	SAMEA10302141	collection_date		2020-03-01	curator_escalation	curator escalation
PRJEB37378	SAMEA10302142	collection_date		2020-03-01	curator_escalation	curator escalation
PRJEB37378	SAMEA10302427	collection_date		2020-03-01	curator_escalation	curator escalation
PRJEB37378	SAMEA10302146	collection_date		2020-03-01	curator_escalation	curator escalation
PRJEB37378	SAMEA10302433	collection_date		2020-03-01	curator_escalation	curator escalation
PRJEB37378	SAMEA10302152	collection_date		2020-03-01	curator_escalation	curator escalation
PRJEB37378	SAMEA10302155	collection_date		2020-03-01	curator_escalation	curator escalation
PRJEB37378	SAMEA10302436	collection_date		2020-03-01	curator_escalation	curator escalation
PRJEB37378	SAMEA10302437	collection_date		2020-03-01	curator_escalation	curator escalation
PRJEB37378	SAMEA10302438	collection_date		2020-03-01	curator_escalation	curator escalation
PRJEB37378	SAMEA10302153	collection_date		2020-03-01	curator_escalation	curator escalation
PRJEB37378	SAMEA10302439	collection_date		2020-03-01	curator_escalation	curator escalation
PRJEB37378	SAMEA10302440	collection_date		2020-03-01	curator_escalation	curator escalation
PRJEB37378	SAMEA10302157	collection_date		2020-03-01	curator_escalation	curator escalation
PRJEB37378	SAMEA10302158	collection_date		2020-03-01	curator_escalation	curator escalation
PRJEB37378	SAMEA10302442	collection_date		2020-03-01	curator_escalation	curator escalation
PRJEB37378	SAMEA10302159	collection_date		2020-03-01	curator_escalation	curator escalation
PRJEB37378	SAMEA10302443	collection_date		2020-03-01	curator_escalation	curator escalation
PRJEB37378	SAMEA10302160	collection_date		2020-03-01	curator_escalation	curator escalation
PRJEB37378	SAMEA10302161	collection_date		2020-03-01	curator_escalation	curator escalation
PRJEB37378	SAMEA10302162	collection_date		2020-03-01	curator_escalation	curator escalation
PRJEB37378	SAMEA10302166	collection_date		2020-03-01	curator_escalation	curator escalation
PRJEB37378	SAMEA10302172	collection_date		2020-03-01	curator_escalation	curator escalation
PRJEB37378	SAMEA10302174	collection_date		2020-03-01	curator_escalation	curator escalation
PRJEB37378	SAMEA10302183	collection_date		2020-03-01	curator_escalation	curator escalation
PRJEB37378	SAMEA10302194	collection_date		2020-03-01	curator_escalation	curator escalation
PRJEB37378	SAMEA10303417	collection_date		2020-03-01	curator_escalation	curator escalation
PRJEB37378	SAMEA10302875	collection_date		2020-03-01	curator_escalation	curator escalation
PRJEB37378	SAMEA10302878	collection_date		2020-03-01	curator_escalation	curator escalation
PRJEB37378	SAMEA10302882	collection_date		2020-03-01	curator_escalation	curator escalation
PRJEB37378	SAMEA10302888	collection_date		2020-03-01	curator_escalation	curator escalation
PRJEB37378	SAMEA10302887	collection_date		2020-03-01	curator_escalation	curator escalation
PRJEB37378	SAMEA10303430	collection_date		2020-03-01	curator_escalation	curator escalation
PRJEB37378	SAMEA10302546	collection_date		2020-03-01	curator_escalation	curator escalation
PRJEB37378	SAMEA10302574	collection_date		2020-03-01	curator_escalation	curator escalation
PRJEB37378	SAMEA10302583	collection_date		2020-03-01	curator_escalation	curator escalation
PRJEB37378	SAMEA10302587	collection_date		2020-03-01	curator_escalation	curator escalation
PRJEB37378	SAMEA10302658	collection_date		2020-03-01	curator_escalation	curator escalation
PRJEB37378	SAMEA10303438	collection_date		2020-03-01	curator_escalation	curator escalation
PRJEB37378	SAMEA10302906	collection_date		2020-03-01	curator_escalation	curator escalation
PRJEB37378	SAMEA10302665	collection_date		2020-03-01	curator_escalation	curator escalation
PRJEB37378	SAMEA10303443	collection_date		2020-03-01	curator_escalation	curator escalation
PRJEB37378	SAMEA10302913	collection_date		2020-03-01	curator_escalation	curator escalation
PRJEB37378	SAMEA10302914	collection_date		2020-03-01	curator_escalation	curator escalation
PRJEB37378	SAMEA10303446	collection_date		2020-03-01	curator_escalation	curator escalation
PRJEB37378	SAMEA10302669	collection_date		2020-03-01	curator_escalation	curator escalation
PRJEB37378	SAMEA10302670	collection_date		2020-03-01	curator_escalation	curator escalation
PRJEB37378	SAMEA10302920	collection_date		2020-03-01	curator_escalation	curator escalation
PRJEB37378	SAMEA10302674	collection_date		2020-03-01	curator_escalation	curator escalation
PRJEB37378	SAMEA10303452	collection_date		2020-03-01	curator_escalation	curator escalation
PRJEB37378	SAMEA10302677	collection_date		2020-03-01	curator_escalation	curator escalation
PRJEB37378	SAMEA10303455	collection_date		2020-03-01	curator_escalation	curator escalation
PRJEB37378	SAMEA10302782	collection_date		2020-03-01	curator_escalation	curator escalation
PRJEB37378	SAMEA10303456	collection_date		2020-03-01	curator_escalation	curator escalation
PRJEB37378	SAMEA10303457	collection_date		2020-03-01	curator_escalation	curator escalation
PRJEB37378	SAMEA10302790	collection_date		2020-03-01	curator_escalation	curator escalation
PRJEB37378	SAMEA10302811	collection_date		2020-03-01	curator_escalation	curator escalation
PRJEB37378	SAMEA10302822	collection_date		2020-03-01	curator_escalation	curator escalation
PRJEB37378	SAMEA10302714	collection_date		2020-03-01	curator_escalation	curator escalation
PRJEB37378	SAMEA10302715	collection_date		2020-03-01	curator_escalation	curator escalation
PRJEB37378	SAMEA10302837	collection_date		2020-03-01	curator_escalation	curator escalation
PRJEB37378	SAMEA10302854	collection_date		2020-03-01	curator_escalation	curator escalation
PRJEB37378	SAMEA10302863	collection_date		2020-03-01	curator_escalation	curator escalation
PRJEB37378	SAMEA10303481	collection_date		2020-03-01	curator_escalation	curator escalation
PRJEB37378	SAMEA10303482	collection_date		2020-03-01	curator_escalation	curator escalation
PRJEB37378	SAMEA10302723	collection_date		2020-03-01	curator_escalation	curator escalation
PRJEB37378	SAMEA10302950	collection_date		2020-03-01	curator_escalation	curator escalation
PRJEB37378	SAMEA10302951	collection_date		2020-03-01	curator_escalation	curator escalation
PRJEB37378	SAMEA10302727	collection_date		2020-03-01	curator_escalation	curator escalation
PRJEB37378	SAMEA10303191	collection_date		2020-03-01	curator_escalation	curator escalation
PRJEB37378	SAMEA10303099	collection_date		2020-03-01	curator_escalation	curator escalation
PRJEB37378	SAMEA10303102	collection_date		2020-03-01	curator_escalation	curator escalation
PRJEB37378	SAMEA10303103	collection_date		2020-03-01	curator_escalation	curator escalation
PRJEB37378	SAMEA10302742	collection_date		2020-03-01	curator_escalation	curator escalation
PRJEB37378	SAMEA10302743	collection_date		2020-03-01	curator_escalation	curator escalation
PRJEB37378	SAMEA10302745	collection_date		2020-03-01	curator_escalation	curator escalation
PRJEB37378	SAMEA10302758	collection_date		2020-03-01	curator_escalation	curator escalation
PRJEB37378	SAMEA10302757	collection_date		2020-03-01	curator_escalation	curator escalation
PRJEB37378	SAMEA10302759	collection_date		2020-03-01	curator_escalation	curator escalation
PRJEB37378	SAMEA10302762	collection_date		2020-03-01	curator_escalation	curator escalation
PRJEB37378	SAMEA10302761	collection_date		2020-03-01	curator_escalation	curator escalation
PRJEB37378	SAMEA10302767	collection_date		2020-03-01	curator_escalation	curator escalation
PRJEB37378	SAMEA10302768	collection_date		2020-03-01	curator_escalation	curator escalation
PRJEB37378	SAMEA10302770	collection_date		2020-03-01	curator_escalation	curator escalation
PRJEB37378	SAMEA10302771	collection_date		2020-03-01	curator_escalation	curator escalation
PRJEB37378	SAMEA10302773	collection_date		2020-03-01	curator_escalation	curator escalation
PRJEB37378	SAMEA10302871	collection_date		2020-03-01	curator_escalation	curator escalation
PRJEB37378	SAMEA10303423	collection_date		2020-03-01	curator_escalation	curator escalation
PRJEB37378	SAMEA10303421	collection_date		2020-03-01	curator_escalation	curator escalation
PRJEB37378	SAMEA10302876	collection_date		2020-03-01	curator_escalation	curator escalation
PRJEB37378	SAMEA10302886	collection_date		2020-03-01	curator_escalation	curator escalation
PRJEB37378	SAMEA10302537	collection_date		2020-03-01	curator_escalation	curator escalation
PRJEB37378	SAMEA10302890	collection_date		2020-03-01	curator_escalation	curator escalation
PRJEB37378	SAMEA10302892	collection_date		2020-03-01	curator_escalation	curator escalation
PRJEB37378	SAMEA10302582	collection_date		2020-03-01	curator_escalation	curator escalation
PRJEB37378	SAMEA10303434	collection_date		2020-03-01	curator_escalation	curator escalation
PRJEB37378	SAMEA10303435	collection_date		2020-03-01	curator_escalation	curator escalation
PRJEB37378	SAMEA10302899	collection_date		2020-03-01	curator_escalation	curator escalation
PRJEB37378	SAMEA10302902	collection_date		2020-03-01	curator_escalation	curator escalation
PRJEB37378	SAMEA10303437	collection_date		2020-03-01	curator_escalation	curator escalation
PRJEB37378	SAMEA10303439	collection_date		2020-03-01	curator_escalation	curator escalation
PRJEB37378	SAMEA10302659	collection_date		2020-03-01	curator_escalation	curator escalation
PRJEB37378	SAMEA10302908	collection_date		2020-03-01	curator_escalation	curator escalation
PRJEB37378	SAMEA10303440	collection_date		2020-03-01	curator_escalation	curator escalation
PRJEB37378	SAMEA10302662	collection_date		2020-03-01	curator_escalation	curator escalation
PRJEB37378	SAMEA10302910	collection_date		2020-03-01	curator_escalation	curator escalation
PRJEB37378	SAMEA10302912	collection_date		2020-03-01	curator_escalation	curator escalation
PRJEB37378	SAMEA10302667	collection_date		2020-03-01	curator_escalation	curator escalation
PRJEB37378	SAMEA10303444	collection_date		2020-03-01	curator_escalation	curator escalation
PRJEB37378	SAMEA10302919	collection_date		2020-03-01	curator_escalation	curator escalation
PRJEB37378	SAMEA10303448	collection_date		2020-03-01	curator_escalation	curator escalation
PRJEB37378	SAMEA10303449	collection_date		2020-03-01	curator_escalation	curator escalation
PRJEB37378	SAMEA10302675	collection_date		2020-03-01	curator_escalation	curator escalation
PRJEB37378	SAMEA10302922	collection_date		2020-03-01	curator_escalation	curator escalation
PRJEB37378	SAMEA10303450	collection_date		2020-03-01	curator_escalation	curator escalation
PRJEB37378	SAMEA10302673	collection_date		2020-03-01	curator_escalation	curator escalation
PRJEB37378	SAMEA10303451	collection_date		2020-03-01	curator_escalation	curator escalation
PRJEB37378	SAMEA10303453	collection_date		2020-03-01	curator_escalation	curator escalation
PRJEB37378	SAMEA10302780	collection_date		2020-03-01	curator_escalation	curator escalation
PRJEB37378	SAMEA10303454	collection_date		2020-03-01	curator_escalation	curator escalation
PRJEB37378	SAMEA10302781	collection_date		2020-03-01	curator_escalation	curator escalation
PRJEB37378	SAMEA10302681	collection_date		2020-03-01	curator_escalation	curator escalation
PRJEB37378	SAMEA10302787	collection_date		2020-03-01	curator_escalation	curator escalation
PRJEB37378	SAMEA10303458	collection_date		2020-03-01	curator_escalation	curator escalation
PRJEB37378	SAMEA10302792	collection_date		2020-03-01	curator_escalation	curator escalation
PRJEB37378	SAMEA10302707	collection_date		2020-03-01	curator_escalation	curator escalation
PRJEB37378	SAMEA10303459	collection_date		2020-03-01	curator_escalation	curator escalation
PRJEB37378	SAMEA10302800	collection_date		2020-03-01	curator_escalation	curator escalation
PRJEB37378	SAMEA10302712	collection_date		2020-03-01	curator_escalation	curator escalation
PRJEB37378	SAMEA10303462	collection_date		2020-03-01	curator_escalation	curator escalation
PRJEB37378	SAMEA10302816	collection_date		2020-03-01	curator_escalation	curator escalation
PRJEB37378	SAMEA10302713	collection_date		2020-03-01	curator_escalation	curator escalation
PRJEB37378	SAMEA10303475	collection_date		2020-03-01	curator_escalation	curator escalation
PRJEB37378	SAMEA10302835	collection_date		2020-03-01	curator_escalation	curator escalation
PRJEB37378	SAMEA10303476	collection_date		2020-03-01	curator_escalation	curator escalation
PRJEB37378	SAMEA10302717	collection_date		2020-03-01	curator_escalation	curator escalation
PRJEB37378	SAMEA10303477	collection_date		2020-03-01	curator_escalation	curator escalation
PRJEB37378	SAMEA10302718	collection_date		2020-03-01	curator_escalation	curator escalation
PRJEB37378	SAMEA10302719	collection_date		2020-03-01	curator_escalation	curator escalation
PRJEB37378	SAMEA10303479	collection_date		2020-03-01	curator_escalation	curator escalation
PRJEB37378	SAMEA10302722	collection_date		2020-03-01	curator_escalation	curator escalation
PRJEB37378	SAMEA10303484	collection_date		2020-03-01	curator_escalation	curator escalation
PRJEB37378	SAMEA10302726	collection_date		2020-03-01	curator_escalation	curator escalation
PRJEB37378	SAMEA10303050	collection_date		2020-03-01	curator_escalation	curator escalation
PRJEB37378	SAMEA10303173	collection_date		2020-03-01	curator_escalation	curator escalation
PRJEB37378	SAMEA10302735	collection_date		2020-03-01	curator_escalation	curator escalation
PRJEB37378	SAMEA10303093	collection_date		2020-03-01	curator_escalation	curator escalation
PRJEB37378	SAMEA10303098	collection_date		2020-03-01	curator_escalation	curator escalation
PRJEB37378	SAMEA10302738	collection_date		2020-03-01	curator_escalation	curator escalation
PRJEB37378	SAMEA10302740	collection_date		2020-03-01	curator_escalation	curator escalation
PRJEB37378	SAMEA10303105	collection_date		2020-03-01	curator_escalation	curator escalation
PRJEB37378	SAMEA10303107	collection_date		2020-03-01	curator_escalation	curator escalation
PRJEB37378	SAMEA10302746	collection_date		2020-03-01	curator_escalation	curator escalation
PRJEB37378	SAMEA10302753	collection_date		2020-03-01	curator_escalation	curator escalation
PRJEB37378	SAMEA10302755	collection_date		2020-03-01	curator_escalation	curator escalation
PRJEB37378	SAMEA10302760	collection_date		2020-03-01	curator_escalation	curator escalation
PRJEB37378	SAMEA10302763	collection_date		2020-03-01	curator_escalation	curator escalation
PRJEB37378	SAMEA10302769	collection_date		2020-03-01	curator_escalation	curator escalation
PRJEB37378	SAMEA10302772	collection_date		2020-03-01	curator_escalation	curator escalation
PRJEB37378	SAMEA10634087	collection_date		2020-03-01	curator_escalation	curator escalation
PRJEB37378	SAMEA10634115	collection_date		2020-03-01	curator_escalation	curator escalation
PRJEB37378	SAMEA10634160	collection_date		2020-03-01	curator_escalation	curator escalation
PRJEB37378	SAMEA10634283	collection_date		2020-03-01	curator_escalation	curator escalation
PRJEB37378	SAMEA12109282	collection_date		2020-03-01	curator_escalation	curator escalation
PRJEB37378	SAMEA12109187	collection_date		2020-03-01	curator_escalation	curator escalation
PRJEB37378	SAMEA12109284	collection_date		2020-03-01	curator_escalation	curator escalation
PRJEB37378	SAMEA12109186	collection_date		2020-03-01	curator_escalation	curator escalation
PRJEB37378	SAMEA12109285	collection_date		2020-03-01	curator_escalation	curator escalation
PRJEB37378	SAMEA12109188	collection_date		2020-03-01	curator_escalation	curator escalation
PRJEB37378	SAMEA12109376	collection_date		2020-03-01	curator_escalation	curator escalation
PRJEB37378	SAMEA12109190	collection_date		2020-03-01	curator_escalation	curator escalation
PRJEB37378	SAMEA12109191	collection_date		2020-03-01	curator_escalation	curator escalation
PRJEB37378	SAMEA12109193	collection_date		2020-03-01	curator_escalation	curator escalation
PRJEB37378	SAMEA12109292	collection_date		2020-03-01	curator_escalation	curator escalation
PRJEB37378	SAMEA12109197	collection_date		2020-03-01	curator_escalation	curator escalation
PRJEB37378	SAMEA12109198	collection_date		2020-03-01	curator_escalation	curator escalation
PRJEB37378	SAMEA12109301	collection_date		2020-03-01	curator_escalation	curator escalation
PRJEB37378	SAMEA12109206	collection_date		2020-03-01	curator_escalation	curator escalation
PRJEB37378	SAMEA12109207	collection_date		2020-03-01	curator_escalation	curator escalation
PRJEB37378	SAMEA12109208	collection_date		2020-03-01	curator_escalation	curator escalation
PRJEB37378	SAMEA12109416	collection_date		2020-03-01	curator_escalation	curator escalation
PRJEB37378	SAMEA12109420	collection_date		2020-03-01	curator_escalation	curator escalation
PRJEB37378	SAMEA12109213	collection_date		2020-03-01	curator_escalation	curator escalation
PRJEB37378	SAMEA12109318	collection_date		2020-03-01	curator_escalation	curator escalation
PRJEB37378	SAMEA12109424	collection_date		2020-03-01	curator_escalation	curator escalation
PRJEB37378	SAMEA12109425	collection_date		2020-03-01	curator_escalation	curator escalation
PRJEB37378	SAMEA12109324	collection_date		2020-03-01	curator_escalation	curator escalation
PRJEB37378	SAMEA12109218	collection_date		2020-03-01	curator_escalation	curator escalation
PRJEB37378	SAMEA12109224	collection_date		2020-03-01	curator_escalation	curator escalation
PRJEB37378	SAMEA12109432	collection_date		2020-03-01	curator_escalation	curator escalation
PRJEB37378	SAMEA12109389	collection_date		2020-03-01	curator_escalation	curator escalation
PRJEB37378	SAMEA12109435	collection_date		2020-03-01	curator_escalation	curator escalation
PRJEB37378	SAMEA12109227	collection_date		2020-03-01	curator_escalation	curator escalation
PRJEB37378	SAMEA12109228	collection_date		2020-03-01	curator_escalation	curator escalation
PRJEB37378	SAMEA12109438	collection_date		2020-03-01	curator_escalation	curator escalation
PRJEB37378	SAMEA12109390	collection_date		2020-03-01	curator_escalation	curator escalation
PRJEB37378	SAMEA12109391	collection_date		2020-03-01	curator_escalation	curator escalation
PRJEB37378	SAMEA12109232	collection_date		2020-03-01	curator_escalation	curator escalation
PRJEB37378	SAMEA12109444	collection_date		2020-03-01	curator_escalation	curator escalation
PRJEB37378	SAMEA12109448	collection_date		2020-03-01	curator_escalation	curator escalation
PRJEB37378	SAMEA12109449	collection_date		2020-03-01	curator_escalation	curator escalation
PRJEB37378	SAMEA12109454	collection_date		2020-03-01	curator_escalation	curator escalation
PRJEB37378	SAMEA12109451	collection_date		2020-03-01	curator_escalation	curator escalation
PRJEB37378	SAMEA12109249	collection_date		2020-03-01	curator_escalation	curator escalation
PRJEB37378	SAMEA12109458	collection_date		2020-03-01	curator_escalation	curator escalation
PRJEB37378	SAMEA12109267	collection_date		2020-03-01	curator_escalation	curator escalation
PRJEB37378	SAMEA12109255	collection_date		2020-03-01	curator_escalation	curator escalation
PRJEB37378	SAMEA12109257	collection_date		2020-03-01	curator_escalation	curator escalation
PRJEB37378	SAMEA12109256	collection_date		2020-03-01	curator_escalation	curator escalation
PRJEB37378	SAMEA12109310	collection_date		2020-03-01	curator_escalation	curator escalation
PRJEB37378	SAMEA12109258	collection_date		2020-03-01	curator_escalation	curator escalation
PRJEB37378	SAMEA12109262	collection_date		2020-03-01	curator_escalation	curator escalation
PRJEB37378	SAMEA12109351	collection_date		2020-03-01	curator_escalation	curator escalation
PRJEB37378	SAMEA12109263	collection_date		2020-03-01	curator_escalation	curator escalation
PRJEB37378	SAMEA12109407	collection_date		2020-03-01	curator_escalation	curator escalation
PRJEB37378	SAMEA12109270	collection_date		2020-03-01	curator_escalation	curator escalation
PRJEB37378	SAMEA12109271	collection_date		2020-03-01	curator_escalation	curator escalation
PRJEB37378	SAMEA12109422	collection_date		2020-03-01	curator_escalation	curator escalation
PRJEB37378	SAMEA12109359	collection_date		2020-03-01	curator_escalation	curator escalation
PRJEB37378	SAMEA12109439	collection_date		2020-03-01	curator_escalation	curator escalation
PRJEB37378	SAMEA12109274	collection_date		2020-03-01	curator_escalation	curator escalation
PRJEB37378	SAMEA12109276	collection_date		2020-03-01	curator_escalation	curator escalation
PRJEB37378	SAMEA12109279	collection_date		2020-03-01	curator_escalation	curator escalation
PRJEB37378	SAMEA10302797	collection_date		2020-03-01	curator_escalation	curator escalation
PRJEB37378	SAMEA10302575	collection_date		2020-03-01	curator_escalation	curator escalation
PRJEB37378	SAMEA10302445	collection_date		2020-03-01	curator_escalation	curator escalation
PRJEB37378	SAMEA10302798	collection_date		2020-03-01	curator_escalation	curator escalation
PRJEB37378	SAMEA10302577	collection_date		2020-03-01	curator_escalation	curator escalation
PRJEB37378	SAMEA10302578	collection_date		2020-03-01	curator_escalation	curator escalation
PRJEB37378	SAMEA10302801	collection_date		2020-03-01	curator_escalation	curator escalation
PRJEB37378	SAMEA10302580	collection_date		2020-03-01	curator_escalation	curator escalation
PRJEB37378	SAMEA10302452	collection_date		2020-03-01	curator_escalation	curator escalation
PRJEB37378	SAMEA10302806	collection_date		2020-03-01	curator_escalation	curator escalation
PRJEB37378	SAMEA10302807	collection_date		2020-03-01	curator_escalation	curator escalation
PRJEB37378	SAMEA10302589	collection_date		2020-03-01	curator_escalation	curator escalation
PRJEB37378	SAMEA10302808	collection_date		2020-03-01	curator_escalation	curator escalation
PRJEB37378	SAMEA10302654	collection_date		2020-03-01	curator_escalation	curator escalation
PRJEB37378	SAMEA10302655	collection_date		2020-03-01	curator_escalation	curator escalation
PRJEB37378	SAMEA10302456	collection_date		2020-03-01	curator_escalation	curator escalation
PRJEB37378	SAMEA10302810	collection_date		2020-03-01	curator_escalation	curator escalation
PRJEB37378	SAMEA10302812	collection_date		2020-03-01	curator_escalation	curator escalation
PRJEB37378	SAMEA10302663	collection_date		2020-03-01	curator_escalation	curator escalation
PRJEB37378	SAMEA10302461	collection_date		2020-03-01	curator_escalation	curator escalation
PRJEB37378	SAMEA10302815	collection_date		2020-03-01	curator_escalation	curator escalation
PRJEB37378	SAMEA10302676	collection_date		2020-03-01	curator_escalation	curator escalation
PRJEB37378	SAMEA10302464	collection_date		2020-03-01	curator_escalation	curator escalation
PRJEB37378	SAMEA10302818	collection_date		2020-03-01	curator_escalation	curator escalation
PRJEB37378	SAMEA10302463	collection_date		2020-03-01	curator_escalation	curator escalation
PRJEB37378	SAMEA10302819	collection_date		2020-03-01	curator_escalation	curator escalation
PRJEB37378	SAMEA10302682	collection_date		2020-03-01	curator_escalation	curator escalation
PRJEB37378	SAMEA10302820	collection_date		2020-03-01	curator_escalation	curator escalation
PRJEB37378	SAMEA10302683	collection_date		2020-03-01	curator_escalation	curator escalation
PRJEB37378	SAMEA10302821	collection_date		2020-03-01	curator_escalation	curator escalation
PRJEB37378	SAMEA10302467	collection_date		2020-03-01	curator_escalation	curator escalation
PRJEB37378	SAMEA10302637	collection_date		2020-03-01	curator_escalation	curator escalation
PRJEB37378	SAMEA10302468	collection_date		2020-03-01	curator_escalation	curator escalation
PRJEB37378	SAMEA10302639	collection_date		2020-03-01	curator_escalation	curator escalation
PRJEB37378	SAMEA10302827	collection_date		2020-03-01	curator_escalation	curator escalation
PRJEB37378	SAMEA10302829	collection_date		2020-03-01	curator_escalation	curator escalation
PRJEB37378	SAMEA10302689	collection_date		2020-03-01	curator_escalation	curator escalation
PRJEB37378	SAMEA10302472	collection_date		2020-03-01	curator_escalation	curator escalation
PRJEB37378	SAMEA10302644	collection_date		2020-03-01	curator_escalation	curator escalation
PRJEB37378	SAMEA10302641	collection_date		2020-03-01	curator_escalation	curator escalation
PRJEB37378	SAMEA10302834	collection_date		2020-03-01	curator_escalation	curator escalation
PRJEB37378	SAMEA10302646	collection_date		2020-03-01	curator_escalation	curator escalation
PRJEB37378	SAMEA10302477	collection_date		2020-03-01	curator_escalation	curator escalation
PRJEB37378	SAMEA10302696	collection_date		2020-03-01	curator_escalation	curator escalation
PRJEB37378	SAMEA10302647	collection_date		2020-03-01	curator_escalation	curator escalation
PRJEB37378	SAMEA10302697	collection_date		2020-03-01	curator_escalation	curator escalation
PRJEB37378	SAMEA10302698	collection_date		2020-03-01	curator_escalation	curator escalation
PRJEB37378	SAMEA10302483	collection_date		2020-03-01	curator_escalation	curator escalation
PRJEB37378	SAMEA10302702	collection_date		2020-03-01	curator_escalation	curator escalation
PRJEB37378	SAMEA10302844	collection_date		2020-03-01	curator_escalation	curator escalation
PRJEB37378	SAMEA10302484	collection_date		2020-03-01	curator_escalation	curator escalation
PRJEB37378	SAMEA10302517	collection_date		2020-03-01	curator_escalation	curator escalation
PRJEB37378	SAMEA10302704	collection_date		2020-03-01	curator_escalation	curator escalation
PRJEB37378	SAMEA10302485	collection_date		2020-03-01	curator_escalation	curator escalation
PRJEB37378	SAMEA10302488	collection_date		2020-03-01	curator_escalation	curator escalation
PRJEB37378	SAMEA10302849	collection_date		2020-03-01	curator_escalation	curator escalation
PRJEB37378	SAMEA10302720	collection_date		2020-03-01	curator_escalation	curator escalation
PRJEB37378	SAMEA10302521	collection_date		2020-03-01	curator_escalation	curator escalation
PRJEB37378	SAMEA10302850	collection_date		2020-03-01	curator_escalation	curator escalation
PRJEB37378	SAMEA10302522	collection_date		2020-03-01	curator_escalation	curator escalation
PRJEB37378	SAMEA10302493	collection_date		2020-03-01	curator_escalation	curator escalation
PRJEB37378	SAMEA10302492	collection_date		2020-03-01	curator_escalation	curator escalation
PRJEB37378	SAMEA10302733	collection_date		2020-03-01	curator_escalation	curator escalation
PRJEB37378	SAMEA10302853	collection_date		2020-03-01	curator_escalation	curator escalation
PRJEB37378	SAMEA10302734	collection_date		2020-03-01	curator_escalation	curator escalation
PRJEB37378	SAMEA10302856	collection_date		2020-03-01	curator_escalation	curator escalation
PRJEB37378	SAMEA10302739	collection_date		2020-03-01	curator_escalation	curator escalation
PRJEB37378	SAMEA10302526	collection_date		2020-03-01	curator_escalation	curator escalation
PRJEB37378	SAMEA10302495	collection_date		2020-03-01	curator_escalation	curator escalation
PRJEB37378	SAMEA10302527	collection_date		2020-03-01	curator_escalation	curator escalation
PRJEB37378	SAMEA10302496	collection_date		2020-03-01	curator_escalation	curator escalation
PRJEB37378	SAMEA10302528	collection_date		2020-03-01	curator_escalation	curator escalation
PRJEB37378	SAMEA10302864	collection_date		2020-03-01	curator_escalation	curator escalation
PRJEB37378	SAMEA10302860	collection_date		2020-03-01	curator_escalation	curator escalation
PRJEB37378	SAMEA10302865	collection_date		2020-03-01	curator_escalation	curator escalation
PRJEB37378	SAMEA10302499	collection_date		2020-03-01	curator_escalation	curator escalation
PRJEB37378	SAMEA10302500	collection_date		2020-03-01	curator_escalation	curator escalation
PRJEB37378	SAMEA10302501	collection_date		2020-03-01	curator_escalation	curator escalation
PRJEB37378	SAMEA10302867	collection_date		2020-03-01	curator_escalation	curator escalation
PRJEB37378	SAMEA10302870	collection_date		2020-03-01	curator_escalation	curator escalation
PRJEB37378	SAMEA10302536	collection_date		2020-03-01	curator_escalation	curator escalation
PRJEB37378	SAMEA10302505	collection_date		2020-03-01	curator_escalation	curator escalation
PRJEB37378	SAMEA10302507	collection_date		2020-03-01	curator_escalation	curator escalation
PRJEB37378	SAMEA10302508	collection_date		2020-03-01	curator_escalation	curator escalation
PRJEB37378	SAMEA10302510	collection_date		2020-03-01	curator_escalation	curator escalation
PRJEB37378	SAMEA10302542	collection_date		2020-03-01	curator_escalation	curator escalation
PRJEB37378	SAMEA10302932	collection_date		2020-03-01	curator_escalation	curator escalation
PRJEB37378	SAMEA10302934	collection_date		2020-03-01	curator_escalation	curator escalation
PRJEB37378	SAMEA10302544	collection_date		2020-03-01	curator_escalation	curator escalation
PRJEB37378	SAMEA10302885	collection_date		2020-03-01	curator_escalation	curator escalation
PRJEB37378	SAMEA10302545	collection_date		2020-03-01	curator_escalation	curator escalation
PRJEB37378	SAMEA10302937	collection_date		2020-03-01	curator_escalation	curator escalation
PRJEB37378	SAMEA10302938	collection_date		2020-03-01	curator_escalation	curator escalation
PRJEB37378	SAMEA10302896	collection_date		2020-03-01	curator_escalation	curator escalation
PRJEB37378	SAMEA10302548	collection_date		2020-03-01	curator_escalation	curator escalation
PRJEB37378	SAMEA10302897	collection_date		2020-03-01	curator_escalation	curator escalation
PRJEB37378	SAMEA10302549	collection_date		2020-03-01	curator_escalation	curator escalation
PRJEB37378	SAMEA10302940	collection_date		2020-03-01	curator_escalation	curator escalation
PRJEB37378	SAMEA10302942	collection_date		2020-03-01	curator_escalation	curator escalation
PRJEB37378	SAMEA10302592	collection_date		2020-03-01	curator_escalation	curator escalation
PRJEB37378	SAMEA10302904	collection_date		2020-03-01	curator_escalation	curator escalation
PRJEB37378	SAMEA10302553	collection_date		2020-03-01	curator_escalation	curator escalation
PRJEB37378	SAMEA10302905	collection_date		2020-03-01	curator_escalation	curator escalation
PRJEB37378	SAMEA10302556	collection_date		2020-03-01	curator_escalation	curator escalation
PRJEB37378	SAMEA10302557	collection_date		2020-03-01	curator_escalation	curator escalation
PRJEB37378	SAMEA10302599	collection_date		2020-03-01	curator_escalation	curator escalation
PRJEB37378	SAMEA10302559	collection_date		2020-03-01	curator_escalation	curator escalation
PRJEB37378	SAMEA10302558	collection_date		2020-03-01	curator_escalation	curator escalation
PRJEB37378	SAMEA10302560	collection_date		2020-03-01	curator_escalation	curator escalation
PRJEB37378	SAMEA10302918	collection_date		2020-03-01	curator_escalation	curator escalation
PRJEB37378	SAMEA10302775	collection_date		2020-03-01	curator_escalation	curator escalation
PRJEB37378	SAMEA10302603	collection_date		2020-03-01	curator_escalation	curator escalation
PRJEB37378	SAMEA10302602	collection_date		2020-03-01	curator_escalation	curator escalation
PRJEB37378	SAMEA10302604	collection_date		2020-03-01	curator_escalation	curator escalation
PRJEB37378	SAMEA10302564	collection_date		2020-03-01	curator_escalation	curator escalation
PRJEB37378	SAMEA10302606	collection_date		2020-03-01	curator_escalation	curator escalation
PRJEB37378	SAMEA10302568	collection_date		2020-03-01	curator_escalation	curator escalation
PRJEB37378	SAMEA10302571	collection_date		2020-03-01	curator_escalation	curator escalation
PRJEB37378	SAMEA10302796	collection_date		2020-03-01	curator_escalation	curator escalation
PRJEB37378	SAMEA10302943	collection_date		2020-03-01	curator_escalation	curator escalation
PRJEB37378	SAMEA10302945	collection_date		2020-03-01	curator_escalation	curator escalation
PRJEB37378	SAMEA10303345	collection_date		2020-03-01	curator_escalation	curator escalation
PRJEB37378	SAMEA10303347	collection_date		2020-03-01	curator_escalation	curator escalation
PRJEB37378	SAMEA10303348	collection_date		2020-03-01	curator_escalation	curator escalation
PRJEB37378	SAMEA10303047	collection_date		2020-03-01	curator_escalation	curator escalation
PRJEB37378	SAMEA10303350	collection_date		2020-03-01	curator_escalation	curator escalation
PRJEB37378	SAMEA10303355	collection_date		2020-03-01	curator_escalation	curator escalation
PRJEB37378	SAMEA10303053	collection_date		2020-03-01	curator_escalation	curator escalation
PRJEB37378	SAMEA10303055	collection_date		2020-03-01	curator_escalation	curator escalation
PRJEB37378	SAMEA10303054	collection_date		2020-03-01	curator_escalation	curator escalation
PRJEB37378	SAMEA10303057	collection_date		2020-03-01	curator_escalation	curator escalation
PRJEB37378	SAMEA10303058	collection_date		2020-03-01	curator_escalation	curator escalation
PRJEB37378	SAMEA10303061	collection_date		2020-03-01	curator_escalation	curator escalation
PRJEB37378	SAMEA10303063	collection_date		2020-03-01	curator_escalation	curator escalation
PRJEB37378	SAMEA10303367	collection_date		2020-03-01	curator_escalation	curator escalation
PRJEB37378	SAMEA10303365	collection_date		2020-03-01	curator_escalation	curator escalation
PRJEB37378	SAMEA10303064	collection_date		2020-03-01	curator_escalation	curator escalation
PRJEB37378	SAMEA10303366	collection_date		2020-03-01	curator_escalation	curator escalation
PRJEB37378	SAMEA10303370	collection_date		2020-03-01	curator_escalation	curator escalation
PRJEB37378	SAMEA10303172	collection_date		2020-03-01	curator_escalation	curator escalation
PRJEB37378	SAMEA10303374	collection_date		2020-03-01	curator_escalation	curator escalation
PRJEB37378	SAMEA10303378	collection_date		2020-03-01	curator_escalation	curator escalation
PRJEB37378	SAMEA10303293	collection_date		2020-03-01	curator_escalation	curator escalation
PRJEB37378	SAMEA10303181	collection_date		2020-03-01	curator_escalation	curator escalation
PRJEB37378	SAMEA10303295	collection_date		2020-03-01	curator_escalation	curator escalation
PRJEB37378	SAMEA10303382	collection_date		2020-03-01	curator_escalation	curator escalation
PRJEB37378	SAMEA10303182	collection_date		2020-03-01	curator_escalation	curator escalation
PRJEB37378	SAMEA10303383	collection_date		2020-03-01	curator_escalation	curator escalation
PRJEB37378	SAMEA10303384	collection_date		2020-03-01	curator_escalation	curator escalation
PRJEB37378	SAMEA10303186	collection_date		2020-03-01	curator_escalation	curator escalation
PRJEB37378	SAMEA10303299	collection_date		2020-03-01	curator_escalation	curator escalation
PRJEB37378	SAMEA10303300	collection_date		2020-03-01	curator_escalation	curator escalation
PRJEB37378	SAMEA10303389	collection_date		2020-03-01	curator_escalation	curator escalation
PRJEB37378	SAMEA10303387	collection_date		2020-03-01	curator_escalation	curator escalation
PRJEB37378	SAMEA10303391	collection_date		2020-03-01	curator_escalation	curator escalation
PRJEB37378	SAMEA10303304	collection_date		2020-03-01	curator_escalation	curator escalation
PRJEB37378	SAMEA10303305	collection_date		2020-03-01	curator_escalation	curator escalation
PRJEB37378	SAMEA10303066	collection_date		2020-03-01	curator_escalation	curator escalation
PRJEB37378	SAMEA10303393	collection_date		2020-03-01	curator_escalation	curator escalation
PRJEB37378	SAMEA10303306	collection_date		2020-03-01	curator_escalation	curator escalation
PRJEB37378	SAMEA10303308	collection_date		2020-03-01	curator_escalation	curator escalation
PRJEB37378	SAMEA10303070	collection_date		2020-03-01	curator_escalation	curator escalation
PRJEB37378	SAMEA10303399	collection_date		2020-03-01	curator_escalation	curator escalation
PRJEB37378	SAMEA10303314	collection_date		2020-03-01	curator_escalation	curator escalation
PRJEB37378	SAMEA10303075	collection_date		2020-03-01	curator_escalation	curator escalation
PRJEB37378	SAMEA10303318	collection_date		2020-03-01	curator_escalation	curator escalation
PRJEB37378	SAMEA10303405	collection_date		2020-03-01	curator_escalation	curator escalation
PRJEB37378	SAMEA10303406	collection_date		2020-03-01	curator_escalation	curator escalation
PRJEB37378	SAMEA10303319	collection_date		2020-03-01	curator_escalation	curator escalation
PRJEB37378	SAMEA10303408	collection_date		2020-03-01	curator_escalation	curator escalation
PRJEB37378	SAMEA10303320	collection_date		2020-03-01	curator_escalation	curator escalation
PRJEB37378	SAMEA10303323	collection_date		2020-03-01	curator_escalation	curator escalation
PRJEB37378	SAMEA10303412	collection_date		2020-03-01	curator_escalation	curator escalation
PRJEB37378	SAMEA10303413	collection_date		2020-03-01	curator_escalation	curator escalation
PRJEB37378	SAMEA10303415	collection_date		2020-03-01	curator_escalation	curator escalation
PRJEB37378	SAMEA10303088	collection_date		2020-03-01	curator_escalation	curator escalation
PRJEB37378	SAMEA10303089	collection_date		2020-03-01	curator_escalation	curator escalation
PRJEB37378	SAMEA10303330	collection_date		2020-03-01	curator_escalation	curator escalation
PRJEB37378	SAMEA10303090	collection_date		2020-03-01	curator_escalation	curator escalation
PRJEB37378	SAMEA10303418	collection_date		2020-03-01	curator_escalation	curator escalation
PRJEB37378	SAMEA10303332	collection_date		2020-03-01	curator_escalation	curator escalation
PRJEB37378	SAMEA10303419	collection_date		2020-03-01	curator_escalation	curator escalation
PRJEB37378	SAMEA10303094	collection_date		2020-03-01	curator_escalation	curator escalation
PRJEB37378	SAMEA10303331	collection_date		2020-03-01	curator_escalation	curator escalation
PRJEB37378	SAMEA10303336	collection_date		2020-03-01	curator_escalation	curator escalation
PRJEB37378	SAMEA10303106	collection_date		2020-03-01	curator_escalation	curator escalation
PRJEB37378	SAMEA10303469	collection_date		2020-03-01	curator_escalation	curator escalation
PRJEB37378	SAMEA10303473	collection_date		2020-03-01	curator_escalation	curator escalation
PRJEB37378	SAMEA10634493	collection_date		2020-03-01	curator_escalation	curator escalation
PRJEB37378	SAMEA10634494	collection_date		2020-03-01	curator_escalation	curator escalation
PRJEB37378	SAMEA10417029	collection_date		2020-03-01	curator_escalation	curator escalation
PRJEB37378	SAMEA10417031	collection_date		2020-03-01	curator_escalation	curator escalation
PRJEB37378	SAMEA10417032	collection_date		2020-03-01	curator_escalation	curator escalation
PRJEB37378	SAMEA10417034	collection_date		2020-03-01	curator_escalation	curator escalation
PRJEB37378	SAMEA10417036	collection_date		2020-03-01	curator_escalation	curator escalation
PRJEB37378	SAMEA10417043	collection_date		2020-03-01	curator_escalation	curator escalation
PRJEB37378	SAMEA10417044	collection_date		2020-03-01	curator_escalation	curator escalation
PRJEB37378	SAMEA10417048	collection_date		2020-03-01	curator_escalation	curator escalation
PRJEB37378	SAMEA10417051	collection_date		2020-03-01	curator_escalation	curator escalation
PRJEB37378	SAMEA10417056	collection_date		2020-03-01	curator_escalation	curator escalation
PRJEB37378	SAMEA10417053	collection_date		2020-03-01	curator_escalation	curator escalation
PRJEB37378	SAMEA10417054	collection_date		2020-03-01	curator_escalation	curator escalation
PRJEB37378	SAMEA10417059	collection_date		2020-03-01	curator_escalation	curator escalation
PRJEB37378	SAMEA10417060	collection_date		2020-03-01	curator_escalation	curator escalation
PRJEB37378	SAMEA10417062	collection_date		2020-03-01	curator_escalation	curator escalation
PRJEB37378	SAMEA10417069	collection_date		2020-03-01	curator_escalation	curator escalation
PRJEB37378	SAMEA10417070	collection_date		2020-03-01	curator_escalation	curator escalation
PRJEB37378	SAMEA10417072	collection_date		2020-03-01	curator_escalation	curator escalation
PRJEB37378	SAMEA10417073	collection_date		2020-03-01	curator_escalation	curator escalation
PRJEB37378	SAMEA10417078	collection_date		2020-03-01	curator_escalation	curator escalation
PRJEB37378	SAMEA10417079	collection_date		2020-03-01	curator_escalation	curator escalation
PRJEB37378	SAMEA10417081	collection_date		2020-03-01	curator_escalation	curator escalation
PRJEB37378	SAMEA10417083	collection_date		2020-03-01	curator_escalation	curator escalation
PRJEB37378	SAMEA10417085	collection_date		2020-03-01	curator_escalation	curator escalation
PRJEB37378	SAMEA10634474	collection_date		2020-03-01	curator_escalation	curator escalation
PRJEB37378	SAMEA10634476	collection_date		2020-03-01	curator_escalation	curator escalation
PRJEB37378	SAMEA10634475	collection_date		2020-03-01	curator_escalation	curator escalation
PRJEB37378	SAMEA10634484	collection_date		2020-03-01	curator_escalation	curator escalation
PRJEB37378	SAMEA10634186	collection_date		2020-03-01	curator_escalation	curator escalation
PRJEB37378	SAMEA10634119	collection_date		2020-03-01	curator_escalation	curator escalation
PRJEB37378	SAMEA10634123	collection_date		2020-03-01	curator_escalation	curator escalation
PRJEB37378	SAMEA10634122	collection_date		2020-03-01	curator_escalation	curator escalation
PRJEB37378	SAMEA10634128	collection_date		2020-03-01	curator_escalation	curator escalation
PRJEB37378	SAMEA10634131	collection_date		2020-03-01	curator_escalation	curator escalation
PRJEB37378	SAMEA10634135	collection_date		2020-03-01	curator_escalation	curator escalation
PRJEB37378	SAMEA10634136	collection_date		2020-03-01	curator_escalation	curator escalation
PRJEB37378	SAMEA10634139	collection_date		2020-03-01	curator_escalation	curator escalation
PRJEB37378	SAMEA10634203	collection_date		2020-03-01	curator_escalation	curator escalation
PRJEB37378	SAMEA10634208	collection_date		2020-03-01	curator_escalation	curator escalation
PRJEB37378	SAMEA10634148	collection_date		2020-03-01	curator_escalation	curator escalation
PRJEB37378	SAMEA10634147	collection_date		2020-03-01	curator_escalation	curator escalation
PRJEB37378	SAMEA10634150	collection_date		2020-03-01	curator_escalation	curator escalation
PRJEB37378	SAMEA10634213	collection_date		2020-03-01	curator_escalation	curator escalation
PRJEB37378	SAMEA10634149	collection_date		2020-03-01	curator_escalation	curator escalation
PRJEB37378	SAMEA10634151	collection_date		2020-03-01	curator_escalation	curator escalation
PRJEB37378	SAMEA10634216	collection_date		2020-03-01	curator_escalation	curator escalation
PRJEB37378	SAMEA10634155	collection_date		2020-03-01	curator_escalation	curator escalation
PRJEB37378	SAMEA10634218	collection_date		2020-03-01	curator_escalation	curator escalation
PRJEB37378	SAMEA10634157	collection_date		2020-03-01	curator_escalation	curator escalation
PRJEB37378	SAMEA10634219	collection_date		2020-03-01	curator_escalation	curator escalation
PRJEB37378	SAMEA10634158	collection_date		2020-03-01	curator_escalation	curator escalation
PRJEB37378	SAMEA10634162	collection_date		2020-03-01	curator_escalation	curator escalation
PRJEB37378	SAMEA10634163	collection_date		2020-03-01	curator_escalation	curator escalation
PRJEB37378	SAMEA10634223	collection_date		2020-03-01	curator_escalation	curator escalation
PRJEB37378	SAMEA10634166	collection_date		2020-03-01	curator_escalation	curator escalation
PRJEB37378	SAMEA10634224	collection_date		2020-03-01	curator_escalation	curator escalation
PRJEB37378	SAMEA10634165	collection_date		2020-03-01	curator_escalation	curator escalation
PRJEB37378	SAMEA10634167	collection_date		2020-03-01	curator_escalation	curator escalation
PRJEB37378	SAMEA10634168	collection_date		2020-03-01	curator_escalation	curator escalation
PRJEB37378	SAMEA10634231	collection_date		2020-03-01	curator_escalation	curator escalation
PRJEB37378	SAMEA10634170	collection_date		2020-03-01	curator_escalation	curator escalation
PRJEB37378	SAMEA10634233	collection_date		2020-03-01	curator_escalation	curator escalation
PRJEB37378	SAMEA10634172	collection_date		2020-03-01	curator_escalation	curator escalation
PRJEB37378	SAMEA10634235	collection_date		2020-03-01	curator_escalation	curator escalation
PRJEB37378	SAMEA10634236	collection_date		2020-03-01	curator_escalation	curator escalation
PRJEB37378	SAMEA10634280	collection_date		2020-03-01	curator_escalation	curator escalation
PRJEB37378	SAMEA10634281	collection_date		2020-03-01	curator_escalation	curator escalation
PRJEB37378	SAMEA10634288	collection_date		2020-03-01	curator_escalation	curator escalation
PRJEB37378	SAMEA10634294	collection_date		2020-03-01	curator_escalation	curator escalation
PRJEB37378	SAMEA10634299	collection_date		2020-03-01	curator_escalation	curator escalation
PRJEB37378	SAMEA10634302	collection_date		2020-03-01	curator_escalation	curator escalation
PRJEB37378	SAMEA10634304	collection_date		2020-03-01	curator_escalation	curator escalation
PRJEB37378	SAMEA10634305	collection_date		2020-03-01	curator_escalation	curator escalation
PRJEB37378	SAMEA10634090	collection_date		2020-03-01	curator_escalation	curator escalation
PRJEB37378	SAMEA10634306	collection_date		2020-03-01	curator_escalation	curator escalation
PRJEB37378	SAMEA10634092	collection_date		2020-03-01	curator_escalation	curator escalation
PRJEB37378	SAMEA10634308	collection_date		2020-03-01	curator_escalation	curator escalation
PRJEB37378	SAMEA10634096	collection_date		2020-03-01	curator_escalation	curator escalation
PRJEB37378	SAMEA10634094	collection_date		2020-03-01	curator_escalation	curator escalation
PRJEB37378	SAMEA10634097	collection_date		2020-03-01	curator_escalation	curator escalation
PRJEB37378	SAMEA10634313	collection_date		2020-03-01	curator_escalation	curator escalation
PRJEB37378	SAMEA10634100	collection_date		2020-03-01	curator_escalation	curator escalation
PRJEB37378	SAMEA10634314	collection_date		2020-03-01	curator_escalation	curator escalation
PRJEB37378	SAMEA10634316	collection_date		2020-03-01	curator_escalation	curator escalation
PRJEB37378	SAMEA10634178	collection_date		2020-03-01	curator_escalation	curator escalation
PRJEB37378	SAMEA10634180	collection_date		2020-03-01	curator_escalation	curator escalation
PRJEB37378	SAMEA10634114	collection_date		2020-03-01	curator_escalation	curator escalation
PRJEB37378	SAMEA10634185	collection_date		2020-03-01	curator_escalation	curator escalation
PRJEB37378	SAMEA10302446	collection_date		2020-03-01	curator_escalation	curator escalation
PRJEB37378	SAMEA10302576	collection_date		2020-03-01	curator_escalation	curator escalation
PRJEB37378	SAMEA10302799	collection_date		2020-03-01	curator_escalation	curator escalation
PRJEB37378	SAMEA10302447	collection_date		2020-03-01	curator_escalation	curator escalation
PRJEB37378	SAMEA10302448	collection_date		2020-03-01	curator_escalation	curator escalation
PRJEB37378	SAMEA10302579	collection_date		2020-03-01	curator_escalation	curator escalation
PRJEB37378	SAMEA10302804	collection_date		2020-03-01	curator_escalation	curator escalation
PRJEB37378	SAMEA10302581	collection_date		2020-03-01	curator_escalation	curator escalation
PRJEB37378	SAMEA10302450	collection_date		2020-03-01	curator_escalation	curator escalation
PRJEB37378	SAMEA10302805	collection_date		2020-03-01	curator_escalation	curator escalation
PRJEB37378	SAMEA10302585	collection_date		2020-03-01	curator_escalation	curator escalation
PRJEB37378	SAMEA10302586	collection_date		2020-03-01	curator_escalation	curator escalation
PRJEB37378	SAMEA10302453	collection_date		2020-03-01	curator_escalation	curator escalation
PRJEB37378	SAMEA10302455	collection_date		2020-03-01	curator_escalation	curator escalation
PRJEB37378	SAMEA10302809	collection_date		2020-03-01	curator_escalation	curator escalation
PRJEB37378	SAMEA10302457	collection_date		2020-03-01	curator_escalation	curator escalation
PRJEB37378	SAMEA10302656	collection_date		2020-03-01	curator_escalation	curator escalation
PRJEB37378	SAMEA10302813	collection_date		2020-03-01	curator_escalation	curator escalation
PRJEB37378	SAMEA10302459	collection_date		2020-03-01	curator_escalation	curator escalation
PRJEB37378	SAMEA10302660	collection_date		2020-03-01	curator_escalation	curator escalation
PRJEB37378	SAMEA10302814	collection_date		2020-03-01	curator_escalation	curator escalation
PRJEB37378	SAMEA10302817	collection_date		2020-03-01	curator_escalation	curator escalation
PRJEB37378	SAMEA10302465	collection_date		2020-03-01	curator_escalation	curator escalation
PRJEB37378	SAMEA10302634	collection_date		2020-03-01	curator_escalation	curator escalation
PRJEB37378	SAMEA10302636	collection_date		2020-03-01	curator_escalation	curator escalation
PRJEB37378	SAMEA10302824	collection_date		2020-03-01	curator_escalation	curator escalation
PRJEB37378	SAMEA10302685	collection_date		2020-03-01	curator_escalation	curator escalation
PRJEB37378	SAMEA10302687	collection_date		2020-03-01	curator_escalation	curator escalation
PRJEB37378	SAMEA10302825	collection_date		2020-03-01	curator_escalation	curator escalation
PRJEB37378	SAMEA10302686	collection_date		2020-03-01	curator_escalation	curator escalation
PRJEB37378	SAMEA10302638	collection_date		2020-03-01	curator_escalation	curator escalation
PRJEB37378	SAMEA10302688	collection_date		2020-03-01	curator_escalation	curator escalation
PRJEB37378	SAMEA10302690	collection_date		2020-03-01	curator_escalation	curator escalation
PRJEB37378	SAMEA10302471	collection_date		2020-03-01	curator_escalation	curator escalation
PRJEB37378	SAMEA10302640	collection_date		2020-03-01	curator_escalation	curator escalation
PRJEB37378	SAMEA10302830	collection_date		2020-03-01	curator_escalation	curator escalation
PRJEB37378	SAMEA10302692	collection_date		2020-03-01	curator_escalation	curator escalation
PRJEB37378	SAMEA10302832	collection_date		2020-03-01	curator_escalation	curator escalation
PRJEB37378	SAMEA10302643	collection_date		2020-03-01	curator_escalation	curator escalation
PRJEB37378	SAMEA10302476	collection_date		2020-03-01	curator_escalation	curator escalation
PRJEB37378	SAMEA10302695	collection_date		2020-03-01	curator_escalation	curator escalation
PRJEB37378	SAMEA10302833	collection_date		2020-03-01	curator_escalation	curator escalation
PRJEB37378	SAMEA10302693	collection_date		2020-03-01	curator_escalation	curator escalation
PRJEB37378	SAMEA10302478	collection_date		2020-03-01	curator_escalation	curator escalation
PRJEB37378	SAMEA10302649	collection_date		2020-03-01	curator_escalation	curator escalation
PRJEB37378	SAMEA10302650	collection_date		2020-03-01	curator_escalation	curator escalation
PRJEB37378	SAMEA10302840	collection_date		2020-03-01	curator_escalation	curator escalation
PRJEB37378	SAMEA10302481	collection_date		2020-03-01	curator_escalation	curator escalation
PRJEB37378	SAMEA10302700	collection_date		2020-03-01	curator_escalation	curator escalation
PRJEB37378	SAMEA10302842	collection_date		2020-03-01	curator_escalation	curator escalation
PRJEB37378	SAMEA10302482	collection_date		2020-03-01	curator_escalation	curator escalation
PRJEB37378	SAMEA10302701	collection_date		2020-03-01	curator_escalation	curator escalation
PRJEB37378	SAMEA10302843	collection_date		2020-03-01	curator_escalation	curator escalation
PRJEB37378	SAMEA10302516	collection_date		2020-03-01	curator_escalation	curator escalation
PRJEB37378	SAMEA10302847	collection_date		2020-03-01	curator_escalation	curator escalation
PRJEB37378	SAMEA10302703	collection_date		2020-03-01	curator_escalation	curator escalation
PRJEB37378	SAMEA10302706	collection_date		2020-03-01	curator_escalation	curator escalation
PRJEB37378	SAMEA10302710	collection_date		2020-03-01	curator_escalation	curator escalation
PRJEB37378	SAMEA10302518	collection_date		2020-03-01	curator_escalation	curator escalation
PRJEB37378	SAMEA10302848	collection_date		2020-03-01	curator_escalation	curator escalation
PRJEB37378	SAMEA10302487	collection_date		2020-03-01	curator_escalation	curator escalation
PRJEB37378	SAMEA10302489	collection_date		2020-03-01	curator_escalation	curator escalation
PRJEB37378	SAMEA10302519	collection_date		2020-03-01	curator_escalation	curator escalation
PRJEB37378	SAMEA10302490	collection_date		2020-03-01	curator_escalation	curator escalation
PRJEB37378	SAMEA10302731	collection_date		2020-03-01	curator_escalation	curator escalation
PRJEB37378	SAMEA10302851	collection_date		2020-03-01	curator_escalation	curator escalation
PRJEB37378	SAMEA10302732	collection_date		2020-03-01	curator_escalation	curator escalation
PRJEB37378	SAMEA10302523	collection_date		2020-03-01	curator_escalation	curator escalation
PRJEB37378	SAMEA10302855	collection_date		2020-03-01	curator_escalation	curator escalation
PRJEB37378	SAMEA10302858	collection_date		2020-03-01	curator_escalation	curator escalation
PRJEB37378	SAMEA10302748	collection_date		2020-03-01	curator_escalation	curator escalation
PRJEB37378	SAMEA10302765	collection_date		2020-03-01	curator_escalation	curator escalation
PRJEB37378	SAMEA10302529	collection_date		2020-03-01	curator_escalation	curator escalation
PRJEB37378	SAMEA10302498	collection_date		2020-03-01	curator_escalation	curator escalation
PRJEB37378	SAMEA10302530	collection_date		2020-03-01	curator_escalation	curator escalation
PRJEB37378	SAMEA10302861	collection_date		2020-03-01	curator_escalation	curator escalation
PRJEB37378	SAMEA10302531	collection_date		2020-03-01	curator_escalation	curator escalation
PRJEB37378	SAMEA10302533	collection_date		2020-03-01	curator_escalation	curator escalation
PRJEB37378	SAMEA10302534	collection_date		2020-03-01	curator_escalation	curator escalation
PRJEB37378	SAMEA10302926	collection_date		2020-03-01	curator_escalation	curator escalation
PRJEB37378	SAMEA10302869	collection_date		2020-03-01	curator_escalation	curator escalation
PRJEB37378	SAMEA10302502	collection_date		2020-03-01	curator_escalation	curator escalation
PRJEB37378	SAMEA10302535	collection_date		2020-03-01	curator_escalation	curator escalation
PRJEB37378	SAMEA10302929	collection_date		2020-03-01	curator_escalation	curator escalation
PRJEB37378	SAMEA10302928	collection_date		2020-03-01	curator_escalation	curator escalation
PRJEB37378	SAMEA10302506	collection_date		2020-03-01	curator_escalation	curator escalation
PRJEB37378	SAMEA10302539	collection_date		2020-03-01	curator_escalation	curator escalation
PRJEB37378	SAMEA10302931	collection_date		2020-03-01	curator_escalation	curator escalation
PRJEB37378	SAMEA10302879	collection_date		2020-03-01	curator_escalation	curator escalation
PRJEB37378	SAMEA10302880	collection_date		2020-03-01	curator_escalation	curator escalation
PRJEB37378	SAMEA10302540	collection_date		2020-03-01	curator_escalation	curator escalation
PRJEB37378	SAMEA10302509	collection_date		2020-03-01	curator_escalation	curator escalation
PRJEB37378	SAMEA10302881	collection_date		2020-03-01	curator_escalation	curator escalation
PRJEB37378	SAMEA10302883	collection_date		2020-03-01	curator_escalation	curator escalation
PRJEB37378	SAMEA10302936	collection_date		2020-03-01	curator_escalation	curator escalation
PRJEB37378	SAMEA10302514	collection_date		2020-03-01	curator_escalation	curator escalation
PRJEB37378	SAMEA10302891	collection_date		2020-03-01	curator_escalation	curator escalation
PRJEB37378	SAMEA10302515	collection_date		2020-03-01	curator_escalation	curator escalation
PRJEB37378	SAMEA10302898	collection_date		2020-03-01	curator_escalation	curator escalation
PRJEB37378	SAMEA10302550	collection_date		2020-03-01	curator_escalation	curator escalation
PRJEB37378	SAMEA10302941	collection_date		2020-03-01	curator_escalation	curator escalation
PRJEB37378	SAMEA10302551	collection_date		2020-03-01	curator_escalation	curator escalation
PRJEB37378	SAMEA10302591	collection_date		2020-03-01	curator_escalation	curator escalation
PRJEB37378	SAMEA10302552	collection_date		2020-03-01	curator_escalation	curator escalation
PRJEB37378	SAMEA10302595	collection_date		2020-03-01	curator_escalation	curator escalation
PRJEB37378	SAMEA10302594	collection_date		2020-03-01	curator_escalation	curator escalation
PRJEB37378	SAMEA10302555	collection_date		2020-03-01	curator_escalation	curator escalation
PRJEB37378	SAMEA10302911	collection_date		2020-03-01	curator_escalation	curator escalation
PRJEB37378	SAMEA10302597	collection_date		2020-03-01	curator_escalation	curator escalation
PRJEB37378	SAMEA10302917	collection_date		2020-03-01	curator_escalation	curator escalation
PRJEB37378	SAMEA10302600	collection_date		2020-03-01	curator_escalation	curator escalation
PRJEB37378	SAMEA10302601	collection_date		2020-03-01	curator_escalation	curator escalation
PRJEB37378	SAMEA10302562	collection_date		2020-03-01	curator_escalation	curator escalation
PRJEB37378	SAMEA10302563	collection_date		2020-03-01	curator_escalation	curator escalation
PRJEB37378	SAMEA10302785	collection_date		2020-03-01	curator_escalation	curator escalation
PRJEB37378	SAMEA10302605	collection_date		2020-03-01	curator_escalation	curator escalation
PRJEB37378	SAMEA10302788	collection_date		2020-03-01	curator_escalation	curator escalation
PRJEB37378	SAMEA10302566	collection_date		2020-03-01	curator_escalation	curator escalation
PRJEB37378	SAMEA10302786	collection_date		2020-03-01	curator_escalation	curator escalation
PRJEB37378	SAMEA10302608	collection_date		2020-03-01	curator_escalation	curator escalation
PRJEB37378	SAMEA10302793	collection_date		2020-03-01	curator_escalation	curator escalation
PRJEB37378	SAMEA10302569	collection_date		2020-03-01	curator_escalation	curator escalation
PRJEB37378	SAMEA10302609	collection_date		2020-03-01	curator_escalation	curator escalation
PRJEB37378	SAMEA10302570	collection_date		2020-03-01	curator_escalation	curator escalation
PRJEB37378	SAMEA10302573	collection_date		2020-03-01	curator_escalation	curator escalation
PRJEB37378	SAMEA10303343	collection_date		2020-03-01	curator_escalation	curator escalation
PRJEB37378	SAMEA10302944	collection_date		2020-03-01	curator_escalation	curator escalation
PRJEB37378	SAMEA10303344	collection_date		2020-03-01	curator_escalation	curator escalation
PRJEB37378	SAMEA10303043	collection_date		2020-03-01	curator_escalation	curator escalation
PRJEB37378	SAMEA10303041	collection_date		2020-03-01	curator_escalation	curator escalation
PRJEB37378	SAMEA10303045	collection_date		2020-03-01	curator_escalation	curator escalation
PRJEB37378	SAMEA10303046	collection_date		2020-03-01	curator_escalation	curator escalation
PRJEB37378	SAMEA10303351	collection_date		2020-03-01	curator_escalation	curator escalation
PRJEB37378	SAMEA10303051	collection_date		2020-03-01	curator_escalation	curator escalation
PRJEB37378	SAMEA10303357	collection_date		2020-03-01	curator_escalation	curator escalation
PRJEB37378	SAMEA10303358	collection_date		2020-03-01	curator_escalation	curator escalation
PRJEB37378	SAMEA10303056	collection_date		2020-03-01	curator_escalation	curator escalation
PRJEB37378	SAMEA10303359	collection_date		2020-03-01	curator_escalation	curator escalation
PRJEB37378	SAMEA10303059	collection_date		2020-03-01	curator_escalation	curator escalation
PRJEB37378	SAMEA10303363	collection_date		2020-03-01	curator_escalation	curator escalation
PRJEB37378	SAMEA10303364	collection_date		2020-03-01	curator_escalation	curator escalation
PRJEB37378	SAMEA10303368	collection_date		2020-03-01	curator_escalation	curator escalation
PRJEB37378	SAMEA10303165	collection_date		2020-03-01	curator_escalation	curator escalation
PRJEB37378	SAMEA10303167	collection_date		2020-03-01	curator_escalation	curator escalation
PRJEB37378	SAMEA10303171	collection_date		2020-03-01	curator_escalation	curator escalation
PRJEB37378	SAMEA10303372	collection_date		2020-03-01	curator_escalation	curator escalation
PRJEB37378	SAMEA10303373	collection_date		2020-03-01	curator_escalation	curator escalation
PRJEB37378	SAMEA10303174	collection_date		2020-03-01	curator_escalation	curator escalation
PRJEB37378	SAMEA10303176	collection_date		2020-03-01	curator_escalation	curator escalation
PRJEB37378	SAMEA10303375	collection_date		2020-03-01	curator_escalation	curator escalation
PRJEB37378	SAMEA10303177	collection_date		2020-03-01	curator_escalation	curator escalation
PRJEB37378	SAMEA10303179	collection_date		2020-03-01	curator_escalation	curator escalation
PRJEB37378	SAMEA10303294	collection_date		2020-03-01	curator_escalation	curator escalation
PRJEB37378	SAMEA10303380	collection_date		2020-03-01	curator_escalation	curator escalation
PRJEB37378	SAMEA10303184	collection_date		2020-03-01	curator_escalation	curator escalation
PRJEB37378	SAMEA10303297	collection_date		2020-03-01	curator_escalation	curator escalation
PRJEB37378	SAMEA10303183	collection_date		2020-03-01	curator_escalation	curator escalation
PRJEB37378	SAMEA10303385	collection_date		2020-03-01	curator_escalation	curator escalation
PRJEB37378	SAMEA10303386	collection_date		2020-03-01	curator_escalation	curator escalation
PRJEB37378	SAMEA10303185	collection_date		2020-03-01	curator_escalation	curator escalation
PRJEB37378	SAMEA10303187	collection_date		2020-03-01	curator_escalation	curator escalation
PRJEB37378	SAMEA10303301	collection_date		2020-03-01	curator_escalation	curator escalation
PRJEB37378	SAMEA10303188	collection_date		2020-03-01	curator_escalation	curator escalation
PRJEB37378	SAMEA10302374	collection_date		2020-03-01	curator_escalation	curator escalation
PRJEB37378	SAMEA10303189	collection_date		2020-03-01	curator_escalation	curator escalation
PRJEB37378	SAMEA10302376	collection_date		2020-03-01	curator_escalation	curator escalation
PRJEB37378	SAMEA10303065	collection_date		2020-03-01	curator_escalation	curator escalation
PRJEB37378	SAMEA10302375	collection_date		2020-03-01	curator_escalation	curator escalation
PRJEB37378	SAMEA10302326	collection_date		2020-03-01	curator_escalation	curator escalation
PRJEB37378	SAMEA10303395	collection_date		2020-03-01	curator_escalation	curator escalation
PRJEB37378	SAMEA10303069	collection_date		2020-03-01	curator_escalation	curator escalation
PRJEB37378	SAMEA10302327	collection_date		2020-03-01	curator_escalation	curator escalation
PRJEB37378	SAMEA10303310	collection_date		2020-03-01	curator_escalation	curator escalation
PRJEB37378	SAMEA10302330	collection_date		2020-03-01	curator_escalation	curator escalation
PRJEB37378	SAMEA10303311	collection_date		2020-03-01	curator_escalation	curator escalation
PRJEB37378	SAMEA10303398	collection_date		2020-03-01	curator_escalation	curator escalation
PRJEB37378	SAMEA10303072	collection_date		2020-03-01	curator_escalation	curator escalation
PRJEB37378	SAMEA10302329	collection_date		2020-03-01	curator_escalation	curator escalation
PRJEB37378	SAMEA10303313	collection_date		2020-03-01	curator_escalation	curator escalation
PRJEB37378	SAMEA10303400	collection_date		2020-03-01	curator_escalation	curator escalation
PRJEB37378	SAMEA10303073	collection_date		2020-03-01	curator_escalation	curator escalation
PRJEB37378	SAMEA10302384	collection_date		2020-03-01	curator_escalation	curator escalation
PRJEB37378	SAMEA10303402	collection_date		2020-03-01	curator_escalation	curator escalation
PRJEB37378	SAMEA10302333	collection_date		2020-03-01	curator_escalation	curator escalation
PRJEB37378	SAMEA10303403	collection_date		2020-03-01	curator_escalation	curator escalation
PRJEB37378	SAMEA10303076	collection_date		2020-03-01	curator_escalation	curator escalation
PRJEB37378	SAMEA10302383	collection_date		2020-03-01	curator_escalation	curator escalation
PRJEB37378	SAMEA10303079	collection_date		2020-03-01	curator_escalation	curator escalation
PRJEB37378	SAMEA10302387	collection_date		2020-03-01	curator_escalation	curator escalation
PRJEB37378	SAMEA10302336	collection_date		2020-03-01	curator_escalation	curator escalation
PRJEB37378	SAMEA10303409	collection_date		2020-03-01	curator_escalation	curator escalation
PRJEB37378	SAMEA10303321	collection_date		2020-03-01	curator_escalation	curator escalation
PRJEB37378	SAMEA10303322	collection_date		2020-03-01	curator_escalation	curator escalation
PRJEB37378	SAMEA10303082	collection_date		2020-03-01	curator_escalation	curator escalation
PRJEB37378	SAMEA10302342	collection_date		2020-03-01	curator_escalation	curator escalation
PRJEB37378	SAMEA10303410	collection_date		2020-03-01	curator_escalation	curator escalation
PRJEB37378	SAMEA10303325	collection_date		2020-03-01	curator_escalation	curator escalation
PRJEB37378	SAMEA10302393	collection_date		2020-03-01	curator_escalation	curator escalation
PRJEB37378	SAMEA10303414	collection_date		2020-03-01	curator_escalation	curator escalation
PRJEB37378	SAMEA10302394	collection_date		2020-03-01	curator_escalation	curator escalation
PRJEB37378	SAMEA10303328	collection_date		2020-03-01	curator_escalation	curator escalation
PRJEB37378	SAMEA10302395	collection_date		2020-03-01	curator_escalation	curator escalation
PRJEB37378	SAMEA10303416	collection_date		2020-03-01	curator_escalation	curator escalation
PRJEB37378	SAMEA10302346	collection_date		2020-03-01	curator_escalation	curator escalation
PRJEB37378	SAMEA10303327	collection_date		2020-03-01	curator_escalation	curator escalation
PRJEB37378	SAMEA10303420	collection_date		2020-03-01	curator_escalation	curator escalation
PRJEB37378	SAMEA10302345	collection_date		2020-03-01	curator_escalation	curator escalation
PRJEB37378	SAMEA10303091	collection_date		2020-03-01	curator_escalation	curator escalation
PRJEB37378	SAMEA10302348	collection_date		2020-03-01	curator_escalation	curator escalation
PRJEB37378	SAMEA10302350	collection_date		2020-03-01	curator_escalation	curator escalation
PRJEB37378	SAMEA10303333	collection_date		2020-03-01	curator_escalation	curator escalation
PRJEB37378	SAMEA10303095	collection_date		2020-03-01	curator_escalation	curator escalation
PRJEB37378	SAMEA10302402	collection_date		2020-03-01	curator_escalation	curator escalation
PRJEB37378	SAMEA10303334	collection_date		2020-03-01	curator_escalation	curator escalation
PRJEB37378	SAMEA10302351	collection_date		2020-03-01	curator_escalation	curator escalation
PRJEB37378	SAMEA10303101	collection_date		2020-03-01	curator_escalation	curator escalation
PRJEB37378	SAMEA10303337	collection_date		2020-03-01	curator_escalation	curator escalation
PRJEB37378	SAMEA10303104	collection_date		2020-03-01	curator_escalation	curator escalation
PRJEB37378	SAMEA10302403	collection_date		2020-03-01	curator_escalation	curator escalation
PRJEB37378	SAMEA10302353	collection_date		2020-03-01	curator_escalation	curator escalation
PRJEB37378	SAMEA10303109	collection_date		2020-03-01	curator_escalation	curator escalation
PRJEB37378	SAMEA10303467	collection_date		2020-03-01	curator_escalation	curator escalation
PRJEB37378	SAMEA10303466	collection_date		2020-03-01	curator_escalation	curator escalation
PRJEB37378	SAMEA10302356	collection_date		2020-03-01	curator_escalation	curator escalation
PRJEB37378	SAMEA10303470	collection_date		2020-03-01	curator_escalation	curator escalation
PRJEB37378	SAMEA10302358	collection_date		2020-03-01	curator_escalation	curator escalation
PRJEB37378	SAMEA10303338	collection_date		2020-03-01	curator_escalation	curator escalation
PRJEB37378	SAMEA10302360	collection_date		2020-03-01	curator_escalation	curator escalation
PRJEB37378	SAMEA10303340	collection_date		2020-03-01	curator_escalation	curator escalation
PRJEB37378	SAMEA10303341	collection_date		2020-03-01	curator_escalation	curator escalation
PRJEB37378	SAMEA10634489	collection_date		2020-03-01	curator_escalation	curator escalation
PRJEB37378	SAMEA10302412	collection_date		2020-03-01	curator_escalation	curator escalation
PRJEB37378	SAMEA10634492	collection_date		2020-03-01	curator_escalation	curator escalation
PRJEB37378	SAMEA10302416	collection_date		2020-03-01	curator_escalation	curator escalation
PRJEB37378	SAMEA10634496	collection_date		2020-03-01	curator_escalation	curator escalation
PRJEB37378	SAMEA10302420	collection_date		2020-03-01	curator_escalation	curator escalation
PRJEB37378	SAMEA10634495	collection_date		2020-03-01	curator_escalation	curator escalation
PRJEB37378	SAMEA10417030	collection_date		2020-03-01	curator_escalation	curator escalation
PRJEB37378	SAMEA10302422	collection_date		2020-03-01	curator_escalation	curator escalation
PRJEB37378	SAMEA10302423	collection_date		2020-03-01	curator_escalation	curator escalation
PRJEB37378	SAMEA10302424	collection_date		2020-03-01	curator_escalation	curator escalation
PRJEB37378	SAMEA10417033	collection_date		2020-03-01	curator_escalation	curator escalation
PRJEB37378	SAMEA10302143	collection_date		2020-03-01	curator_escalation	curator escalation
PRJEB37378	SAMEA10417040	collection_date		2020-03-01	curator_escalation	curator escalation
PRJEB37378	SAMEA10302144	collection_date		2020-03-01	curator_escalation	curator escalation
PRJEB37378	SAMEA10417041	collection_date		2020-03-01	curator_escalation	curator escalation
PRJEB37378	SAMEA10302145	collection_date		2020-03-01	curator_escalation	curator escalation
PRJEB37378	SAMEA10302430	collection_date		2020-03-01	curator_escalation	curator escalation
PRJEB37378	SAMEA10417047	collection_date		2020-03-01	curator_escalation	curator escalation
PRJEB37378	SAMEA10302432	collection_date		2020-03-01	curator_escalation	curator escalation
PRJEB37378	SAMEA10417046	collection_date		2020-03-01	curator_escalation	curator escalation
PRJEB37378	SAMEA10302150	collection_date		2020-03-01	curator_escalation	curator escalation
PRJEB37378	SAMEA10417049	collection_date		2020-03-01	curator_escalation	curator escalation
PRJEB37378	SAMEA10417050	collection_date		2020-03-01	curator_escalation	curator escalation
PRJEB37378	SAMEA10302154	collection_date		2020-03-01	curator_escalation	curator escalation
PRJEB37378	SAMEA10302156	collection_date		2020-03-01	curator_escalation	curator escalation
PRJEB37378	SAMEA10302441	collection_date		2020-03-01	curator_escalation	curator escalation
PRJEB37378	SAMEA10302163	collection_date		2020-03-01	curator_escalation	curator escalation
PRJEB37378	SAMEA10417064	collection_date		2020-03-01	curator_escalation	curator escalation
PRJEB37378	SAMEA10417067	collection_date		2020-03-01	curator_escalation	curator escalation
PRJEB37378	SAMEA10302170	collection_date		2020-03-01	curator_escalation	curator escalation
PRJEB37378	SAMEA10417068	collection_date		2020-03-01	curator_escalation	curator escalation
PRJEB37378	SAMEA10302171	collection_date		2020-03-01	curator_escalation	curator escalation
PRJEB37378	SAMEA10302173	collection_date		2020-03-01	curator_escalation	curator escalation
PRJEB37378	SAMEA10417071	collection_date		2020-03-01	curator_escalation	curator escalation
PRJEB37378	SAMEA10302176	collection_date		2020-03-01	curator_escalation	curator escalation
PRJEB37378	SAMEA10417074	collection_date		2020-03-01	curator_escalation	curator escalation
PRJEB37378	SAMEA10302177	collection_date		2020-03-01	curator_escalation	curator escalation
PRJEB37378	SAMEA10302185	collection_date		2020-03-01	curator_escalation	curator escalation
PRJEB37378	SAMEA10417076	collection_date		2020-03-01	curator_escalation	curator escalation
PRJEB37378	SAMEA10302187	collection_date		2020-03-01	curator_escalation	curator escalation
PRJEB37378	SAMEA10417077	collection_date		2020-03-01	curator_escalation	curator escalation
PRJEB37378	SAMEA10417086	collection_date		2020-03-01	curator_escalation	curator escalation
PRJEB37378	SAMEA10634479	collection_date		2020-03-01	curator_escalation	curator escalation
PRJEB37378	SAMEA10634480	collection_date		2020-03-01	curator_escalation	curator escalation
PRJEB37378	SAMEA10634482	collection_date		2020-03-01	curator_escalation	curator escalation
PRJEB37378	SAMEA10634483	collection_date		2020-03-01	curator_escalation	curator escalation
PRJEB37378	SAMEA10634486	collection_date		2020-03-01	curator_escalation	curator escalation
PRJEB37378	SAMEA10634488	collection_date		2020-03-01	curator_escalation	curator escalation
PRJEB37378	SAMEA10634192	collection_date		2020-03-01	curator_escalation	curator escalation
PRJEB37378	SAMEA10634124	collection_date		2020-03-01	curator_escalation	curator escalation
PRJEB37378	SAMEA10634193	collection_date		2020-03-01	curator_escalation	curator escalation
PRJEB37378	SAMEA10634126	collection_date		2020-03-01	curator_escalation	curator escalation
PRJEB37378	SAMEA10634196	collection_date		2020-03-01	curator_escalation	curator escalation
PRJEB37378	SAMEA10634197	collection_date		2020-03-01	curator_escalation	curator escalation
PRJEB37378	SAMEA10634198	collection_date		2020-03-01	curator_escalation	curator escalation
PRJEB37378	SAMEA10634132	collection_date		2020-03-01	curator_escalation	curator escalation
PRJEB37378	SAMEA10634201	collection_date		2020-03-01	curator_escalation	curator escalation
PRJEB37378	SAMEA10634140	collection_date		2020-03-01	curator_escalation	curator escalation
PRJEB37378	SAMEA10634204	collection_date		2020-03-01	curator_escalation	curator escalation
PRJEB37378	SAMEA10634143	collection_date		2020-03-01	curator_escalation	curator escalation
PRJEB37378	SAMEA10634207	collection_date		2020-03-01	curator_escalation	curator escalation
PRJEB37378	SAMEA10634209	collection_date		2020-03-01	curator_escalation	curator escalation
PRJEB37378	SAMEA10634146	collection_date		2020-03-01	curator_escalation	curator escalation
PRJEB37378	SAMEA10634214	collection_date		2020-03-01	curator_escalation	curator escalation
PRJEB37378	SAMEA10634215	collection_date		2020-03-01	curator_escalation	curator escalation
PRJEB37378	SAMEA10634153	collection_date		2020-03-01	curator_escalation	curator escalation
PRJEB37378	SAMEA10634156	collection_date		2020-03-01	curator_escalation	curator escalation
PRJEB37378	SAMEA10634220	collection_date		2020-03-01	curator_escalation	curator escalation
PRJEB37378	SAMEA10634221	collection_date		2020-03-01	curator_escalation	curator escalation
PRJEB37378	SAMEA10634161	collection_date		2020-03-01	curator_escalation	curator escalation
PRJEB37378	SAMEA10634222	collection_date		2020-03-01	curator_escalation	curator escalation
PRJEB37378	SAMEA10634226	collection_date		2020-03-01	curator_escalation	curator escalation
PRJEB37378	SAMEA10634225	collection_date		2020-03-01	curator_escalation	curator escalation
PRJEB37378	SAMEA10634227	collection_date		2020-03-01	curator_escalation	curator escalation
PRJEB37378	SAMEA10634230	collection_date		2020-03-01	curator_escalation	curator escalation
PRJEB37378	SAMEA10634169	collection_date		2020-03-01	curator_escalation	curator escalation
PRJEB37378	SAMEA10634285	collection_date		2020-03-01	curator_escalation	curator escalation
PRJEB37378	SAMEA10634286	collection_date		2020-03-01	curator_escalation	curator escalation
PRJEB37378	SAMEA10634290	collection_date		2020-03-01	curator_escalation	curator escalation
PRJEB37378	SAMEA10634291	collection_date		2020-03-01	curator_escalation	curator escalation
PRJEB37378	SAMEA10634295	collection_date		2020-03-01	curator_escalation	curator escalation
PRJEB37378	SAMEA10634300	collection_date		2020-03-01	curator_escalation	curator escalation
PRJEB37378	SAMEA10634301	collection_date		2020-03-01	curator_escalation	curator escalation
PRJEB37378	SAMEA10634303	collection_date		2020-03-01	curator_escalation	curator escalation
PRJEB37378	SAMEA10634095	collection_date		2020-03-01	curator_escalation	curator escalation
PRJEB37378	SAMEA10634309	collection_date		2020-03-01	curator_escalation	curator escalation
PRJEB37378	SAMEA10634310	collection_date		2020-03-01	curator_escalation	curator escalation
PRJEB37378	SAMEA10634311	collection_date		2020-03-01	curator_escalation	curator escalation
PRJEB37378	SAMEA10634315	collection_date		2020-03-01	curator_escalation	curator escalation
PRJEB37378	SAMEA10634102	collection_date		2020-03-01	curator_escalation	curator escalation
PRJEB37378	SAMEA10634105	collection_date		2020-03-01	curator_escalation	curator escalation
PRJEB37378	SAMEA10634177	collection_date		2020-03-01	curator_escalation	curator escalation
PRJEB37378	SAMEA10634106	collection_date		2020-03-01	curator_escalation	curator escalation
PRJEB37378	SAMEA10634110	collection_date		2020-03-01	curator_escalation	curator escalation
PRJEB37378	SAMEA10634111	collection_date		2020-03-01	curator_escalation	curator escalation
PRJEB37378	SAMEA10634113	collection_date		2020-03-01	curator_escalation	curator escalation
PRJEB37378	SAMEA10634182	collection_date		2020-03-01	curator_escalation	curator escalation
PRJEB37378	SAMEA10634183	collection_date		2020-03-01	curator_escalation	curator escalation
PRJEB37378	SAMEA10302309	collection_date		2020-03-01	curator_escalation	curator escalation
PRJEB37378	SAMEA10302369	collection_date		2020-03-01	curator_escalation	curator escalation
PRJEB37378	SAMEA10302316	collection_date		2020-03-01	curator_escalation	curator escalation
PRJEB37378	SAMEA10302370	collection_date		2020-03-01	curator_escalation	curator escalation
PRJEB37378	SAMEA10302315	collection_date		2020-03-01	curator_escalation	curator escalation
PRJEB37378	SAMEA10302373	collection_date		2020-03-01	curator_escalation	curator escalation
PRJEB37378	SAMEA10302372	collection_date		2020-03-01	curator_escalation	curator escalation
PRJEB37378	SAMEA10302319	collection_date		2020-03-01	curator_escalation	curator escalation
PRJEB37378	SAMEA10302324	collection_date		2020-03-01	curator_escalation	curator escalation
PRJEB37378	SAMEA10302378	collection_date		2020-03-01	curator_escalation	curator escalation
PRJEB37378	SAMEA10302380	collection_date		2020-03-01	curator_escalation	curator escalation
PRJEB37378	SAMEA10302379	collection_date		2020-03-01	curator_escalation	curator escalation
PRJEB37378	SAMEA10302332	collection_date		2020-03-01	curator_escalation	curator escalation
PRJEB37378	SAMEA10302386	collection_date		2020-03-01	curator_escalation	curator escalation
PRJEB37378	SAMEA10302337	collection_date		2020-03-01	curator_escalation	curator escalation
PRJEB37378	SAMEA10302338	collection_date		2020-03-01	curator_escalation	curator escalation
PRJEB37378	SAMEA10302343	collection_date		2020-03-01	curator_escalation	curator escalation
PRJEB37378	SAMEA10302344	collection_date		2020-03-01	curator_escalation	curator escalation
PRJEB37378	SAMEA10302396	collection_date		2020-03-01	curator_escalation	curator escalation
PRJEB37378	SAMEA10302399	collection_date		2020-03-01	curator_escalation	curator escalation
PRJEB37378	SAMEA10302401	collection_date		2020-03-01	curator_escalation	curator escalation
PRJEB37378	SAMEA10302404	collection_date		2020-03-01	curator_escalation	curator escalation
PRJEB37378	SAMEA10302354	collection_date		2020-03-01	curator_escalation	curator escalation
PRJEB37378	SAMEA10302406	collection_date		2020-03-01	curator_escalation	curator escalation
PRJEB37378	SAMEA10302407	collection_date		2020-03-01	curator_escalation	curator escalation
PRJEB37378	SAMEA10302357	collection_date		2020-03-01	curator_escalation	curator escalation
PRJEB37378	SAMEA10302409	collection_date		2020-03-01	curator_escalation	curator escalation
PRJEB37378	SAMEA10302408	collection_date		2020-03-01	curator_escalation	curator escalation
PRJEB37378	SAMEA10302410	collection_date		2020-03-01	curator_escalation	curator escalation
PRJEB37378	SAMEA10302411	collection_date		2020-03-01	curator_escalation	curator escalation
PRJEB37378	SAMEA10302363	collection_date		2020-03-01	curator_escalation	curator escalation
PRJEB37378	SAMEA10302414	collection_date		2020-03-01	curator_escalation	curator escalation
PRJEB37378	SAMEA10302415	collection_date		2020-03-01	curator_escalation	curator escalation
PRJEB37378	SAMEA10302364	collection_date		2020-03-01	curator_escalation	curator escalation
PRJEB37378	SAMEA10302366	collection_date		2020-03-01	curator_escalation	curator escalation
PRJEB37378	SAMEA10302417	collection_date		2020-03-01	curator_escalation	curator escalation
PRJEB37378	SAMEA10302419	collection_date		2020-03-01	curator_escalation	curator escalation
PRJEB37378	SAMEA10302367	collection_date		2020-03-01	curator_escalation	curator escalation
PRJEB37378	SAMEA10302421	collection_date		2020-03-01	curator_escalation	curator escalation
PRJEB37378	SAMEA10302140	collection_date		2020-03-01	curator_escalation	curator escalation
PRJEB37378	SAMEA10302139	collection_date		2020-03-01	curator_escalation	curator escalation
PRJEB37378	SAMEA10302425	collection_date		2020-03-01	curator_escalation	curator escalation
PRJEB37378	SAMEA10302426	collection_date		2020-03-01	curator_escalation	curator escalation
PRJEB37378	SAMEA10302429	collection_date		2020-03-01	curator_escalation	curator escalation
PRJEB37378	SAMEA10302428	collection_date		2020-03-01	curator_escalation	curator escalation
PRJEB37378	SAMEA10302147	collection_date		2020-03-01	curator_escalation	curator escalation
PRJEB37378	SAMEA10302148	collection_date		2020-03-01	curator_escalation	curator escalation
PRJEB37378	SAMEA10302431	collection_date		2020-03-01	curator_escalation	curator escalation
PRJEB37378	SAMEA10302149	collection_date		2020-03-01	curator_escalation	curator escalation
PRJEB37378	SAMEA10302151	collection_date		2020-03-01	curator_escalation	curator escalation
PRJEB37378	SAMEA10302434	collection_date		2020-03-01	curator_escalation	curator escalation
PRJEB37378	SAMEA10302435	collection_date		2020-03-01	curator_escalation	curator escalation
PRJEB37378	SAMEA10302444	collection_date		2020-03-01	curator_escalation	curator escalation
PRJEB37378	SAMEA10302164	collection_date		2020-03-01	curator_escalation	curator escalation
PRJEB37378	SAMEA10302165	collection_date		2020-03-01	curator_escalation	curator escalation
PRJEB37378	SAMEA10302168	collection_date		2020-03-01	curator_escalation	curator escalation
PRJEB37378	SAMEA10302167	collection_date		2020-03-01	curator_escalation	curator escalation
PRJEB37378	SAMEA10302169	collection_date		2020-03-01	curator_escalation	curator escalation
PRJEB37378	SAMEA10302175	collection_date		2020-03-01	curator_escalation	curator escalation
PRJEB37378	SAMEA10302181	collection_date		2020-03-01	curator_escalation	curator escalation
PRJEB37378	SAMEA10634091	collection_date		2020-03-01	curator_escalation	curator escalation
PRJEB37378	SAMEA10634103	collection_date		2020-03-01	curator_escalation	curator escalation
PRJEB37378	SAMEA10634125	collection_date		2020-03-01	curator_escalation	curator escalation
PRJEB37378	SAMEA10634152	collection_date		2020-03-01	curator_escalation	curator escalation
PRJEB37378	SAMEA12109287	collection_date		2020-03-01	curator_escalation	curator escalation
PRJEB37378	SAMEA12109189	collection_date		2020-03-01	curator_escalation	curator escalation
PRJEB37378	SAMEA12109286	collection_date		2020-03-01	curator_escalation	curator escalation
PRJEB37378	SAMEA12109295	collection_date		2020-03-01	curator_escalation	curator escalation
PRJEB37378	SAMEA12109200	collection_date		2020-03-01	curator_escalation	curator escalation
PRJEB37378	SAMEA12109201	collection_date		2020-03-01	curator_escalation	curator escalation
PRJEB37378	SAMEA12109410	collection_date		2020-03-01	curator_escalation	curator escalation
PRJEB37378	SAMEA12109202	collection_date		2020-03-01	curator_escalation	curator escalation
PRJEB37378	SAMEA12109412	collection_date		2020-03-01	curator_escalation	curator escalation
PRJEB37378	SAMEA12109205	collection_date		2020-03-01	curator_escalation	curator escalation
PRJEB37378	SAMEA12109306	collection_date		2020-03-01	curator_escalation	curator escalation
PRJEB37378	SAMEA12109307	collection_date		2020-03-01	curator_escalation	curator escalation
PRJEB37378	SAMEA12109210	collection_date		2020-03-01	curator_escalation	curator escalation
PRJEB37378	SAMEA12109418	collection_date		2020-03-01	curator_escalation	curator escalation
PRJEB37378	SAMEA12109212	collection_date		2020-03-01	curator_escalation	curator escalation
PRJEB37378	SAMEA12109423	collection_date		2020-03-01	curator_escalation	curator escalation
PRJEB37378	SAMEA12109217	collection_date		2020-03-01	curator_escalation	curator escalation
PRJEB37378	SAMEA12109426	collection_date		2020-03-01	curator_escalation	curator escalation
PRJEB37378	SAMEA12109382	collection_date		2020-03-01	curator_escalation	curator escalation
PRJEB37378	SAMEA12109221	collection_date		2020-03-01	curator_escalation	curator escalation
PRJEB37378	SAMEA12109430	collection_date		2020-03-01	curator_escalation	curator escalation
PRJEB37378	SAMEA12109222	collection_date		2020-03-01	curator_escalation	curator escalation
PRJEB37378	SAMEA12109431	collection_date		2020-03-01	curator_escalation	curator escalation
PRJEB37378	SAMEA12109384	collection_date		2020-03-01	curator_escalation	curator escalation
PRJEB37378	SAMEA12109385	collection_date		2020-03-01	curator_escalation	curator escalation
PRJEB37378	SAMEA12109225	collection_date		2020-03-01	curator_escalation	curator escalation
PRJEB37378	SAMEA12109434	collection_date		2020-03-01	curator_escalation	curator escalation
PRJEB37378	SAMEA12109226	collection_date		2020-03-01	curator_escalation	curator escalation
PRJEB37378	SAMEA12109436	collection_date		2020-03-01	curator_escalation	curator escalation
PRJEB37378	SAMEA12109437	collection_date		2020-03-01	curator_escalation	curator escalation
PRJEB37378	SAMEA12109387	collection_date		2020-03-01	curator_escalation	curator escalation
PRJEB37378	SAMEA12109442	collection_date		2020-03-01	curator_escalation	curator escalation
PRJEB37378	SAMEA12109393	collection_date		2020-03-01	curator_escalation	curator escalation
PRJEB37378	SAMEA12109233	collection_date		2020-03-01	curator_escalation	curator escalation
PRJEB37378	SAMEA12109441	collection_date		2020-03-01	curator_escalation	curator escalation
PRJEB37378	SAMEA12109394	collection_date		2020-03-01	curator_escalation	curator escalation
PRJEB37378	SAMEA12109443	collection_date		2020-03-01	curator_escalation	curator escalation
PRJEB37378	SAMEA12109237	collection_date		2020-03-01	curator_escalation	curator escalation
PRJEB37378	SAMEA12109447	collection_date		2020-03-01	curator_escalation	curator escalation
PRJEB37378	SAMEA12109238	collection_date		2020-03-01	curator_escalation	curator escalation
PRJEB37378	SAMEA12109327	collection_date		2020-03-01	curator_escalation	curator escalation
PRJEB37378	SAMEA12109239	collection_date		2020-03-01	curator_escalation	curator escalation
PRJEB37378	SAMEA12109242	collection_date		2020-03-01	curator_escalation	curator escalation
PRJEB37378	SAMEA12109244	collection_date		2020-03-01	curator_escalation	curator escalation
PRJEB37378	SAMEA12109243	collection_date		2020-03-01	curator_escalation	curator escalation
PRJEB37378	SAMEA12109455	collection_date		2020-03-01	curator_escalation	curator escalation
PRJEB37378	SAMEA12109245	collection_date		2020-03-01	curator_escalation	curator escalation
PRJEB37378	SAMEA12109456	collection_date		2020-03-01	curator_escalation	curator escalation
PRJEB37378	SAMEA12109247	collection_date		2020-03-01	curator_escalation	curator escalation
PRJEB37378	SAMEA12109250	collection_date		2020-03-01	curator_escalation	curator escalation
PRJEB37378	SAMEA12109460	collection_date		2020-03-01	curator_escalation	curator escalation
PRJEB37378	SAMEA12109338	collection_date		2020-03-01	curator_escalation	curator escalation
PRJEB37378	SAMEA12109252	collection_date		2020-03-01	curator_escalation	curator escalation
PRJEB37378	SAMEA12109342	collection_date		2020-03-01	curator_escalation	curator escalation
PRJEB37378	SAMEA12109347	collection_date		2020-03-01	curator_escalation	curator escalation
PRJEB37378	SAMEA12109349	collection_date		2020-03-01	curator_escalation	curator escalation
PRJEB37378	SAMEA12109264	collection_date		2020-03-01	curator_escalation	curator escalation
PRJEB37378	SAMEA12109266	collection_date		2020-03-01	curator_escalation	curator escalation
PRJEB37378	SAMEA12109265	collection_date		2020-03-01	curator_escalation	curator escalation
PRJEB37378	SAMEA12109268	collection_date		2020-03-01	curator_escalation	curator escalation
PRJEB37378	SAMEA12109273	collection_date		2020-03-01	curator_escalation	curator escalation
PRJEB37378	SAMEA12109363	collection_date		2020-03-01	curator_escalation	curator escalation
PRJEB37378	SAMEA12109278	collection_date		2020-03-01	curator_escalation	curator escalation
PRJEB37378	SAMEA10634108	collection_date		2020-03-01	curator_escalation	curator escalation
PRJEB37378	SAMEA10634109	collection_date		2020-03-01	curator_escalation	curator escalation
PRJEB37378	SAMEA10634130	collection_date		2020-03-01	curator_escalation	curator escalation
PRJEB37378	SAMEA10634133	collection_date		2020-03-01	curator_escalation	curator escalation
PRJEB37378	SAMEA10634284	collection_date		2020-03-01	curator_escalation	curator escalation
PRJEB37378	SAMEA12109184	collection_date		2020-03-01	curator_escalation	curator escalation
PRJEB37378	SAMEA12109185	collection_date		2020-03-01	curator_escalation	curator escalation
PRJEB37378	SAMEA12109374	collection_date		2020-03-01	curator_escalation	curator escalation
PRJEB37378	SAMEA12109291	collection_date		2020-03-01	curator_escalation	curator escalation
PRJEB37378	SAMEA12109192	collection_date		2020-03-01	curator_escalation	curator escalation
PRJEB37378	SAMEA12109194	collection_date		2020-03-01	curator_escalation	curator escalation
PRJEB37378	SAMEA12109195	collection_date		2020-03-01	curator_escalation	curator escalation
PRJEB37378	SAMEA12109196	collection_date		2020-03-01	curator_escalation	curator escalation
PRJEB37378	SAMEA12109199	collection_date		2020-03-01	curator_escalation	curator escalation
PRJEB37378	SAMEA12109203	collection_date		2020-03-01	curator_escalation	curator escalation
PRJEB37378	SAMEA12109204	collection_date		2020-03-01	curator_escalation	curator escalation
PRJEB37378	SAMEA12109414	collection_date		2020-03-01	curator_escalation	curator escalation
PRJEB37378	SAMEA12109308	collection_date		2020-03-01	curator_escalation	curator escalation
PRJEB37378	SAMEA12109209	collection_date		2020-03-01	curator_escalation	curator escalation
PRJEB37378	SAMEA12109419	collection_date		2020-03-01	curator_escalation	curator escalation
PRJEB37378	SAMEA12109211	collection_date		2020-03-01	curator_escalation	curator escalation
PRJEB37378	SAMEA12109214	collection_date		2020-03-01	curator_escalation	curator escalation
PRJEB37378	SAMEA12109215	collection_date		2020-03-01	curator_escalation	curator escalation
PRJEB37378	SAMEA12109216	collection_date		2020-03-01	curator_escalation	curator escalation
PRJEB37378	SAMEA12109219	collection_date		2020-03-01	curator_escalation	curator escalation
PRJEB37378	SAMEA12109427	collection_date		2020-03-01	curator_escalation	curator escalation
PRJEB37378	SAMEA12109428	collection_date		2020-03-01	curator_escalation	curator escalation
PRJEB37378	SAMEA12109220	collection_date		2020-03-01	curator_escalation	curator escalation
PRJEB37378	SAMEA12109429	collection_date		2020-03-01	curator_escalation	curator escalation
PRJEB37378	SAMEA12109433	collection_date		2020-03-01	curator_escalation	curator escalation
PRJEB37378	SAMEA12109223	collection_date		2020-03-01	curator_escalation	curator escalation
PRJEB37378	SAMEA12109388	collection_date		2020-03-01	curator_escalation	curator escalation
PRJEB37378	SAMEA12109386	collection_date		2020-03-01	curator_escalation	curator escalation
PRJEB37378	SAMEA12109229	collection_date		2020-03-01	curator_escalation	curator escalation
PRJEB37378	SAMEA12109440	collection_date		2020-03-01	curator_escalation	curator escalation
PRJEB37378	SAMEA12109230	collection_date		2020-03-01	curator_escalation	curator escalation
PRJEB37378	SAMEA12109231	collection_date		2020-03-01	curator_escalation	curator escalation
PRJEB37378	SAMEA12109445	collection_date		2020-03-01	curator_escalation	curator escalation
PRJEB37378	SAMEA12109235	collection_date		2020-03-01	curator_escalation	curator escalation
PRJEB37378	SAMEA12109234	collection_date		2020-03-01	curator_escalation	curator escalation
PRJEB37378	SAMEA12109446	collection_date		2020-03-01	curator_escalation	curator escalation
PRJEB37378	SAMEA12109236	collection_date		2020-03-01	curator_escalation	curator escalation
PRJEB37378	SAMEA12109395	collection_date		2020-03-01	curator_escalation	curator escalation
PRJEB37378	SAMEA12109328	collection_date		2020-03-01	curator_escalation	curator escalation
PRJEB37378	SAMEA12109240	collection_date		2020-03-01	curator_escalation	curator escalation
PRJEB37378	SAMEA12109450	collection_date		2020-03-01	curator_escalation	curator escalation
PRJEB37378	SAMEA12109241	collection_date		2020-03-01	curator_escalation	curator escalation
PRJEB37378	SAMEA12109452	collection_date		2020-03-01	curator_escalation	curator escalation
PRJEB37378	SAMEA12109332	collection_date		2020-03-01	curator_escalation	curator escalation
PRJEB37378	SAMEA12109453	collection_date		2020-03-01	curator_escalation	curator escalation
PRJEB37378	SAMEA12109246	collection_date		2020-03-01	curator_escalation	curator escalation
PRJEB37378	SAMEA12109457	collection_date		2020-03-01	curator_escalation	curator escalation
PRJEB37378	SAMEA12109248	collection_date		2020-03-01	curator_escalation	curator escalation
PRJEB37378	SAMEA12109459	collection_date		2020-03-01	curator_escalation	curator escalation
PRJEB37378	SAMEA12109251	collection_date		2020-03-01	curator_escalation	curator escalation
PRJEB37378	SAMEA12109259	collection_date		2020-03-01	curator_escalation	curator escalation
PRJEB37378	SAMEA12109340	collection_date		2020-03-01	curator_escalation	curator escalation
PRJEB37378	SAMEA12109253	collection_date		2020-03-01	curator_escalation	curator escalation
PRJEB37378	SAMEA12109290	collection_date		2020-03-01	curator_escalation	curator escalation
PRJEB37378	SAMEA12109254	collection_date		2020-03-01	curator_escalation	curator escalation
PRJEB37378	SAMEA12109344	collection_date		2020-03-01	curator_escalation	curator escalation
PRJEB37378	SAMEA12109300	collection_date		2020-03-01	curator_escalation	curator escalation
PRJEB37378	SAMEA12109343	collection_date		2020-03-01	curator_escalation	curator escalation
PRJEB37378	SAMEA12109260	collection_date		2020-03-01	curator_escalation	curator escalation
PRJEB37378	SAMEA12109261	collection_date		2020-03-01	curator_escalation	curator escalation
PRJEB37378	SAMEA12109350	collection_date		2020-03-01	curator_escalation	curator escalation
PRJEB37378	SAMEA12109322	collection_date		2020-03-01	curator_escalation	curator escalation
PRJEB37378	SAMEA12109352	collection_date		2020-03-01	curator_escalation	curator escalation
PRJEB37378	SAMEA12109358	collection_date		2020-03-01	curator_escalation	curator escalation
PRJEB37378	SAMEA12109269	collection_date		2020-03-01	curator_escalation	curator escalation
PRJEB37378	SAMEA12109357	collection_date		2020-03-01	curator_escalation	curator escalation
PRJEB37378	SAMEA12109408	collection_date		2020-03-01	curator_escalation	curator escalation
PRJEB37378	SAMEA12109272	collection_date		2020-03-01	curator_escalation	curator escalation
PRJEB37378	SAMEA12109364	collection_date		2020-03-01	curator_escalation	curator escalation
PRJEB37378	SAMEA12109275	collection_date		2020-03-01	curator_escalation	curator escalation
PRJEB37378	SAMEA12109365	collection_date		2020-03-01	curator_escalation	curator escalation
PRJEB37378	SAMEA12109277	collection_date		2020-03-01	curator_escalation	curator escalation
PRJEB37378	SAMEA12109367	collection_date		2020-03-01	curator_escalation	curator escalation
PRJEB37378	SAMEA12109280	collection_date		2020-03-01	curator_escalation	curator escalation
PRJEB37378	SAMEA12109369	collection_date		2020-03-01	curator_escalation	curator escalation
PRJEB37378	SAMEA12816881	collection_date		2020-03-01	curator_escalation	curator escalation
PRJEB37378	SAMEA12816867	collection_date		2020-03-01	curator_escalation	curator escalation
PRJEB37378	SAMEA12816874	collection_date		2020-03-01	curator_escalation	curator escalation
PRJEB37378	SAMEA12816887	collection_date		2020-03-01	curator_escalation	curator escalation
PRJEB37378	SAMEA12816871	collection_date		2020-03-01	curator_escalation	curator escalation
PRJEB37378	SAMEA12816856	collection_date		2020-03-01	curator_escalation	curator escalation
PRJEB37378	SAMEA12816863	collection_date		2020-03-01	curator_escalation	curator escalation
PRJEB37378	SAMEA12816870	collection_date		2020-03-01	curator_escalation	curator escalation
PRJEB37378	SAMEA12816859	collection_date		2020-03-01	curator_escalation	curator escalation
PRJEB37378	SAMEA12816862	collection_date		2020-03-01	curator_escalation	curator escalation
PRJEB37378	SAMEA12816855	collection_date		2020-03-01	curator_escalation	curator escalation
PRJEB37378	SAMEA12816885	collection_date		2020-03-01	curator_escalation	curator escalation
PRJEB37378	SAMEA12816878	collection_date		2020-03-01	curator_escalation	curator escalation
PRJEB37378	SAMEA12816889	collection_date		2020-03-01	curator_escalation	curator escalation
PRJEB37378	SAMEA13790227	collection_date		2020-03-01	curator_escalation	curator escalation
PRJEB37378	SAMEA13790229	collection_date		2020-03-01	curator_escalation	curator escalation
PRJEB37378	SAMEA13790230	collection_date		2020-03-01	curator_escalation	curator escalation
PRJEB37378	SAMEA13790236	collection_date		2020-03-01	curator_escalation	curator escalation
PRJEB37378	SAMEA13790237	collection_date		2020-03-01	curator_escalation	curator escalation
PRJEB37378	SAMEA13790228	collection_date		2020-03-01	curator_escalation	curator escalation
PRJEB37378	SAMEA13790231	collection_date		2020-03-01	curator_escalation	curator escalation
PRJEB37378	SAMEA13790232	collection_date		2020-03-01	curator_escalation	curator escalation
PRJEB37378	SAMEA13790240	collection_date		2020-03-01	curator_escalation	curator escalation
PRJEB37378	SAMEA13790215	collection_date		2020-03-01	curator_escalation	curator escalation
PRJEB37378	SAMEA13790222	collection_date		2020-03-01	curator_escalation	curator escalation
PRJEB37378	SAMEA13790223	collection_date		2020-03-01	curator_escalation	curator escalation
PRJEB37378	SAMEA13790224	collection_date		2020-03-01	curator_escalation	curator escalation
PRJEB37378	SAMEA13790216	collection_date		2020-03-01	curator_escalation	curator escalation
PRJEB37378	SAMEA13790213	collection_date		2020-03-01	curator_escalation	curator escalation
PRJEB37378	SAMEA13790220	collection_date		2020-03-01	curator_escalation	curator escalation
PRJEB37378	SAMEA13790226	collection_date		2020-03-01	curator_escalation	curator escalation
PRJEB37378	SAMEA13790225	collection_date		2020-03-01	curator_escalation	curator escalation
PRJEB37378	SAMEA13790233	collection_date		2020-03-01	curator_escalation	curator escalation
PRJEB37378	SAMEA13790234	collection_date		2020-03-01	curator_escalation	curator escalation
PRJEB37378	SAMEA13790235	collection_date		2020-03-01	curator_escalation	curator escalation
PRJEB37378	SAMEA13790238	collection_date		2020-03-01	curator_escalation	curator escalation
PRJEB37378	SAMEA13790217	collection_date		2020-03-01	curator_escalation	curator escalation
PRJEB37378	SAMEA13790211	collection_date		2020-03-01	curator_escalation	curator escalation
PRJEB37378	SAMEA13790212	collection_date		2020-03-01	curator_escalation	curator escalation
PRJEB37378	SAMEA13790214	collection_date		2020-03-01	curator_escalation	curator escalation
PRJEB37378	SAMEA13790219	collection_date		2020-03-01	curator_escalation	curator escalation
PRJEB37378	SAMEA13790221	collection_date		2020-03-01	curator_escalation	curator escalation
PRJEB6891	SAMEA3356945	collection_date		2013-10-01	curator_escalation	curator escalation
PRJEB6891	SAMEA3356946	collection_date		2013-10-01	curator_escalation	curator escalation
PRJEB6891	SAMEA3356947	collection_date		2013-10-01	curator_escalation	curator escalation
PRJEB6891	SAMEA3356948	collection_date		2013-10-01	curator_escalation	curator escalation
PRJEB6891	SAMEA3356949	collection_date		2013-10-01	curator_escalation	curator escalation
PRJEB6891	SAMEA3356950	collection_date		2013-10-01	curator_escalation	curator escalation
PRJEB6891	SAMEA3356951	collection_date		2013-10-01	curator_escalation	curator escalation
PRJEB6891	SAMEA3356952	collection_date		2013-10-01	curator_escalation	curator escalation
PRJEB6891	SAMEA3356953	collection_date		2013-10-01	curator_escalation	curator escalation
PRJEB6891	SAMEA3356954	collection_date		2013-10-01	curator_escalation	curator escalation
PRJEB6891	SAMEA3356955	collection_date		2013-10-01	curator_escalation	curator escalation
PRJEB6891	SAMEA3356956	collection_date		2013-10-01	curator_escalation	curator escalation
PRJEB6891	SAMEA3356957	collection_date		2013-10-01	curator_escalation	curator escalation
PRJEB6891	SAMEA3356959	collection_date		2013-10-01	curator_escalation	curator escalation
PRJEB6891	SAMEA3356960	collection_date		2013-10-01	curator_escalation	curator escalation
PRJEB6891	SAMEA3356961	collection_date		2013-10-01	curator_escalation	curator escalation
PRJEB6891	SAMEA3356962	collection_date		2013-10-01	curator_escalation	curator escalation
PRJEB6891	SAMEA3356963	collection_date		2013-10-01	curator_escalation	curator escalation
PRJEB6891	SAMEA3356964	collection_date		2013-10-01	curator_escalation	curator escalation
PRJEB6891	SAMEA3356965	collection_date		2013-10-01	curator_escalation	curator escalation
PRJEB6891	SAMEA3356966	collection_date		2013-10-01	curator_escalation	curator escalation
PRJEB6891	SAMEA3356967	collection_date		2013-10-01	curator_escalation	curator escalation
PRJEB6891	SAMEA3356968	collection_date		2013-10-01	curator_escalation	curator escalation
PRJEB6891	SAMEA3356969	collection_date		2013-10-01	curator_escalation	curator escalation
PRJEB6891	SAMEA3356970	collection_date		2013-10-01	curator_escalation	curator escalation
PRJEB6891	SAMEA3356971	collection_date		2013-10-01	curator_escalation	curator escalation
PRJEB6891	SAMEA3356972	collection_date		2013-10-01	curator_escalation	curator escalation
PRJEB6891	SAMEA3356973	collection_date		2013-10-01	curator_escalation	curator escalation
PRJEB6891	SAMEA3356974	collection_date		2013-10-01	curator_escalation	curator escalation
PRJEB6891	SAMEA3356975	collection_date		2013-10-01	curator_escalation	curator escalation
PRJEB6891	SAMEA3356976	collection_date		2013-10-01	curator_escalation	curator escalation
PRJEB6891	SAMEA3356977	collection_date		2013-10-01	curator_escalation	curator escalation
PRJEB6891	SAMEA3356978	collection_date		2013-10-01	curator_escalation	curator escalation
PRJEB6891	SAMEA3356979	collection_date		2013-10-01	curator_escalation	curator escalation
PRJEB6891	SAMEA3356980	collection_date		2013-10-01	curator_escalation	curator escalation
PRJEB6891	SAMEA3356981	collection_date		2013-10-01	curator_escalation	curator escalation
PRJEB6891	SAMEA3356982	collection_date		2013-10-01	curator_escalation	curator escalation
PRJEB6891	SAMEA3356983	collection_date		2013-10-01	curator_escalation	curator escalation
PRJEB6891	SAMEA3356984	collection_date		2013-10-01	curator_escalation	curator escalation
PRJEB6891	SAMEA3356985	collection_date		2013-10-01	curator_escalation	curator escalation
PRJEB6891	SAMEA3356986	collection_date		2013-10-01	curator_escalation	curator escalation
PRJEB6891	SAMEA3356987	collection_date		2013-10-01	curator_escalation	curator escalation
PRJEB6891	SAMEA3356988	collection_date		2013-10-01	curator_escalation	curator escalation
PRJEB6891	SAMEA3356989	collection_date		2013-10-01	curator_escalation	curator escalation
PRJEB6891	SAMEA3356990	collection_date		2013-10-01	curator_escalation	curator escalation
PRJEB6891	SAMEA3356991	collection_date		2013-10-01	curator_escalation	curator escalation
PRJEB6891	SAMEA3356992	collection_date		2013-10-01	curator_escalation	curator escalation
PRJEB6891	SAMEA3356993	collection_date		2013-10-01	curator_escalation	curator escalation
PRJEB6891	SAMEA3356994	collection_date		2013-10-01	curator_escalation	curator escalation
PRJEB6891	SAMEA3356995	collection_date		2013-10-01	curator_escalation	curator escalation
PRJEB6891	SAMEA3356996	collection_date		2013-10-01	curator_escalation	curator escalation
PRJEB6891	SAMEA3356997	collection_date		2013-10-01	curator_escalation	curator escalation
PRJEB6891	SAMEA3356998	collection_date		2013-10-01	curator_escalation	curator escalation
PRJEB6891	SAMEA3356999	collection_date		2013-10-01	curator_escalation	curator escalation
PRJEB6891	SAMEA3357000	collection_date		2013-10-01	curator_escalation	curator escalation
PRJEB6891	SAMEA3357001	collection_date		2013-10-01	curator_escalation	curator escalation
PRJEB6891	SAMEA3357002	collection_date		2013-10-01	curator_escalation	curator escalation
PRJEB6891	SAMEA3357003	collection_date		2013-10-01	curator_escalation	curator escalation
PRJEB6891	SAMEA3357004	collection_date		2013-10-01	curator_escalation	curator escalation
PRJEB6891	SAMEA3357005	collection_date		2013-10-01	curator_escalation	curator escalation
PRJEB6891	SAMEA3357006	collection_date		2013-10-01	curator_escalation	curator escalation
PRJEB6891	SAMEA3357007	collection_date		2013-10-01	curator_escalation	curator escalation
PRJEB6891	SAMEA3357008	collection_date		2013-10-01	curator_escalation	curator escalation
PRJEB6891	SAMEA3357009	collection_date		2013-10-01	curator_escalation	curator escalation
PRJEB6891	SAMEA3357010	collection_date		2013-10-01	curator_escalation	curator escalation
PRJEB6891	SAMEA3357011	collection_date		2013-10-01	curator_escalation	curator escalation
PRJEB6891	SAMEA3357012	collection_date		2013-10-01	curator_escalation	curator escalation
PRJEB6891	SAMEA3357013	collection_date		2013-10-01	curator_escalation	curator escalation
PRJEB6891	SAMEA3357014	collection_date		2013-10-01	curator_escalation	curator escalation
PRJEB6891	SAMEA3357015	collection_date		2013-10-01	curator_escalation	curator escalation
PRJEB6891	SAMEA3357016	collection_date		2013-10-01	curator_escalation	curator escalation
PRJEB6891	SAMEA3357017	collection_date		2013-10-01	curator_escalation	curator escalation
PRJEB6891	SAMEA3357018	collection_date		2013-10-01	curator_escalation	curator escalation
PRJEB6891	SAMEA3357019	collection_date		2013-10-01	curator_escalation	curator escalation
PRJEB6891	SAMEA3357020	collection_date		2013-10-01	curator_escalation	curator escalation
PRJEB6891	SAMEA3357021	collection_date		2013-10-01	curator_escalation	curator escalation
PRJEB6891	SAMEA3357022	collection_date		2013-10-01	curator_escalation	curator escalation
PRJEB6891	SAMEA3357023	collection_date		2013-10-01	curator_escalation	curator escalation
PRJEB6891	SAMEA3357024	collection_date		2013-10-01	curator_escalation	curator escalation
PRJEB6891	SAMEA3357025	collection_date		2013-10-01	curator_escalation	curator escalation
PRJEB6891	SAMEA3357026	collection_date		2013-10-01	curator_escalation	curator escalation
PRJEB6891	SAMEA3357027	collection_date		2013-10-01	curator_escalation	curator escalation
PRJEB6891	SAMEA3357028	collection_date		2013-10-01	curator_escalation	curator escalation
PRJEB6891	SAMEA3357029	collection_date		2013-10-01	curator_escalation	curator escalation
PRJEB6891	SAMEA3357030	collection_date		2013-10-01	curator_escalation	curator escalation
PRJEB6891	SAMEA3357031	collection_date		2013-10-01	curator_escalation	curator escalation
PRJEB6891	SAMEA3357032	collection_date		2013-10-01	curator_escalation	curator escalation
PRJEB6891	SAMEA3357033	collection_date		2013-10-01	curator_escalation	curator escalation
PRJEB6891	SAMEA3357034	collection_date		2013-10-01	curator_escalation	curator escalation
PRJEB6891	SAMEA3357035	collection_date		2013-10-01	curator_escalation	curator escalation
PRJEB6891	SAMEA3357036	collection_date		2013-10-01	curator_escalation	curator escalation
PRJEB6891	SAMEA3357037	collection_date		2013-10-01	curator_escalation	curator escalation
PRJEB6891	SAMEA3357038	collection_date		2013-10-01	curator_escalation	curator escalation
PRJEB6891	SAMEA3357039	collection_date		2013-10-01	curator_escalation	curator escalation
PRJEB6891	SAMEA3357040	collection_date		2013-10-01	curator_escalation	curator escalation
PRJEB6891	SAMEA3357041	collection_date		2013-10-01	curator_escalation	curator escalation
PRJEB6891	SAMEA3357042	collection_date		2013-10-01	curator_escalation	curator escalation
PRJEB6891	SAMEA3357043	collection_date		2013-10-01	curator_escalation	curator escalation
PRJEB6891	SAMEA3357044	collection_date		2013-10-01	curator_escalation	curator escalation
PRJEB6891	SAMEA3357045	collection_date		2013-10-01	curator_escalation	curator escalation
PRJEB6891	SAMEA3357046	collection_date		2013-10-01	curator_escalation	curator escalation
PRJEB6891	SAMEA3357047	collection_date		2013-10-01	curator_escalation	curator escalation
PRJEB6891	SAMEA3357048	collection_date		2013-10-01	curator_escalation	curator escalation
PRJEB6891	SAMEA3357049	collection_date		2013-10-01	curator_escalation	curator escalation
PRJEB6891	SAMEA3357050	collection_date		2013-10-01	curator_escalation	curator escalation
PRJEB6891	SAMEA3357052	collection_date		2013-10-01	curator_escalation	curator escalation
PRJEB6891	SAMEA3357053	collection_date		2013-10-01	curator_escalation	curator escalation
PRJEB6891	SAMEA3357054	collection_date		2013-10-01	curator_escalation	curator escalation
PRJEB6891	SAMEA3357055	collection_date		2013-10-01	curator_escalation	curator escalation
PRJEB6891	SAMEA3357056	collection_date		2013-10-01	curator_escalation	curator escalation
PRJEB6891	SAMEA3357057	collection_date		2013-10-01	curator_escalation	curator escalation
PRJEB6891	SAMEA3357058	collection_date		2013-10-01	curator_escalation	curator escalation
PRJEB6891	SAMEA3357059	collection_date		2013-10-01	curator_escalation	curator escalation
PRJEB6891	SAMEA3357060	collection_date		2013-10-01	curator_escalation	curator escalation
PRJEB6891	SAMEA3357061	collection_date		2013-10-01	curator_escalation	curator escalation
PRJEB6891	SAMEA3357062	collection_date		2013-10-01	curator_escalation	curator escalation
PRJEB6891	SAMEA3357063	collection_date		2013-10-01	curator_escalation	curator escalation
PRJEB6891	SAMEA3357064	collection_date		2013-10-01	curator_escalation	curator escalation
PRJEB6891	SAMEA3357065	collection_date		2013-10-01	curator_escalation	curator escalation
PRJEB6891	SAMEA3357066	collection_date		2013-10-01	curator_escalation	curator escalation
PRJEB6891	SAMEA3357067	collection_date		2013-10-01	curator_escalation	curator escalation
PRJEB6891	SAMEA3357068	collection_date		2013-10-01	curator_escalation	curator escalation
PRJEB6891	SAMEA3357069	collection_date		2013-10-01	curator_escalation	curator escalation
PRJEB6891	SAMEA3357070	collection_date		2013-10-01	curator_escalation	curator escalation
PRJEB6891	SAMEA3357071	collection_date		2013-10-01	curator_escalation	curator escalation
PRJEB6891	SAMEA3357072	collection_date		2013-10-01	curator_escalation	curator escalation
PRJEB6891	SAMEA3357073	collection_date		2013-10-01	curator_escalation	curator escalation
PRJEB6891	SAMEA3357074	collection_date		2013-10-01	curator_escalation	curator escalation
PRJEB6891	SAMEA3357075	collection_date		2013-10-01	curator_escalation	curator escalation
PRJEB6891	SAMEA3357076	collection_date		2013-10-01	curator_escalation	curator escalation
PRJEB6891	SAMEA3357077	collection_date		2013-10-01	curator_escalation	curator escalation
PRJEB6891	SAMEA3357078	collection_date		2013-10-01	curator_escalation	curator escalation
PRJEB6891	SAMEA3357079	collection_date		2013-10-01	curator_escalation	curator escalation
PRJEB6891	SAMEA3357080	collection_date		2013-10-01	curator_escalation	curator escalation
PRJEB6891	SAMEA3357081	collection_date		2013-10-01	curator_escalation	curator escalation
PRJEB6891	SAMEA3357082	collection_date		2013-10-01	curator_escalation	curator escalation
PRJEB6891	SAMEA3357083	collection_date		2013-10-01	curator_escalation	curator escalation
PRJEB6891	SAMEA3357084	collection_date		2013-10-01	curator_escalation	curator escalation
PRJEB6891	SAMEA3357085	collection_date		2013-10-01	curator_escalation	curator escalation
PRJEB6891	SAMEA3357086	collection_date		2013-10-01	curator_escalation	curator escalation
PRJEB6891	SAMEA3357087	collection_date		2013-10-01	curator_escalation	curator escalation
PRJEB6891	SAMEA3357088	collection_date		2013-10-01	curator_escalation	curator escalation
PRJEB6891	SAMEA3357089	collection_date		2013-10-01	curator_escalation	curator escalation
PRJEB6891	SAMEA3357090	collection_date		2013-10-01	curator_escalation	curator escalation
PRJEB6891	SAMEA3357091	collection_date		2013-10-01	curator_escalation	curator escalation
PRJEB6891	SAMEA3357092	collection_date		2013-10-01	curator_escalation	curator escalation
PRJEB6891	SAMEA3357093	collection_date		2013-10-01	curator_escalation	curator escalation
PRJEB6891	SAMEA3357094	collection_date		2013-10-01	curator_escalation	curator escalation
PRJEB6891	SAMEA3357095	collection_date		2013-10-01	curator_escalation	curator escalation
PRJEB6891	SAMEA3357096	collection_date		2013-10-01	curator_escalation	curator escalation
PRJEB6891	SAMEA3357097	collection_date		2013-10-01	curator_escalation	curator escalation
PRJEB6891	SAMEA3357098	collection_date		2013-10-01	curator_escalation	curator escalation
PRJEB6891	SAMEA3357099	collection_date		2013-10-01	curator_escalation	curator escalation
PRJEB6891	SAMEA3357100	collection_date		2013-10-01	curator_escalation	curator escalation
PRJEB6891	SAMEA3357101	collection_date		2013-10-01	curator_escalation	curator escalation
PRJEB6891	SAMEA3357102	collection_date		2013-10-01	curator_escalation	curator escalation
PRJEB6891	SAMEA3357103	collection_date		2013-10-01	curator_escalation	curator escalation
PRJEB6891	SAMEA3357104	collection_date		2013-10-01	curator_escalation	curator escalation
PRJEB6891	SAMEA3357105	collection_date		2013-10-01	curator_escalation	curator escalation
PRJEB6891	SAMEA3357106	collection_date		2013-10-01	curator_escalation	curator escalation
PRJEB6891	SAMEA3357107	collection_date		2013-10-01	curator_escalation	curator escalation
PRJEB6891	SAMEA3357108	collection_date		2013-10-01	curator_escalation	curator escalation
PRJEB6891	SAMEA3357109	collection_date		2013-10-01	curator_escalation	curator escalation
PRJEB6891	SAMEA3357110	collection_date		2013-10-01	curator_escalation	curator escalation
PRJEB6891	SAMEA3357111	collection_date		2013-10-01	curator_escalation	curator escalation
PRJEB6891	SAMEA3357112	collection_date		2013-10-01	curator_escalation	curator escalation
PRJEB6891	SAMEA3357113	collection_date		2013-10-01	curator_escalation	curator escalation
PRJEB6891	SAMEA3357114	collection_date		2013-10-01	curator_escalation	curator escalation
PRJEB6891	SAMEA3357115	collection_date		2013-10-01	curator_escalation	curator escalation
PRJEB6891	SAMEA3357116	collection_date		2013-10-01	curator_escalation	curator escalation
PRJEB6891	SAMEA3357117	collection_date		2013-10-01	curator_escalation	curator escalation
PRJEB6891	SAMEA3357118	collection_date		2013-10-01	curator_escalation	curator escalation
PRJEB6891	SAMEA3357119	collection_date		2013-10-01	curator_escalation	curator escalation
PRJEB6891	SAMEA3357120	collection_date		2013-10-01	curator_escalation	curator escalation
PRJEB6891	SAMEA3357121	collection_date		2013-10-01	curator_escalation	curator escalation
PRJEB6891	SAMEA3357122	collection_date		2013-10-01	curator_escalation	curator escalation
PRJEB6891	SAMEA3357123	collection_date		2013-10-01	curator_escalation	curator escalation
PRJEB6891	SAMEA3357124	collection_date		2013-10-01	curator_escalation	curator escalation
PRJEB6891	SAMEA3357125	collection_date		2013-10-01	curator_escalation	curator escalation
PRJEB6891	SAMEA3357126	collection_date		2013-10-01	curator_escalation	curator escalation
PRJEB6891	SAMEA3357127	collection_date		2013-10-01	curator_escalation	curator escalation
PRJEB6891	SAMEA3357128	collection_date		2013-10-01	curator_escalation	curator escalation
PRJEB6891	SAMEA3357129	collection_date		2013-10-01	curator_escalation	curator escalation
PRJEB6891	SAMEA3357130	collection_date		2013-10-01	curator_escalation	curator escalation
PRJEB6891	SAMEA3357131	collection_date		2013-10-01	curator_escalation	curator escalation
PRJEB6891	SAMEA3357132	collection_date		2013-10-01	curator_escalation	curator escalation
PRJEB6891	SAMEA3357133	collection_date		2013-10-01	curator_escalation	curator escalation
PRJEB6891	SAMEA3357134	collection_date		2013-10-01	curator_escalation	curator escalation
PRJEB6891	SAMEA3357135	collection_date		2013-10-01	curator_escalation	curator escalation
PRJEB6891	SAMEA3357136	collection_date		2013-10-01	curator_escalation	curator escalation
PRJEB6891	SAMEA3357137	collection_date		2013-10-01	curator_escalation	curator escalation
PRJEB6891	SAMEA3357138	collection_date		2013-10-01	curator_escalation	curator escalation
PRJEB6891	SAMEA3357139	collection_date		2013-10-01	curator_escalation	curator escalation
PRJEB6891	SAMEA3357140	collection_date		2013-10-01	curator_escalation	curator escalation
PRJEB6891	SAMEA3357141	collection_date		2013-10-01	curator_escalation	curator escalation
PRJEB6891	SAMEA3357142	collection_date		2013-10-01	curator_escalation	curator escalation
PRJEB6891	SAMEA3357143	collection_date		2013-10-01	curator_escalation	curator escalation
PRJEB6891	SAMEA3357144	collection_date		2013-10-01	curator_escalation	curator escalation
PRJEB6891	SAMEA3357145	collection_date		2013-10-01	curator_escalation	curator escalation
PRJEB6891	SAMEA3357146	collection_date		2013-10-01	curator_escalation	curator escalation
PRJEB6891	SAMEA3357147	collection_date		2013-10-01	curator_escalation	curator escalation
PRJEB6891	SAMEA3357148	collection_date		2013-10-01	curator_escalation	curator escalation
PRJEB6891	SAMEA3357149	collection_date		2013-10-01	curator_escalation	curator escalation
PRJEB6891	SAMEA3357150	collection_date		2013-10-01	curator_escalation	curator escalation
PRJEB6891	SAMEA3357151	collection_date		2013-10-01	curator_escalation	curator escalation
PRJEB6891	SAMEA3357152	collection_date		2013-10-01	curator_escalation	curator escalation
PRJEB6891	SAMEA3357153	collection_date		2013-10-01	curator_escalation	curator escalation
PRJEB6891	SAMEA3357154	collection_date		2013-10-01	curator_escalation	curator escalation
PRJEB6891	SAMEA3357155	collection_date		2013-10-01	curator_escalation	curator escalation
PRJEB6891	SAMEA3357156	collection_date		2013-10-01	curator_escalation	curator escalation
PRJEB6891	SAMEA3357157	collection_date		2013-10-01	curator_escalation	curator escalation
PRJEB6891	SAMEA3357158	collection_date		2013-10-01	curator_escalation	curator escalation
PRJEB6891	SAMEA3357159	collection_date		2013-10-01	curator_escalation	curator escalation
PRJEB6891	SAMEA3357160	collection_date		2013-10-01	curator_escalation	curator escalation
PRJEB6891	SAMEA3357161	collection_date		2013-10-01	curator_escalation	curator escalation
PRJEB6891	SAMEA3357162	collection_date		2013-10-01	curator_escalation	curator escalation
PRJEB6891	SAMEA3357163	collection_date		2013-10-01	curator_escalation	curator escalation
PRJEB6891	SAMEA3357164	collection_date		2013-10-01	curator_escalation	curator escalation
PRJEB6891	SAMEA3357165	collection_date		2013-10-01	curator_escalation	curator escalation
PRJEB6891	SAMEA3357166	collection_date		2013-10-01	curator_escalation	curator escalation
PRJEB6891	SAMEA3357167	collection_date		2013-10-01	curator_escalation	curator escalation
PRJEB6891	SAMEA3357168	collection_date		2013-10-01	curator_escalation	curator escalation
PRJEB6891	SAMEA3357169	collection_date		2013-10-01	curator_escalation	curator escalation
PRJEB6891	SAMEA3357170	collection_date		2013-10-01	curator_escalation	curator escalation
PRJEB6891	SAMEA3357171	collection_date		2013-10-01	curator_escalation	curator escalation
PRJEB6891	SAMEA3357172	collection_date		2013-10-01	curator_escalation	curator escalation
PRJEB6891	SAMEA3357173	collection_date		2013-10-01	curator_escalation	curator escalation
PRJEB6891	SAMEA3357174	collection_date		2013-10-01	curator_escalation	curator escalation
PRJEB6891	SAMEA3357175	collection_date		2013-10-01	curator_escalation	curator escalation
PRJEB6891	SAMEA3357176	collection_date		2013-10-01	curator_escalation	curator escalation
PRJEB6891	SAMEA3357177	collection_date		2013-10-01	curator_escalation	curator escalation
PRJEB6891	SAMEA3357178	collection_date		2013-10-01	curator_escalation	curator escalation
PRJEB6891	SAMEA3357179	collection_date		2013-10-01	curator_escalation	curator escalation
PRJEB6891	SAMEA3357180	collection_date		2013-10-01	curator_escalation	curator escalation
PRJEB6891	SAMEA3357181	collection_date		2013-10-01	curator_escalation	curator escalation
PRJEB6891	SAMEA3357182	collection_date		2013-10-01	curator_escalation	curator escalation
PRJEB6891	SAMEA3357183	collection_date		2013-10-01	curator_escalation	curator escalation
PRJEB6891	SAMEA3357184	collection_date		2013-10-01	curator_escalation	curator escalation
PRJEB6891	SAMEA3357185	collection_date		2013-10-01	curator_escalation	curator escalation
PRJEB6891	SAMEA3357186	collection_date		2013-10-01	curator_escalation	curator escalation
PRJEB6891	SAMEA3357187	collection_date		2013-10-01	curator_escalation	curator escalation
PRJEB6891	SAMEA3357188	collection_date		2013-10-01	curator_escalation	curator escalation
PRJEB6891	SAMEA3357189	collection_date		2013-10-01	curator_escalation	curator escalation
PRJEB6891	SAMEA3357190	collection_date		2013-10-01	curator_escalation	curator escalation
PRJEB6891	SAMEA3357191	collection_date		2013-10-01	curator_escalation	curator escalation
PRJEB6891	SAMEA3357192	collection_date		2013-10-01	curator_escalation	curator escalation
PRJEB6891	SAMEA3357193	collection_date		2013-10-01	curator_escalation	curator escalation
PRJEB6891	SAMEA3357194	collection_date		2013-10-01	curator_escalation	curator escalation
PRJEB6891	SAMEA3357195	collection_date		2013-10-01	curator_escalation	curator escalation
PRJEB6891	SAMEA3357196	collection_date		2013-10-01	curator_escalation	curator escalation
PRJEB6891	SAMEA3357197	collection_date		2013-10-01	curator_escalation	curator escalation
PRJEB6891	SAMEA3357198	collection_date		2013-10-01	curator_escalation	curator escalation
PRJEB6891	SAMEA3357199	collection_date		2013-10-01	curator_escalation	curator escalation
PRJEB6891	SAMEA3357200	collection_date		2013-10-01	curator_escalation	curator escalation
PRJEB6891	SAMEA3357201	collection_date		2013-10-01	curator_escalation	curator escalation
PRJEB6891	SAMEA3357202	collection_date		2013-10-01	curator_escalation	curator escalation
PRJEB6891	SAMEA3357203	collection_date		2013-10-01	curator_escalation	curator escalation
PRJEB6891	SAMEA3357204	collection_date		2013-10-01	curator_escalation	curator escalation
PRJEB6891	SAMEA3357205	collection_date		2013-10-01	curator_escalation	curator escalation
PRJEB6891	SAMEA3357206	collection_date		2013-10-01	curator_escalation	curator escalation
PRJEB6891	SAMEA3357207	collection_date		2013-10-01	curator_escalation	curator escalation
PRJEB6891	SAMEA3357208	collection_date		2013-10-01	curator_escalation	curator escalation
PRJEB6891	SAMEA3357209	collection_date		2013-10-01	curator_escalation	curator escalation
PRJEB6891	SAMEA3357210	collection_date		2013-10-01	curator_escalation	curator escalation
PRJEB6891	SAMEA3357211	collection_date		2013-10-01	curator_escalation	curator escalation
PRJEB6891	SAMEA3357212	collection_date		2013-10-01	curator_escalation	curator escalation
PRJEB6891	SAMEA3357213	collection_date		2013-10-01	curator_escalation	curator escalation
PRJEB6891	SAMEA3357214	collection_date		2013-10-01	curator_escalation	curator escalation
PRJEB6891	SAMEA3357215	collection_date		2013-10-01	curator_escalation	curator escalation
PRJEB6891	SAMEA3357216	collection_date		2013-10-01	curator_escalation	curator escalation
PRJEB6891	SAMEA3357217	collection_date		2013-10-01	curator_escalation	curator escalation
PRJEB6891	SAMEA3357218	collection_date		2013-10-01	curator_escalation	curator escalation
PRJEB6891	SAMEA3357219	collection_date		2013-10-01	curator_escalation	curator escalation
PRJEB6891	SAMEA3357220	collection_date		2013-10-01	curator_escalation	curator escalation
PRJEB6891	SAMEA3357221	collection_date		2013-10-01	curator_escalation	curator escalation
PRJEB6891	SAMEA3357222	collection_date		2013-10-01	curator_escalation	curator escalation
PRJEB6891	SAMEA3357223	collection_date		2013-10-01	curator_escalation	curator escalation
PRJEB6891	SAMEA3357224	collection_date		2013-10-01	curator_escalation	curator escalation
PRJEB6891	SAMEA3357225	collection_date		2013-10-01	curator_escalation	curator escalation
PRJEB6891	SAMEA3357226	collection_date		2013-10-01	curator_escalation	curator escalation
PRJEB6891	SAMEA3357227	collection_date		2013-10-01	curator_escalation	curator escalation
PRJEB6891	SAMEA3357228	collection_date		2013-10-01	curator_escalation	curator escalation
PRJEB6891	SAMEA3357229	collection_date		2013-10-01	curator_escalation	curator escalation
PRJEB6891	SAMEA3357230	collection_date		2013-10-01	curator_escalation	curator escalation
PRJEB6891	SAMEA3357232	collection_date		2013-10-01	curator_escalation	curator escalation
PRJEB6891	SAMEA3357233	collection_date		2013-10-01	curator_escalation	curator escalation
PRJEB6891	SAMEA3357234	collection_date		2013-10-01	curator_escalation	curator escalation
PRJEB6891	SAMEA3357235	collection_date		2013-10-01	curator_escalation	curator escalation
PRJEB6891	SAMEA3357236	collection_date		2013-10-01	curator_escalation	curator escalation
PRJEB6891	SAMEA3357237	collection_date		2013-10-01	curator_escalation	curator escalation
PRJEB6891	SAMEA3357238	collection_date		2013-10-01	curator_escalation	curator escalation
PRJEB6891	SAMEA3357239	collection_date		2013-10-01	curator_escalation	curator escalation
PRJEB6891	SAMEA3357240	collection_date		2013-10-01	curator_escalation	curator escalation
PRJEB6891	SAMEA3357241	collection_date		2013-10-01	curator_escalation	curator escalation
PRJEB6891	SAMEA3357242	collection_date		2013-10-01	curator_escalation	curator escalation
PRJEB6891	SAMEA3357243	collection_date		2013-10-01	curator_escalation	curator escalation
PRJEB6891	SAMEA3357244	collection_date		2013-10-01	curator_escalation	curator escalation
PRJEB6891	SAMEA3357245	collection_date		2013-10-01	curator_escalation	curator escalation
PRJEB6891	SAMEA3357246	collection_date		2013-10-01	curator_escalation	curator escalation
PRJEB6891	SAMEA3357247	collection_date		2013-10-01	curator_escalation	curator escalation
PRJEB6891	SAMEA3357248	collection_date		2013-10-01	curator_escalation	curator escalation
PRJEB6891	SAMEA3357249	collection_date		2013-10-01	curator_escalation	curator escalation
PRJEB6891	SAMEA3357250	collection_date		2013-10-01	curator_escalation	curator escalation
PRJEB6891	SAMEA3357251	collection_date		2013-10-01	curator_escalation	curator escalation
PRJEB6891	SAMEA3357252	collection_date		2013-10-01	curator_escalation	curator escalation
PRJEB6891	SAMEA3357253	collection_date		2013-10-01	curator_escalation	curator escalation
PRJEB6891	SAMEA3357254	collection_date		2013-10-01	curator_escalation	curator escalation
PRJEB6891	SAMEA3357255	collection_date		2013-10-01	curator_escalation	curator escalation
PRJEB6891	SAMEA3357256	collection_date		2013-10-01	curator_escalation	curator escalation
PRJEB6891	SAMEA3357257	collection_date		2013-10-01	curator_escalation	curator escalation
PRJEB6891	SAMEA3357258	collection_date		2013-10-01	curator_escalation	curator escalation
PRJEB6891	SAMEA3357259	collection_date		2013-10-01	curator_escalation	curator escalation
PRJEB6891	SAMEA3357260	collection_date		2013-10-01	curator_escalation	curator escalation
PRJEB6891	SAMEA3357261	collection_date		2013-10-01	curator_escalation	curator escalation
PRJEB6891	SAMEA3357262	collection_date		2013-10-01	curator_escalation	curator escalation
PRJEB6891	SAMEA3357263	collection_date		2013-10-01	curator_escalation	curator escalation
PRJEB6891	SAMEA3357264	collection_date		2013-10-01	curator_escalation	curator escalation
PRJEB6891	SAMEA3357265	collection_date		2013-10-01	curator_escalation	curator escalation
PRJEB6891	SAMEA3357266	collection_date		2013-10-01	curator_escalation	curator escalation
PRJEB6891	SAMEA3357267	collection_date		2013-10-01	curator_escalation	curator escalation
PRJEB6891	SAMEA3357268	collection_date		2013-10-01	curator_escalation	curator escalation
PRJEB6891	SAMEA3357269	collection_date		2013-10-01	curator_escalation	curator escalation
PRJEB6891	SAMEA3357270	collection_date		2013-10-01	curator_escalation	curator escalation
PRJEB6891	SAMEA3357271	collection_date		2013-10-01	curator_escalation	curator escalation
PRJEB6891	SAMEA3357272	collection_date		2013-10-01	curator_escalation	curator escalation
PRJEB6891	SAMEA3357273	collection_date		2013-10-01	curator_escalation	curator escalation
PRJEB6891	SAMEA3357274	collection_date		2013-10-01	curator_escalation	curator escalation
PRJEB6891	SAMEA3357275	collection_date		2013-10-01	curator_escalation	curator escalation
PRJEB6891	SAMEA3357276	collection_date		2013-10-01	curator_escalation	curator escalation
PRJEB6891	SAMEA3357277	collection_date		2013-10-01	curator_escalation	curator escalation
PRJEB6891	SAMEA3357278	collection_date		2013-10-01	curator_escalation	curator escalation
PRJEB6891	SAMEA3357280	collection_date		2013-10-01	curator_escalation	curator escalation
PRJEB6891	SAMEA3357281	collection_date		2013-10-01	curator_escalation	curator escalation
PRJEB6891	SAMEA3357282	collection_date		2013-10-01	curator_escalation	curator escalation
PRJEB6891	SAMEA3357283	collection_date		2013-10-01	curator_escalation	curator escalation
PRJEB6891	SAMEA3357284	collection_date		2013-10-01	curator_escalation	curator escalation
PRJEB6891	SAMEA3357285	collection_date		2013-10-01	curator_escalation	curator escalation
PRJEB6891	SAMEA3357286	collection_date		2013-10-01	curator_escalation	curator escalation
PRJEB6891	SAMEA3357287	collection_date		2013-10-01	curator_escalation	curator escalation
PRJEB6891	SAMEA3357288	collection_date		2013-10-01	curator_escalation	curator escalation
PRJEB6891	SAMEA3357289	collection_date		2013-10-01	curator_escalation	curator escalation
PRJEB6891	SAMEA3357290	collection_date		2013-10-01	curator_escalation	curator escalation
PRJEB6891	SAMEA3357291	collection_date		2013-10-01	curator_escalation	curator escalation
PRJEB6891	SAMEA3357292	collection_date		2013-10-01	curator_escalation	curator escalation
PRJEB6891	SAMEA3357293	collection_date		2013-10-01	curator_escalation	curator escalation
PRJEB6891	SAMEA3357294	collection_date		2013-10-01	curator_escalation	curator escalation
PRJEB6891	SAMEA3357295	collection_date		2013-10-01	curator_escalation	curator escalation
PRJEB6891	SAMEA3357296	collection_date		2013-10-01	curator_escalation	curator escalation
PRJEB6891	SAMEA3357297	collection_date		2013-10-01	curator_escalation	curator escalation
PRJEB6891	SAMEA3357298	collection_date		2013-10-01	curator_escalation	curator escalation
PRJEB6891	SAMEA3357299	collection_date		2013-10-01	curator_escalation	curator escalation
PRJEB6891	SAMEA3357300	collection_date		2013-10-01	curator_escalation	curator escalation
PRJEB6891	SAMEA3357301	collection_date		2013-10-01	curator_escalation	curator escalation
PRJEB6891	SAMEA3357302	collection_date		2013-10-01	curator_escalation	curator escalation
PRJEB6891	SAMEA3357303	collection_date		2013-10-01	curator_escalation	curator escalation
PRJEB6891	SAMEA3357304	collection_date		2013-10-01	curator_escalation	curator escalation
PRJEB6891	SAMEA3357305	collection_date		2013-10-01	curator_escalation	curator escalation
PRJEB6891	SAMEA3357306	collection_date		2013-10-01	curator_escalation	curator escalation
PRJEB6891	SAMEA3357307	collection_date		2013-10-01	curator_escalation	curator escalation
PRJEB6891	SAMEA3357308	collection_date		2013-10-01	curator_escalation	curator escalation
PRJEB6891	SAMEA3357309	collection_date		2013-10-01	curator_escalation	curator escalation
PRJEB6891	SAMEA3357310	collection_date		2013-10-01	curator_escalation	curator escalation
PRJEB6891	SAMEA3357311	collection_date		2013-10-01	curator_escalation	curator escalation
PRJEB6891	SAMEA3357312	collection_date		2013-10-01	curator_escalation	curator escalation
PRJEB6891	SAMEA3357313	collection_date		2013-10-01	curator_escalation	curator escalation
PRJEB6891	SAMEA3357314	collection_date		2013-10-01	curator_escalation	curator escalation
PRJEB6891	SAMEA3357315	collection_date		2013-10-01	curator_escalation	curator escalation
PRJEB6891	SAMEA3357316	collection_date		2013-10-01	curator_escalation	curator escalation
PRJEB6891	SAMEA3357317	collection_date		2013-10-01	curator_escalation	curator escalation
PRJEB6891	SAMEA3357318	collection_date		2013-10-01	curator_escalation	curator escalation
PRJEB6891	SAMEA3357319	collection_date		2013-10-01	curator_escalation	curator escalation
PRJEB6891	SAMEA3357320	collection_date		2013-10-01	curator_escalation	curator escalation
PRJEB6891	SAMEA3357321	collection_date		2013-10-01	curator_escalation	curator escalation
PRJEB6891	SAMEA3357322	collection_date		2013-10-01	curator_escalation	curator escalation
PRJEB6891	SAMEA3357323	collection_date		2013-10-01	curator_escalation	curator escalation
PRJEB6891	SAMEA3357324	collection_date		2013-10-01	curator_escalation	curator escalation
PRJEB6891	SAMEA3357325	collection_date		2013-10-01	curator_escalation	curator escalation
PRJEB6891	SAMEA3357326	collection_date		2013-10-01	curator_escalation	curator escalation
PRJEB6891	SAMEA3357327	collection_date		2013-10-01	curator_escalation	curator escalation
PRJEB6891	SAMEA3357328	collection_date		2013-10-01	curator_escalation	curator escalation
PRJEB6891	SAMEA3357329	collection_date		2013-10-01	curator_escalation	curator escalation
PRJEB6891	SAMEA3357330	collection_date		2013-10-01	curator_escalation	curator escalation
PRJEB6891	SAMEA3357331	collection_date		2013-10-01	curator_escalation	curator escalation
PRJEB6891	SAMEA3357332	collection_date		2013-10-01	curator_escalation	curator escalation
PRJEB6891	SAMEA3357333	collection_date		2013-10-01	curator_escalation	curator escalation
PRJEB6891	SAMEA3357334	collection_date		2013-10-01	curator_escalation	curator escalation
PRJEB6891	SAMEA3357335	collection_date		2013-10-01	curator_escalation	curator escalation
PRJEB6891	SAMEA3357336	collection_date		2013-10-01	curator_escalation	curator escalation
PRJEB6891	SAMEA3357337	collection_date		2013-10-01	curator_escalation	curator escalation
PRJEB6891	SAMEA3357338	collection_date		2013-10-01	curator_escalation	curator escalation
PRJEB6891	SAMEA3357339	collection_date		2013-10-01	curator_escalation	curator escalation
PRJEB6891	SAMEA3357340	collection_date		2013-10-01	curator_escalation	curator escalation
PRJEB6891	SAMEA3357341	collection_date		2013-10-01	curator_escalation	curator escalation
PRJEB6891	SAMEA3357342	collection_date		2013-10-01	curator_escalation	curator escalation
PRJEB6891	SAMEA3357343	collection_date		2013-10-01	curator_escalation	curator escalation
PRJEB6891	SAMEA3357344	collection_date		2013-10-01	curator_escalation	curator escalation
PRJEB6891	SAMEA3357345	collection_date		2013-10-01	curator_escalation	curator escalation
PRJEB6891	SAMEA3357346	collection_date		2013-10-01	curator_escalation	curator escalation
PRJEB6891	SAMEA3357347	collection_date		2013-10-01	curator_escalation	curator escalation
PRJEB6891	SAMEA3357348	collection_date		2013-10-01	curator_escalation	curator escalation
PRJEB6891	SAMEA3357349	collection_date		2013-10-01	curator_escalation	curator escalation
PRJEB6891	SAMEA3357350	collection_date		2013-10-01	curator_escalation	curator escalation
PRJEB6891	SAMEA3357351	collection_date		2013-10-01	curator_escalation	curator escalation
PRJEB6891	SAMEA3357352	collection_date		2013-10-01	curator_escalation	curator escalation
PRJEB6891	SAMEA3357353	collection_date		2013-10-01	curator_escalation	curator escalation
PRJEB6891	SAMEA3357354	collection_date		2013-10-01	curator_escalation	curator escalation
PRJEB6891	SAMEA3357356	collection_date		2013-10-01	curator_escalation	curator escalation
PRJEB6891	SAMEA3357357	collection_date		2013-10-01	curator_escalation	curator escalation
PRJEB6891	SAMEA3357358	collection_date		2013-10-01	curator_escalation	curator escalation
PRJEB6891	SAMEA3357359	collection_date		2013-10-01	curator_escalation	curator escalation
PRJEB6891	SAMEA3357360	collection_date		2013-10-01	curator_escalation	curator escalation
PRJEB6891	SAMEA3357361	collection_date		2013-10-01	curator_escalation	curator escalation
PRJEB6891	SAMEA3357362	collection_date		2013-10-01	curator_escalation	curator escalation
PRJEB6891	SAMEA3357363	collection_date		2013-10-01	curator_escalation	curator escalation
PRJEB6891	SAMEA3357364	collection_date		2013-10-01	curator_escalation	curator escalation
PRJEB6891	SAMEA3357366	collection_date		2013-10-01	curator_escalation	curator escalation
PRJEB6891	SAMEA3357368	collection_date		2013-10-01	curator_escalation	curator escalation
PRJEB6891	SAMEA3357370	collection_date		2013-10-01	curator_escalation	curator escalation
PRJEB6891	SAMEA3357372	collection_date		2013-10-01	curator_escalation	curator escalation
PRJEB6891	SAMEA3357373	collection_date		2013-10-01	curator_escalation	curator escalation
PRJEB6891	SAMEA3357374	collection_date		2013-10-01	curator_escalation	curator escalation
PRJEB6891	SAMEA3357376	collection_date		2013-10-01	curator_escalation	curator escalation
PRJEB6891	SAMEA3357377	collection_date		2013-10-01	curator_escalation	curator escalation
PRJEB6891	SAMEA3357378	collection_date		2013-10-01	curator_escalation	curator escalation
PRJEB6891	SAMEA3357381	collection_date		2013-10-01	curator_escalation	curator escalation
PRJEB6891	SAMEA3357383	collection_date		2013-10-01	curator_escalation	curator escalation
PRJEB6891	SAMEA3357385	collection_date		2013-10-01	curator_escalation	curator escalation
PRJEB6891	SAMEA3357388	collection_date		2013-10-01	curator_escalation	curator escalation
PRJEB6891	SAMEA3357390	collection_date		2013-10-01	curator_escalation	curator escalation
PRJEB6891	SAMEA3357392	collection_date		2013-10-01	curator_escalation	curator escalation
PRJEB6891	SAMEA3357394	collection_date		2013-10-01	curator_escalation	curator escalation
PRJEB6891	SAMEA3357396	collection_date		2013-10-01	curator_escalation	curator escalation
PRJEB6891	SAMEA3357398	collection_date		2013-10-01	curator_escalation	curator escalation
PRJEB6891	SAMEA3357403	collection_date		2013-10-01	curator_escalation	curator escalation
PRJEB6891	SAMEA3357405	collection_date		2013-10-01	curator_escalation	curator escalation
PRJEB6891	SAMEA3357408	collection_date		2013-10-01	curator_escalation	curator escalation
PRJEB6891	SAMEA3357409	collection_date		2013-10-01	curator_escalation	curator escalation
PRJEB6891	SAMEA3357410	collection_date		2013-10-01	curator_escalation	curator escalation
PRJEB6891	SAMEA3357412	collection_date		2013-10-01	curator_escalation	curator escalation
PRJEB6891	SAMEA3357413	collection_date		2013-10-01	curator_escalation	curator escalation
PRJEB6891	SAMEA3357414	collection_date		2013-10-01	curator_escalation	curator escalation
PRJEB6891	SAMEA3357416	collection_date		2013-10-01	curator_escalation	curator escalation
PRJEB6891	SAMEA3357418	collection_date		2013-10-01	curator_escalation	curator escalation
PRJEB6891	SAMEA3357419	collection_date		2013-10-01	curator_escalation	curator escalation
PRJEB6891	SAMEA3357421	collection_date		2013-10-01	curator_escalation	curator escalation
PRJEB6891	SAMEA3357423	collection_date		2013-10-01	curator_escalation	curator escalation
PRJEB6891	SAMEA3357426	collection_date		2013-10-01	curator_escalation	curator escalation
PRJEB6891	SAMEA3357427	collection_date		2013-10-01	curator_escalation	curator escalation
PRJEB6891	SAMEA3357428	collection_date		2013-10-01	curator_escalation	curator escalation
PRJEB6891	SAMEA3357429	collection_date		2013-10-01	curator_escalation	curator escalation
PRJEB6891	SAMEA3357431	collection_date		2013-10-01	curator_escalation	curator escalation
PRJEB6891	SAMEA3357433	collection_date		2013-10-01	curator_escalation	curator escalation
PRJEB6891	SAMEA3357434	collection_date		2013-10-01	curator_escalation	curator escalation
PRJEB6891	SAMEA3357435	collection_date		2013-10-01	curator_escalation	curator escalation
PRJEB6891	SAMEA3357437	collection_date		2013-10-01	curator_escalation	curator escalation
PRJEB6891	SAMEA3357439	collection_date		2013-10-01	curator_escalation	curator escalation
PRJEB6891	SAMEA3357441	collection_date		2013-10-01	curator_escalation	curator escalation
PRJEB6891	SAMEA3357443	collection_date		2013-10-01	curator_escalation	curator escalation
PRJEB6891	SAMEA3357445	collection_date		2013-10-01	curator_escalation	curator escalation
PRJEB6891	SAMEA3357446	collection_date		2013-10-01	curator_escalation	curator escalation
PRJEB6891	SAMEA3357447	collection_date		2013-10-01	curator_escalation	curator escalation
PRJEB6891	SAMEA3357449	collection_date		2013-10-01	curator_escalation	curator escalation
PRJEB6891	SAMEA3357451	collection_date		2013-10-01	curator_escalation	curator escalation
PRJEB6891	SAMEA3357458	collection_date		2013-10-01	curator_escalation	curator escalation
PRJEB6891	SAMEA3357461	collection_date		2013-10-01	curator_escalation	curator escalation
PRJEB6891	SAMEA3357464	collection_date		2013-10-01	curator_escalation	curator escalation
PRJEB6891	SAMEA3357466	collection_date		2013-10-01	curator_escalation	curator escalation
PRJEB6891	SAMEA3357484	collection_date		2013-10-01	curator_escalation	curator escalation
PRJEB6891	SAMEA3357487	collection_date		2013-10-01	curator_escalation	curator escalation
PRJEB6891	SAMEA3357496	collection_date		2013-10-01	curator_escalation	curator escalation
PRJEB6891	SAMEA3357510	collection_date		2013-10-01	curator_escalation	curator escalation
PRJEB6891	SAMEA3357511	collection_date		2013-10-01	curator_escalation	curator escalation
PRJEB6891	SAMEA3357515	collection_date		2013-10-01	curator_escalation	curator escalation
PRJEB6891	SAMEA3357525	collection_date		2013-10-01	curator_escalation	curator escalation
PRJEB6891	SAMEA3357529	collection_date		2013-10-01	curator_escalation	curator escalation
PRJEB6891	SAMEA3357535	collection_date		2013-10-01	curator_escalation	curator escalation
PRJEB6891	SAMEA3357536	collection_date		2013-10-01	curator_escalation	curator escalation
PRJEB6891	SAMEA3357540	collection_date		2013-10-01	curator_escalation	curator escalation
PRJEB6891	SAMEA3357541	collection_date		2013-10-01	curator_escalation	curator escalation
PRJEB6891	SAMEA3357542	collection_date		2013-10-01	curator_escalation	curator escalation
PRJEB6891	SAMEA3357543	collection_date		2013-10-01	curator_escalation	curator escalation
PRJEB6891	SAMEA3357545	collection_date		2013-10-01	curator_escalation	curator escalation
PRJEB6891	SAMEA3357546	collection_date		2013-10-01	curator_escalation	curator escalation
PRJEB6891	SAMEA3357547	collection_date		2013-10-01	curator_escalation	curator escalation
PRJEB6891	SAMEA3357548	collection_date		2013-10-01	curator_escalation	curator escalation
PRJEB6891	SAMEA3357549	collection_date		2013-10-01	curator_escalation	curator escalation
PRJEB6891	SAMEA3357550	collection_date		2013-10-01	curator_escalation	curator escalation
PRJEB6891	SAMEA3357555	collection_date		2013-10-01	curator_escalation	curator escalation
PRJEB6891	SAMEA3357556	collection_date		2013-10-01	curator_escalation	curator escalation
PRJEB6891	SAMEA3357557	collection_date		2013-10-01	curator_escalation	curator escalation
PRJEB6891	SAMEA3357558	collection_date		2013-10-01	curator_escalation	curator escalation
PRJEB6891	SAMEA3357559	collection_date		2013-10-01	curator_escalation	curator escalation
PRJEB6891	SAMEA3357560	collection_date		2013-10-01	curator_escalation	curator escalation
PRJEB6891	SAMEA3357561	collection_date		2013-10-01	curator_escalation	curator escalation
PRJEB6891	SAMEA3357562	collection_date		2013-10-01	curator_escalation	curator escalation
PRJEB6891	SAMEA3357563	collection_date		2013-10-01	curator_escalation	curator escalation
PRJEB6891	SAMEA3357564	collection_date		2013-10-01	curator_escalation	curator escalation
PRJEB6891	SAMEA3357565	collection_date		2013-10-01	curator_escalation	curator escalation
PRJEB6891	SAMEA3357566	collection_date		2013-10-01	curator_escalation	curator escalation
PRJEB6891	SAMEA3357567	collection_date		2013-10-01	curator_escalation	curator escalation
PRJEB12699	SAMEA3882855	collection_date		2003-01-01	curator_escalation	curator escalation
PRJEB12699	SAMEA3886633	collection_date		2003-01-01	curator_escalation	curator escalation
PRJEB12699	SAMEA3886634	collection_date		2003-01-01	curator_escalation	curator escalation
PRJEB12699	SAMEA3886635	collection_date		2003-01-01	curator_escalation	curator escalation
PRJEB12699	SAMEA3886636	collection_date		2003-01-01	curator_escalation	curator escalation
PRJEB12699	SAMEA3886637	collection_date		2003-01-01	curator_escalation	curator escalation
PRJEB12699	SAMEA3886638	collection_date		2003-01-01	curator_escalation	curator escalation
PRJEB12699	SAMEA3886639	collection_date		2003-01-01	curator_escalation	curator escalation
PRJEB12699	SAMEA3886640	collection_date		2003-01-01	curator_escalation	curator escalation
PRJEB12699	SAMEA3886641	collection_date		2003-01-01	curator_escalation	curator escalation
PRJEB12699	SAMEA3886642	collection_date		2003-01-01	curator_escalation	curator escalation
PRJEB12699	SAMEA3886643	collection_date		2003-01-01	curator_escalation	curator escalation
PRJEB12699	SAMEA3886644	collection_date		2003-01-01	curator_escalation	curator escalation
PRJEB12699	SAMEA3886645	collection_date		2003-01-01	curator_escalation	curator escalation
PRJEB12699	SAMEA3886646	collection_date		2003-01-01	curator_escalation	curator escalation
PRJEB12699	SAMEA3886648	collection_date		2003-01-01	curator_escalation	curator escalation
PRJEB12699	SAMEA3886649	collection_date		2003-01-01	curator_escalation	curator escalation
PRJEB12699	SAMEA3886650	collection_date		2003-01-01	curator_escalation	curator escalation
PRJEB12699	SAMEA3886651	collection_date		2003-01-01	curator_escalation	curator escalation
PRJEB12699	SAMEA3886652	collection_date		2003-01-01	curator_escalation	curator escalation
PRJEB12699	SAMEA3886653	collection_date		2003-01-01	curator_escalation	curator escalation
PRJEB12699	SAMEA3886654	collection_date		2003-01-01	curator_escalation	curator escalation
PRJEB12699	SAMEA3886655	collection_date		2003-01-01	curator_escalation	curator escalation
PRJEB12699	SAMEA3886656	collection_date		2003-01-01	curator_escalation	curator escalation
PRJEB12699	SAMEA3886657	collection_date		2003-01-01	curator_escalation	curator escalation
PRJEB12699	SAMEA3886658	collection_date		2003-01-01	curator_escalation	curator escalation
PRJEB12699	SAMEA3886659	collection_date		2003-01-01	curator_escalation	curator escalation
PRJEB12699	SAMEA3886660	collection_date		2003-01-01	curator_escalation	curator escalation
PRJEB12699	SAMEA3886661	collection_date		2003-01-01	curator_escalation	curator escalation
PRJEB12699	SAMEA3886662	collection_date		2003-01-01	curator_escalation	curator escalation
PRJEB12699	SAMEA3886663	collection_date		2003-01-01	curator_escalation	curator escalation
PRJEB12699	SAMEA3886664	collection_date		2003-01-01	curator_escalation	curator escalation
PRJEB12699	SAMEA3886665	collection_date		2003-01-01	curator_escalation	curator escalation
PRJEB12699	SAMEA3886666	collection_date		2003-01-01	curator_escalation	curator escalation
PRJEB12699	SAMEA3886667	collection_date		2003-01-01	curator_escalation	curator escalation
PRJEB12699	SAMEA3886668	collection_date		2003-01-01	curator_escalation	curator escalation
PRJEB12699	SAMEA3886669	collection_date		2003-01-01	curator_escalation	curator escalation
PRJEB12699	SAMEA3886670	collection_date		2003-01-01	curator_escalation	curator escalation
PRJEB12699	SAMEA3886671	collection_date		2003-01-01	curator_escalation	curator escalation
PRJEB12699	SAMEA3886672	collection_date		2003-01-01	curator_escalation	curator escalation
PRJEB12699	SAMEA3886673	collection_date		2003-01-01	curator_escalation	curator escalation
PRJEB12699	SAMEA3886674	collection_date		2003-01-01	curator_escalation	curator escalation
PRJEB12699	SAMEA3886675	collection_date		2003-01-01	curator_escalation	curator escalation
PRJEB12699	SAMEA3886676	collection_date		2003-01-01	curator_escalation	curator escalation
PRJEB12699	SAMEA3886677	collection_date		2003-01-01	curator_escalation	curator escalation
PRJEB12699	SAMEA3886678	collection_date		2003-01-01	curator_escalation	curator escalation
PRJEB12699	SAMEA3886679	collection_date		2003-01-01	curator_escalation	curator escalation
PRJEB12699	SAMEA3886680	collection_date		2003-01-01	curator_escalation	curator escalation
PRJEB12699	SAMEA3886681	collection_date		2003-01-01	curator_escalation	curator escalation
PRJEB12699	SAMEA3886682	collection_date		2003-01-01	curator_escalation	curator escalation
PRJEB12699	SAMEA3886683	collection_date		2003-01-01	curator_escalation	curator escalation
PRJEB12699	SAMEA3886684	collection_date		2003-01-01	curator_escalation	curator escalation
PRJEB12699	SAMEA3886685	collection_date		2003-01-01	curator_escalation	curator escalation
PRJEB12699	SAMEA3886686	collection_date		2003-01-01	curator_escalation	curator escalation
PRJEB12699	SAMEA3886687	collection_date		2003-01-01	curator_escalation	curator escalation
PRJEB12699	SAMEA3886688	collection_date		2003-01-01	curator_escalation	curator escalation
PRJEB12699	SAMEA3886689	collection_date		2003-01-01	curator_escalation	curator escalation
PRJEB12699	SAMEA3886690	collection_date		2003-01-01	curator_escalation	curator escalation
PRJEB12699	SAMEA3886691	collection_date		2003-01-01	curator_escalation	curator escalation
PRJEB12699	SAMEA3886692	collection_date		2003-01-01	curator_escalation	curator escalation
PRJEB12699	SAMEA3886693	collection_date		2003-01-01	curator_escalation	curator escalation
PRJEB12699	SAMEA3886694	collection_date		2003-01-01	curator_escalation	curator escalation
PRJEB12699	SAMEA3886695	collection_date		2003-01-01	curator_escalation	curator escalation
PRJEB12699	SAMEA3886696	collection_date		2003-01-01	curator_escalation	curator escalation
PRJEB12699	SAMEA3886697	collection_date		2003-01-01	curator_escalation	curator escalation
PRJEB12699	SAMEA3886698	collection_date		2003-01-01	curator_escalation	curator escalation
PRJEB12699	SAMEA3886700	collection_date		2003-01-01	curator_escalation	curator escalation
PRJEB12699	SAMEA3886701	collection_date		2003-01-01	curator_escalation	curator escalation
PRJEB12699	SAMEA3886702	collection_date		2003-01-01	curator_escalation	curator escalation
PRJEB12699	SAMEA3886703	collection_date		2003-01-01	curator_escalation	curator escalation
PRJEB12699	SAMEA3886704	collection_date		2003-01-01	curator_escalation	curator escalation
PRJEB12699	SAMEA3886705	collection_date		2003-01-01	curator_escalation	curator escalation
PRJEB12699	SAMEA3886706	collection_date		2003-01-01	curator_escalation	curator escalation
PRJEB12699	SAMEA3886707	collection_date		2003-01-01	curator_escalation	curator escalation
PRJEB12699	SAMEA3886708	collection_date		2003-01-01	curator_escalation	curator escalation
PRJEB12699	SAMEA3886709	collection_date		2003-01-01	curator_escalation	curator escalation
PRJEB12699	SAMEA3886710	collection_date		2003-01-01	curator_escalation	curator escalation
PRJEB12699	SAMEA3886711	collection_date		2003-01-01	curator_escalation	curator escalation
PRJEB12699	SAMEA3886712	collection_date		2003-01-01	curator_escalation	curator escalation
PRJEB12699	SAMEA3886713	collection_date		2003-01-01	curator_escalation	curator escalation
PRJEB12699	SAMEA3886714	collection_date		2003-01-01	curator_escalation	curator escalation
PRJEB12699	SAMEA3886715	collection_date		2003-01-01	curator_escalation	curator escalation
PRJEB12699	SAMEA3886716	collection_date		2003-01-01	curator_escalation	curator escalation
PRJEB12699	SAMEA3886717	collection_date		2003-01-01	curator_escalation	curator escalation
PRJEB12699	SAMEA3886718	collection_date		2003-01-01	curator_escalation	curator escalation
PRJEB12699	SAMEA3886719	collection_date		2003-01-01	curator_escalation	curator escalation
PRJEB12699	SAMEA3886720	collection_date		2003-01-01	curator_escalation	curator escalation
PRJEB12699	SAMEA3886721	collection_date		2003-01-01	curator_escalation	curator escalation
PRJEB12699	SAMEA3886722	collection_date		2003-01-01	curator_escalation	curator escalation
PRJEB12699	SAMEA3886723	collection_date		2003-01-01	curator_escalation	curator escalation
PRJEB12699	SAMEA3886724	collection_date		2003-01-01	curator_escalation	curator escalation
PRJEB12699	SAMEA3886725	collection_date		2003-01-01	curator_escalation	curator escalation
PRJEB12699	SAMEA3886726	collection_date		2003-01-01	curator_escalation	curator escalation
PRJEB12699	SAMEA3886727	collection_date		2003-01-01	curator_escalation	curator escalation
PRJEB12699	SAMEA3886728	collection_date		2003-01-01	curator_escalation	curator escalation
PRJEB12699	SAMEA3886729	collection_date		2003-01-01	curator_escalation	curator escalation
PRJEB12699	SAMEA3886730	collection_date		2003-01-01	curator_escalation	curator escalation
PRJEB12699	SAMEA3886731	collection_date		2003-01-01	curator_escalation	curator escalation
PRJEB12699	SAMEA3886732	collection_date		2003-01-01	curator_escalation	curator escalation
PRJEB12699	SAMEA3886733	collection_date		2003-01-01	curator_escalation	curator escalation
PRJEB12699	SAMEA3886734	collection_date		2003-01-01	curator_escalation	curator escalation
PRJEB12699	SAMEA3886735	collection_date		2003-01-01	curator_escalation	curator escalation
PRJEB12699	SAMEA3886736	collection_date		2003-01-01	curator_escalation	curator escalation
PRJEB12699	SAMEA3886737	collection_date		2003-01-01	curator_escalation	curator escalation
PRJEB12699	SAMEA3886738	collection_date		2003-01-01	curator_escalation	curator escalation
PRJEB12699	SAMEA3886739	collection_date		2003-01-01	curator_escalation	curator escalation
PRJEB12699	SAMEA3886740	collection_date		2003-01-01	curator_escalation	curator escalation
PRJEB12699	SAMEA3886741	collection_date		2003-01-01	curator_escalation	curator escalation
PRJEB12699	SAMEA3886742	collection_date		2003-01-01	curator_escalation	curator escalation
PRJEB12699	SAMEA3886743	collection_date		2003-01-01	curator_escalation	curator escalation
PRJEB12699	SAMEA3886744	collection_date		2003-01-01	curator_escalation	curator escalation
PRJEB12699	SAMEA3886745	collection_date		2003-01-01	curator_escalation	curator escalation
PRJEB12699	SAMEA3886746	collection_date		2003-01-01	curator_escalation	curator escalation
PRJEB12699	SAMEA3886747	collection_date		2003-01-01	curator_escalation	curator escalation
PRJEB12699	SAMEA3886748	collection_date		2003-01-01	curator_escalation	curator escalation
PRJEB12699	SAMEA3886749	collection_date		2003-01-01	curator_escalation	curator escalation
PRJEB12699	SAMEA3886750	collection_date		2003-01-01	curator_escalation	curator escalation
PRJEB12699	SAMEA3886751	collection_date		2003-01-01	curator_escalation	curator escalation
PRJEB12699	SAMEA3886752	collection_date		2003-01-01	curator_escalation	curator escalation
PRJEB12699	SAMEA3886753	collection_date		2003-01-01	curator_escalation	curator escalation
PRJEB12699	SAMEA3886754	collection_date		2003-01-01	curator_escalation	curator escalation
PRJEB12699	SAMEA3886755	collection_date		2003-01-01	curator_escalation	curator escalation
PRJEB12699	SAMEA3886756	collection_date		2003-01-01	curator_escalation	curator escalation
PRJEB12699	SAMEA3886757	collection_date		2003-01-01	curator_escalation	curator escalation
PRJEB12699	SAMEA3886758	collection_date		2003-01-01	curator_escalation	curator escalation
PRJEB12699	SAMEA3886759	collection_date		2003-01-01	curator_escalation	curator escalation
PRJEB12699	SAMEA3886760	collection_date		2003-01-01	curator_escalation	curator escalation
PRJEB12699	SAMEA3886761	collection_date		2003-01-01	curator_escalation	curator escalation
PRJEB12699	SAMEA3886762	collection_date		2003-01-01	curator_escalation	curator escalation
PRJEB12699	SAMEA3886763	collection_date		2003-01-01	curator_escalation	curator escalation
PRJEB12699	SAMEA3886764	collection_date		2003-01-01	curator_escalation	curator escalation
PRJEB12699	SAMEA3886765	collection_date		2003-01-01	curator_escalation	curator escalation
PRJEB12699	SAMEA3886766	collection_date		2003-01-01	curator_escalation	curator escalation
PRJEB12699	SAMEA3886767	collection_date		2003-01-01	curator_escalation	curator escalation
PRJEB12699	SAMEA3886768	collection_date		2003-01-01	curator_escalation	curator escalation
PRJEB12699	SAMEA3886769	collection_date		2003-01-01	curator_escalation	curator escalation
PRJEB12699	SAMEA3886770	collection_date		2003-01-01	curator_escalation	curator escalation
PRJEB12699	SAMEA3886771	collection_date		2003-01-01	curator_escalation	curator escalation
PRJEB12699	SAMEA3886772	collection_date		2003-01-01	curator_escalation	curator escalation
PRJEB12699	SAMEA3886773	collection_date		2003-01-01	curator_escalation	curator escalation
PRJEB12699	SAMEA3890330	collection_date		2003-01-01	curator_escalation	curator escalation
PRJEB6891	SAMN07211279	collection_date		2013-10-01	curator_escalation	curator escalation
PRJEB6891	SAMN07211280	collection_date		2013-10-01	curator_escalation	curator escalation
PRJEB6891	SAMN07211281	collection_date		2013-10-01	curator_escalation	curator escalation
PRJEB6891	SAMN07211282	collection_date		2013-10-01	curator_escalation	curator escalation
PRJEB37378	SAMEA10300043	collection_date		2020-03-01	curator_escalation	curator escalation
PRJEB37378	SAMEA10300113	collection_date		2020-03-01	curator_escalation	curator escalation
PRJEB37378	SAMEA10300116	collection_date		2020-03-01	curator_escalation	curator escalation
PRJEB37378	SAMEA10300117	collection_date		2020-03-01	curator_escalation	curator escalation
PRJEB37378	SAMEA10300118	collection_date		2020-03-01	curator_escalation	curator escalation
PRJEB37378	SAMEA10300120	collection_date		2020-03-01	curator_escalation	curator escalation
PRJEB37378	SAMEA10300123	collection_date		2020-03-01	curator_escalation	curator escalation
PRJEB37378	SAMEA10300132	collection_date		2020-03-01	curator_escalation	curator escalation
PRJEB37378	SAMEA10300146	collection_date		2020-03-01	curator_escalation	curator escalation
PRJEB37378	SAMEA10300252	collection_date		2020-03-01	curator_escalation	curator escalation
PRJEB37378	SAMEA10300271	collection_date		2020-03-01	curator_escalation	curator escalation
PRJEB37378	SAMEA10300317	collection_date		2020-03-01	curator_escalation	curator escalation
PRJEB37378	SAMEA10301440	collection_date		2020-03-01	curator_escalation	curator escalation
PRJEB37378	SAMEA10301564	collection_date		2020-03-01	curator_escalation	curator escalation
PRJEB37378	SAMEA10301566	collection_date		2020-03-01	curator_escalation	curator escalation
PRJEB37378	SAMEA10301567	collection_date		2020-03-01	curator_escalation	curator escalation
PRJEB37378	SAMEA10301568	collection_date		2020-03-01	curator_escalation	curator escalation
PRJEB37378	SAMEA10301577	collection_date		2020-03-01	curator_escalation	curator escalation
PRJEB37378	SAMEA10302137	collection_date		2020-03-01	curator_escalation	curator escalation
PRJEB37378	SAMEA10634317	collection_date		2020-03-01	curator_escalation	curator escalation
PRJEB37378	SAMEA10634349	collection_date		2020-03-01	curator_escalation	curator escalation
PRJEB37378	SAMEA10634372	collection_date		2020-03-01	curator_escalation	curator escalation
PRJEB37378	SAMEA10634380	collection_date		2020-03-01	curator_escalation	curator escalation
PRJEB37378	SAMEA10634384	collection_date		2020-03-01	curator_escalation	curator escalation
PRJEB37378	SAMEA10634385	collection_date		2020-03-01	curator_escalation	curator escalation
PRJEB37378	SAMEA10634386	collection_date		2020-03-01	curator_escalation	curator escalation
PRJEB37378	SAMEA10634388	collection_date		2020-03-01	curator_escalation	curator escalation
PRJEB37378	SAMEA10634416	collection_date		2020-03-01	curator_escalation	curator escalation
PRJEB37378	SAMEA10634417	collection_date		2020-03-01	curator_escalation	curator escalation
PRJEB37378	SAMEA10634418	collection_date		2020-03-01	curator_escalation	curator escalation
PRJEB37378	SAMEA10634431	collection_date		2020-03-01	curator_escalation	curator escalation
PRJEB37378	SAMEA10634432	collection_date		2020-03-01	curator_escalation	curator escalation
PRJEB37378	SAMEA10634435	collection_date		2020-03-01	curator_escalation	curator escalation
PRJEB37378	SAMEA10634437	collection_date		2020-03-01	curator_escalation	curator escalation
PRJEB37378	SAMEA10634447	collection_date		2020-03-01	curator_escalation	curator escalation
PRJEB37378	SAMEA10634455	collection_date		2020-03-01	curator_escalation	curator escalation
PRJEB37378	SAMEA10634456	collection_date		2020-03-01	curator_escalation	curator escalation
PRJEB37378	SAMEA10634457	collection_date		2020-03-01	curator_escalation	curator escalation
PRJEB37378	SAMEA10634459	collection_date		2020-03-01	curator_escalation	curator escalation
PRJEB37378	SAMEA10634461	collection_date		2020-03-01	curator_escalation	curator escalation
PRJEB37378	SAMEA10634462	collection_date		2020-03-01	curator_escalation	curator escalation
PRJEB37378	SAMEA10634464	collection_date		2020-03-01	curator_escalation	curator escalation
PRJEB37378	SAMEA10634466	collection_date		2020-03-01	curator_escalation	curator escalation
PRJEB37378	SAMEA10634467	collection_date		2020-03-01	curator_escalation	curator escalation
PRJEB37378	SAMEA10634469	collection_date		2020-03-01	curator_escalation	curator escalation
PRJEB37378	SAMEA10634470	collection_date		2020-03-01	curator_escalation	curator escalation
PRJEB37378	SAMEA10634472	collection_date		2020-03-01	curator_escalation	curator escalation
PRJEB37378	SAMEA10634473	collection_date		2020-03-01	curator_escalation	curator escalation
PRJEB37378	SAMEA12109341	collection_date		2020-03-01	curator_escalation	curator escalation
PRJEB37378	SAMEA12109346	collection_date		2020-03-01	curator_escalation	curator escalation
PRJEB37378	SAMEA12109361	collection_date		2020-03-01	curator_escalation	curator escalation
PRJEB37378	SAMEA12816659	collection_date		2020-03-01	curator_escalation	curator escalation
PRJEB37378	SAMEA12816680	collection_date		2020-03-01	curator_escalation	curator escalation
PRJEB37378	SAMEA12816681	collection_date		2020-03-01	curator_escalation	curator escalation
PRJEB37378	SAMEA12816687	collection_date		2020-03-01	curator_escalation	curator escalation
PRJEB37378	SAMEA12816694	collection_date		2020-03-01	curator_escalation	curator escalation
PRJEB37378	SAMEA12816714	collection_date		2020-03-01	curator_escalation	curator escalation
PRJEB37378	SAMEA12816717	collection_date		2020-03-01	curator_escalation	curator escalation
PRJEB37378	SAMEA12816721	collection_date		2020-03-01	curator_escalation	curator escalation
PRJEB37378	SAMEA12816722	collection_date		2020-03-01	curator_escalation	curator escalation
PRJEB37378	SAMEA12816723	collection_date		2020-03-01	curator_escalation	curator escalation
PRJEB37378	SAMEA12816730	collection_date		2020-03-01	curator_escalation	curator escalation
PRJEB37378	SAMEA12816731	collection_date		2020-03-01	curator_escalation	curator escalation
PRJEB37378	SAMEA12816746	collection_date		2020-03-01	curator_escalation	curator escalation
PRJEB37378	SAMEA12816749	collection_date		2020-03-01	curator_escalation	curator escalation
PRJEB37378	SAMEA12816753	collection_date		2020-03-01	curator_escalation	curator escalation
PRJEB37378	SAMEA12816756	collection_date		2020-03-01	curator_escalation	curator escalation
PRJEB37378	SAMEA12816763	collection_date		2020-03-01	curator_escalation	curator escalation
PRJEB37378	SAMEA12816764	collection_date		2020-03-01	curator_escalation	curator escalation
PRJEB37378	SAMEA12816769	collection_date		2020-03-01	curator_escalation	curator escalation
PRJEB37378	SAMEA12816771	collection_date		2020-03-01	curator_escalation	curator escalation
PRJEB37378	SAMEA12816774	collection_date		2020-03-01	curator_escalation	curator escalation
PRJEB37378	SAMEA12816782	collection_date		2020-03-01	curator_escalation	curator escalation
PRJEB37378	SAMEA12816787	collection_date		2020-03-01	curator_escalation	curator escalation
PRJEB37378	SAMEA12816817	collection_date		2020-03-01	curator_escalation	curator escalation
PRJEB37378	SAMEA12816820	collection_date		2020-03-01	curator_escalation	curator escalation
PRJEB37378	SAMEA12816826	collection_date		2020-03-01	curator_escalation	curator escalation
PRJEB37378	SAMEA12816827	collection_date		2020-03-01	curator_escalation	curator escalation
PRJEB37378	SAMEA12816835	collection_date		2020-03-01	curator_escalation	curator escalation
PRJEB37378	SAMEA12816845	collection_date		2020-03-01	curator_escalation	curator escalation
PRJEB37378	SAMEA12816895	collection_date		2020-03-01	curator_escalation	curator escalation
PRJEB37378	SAMEA12816897	collection_date		2020-03-01	curator_escalation	curator escalation
PRJEB37378	SAMEA12816910	collection_date		2020-03-01	curator_escalation	curator escalation
PRJEB37378	SAMEA13789594	collection_date		2020-03-01	curator_escalation	curator escalation
PRJEB37378	SAMEA13789597	collection_date		2020-03-01	curator_escalation	curator escalation
PRJEB37378	SAMEA13789678	collection_date		2020-03-01	curator_escalation	curator escalation
PRJEB6891	SAMEA3357395	collection_date		2013-10-01	curator_escalation	curator escalation
PRJEB6891	SAMEA3357400	collection_date		2013-10-01	curator_escalation	curator escalation
PRJEB6891	SAMEA3357430	collection_date		2013-10-01	curator_escalation	curator escalation
PRJEB6891	SAMEA3357537	collection_date		2013-10-01	curator_escalation	curator escalation
PRJEB6891	SAMEA3357538	collection_date		2013-10-01	curator_escalation	curator escalation
PRJEB6891	SAMEA3357539	collection_date		2013-10-01	curator_escalation	curator escalation
PRJEB6891	SAMEA3357544	collection_date		2013-10-01	curator_escalation	curator escalation
PRJEB37378	SAMEA10147368	country		Malawi	curator_escalation	curator escalation
PRJEB37378	SAMEA10147370	country		Malawi	curator_escalation	curator escalation
PRJEB37378	SAMEA10147372	country		Malawi	curator_escalation	curator escalation
PRJEB37378	SAMEA10147292	country		Malawi	curator_escalation	curator escalation
PRJEB37378	SAMEA10147296	country		Malawi	curator_escalation	curator escalation
PRJEB37378	SAMEA10147295	country		Malawi	curator_escalation	curator escalation
PRJEB37378	SAMEA10147298	country		Malawi	curator_escalation	curator escalation
PRJEB37378	SAMEA10147299	country		Malawi	curator_escalation	curator escalation
PRJEB37378	SAMEA10147302	country		Malawi	curator_escalation	curator escalation
PRJEB37378	SAMEA10147305	country		Malawi	curator_escalation	curator escalation
PRJEB37378	SAMEA10147306	country		Malawi	curator_escalation	curator escalation
PRJEB37378	SAMEA10147307	country		Malawi	curator_escalation	curator escalation
PRJEB37378	SAMEA10147265	country		Malawi	curator_escalation	curator escalation
PRJEB37378	SAMEA10147311	country		Malawi	curator_escalation	curator escalation
PRJEB37378	SAMEA10147261	country		Malawi	curator_escalation	curator escalation
PRJEB37378	SAMEA10147312	country		Malawi	curator_escalation	curator escalation
PRJEB37378	SAMEA10147263	country		Malawi	curator_escalation	curator escalation
PRJEB37378	SAMEA10147317	country		Malawi	curator_escalation	curator escalation
PRJEB37378	SAMEA10147325	country		Malawi	curator_escalation	curator escalation
PRJEB37378	SAMEA10147268	country		Malawi	curator_escalation	curator escalation
PRJEB37378	SAMEA10147320	country		Malawi	curator_escalation	curator escalation
PRJEB37378	SAMEA10147388	country		Malawi	curator_escalation	curator escalation
PRJEB37378	SAMEA10147389	country		Malawi	curator_escalation	curator escalation
PRJEB37378	SAMEA10147285	country		Malawi	curator_escalation	curator escalation
PRJEB37378	SAMEA10147281	country		Malawi	curator_escalation	curator escalation
PRJEB37378	SAMEA10147283	country		Malawi	curator_escalation	curator escalation
PRJEB37378	SAMEA10147287	country		Malawi	curator_escalation	curator escalation
PRJEB37378	SAMEA10147288	country		Malawi	curator_escalation	curator escalation
PRJEB37378	SAMEA10147326	country		Malawi	curator_escalation	curator escalation
PRJEB37378	SAMEA10147327	country		Malawi	curator_escalation	curator escalation
PRJEB37378	SAMEA10147332	country		Malawi	curator_escalation	curator escalation
PRJEB37378	SAMEA10147336	country		Malawi	curator_escalation	curator escalation
PRJEB37378	SAMEA10147337	country		Malawi	curator_escalation	curator escalation
PRJEB37378	SAMEA10147339	country		Malawi	curator_escalation	curator escalation
PRJEB37378	SAMEA10147347	country		Malawi	curator_escalation	curator escalation
PRJEB37378	SAMEA10147348	country		Malawi	curator_escalation	curator escalation
PRJEB37378	SAMEA10147353	country		Malawi	curator_escalation	curator escalation
PRJEB37378	SAMEA10147357	country		Malawi	curator_escalation	curator escalation
PRJEB37378	SAMEA10147360	country		Malawi	curator_escalation	curator escalation
PRJEB37378	SAMEA10147361	country		Malawi	curator_escalation	curator escalation
PRJEB37378	SAMEA10147272	country		Malawi	curator_escalation	curator escalation
PRJEB37378	SAMEA10147324	country		Malawi	curator_escalation	curator escalation
PRJEB37378	SAMEA10147335	country		Malawi	curator_escalation	curator escalation
PRJEB37378	SAMEA10147381	country		Malawi	curator_escalation	curator escalation
PRJEB37378	SAMEA10147384	country		Malawi	curator_escalation	curator escalation
PRJEB37378	SAMEA10147290	country		Malawi	curator_escalation	curator escalation
PRJEB37378	SAMEA10147291	country		Malawi	curator_escalation	curator escalation
PRJEB37378	SAMEA10147395	country		Malawi	curator_escalation	curator escalation
PRJEB37378	SAMEA10147397	country		Malawi	curator_escalation	curator escalation
PRJEB37378	SAMEA10147400	country		Malawi	curator_escalation	curator escalation
PRJEB37378	SAMEA10147404	country		Malawi	curator_escalation	curator escalation
PRJEB37378	SAMEA10147414	country		Malawi	curator_escalation	curator escalation
PRJEB37378	SAMEA10147418	country		Malawi	curator_escalation	curator escalation
PRJEB37378	SAMEA10147366	country		Malawi	curator_escalation	curator escalation
PRJEB37378	SAMEA10147367	country		Malawi	curator_escalation	curator escalation
PRJEB37378	SAMEA10147371	country		Malawi	curator_escalation	curator escalation
PRJEB37378	SAMEA10147373	country		Malawi	curator_escalation	curator escalation
PRJEB37378	SAMEA10147293	country		Malawi	curator_escalation	curator escalation
PRJEB37378	SAMEA10147297	country		Malawi	curator_escalation	curator escalation
PRJEB37378	SAMEA10147304	country		Malawi	curator_escalation	curator escalation
PRJEB37378	SAMEA10147308	country		Malawi	curator_escalation	curator escalation
PRJEB37378	SAMEA10147259	country		Malawi	curator_escalation	curator escalation
PRJEB37378	SAMEA10147310	country		Malawi	curator_escalation	curator escalation
PRJEB37378	SAMEA10147313	country		Malawi	curator_escalation	curator escalation
PRJEB37378	SAMEA10147267	country		Malawi	curator_escalation	curator escalation
PRJEB37378	SAMEA10147270	country		Malawi	curator_escalation	curator escalation
PRJEB37378	SAMEA10147271	country		Malawi	curator_escalation	curator escalation
PRJEB37378	SAMEA10147387	country		Malawi	curator_escalation	curator escalation
PRJEB37378	SAMEA10147273	country		Malawi	curator_escalation	curator escalation
PRJEB37378	SAMEA10147274	country		Malawi	curator_escalation	curator escalation
PRJEB37378	SAMEA10147276	country		Malawi	curator_escalation	curator escalation
PRJEB37378	SAMEA10147390	country		Malawi	curator_escalation	curator escalation
PRJEB37378	SAMEA10147278	country		Malawi	curator_escalation	curator escalation
PRJEB37378	SAMEA10147392	country		Malawi	curator_escalation	curator escalation
PRJEB37378	SAMEA10147279	country		Malawi	curator_escalation	curator escalation
PRJEB37378	SAMEA10147282	country		Malawi	curator_escalation	curator escalation
PRJEB37378	SAMEA10147286	country		Malawi	curator_escalation	curator escalation
PRJEB37378	SAMEA10147289	country		Malawi	curator_escalation	curator escalation
PRJEB37378	SAMEA10147321	country		Malawi	curator_escalation	curator escalation
PRJEB37378	SAMEA10147323	country		Malawi	curator_escalation	curator escalation
PRJEB37378	SAMEA10147333	country		Malawi	curator_escalation	curator escalation
PRJEB37378	SAMEA10147343	country		Malawi	curator_escalation	curator escalation
PRJEB37378	SAMEA10147342	country		Malawi	curator_escalation	curator escalation
PRJEB37378	SAMEA10147341	country		Malawi	curator_escalation	curator escalation
PRJEB37378	SAMEA10147345	country		Malawi	curator_escalation	curator escalation
PRJEB37378	SAMEA10147346	country		Malawi	curator_escalation	curator escalation
PRJEB37378	SAMEA10147351	country		Malawi	curator_escalation	curator escalation
PRJEB37378	SAMEA10147354	country		Malawi	curator_escalation	curator escalation
PRJEB37378	SAMEA10147362	country		Malawi	curator_escalation	curator escalation
PRJEB37378	SAMEA10147363	country		Malawi	curator_escalation	curator escalation
PRJEB37378	SAMEA10147322	country		Malawi	curator_escalation	curator escalation
PRJEB37378	SAMEA10147374	country		Malawi	curator_escalation	curator escalation
PRJEB37378	SAMEA10147380	country		Malawi	curator_escalation	curator escalation
PRJEB37378	SAMEA10147379	country		Malawi	curator_escalation	curator escalation
PRJEB37378	SAMEA10147382	country		Malawi	curator_escalation	curator escalation
PRJEB37378	SAMEA10147383	country		Malawi	curator_escalation	curator escalation
PRJEB37378	SAMEA10147385	country		Malawi	curator_escalation	curator escalation
PRJEB37378	SAMEA10147401	country		Malawi	curator_escalation	curator escalation
PRJEB37378	SAMEA10147408	country		Malawi	curator_escalation	curator escalation
PRJEB37378	SAMEA10147413	country		Malawi	curator_escalation	curator escalation
PRJEB37378	SAMEA10147417	country		Malawi	curator_escalation	curator escalation
PRJEB37378	SAMEA10147429	country		Malawi	curator_escalation	curator escalation
PRJEB37378	SAMEA10147428	country		Malawi	curator_escalation	curator escalation
PRJEB37378	SAMEA10147369	country		Malawi	curator_escalation	curator escalation
PRJEB37378	SAMEA10147294	country		Malawi	curator_escalation	curator escalation
PRJEB37378	SAMEA10147300	country		Malawi	curator_escalation	curator escalation
PRJEB37378	SAMEA10147301	country		Malawi	curator_escalation	curator escalation
PRJEB37378	SAMEA10147303	country		Malawi	curator_escalation	curator escalation
PRJEB37378	SAMEA10147256	country		Malawi	curator_escalation	curator escalation
PRJEB37378	SAMEA10147258	country		Malawi	curator_escalation	curator escalation
PRJEB37378	SAMEA10147309	country		Malawi	curator_escalation	curator escalation
PRJEB37378	SAMEA10147260	country		Malawi	curator_escalation	curator escalation
PRJEB37378	SAMEA10147314	country		Malawi	curator_escalation	curator escalation
PRJEB37378	SAMEA10147262	country		Malawi	curator_escalation	curator escalation
PRJEB37378	SAMEA10147264	country		Malawi	curator_escalation	curator escalation
PRJEB37378	SAMEA10147316	country		Malawi	curator_escalation	curator escalation
PRJEB37378	SAMEA10147318	country		Malawi	curator_escalation	curator escalation
PRJEB37378	SAMEA10147266	country		Malawi	curator_escalation	curator escalation
PRJEB37378	SAMEA10147319	country		Malawi	curator_escalation	curator escalation
PRJEB37378	SAMEA10147269	country		Malawi	curator_escalation	curator escalation
PRJEB37378	SAMEA10147386	country		Malawi	curator_escalation	curator escalation
PRJEB37378	SAMEA10147275	country		Malawi	curator_escalation	curator escalation
PRJEB37378	SAMEA10147391	country		Malawi	curator_escalation	curator escalation
PRJEB37378	SAMEA10147277	country		Malawi	curator_escalation	curator escalation
PRJEB37378	SAMEA10147280	country		Malawi	curator_escalation	curator escalation
PRJEB37378	SAMEA10147284	country		Malawi	curator_escalation	curator escalation
PRJEB37378	SAMEA10147328	country		Malawi	curator_escalation	curator escalation
PRJEB37378	SAMEA10147329	country		Malawi	curator_escalation	curator escalation
PRJEB37378	SAMEA10147331	country		Malawi	curator_escalation	curator escalation
PRJEB37378	SAMEA10147330	country		Malawi	curator_escalation	curator escalation
PRJEB37378	SAMEA10147334	country		Malawi	curator_escalation	curator escalation
PRJEB37378	SAMEA10147338	country		Malawi	curator_escalation	curator escalation
PRJEB37378	SAMEA10147340	country		Malawi	curator_escalation	curator escalation
PRJEB37378	SAMEA10147344	country		Malawi	curator_escalation	curator escalation
PRJEB37378	SAMEA10147349	country		Malawi	curator_escalation	curator escalation
PRJEB37378	SAMEA10147350	country		Malawi	curator_escalation	curator escalation
PRJEB37378	SAMEA10147352	country		Malawi	curator_escalation	curator escalation
PRJEB37378	SAMEA10147356	country		Malawi	curator_escalation	curator escalation
PRJEB37378	SAMEA10147355	country		Malawi	curator_escalation	curator escalation
PRJEB37378	SAMEA10147359	country		Malawi	curator_escalation	curator escalation
PRJEB37378	SAMEA10147358	country		Malawi	curator_escalation	curator escalation
PRJEB37378	SAMEA10147364	country		Malawi	curator_escalation	curator escalation
PRJEB37378	SAMEA10147365	country		Malawi	curator_escalation	curator escalation
PRJEB37378	SAMEA10147376	country		Malawi	curator_escalation	curator escalation
PRJEB37378	SAMEA10147375	country		Malawi	curator_escalation	curator escalation
PRJEB37378	SAMEA10147377	country		Malawi	curator_escalation	curator escalation
PRJEB37378	SAMEA10147378	country		Malawi	curator_escalation	curator escalation
PRJEB37378	SAMEA10147315	country		Malawi	curator_escalation	curator escalation
PRJEB37378	SAMEA10147393	country		Malawi	curator_escalation	curator escalation
PRJEB37378	SAMEA10147410	country		Malawi	curator_escalation	curator escalation
PRJEB37378	SAMEA10147419	country		Malawi	curator_escalation	curator escalation
PRJEB37378	SAMEA10147422	country		Malawi	curator_escalation	curator escalation
PRJEB37378	SAMEA10302774	country		Malawi	curator_escalation	curator escalation
PRJEB37378	SAMEA10302874	country		Malawi	curator_escalation	curator escalation
PRJEB37378	SAMEA10303422	country		Malawi	curator_escalation	curator escalation
PRJEB37378	SAMEA10303424	country		Malawi	curator_escalation	curator escalation
PRJEB37378	SAMEA10303427	country		Malawi	curator_escalation	curator escalation
PRJEB37378	SAMEA10303425	country		Malawi	curator_escalation	curator escalation
PRJEB37378	SAMEA10303426	country		Malawi	curator_escalation	curator escalation
PRJEB37378	SAMEA10303428	country		Malawi	curator_escalation	curator escalation
PRJEB37378	SAMEA10303429	country		Malawi	curator_escalation	curator escalation
PRJEB37378	SAMEA10302889	country		Malawi	curator_escalation	curator escalation
PRJEB37378	SAMEA10303431	country		Malawi	curator_escalation	curator escalation
PRJEB37378	SAMEA10303432	country		Malawi	curator_escalation	curator escalation
PRJEB37378	SAMEA10302893	country		Malawi	curator_escalation	curator escalation
PRJEB37378	SAMEA10303433	country		Malawi	curator_escalation	curator escalation
PRJEB37378	SAMEA10302894	country		Malawi	curator_escalation	curator escalation
PRJEB37378	SAMEA10302895	country		Malawi	curator_escalation	curator escalation
PRJEB37378	SAMEA10302584	country		Malawi	curator_escalation	curator escalation
PRJEB37378	SAMEA10303436	country		Malawi	curator_escalation	curator escalation
PRJEB37378	SAMEA10302903	country		Malawi	curator_escalation	curator escalation
PRJEB37378	SAMEA10302661	country		Malawi	curator_escalation	curator escalation
PRJEB37378	SAMEA10303441	country		Malawi	curator_escalation	curator escalation
PRJEB37378	SAMEA10302909	country		Malawi	curator_escalation	curator escalation
PRJEB37378	SAMEA10302666	country		Malawi	curator_escalation	curator escalation
PRJEB37378	SAMEA10303442	country		Malawi	curator_escalation	curator escalation
PRJEB37378	SAMEA10302668	country		Malawi	curator_escalation	curator escalation
PRJEB37378	SAMEA10303445	country		Malawi	curator_escalation	curator escalation
PRJEB37378	SAMEA10302921	country		Malawi	curator_escalation	curator escalation
PRJEB37378	SAMEA10303447	country		Malawi	curator_escalation	curator escalation
PRJEB37378	SAMEA10302671	country		Malawi	curator_escalation	curator escalation
PRJEB37378	SAMEA10302923	country		Malawi	curator_escalation	curator escalation
PRJEB37378	SAMEA10302672	country		Malawi	curator_escalation	curator escalation
PRJEB37378	SAMEA10302925	country		Malawi	curator_escalation	curator escalation
PRJEB37378	SAMEA10302777	country		Malawi	curator_escalation	curator escalation
PRJEB37378	SAMEA10302678	country		Malawi	curator_escalation	curator escalation
PRJEB37378	SAMEA10302778	country		Malawi	curator_escalation	curator escalation
PRJEB37378	SAMEA10302679	country		Malawi	curator_escalation	curator escalation
PRJEB37378	SAMEA10302705	country		Malawi	curator_escalation	curator escalation
PRJEB37378	SAMEA10302708	country		Malawi	curator_escalation	curator escalation
PRJEB37378	SAMEA10302709	country		Malawi	curator_escalation	curator escalation
PRJEB37378	SAMEA10303461	country		Malawi	curator_escalation	curator escalation
PRJEB37378	SAMEA10303460	country		Malawi	curator_escalation	curator escalation
PRJEB37378	SAMEA10303474	country		Malawi	curator_escalation	curator escalation
PRJEB37378	SAMEA10302823	country		Malawi	curator_escalation	curator escalation
PRJEB37378	SAMEA10302716	country		Malawi	curator_escalation	curator escalation
PRJEB37378	SAMEA10302845	country		Malawi	curator_escalation	curator escalation
PRJEB37378	SAMEA10303478	country		Malawi	curator_escalation	curator escalation
PRJEB37378	SAMEA10303480	country		Malawi	curator_escalation	curator escalation
PRJEB37378	SAMEA10302947	country		Malawi	curator_escalation	curator escalation
PRJEB37378	SAMEA10302721	country		Malawi	curator_escalation	curator escalation
PRJEB37378	SAMEA10302724	country		Malawi	curator_escalation	curator escalation
PRJEB37378	SAMEA10303483	country		Malawi	curator_escalation	curator escalation
PRJEB37378	SAMEA10303044	country		Malawi	curator_escalation	curator escalation
PRJEB37378	SAMEA10302725	country		Malawi	curator_escalation	curator escalation
PRJEB37378	SAMEA10303170	country		Malawi	curator_escalation	curator escalation
PRJEB37378	SAMEA10302728	country		Malawi	curator_escalation	curator escalation
PRJEB37378	SAMEA10302730	country		Malawi	curator_escalation	curator escalation
PRJEB37378	SAMEA10303193	country		Malawi	curator_escalation	curator escalation
PRJEB37378	SAMEA10302729	country		Malawi	curator_escalation	curator escalation
PRJEB37378	SAMEA10303084	country		Malawi	curator_escalation	curator escalation
PRJEB37378	SAMEA10303092	country		Malawi	curator_escalation	curator escalation
PRJEB37378	SAMEA10302737	country		Malawi	curator_escalation	curator escalation
PRJEB37378	SAMEA10302736	country		Malawi	curator_escalation	curator escalation
PRJEB37378	SAMEA10302741	country		Malawi	curator_escalation	curator escalation
PRJEB37378	SAMEA10302744	country		Malawi	curator_escalation	curator escalation
PRJEB37378	SAMEA10302747	country		Malawi	curator_escalation	curator escalation
PRJEB37378	SAMEA10302749	country		Malawi	curator_escalation	curator escalation
PRJEB37378	SAMEA10302750	country		Malawi	curator_escalation	curator escalation
PRJEB37378	SAMEA10302752	country		Malawi	curator_escalation	curator escalation
PRJEB37378	SAMEA10302751	country		Malawi	curator_escalation	curator escalation
PRJEB37378	SAMEA10302754	country		Malawi	curator_escalation	curator escalation
PRJEB37378	SAMEA10302756	country		Malawi	curator_escalation	curator escalation
PRJEB37378	SAMEA10302764	country		Malawi	curator_escalation	curator escalation
PRJEB37378	SAMEA10302766	country		Malawi	curator_escalation	curator escalation
PRJEB37378	SAMEA10302776	country		Malawi	curator_escalation	curator escalation
PRJEB37378	SAMEA10300119	country		Malawi	curator_escalation	curator escalation
PRJEB37378	SAMEA10300130	country		Malawi	curator_escalation	curator escalation
PRJEB37378	SAMEA10302449	country		Malawi	curator_escalation	curator escalation
PRJEB37378	SAMEA10302802	country		Malawi	curator_escalation	curator escalation
PRJEB37378	SAMEA10302451	country		Malawi	curator_escalation	curator escalation
PRJEB37378	SAMEA10300151	country		Malawi	curator_escalation	curator escalation
PRJEB37378	SAMEA10302803	country		Malawi	curator_escalation	curator escalation
PRJEB37378	SAMEA10302454	country		Malawi	curator_escalation	curator escalation
PRJEB37378	SAMEA10302657	country		Malawi	curator_escalation	curator escalation
PRJEB37378	SAMEA10302458	country		Malawi	curator_escalation	curator escalation
PRJEB37378	SAMEA10302664	country		Malawi	curator_escalation	curator escalation
PRJEB37378	SAMEA10302680	country		Malawi	curator_escalation	curator escalation
PRJEB37378	SAMEA10302462	country		Malawi	curator_escalation	curator escalation
PRJEB37378	SAMEA10302684	country		Malawi	curator_escalation	curator escalation
PRJEB37378	SAMEA10302466	country		Malawi	curator_escalation	curator escalation
PRJEB37378	SAMEA10300029	country		Malawi	curator_escalation	curator escalation
PRJEB37378	SAMEA10302826	country		Malawi	curator_escalation	curator escalation
PRJEB37378	SAMEA10302469	country		Malawi	curator_escalation	curator escalation
PRJEB37378	SAMEA10302470	country		Malawi	curator_escalation	curator escalation
PRJEB37378	SAMEA10302642	country		Malawi	curator_escalation	curator escalation
PRJEB37378	SAMEA10302828	country		Malawi	curator_escalation	curator escalation
PRJEB37378	SAMEA10302691	country		Malawi	curator_escalation	curator escalation
PRJEB37378	SAMEA10302473	country		Malawi	curator_escalation	curator escalation
PRJEB37378	SAMEA10302474	country		Malawi	curator_escalation	curator escalation
PRJEB37378	SAMEA10302831	country		Malawi	curator_escalation	curator escalation
PRJEB37378	SAMEA10302694	country		Malawi	curator_escalation	curator escalation
PRJEB37378	SAMEA10302475	country		Malawi	curator_escalation	curator escalation
PRJEB37378	SAMEA10302645	country		Malawi	curator_escalation	curator escalation
PRJEB37378	SAMEA10302836	country		Malawi	curator_escalation	curator escalation
PRJEB37378	SAMEA10302479	country		Malawi	curator_escalation	curator escalation
PRJEB37378	SAMEA10300072	country		Malawi	curator_escalation	curator escalation
PRJEB37378	SAMEA10302838	country		Malawi	curator_escalation	curator escalation
PRJEB37378	SAMEA10302699	country		Malawi	curator_escalation	curator escalation
PRJEB37378	SAMEA10302648	country		Malawi	curator_escalation	curator escalation
PRJEB37378	SAMEA10302839	country		Malawi	curator_escalation	curator escalation
PRJEB37378	SAMEA10302480	country		Malawi	curator_escalation	curator escalation
PRJEB37378	SAMEA10302651	country		Malawi	curator_escalation	curator escalation
PRJEB37378	SAMEA10302841	country		Malawi	curator_escalation	curator escalation
PRJEB37378	SAMEA10302652	country		Malawi	curator_escalation	curator escalation
PRJEB37378	SAMEA10302653	country		Malawi	curator_escalation	curator escalation
PRJEB37378	SAMEA10302520	country		Malawi	curator_escalation	curator escalation
PRJEB37378	SAMEA10302846	country		Malawi	curator_escalation	curator escalation
PRJEB37378	SAMEA10302486	country		Malawi	curator_escalation	curator escalation
PRJEB37378	SAMEA10302711	country		Malawi	curator_escalation	curator escalation
PRJEB37378	SAMEA10302491	country		Malawi	curator_escalation	curator escalation
PRJEB37378	SAMEA10302525	country		Malawi	curator_escalation	curator escalation
PRJEB37378	SAMEA10302852	country		Malawi	curator_escalation	curator escalation
PRJEB37378	SAMEA10302524	country		Malawi	curator_escalation	curator escalation
PRJEB37378	SAMEA10302494	country		Malawi	curator_escalation	curator escalation
PRJEB37378	SAMEA10302857	country		Malawi	curator_escalation	curator escalation
PRJEB37378	SAMEA10302497	country		Malawi	curator_escalation	curator escalation
PRJEB37378	SAMEA10302859	country		Malawi	curator_escalation	curator escalation
PRJEB37378	SAMEA10302868	country		Malawi	curator_escalation	curator escalation
PRJEB37378	SAMEA10302862	country		Malawi	curator_escalation	curator escalation
PRJEB37378	SAMEA10302866	country		Malawi	curator_escalation	curator escalation
PRJEB37378	SAMEA10302532	country		Malawi	curator_escalation	curator escalation
PRJEB37378	SAMEA10302924	country		Malawi	curator_escalation	curator escalation
PRJEB37378	SAMEA10302503	country		Malawi	curator_escalation	curator escalation
PRJEB37378	SAMEA10302504	country		Malawi	curator_escalation	curator escalation
PRJEB37378	SAMEA10302872	country		Malawi	curator_escalation	curator escalation
PRJEB37378	SAMEA10302538	country		Malawi	curator_escalation	curator escalation
PRJEB37378	SAMEA10302927	country		Malawi	curator_escalation	curator escalation
PRJEB37378	SAMEA10302873	country		Malawi	curator_escalation	curator escalation
PRJEB37378	SAMEA10302930	country		Malawi	curator_escalation	curator escalation
PRJEB37378	SAMEA10302877	country		Malawi	curator_escalation	curator escalation
PRJEB37378	SAMEA10302541	country		Malawi	curator_escalation	curator escalation
PRJEB37378	SAMEA10302933	country		Malawi	curator_escalation	curator escalation
PRJEB37378	SAMEA10302884	country		Malawi	curator_escalation	curator escalation
PRJEB37378	SAMEA10302543	country		Malawi	curator_escalation	curator escalation
PRJEB37378	SAMEA10302512	country		Malawi	curator_escalation	curator escalation
PRJEB37378	SAMEA10302511	country		Malawi	curator_escalation	curator escalation
PRJEB37378	SAMEA10302935	country		Malawi	curator_escalation	curator escalation
PRJEB37378	SAMEA10302513	country		Malawi	curator_escalation	curator escalation
PRJEB37378	SAMEA10302547	country		Malawi	curator_escalation	curator escalation
PRJEB37378	SAMEA10302939	country		Malawi	curator_escalation	curator escalation
PRJEB37378	SAMEA10302588	country		Malawi	curator_escalation	curator escalation
PRJEB37378	SAMEA10302590	country		Malawi	curator_escalation	curator escalation
PRJEB37378	SAMEA10302900	country		Malawi	curator_escalation	curator escalation
PRJEB37378	SAMEA10302901	country		Malawi	curator_escalation	curator escalation
PRJEB37378	SAMEA10302593	country		Malawi	curator_escalation	curator escalation
PRJEB37378	SAMEA10302554	country		Malawi	curator_escalation	curator escalation
PRJEB37378	SAMEA10302907	country		Malawi	curator_escalation	curator escalation
PRJEB37378	SAMEA10302596	country		Malawi	curator_escalation	curator escalation
PRJEB37378	SAMEA10302915	country		Malawi	curator_escalation	curator escalation
PRJEB37378	SAMEA10302916	country		Malawi	curator_escalation	curator escalation
PRJEB37378	SAMEA10302598	country		Malawi	curator_escalation	curator escalation
PRJEB37378	SAMEA10302561	country		Malawi	curator_escalation	curator escalation
PRJEB37378	SAMEA10302779	country		Malawi	curator_escalation	curator escalation
PRJEB37378	SAMEA10302784	country		Malawi	curator_escalation	curator escalation
PRJEB37378	SAMEA10302783	country		Malawi	curator_escalation	curator escalation
PRJEB37378	SAMEA10302565	country		Malawi	curator_escalation	curator escalation
PRJEB37378	SAMEA10302567	country		Malawi	curator_escalation	curator escalation
PRJEB37378	SAMEA10302607	country		Malawi	curator_escalation	curator escalation
PRJEB37378	SAMEA10302789	country		Malawi	curator_escalation	curator escalation
PRJEB37378	SAMEA10302791	country		Malawi	curator_escalation	curator escalation
PRJEB37378	SAMEA10302610	country		Malawi	curator_escalation	curator escalation
PRJEB37378	SAMEA10302794	country		Malawi	curator_escalation	curator escalation
PRJEB37378	SAMEA10302795	country		Malawi	curator_escalation	curator escalation
PRJEB37378	SAMEA10302572	country		Malawi	curator_escalation	curator escalation
PRJEB37378	SAMEA10303342	country		Malawi	curator_escalation	curator escalation
PRJEB37378	SAMEA10303346	country		Malawi	curator_escalation	curator escalation
PRJEB37378	SAMEA10303349	country		Malawi	curator_escalation	curator escalation
PRJEB37378	SAMEA10303048	country		Malawi	curator_escalation	curator escalation
PRJEB37378	SAMEA10303049	country		Malawi	curator_escalation	curator escalation
PRJEB37378	SAMEA10303352	country		Malawi	curator_escalation	curator escalation
PRJEB37378	SAMEA10303354	country		Malawi	curator_escalation	curator escalation
PRJEB37378	SAMEA10303052	country		Malawi	curator_escalation	curator escalation
PRJEB37378	SAMEA10303356	country		Malawi	curator_escalation	curator escalation
PRJEB37378	SAMEA10303360	country		Malawi	curator_escalation	curator escalation
PRJEB37378	SAMEA10303060	country		Malawi	curator_escalation	curator escalation
PRJEB37378	SAMEA10300112	country		Malawi	curator_escalation	curator escalation
PRJEB37378	SAMEA10303361	country		Malawi	curator_escalation	curator escalation
PRJEB37378	SAMEA10303362	country		Malawi	curator_escalation	curator escalation
PRJEB37378	SAMEA10303062	country		Malawi	curator_escalation	curator escalation
PRJEB37378	SAMEA10303164	country		Malawi	curator_escalation	curator escalation
PRJEB37378	SAMEA10303369	country		Malawi	curator_escalation	curator escalation
PRJEB37378	SAMEA10303169	country		Malawi	curator_escalation	curator escalation
PRJEB37378	SAMEA10303371	country		Malawi	curator_escalation	curator escalation
PRJEB37378	SAMEA10303175	country		Malawi	curator_escalation	curator escalation
PRJEB37378	SAMEA10303377	country		Malawi	curator_escalation	curator escalation
PRJEB37378	SAMEA10303178	country		Malawi	curator_escalation	curator escalation
PRJEB37378	SAMEA10303379	country		Malawi	curator_escalation	curator escalation
PRJEB37378	SAMEA10303180	country		Malawi	curator_escalation	curator escalation
PRJEB37378	SAMEA10303381	country		Malawi	curator_escalation	curator escalation
PRJEB37378	SAMEA10303296	country		Malawi	curator_escalation	curator escalation
PRJEB37378	SAMEA10303298	country		Malawi	curator_escalation	curator escalation
PRJEB37378	SAMEA10303388	country		Malawi	curator_escalation	curator escalation
PRJEB37378	SAMEA10303303	country		Malawi	curator_escalation	curator escalation
PRJEB37378	SAMEA10303390	country		Malawi	curator_escalation	curator escalation
PRJEB37378	SAMEA10303302	country		Malawi	curator_escalation	curator escalation
PRJEB37378	SAMEA10303190	country		Malawi	curator_escalation	curator escalation
PRJEB37378	SAMEA10303192	country		Malawi	curator_escalation	curator escalation
PRJEB37378	SAMEA10303392	country		Malawi	curator_escalation	curator escalation
PRJEB37378	SAMEA10303394	country		Malawi	curator_escalation	curator escalation
PRJEB37378	SAMEA10303307	country		Malawi	curator_escalation	curator escalation
PRJEB37378	SAMEA10303067	country		Malawi	curator_escalation	curator escalation
PRJEB37378	SAMEA10303068	country		Malawi	curator_escalation	curator escalation
PRJEB37378	SAMEA10303396	country		Malawi	curator_escalation	curator escalation
PRJEB37378	SAMEA10303309	country		Malawi	curator_escalation	curator escalation
PRJEB37378	SAMEA10303397	country		Malawi	curator_escalation	curator escalation
PRJEB37378	SAMEA10303071	country		Malawi	curator_escalation	curator escalation
PRJEB37378	SAMEA10303312	country		Malawi	curator_escalation	curator escalation
PRJEB37378	SAMEA10303074	country		Malawi	curator_escalation	curator escalation
PRJEB37378	SAMEA10303401	country		Malawi	curator_escalation	curator escalation
PRJEB37378	SAMEA10303316	country		Malawi	curator_escalation	curator escalation
PRJEB37378	SAMEA10303315	country		Malawi	curator_escalation	curator escalation
PRJEB37378	SAMEA10303404	country		Malawi	curator_escalation	curator escalation
PRJEB37378	SAMEA10303077	country		Malawi	curator_escalation	curator escalation
PRJEB37378	SAMEA10303317	country		Malawi	curator_escalation	curator escalation
PRJEB37378	SAMEA10303078	country		Malawi	curator_escalation	curator escalation
PRJEB37378	SAMEA10303080	country		Malawi	curator_escalation	curator escalation
PRJEB37378	SAMEA10303081	country		Malawi	curator_escalation	curator escalation
PRJEB37378	SAMEA10303411	country		Malawi	curator_escalation	curator escalation
PRJEB37378	SAMEA10303083	country		Malawi	curator_escalation	curator escalation
PRJEB37378	SAMEA10303324	country		Malawi	curator_escalation	curator escalation
PRJEB37378	SAMEA10303085	country		Malawi	curator_escalation	curator escalation
PRJEB37378	SAMEA10303086	country		Malawi	curator_escalation	curator escalation
PRJEB37378	SAMEA10303326	country		Malawi	curator_escalation	curator escalation
PRJEB37378	SAMEA10303087	country		Malawi	curator_escalation	curator escalation
PRJEB37378	SAMEA10303329	country		Malawi	curator_escalation	curator escalation
PRJEB37378	SAMEA10303096	country		Malawi	curator_escalation	curator escalation
PRJEB37378	SAMEA10303097	country		Malawi	curator_escalation	curator escalation
PRJEB37378	SAMEA10303100	country		Malawi	curator_escalation	curator escalation
PRJEB37378	SAMEA10303335	country		Malawi	curator_escalation	curator escalation
PRJEB37378	SAMEA10303339	country		Malawi	curator_escalation	curator escalation
PRJEB37378	SAMEA10303463	country		Malawi	curator_escalation	curator escalation
PRJEB37378	SAMEA10303108	country		Malawi	curator_escalation	curator escalation
PRJEB37378	SAMEA10303464	country		Malawi	curator_escalation	curator escalation
PRJEB37378	SAMEA10303465	country		Malawi	curator_escalation	curator escalation
PRJEB37378	SAMEA10303468	country		Malawi	curator_escalation	curator escalation
PRJEB37378	SAMEA10303472	country		Malawi	curator_escalation	curator escalation
PRJEB37378	SAMEA10303471	country		Malawi	curator_escalation	curator escalation
PRJEB37378	SAMEA10634490	country		Malawi	curator_escalation	curator escalation
PRJEB37378	SAMEA10634491	country		Malawi	curator_escalation	curator escalation
PRJEB37378	SAMEA10634497	country		Malawi	curator_escalation	curator escalation
PRJEB37378	SAMEA10417027	country		Malawi	curator_escalation	curator escalation
PRJEB37378	SAMEA10417028	country		Malawi	curator_escalation	curator escalation
PRJEB37378	SAMEA10417035	country		Malawi	curator_escalation	curator escalation
PRJEB37378	SAMEA10417037	country		Malawi	curator_escalation	curator escalation
PRJEB37378	SAMEA10417038	country		Malawi	curator_escalation	curator escalation
PRJEB37378	SAMEA10417039	country		Malawi	curator_escalation	curator escalation
PRJEB37378	SAMEA10417042	country		Malawi	curator_escalation	curator escalation
PRJEB37378	SAMEA10417045	country		Malawi	curator_escalation	curator escalation
PRJEB37378	SAMEA10417052	country		Malawi	curator_escalation	curator escalation
PRJEB37378	SAMEA10417055	country		Malawi	curator_escalation	curator escalation
PRJEB37378	SAMEA10417057	country		Malawi	curator_escalation	curator escalation
PRJEB37378	SAMEA10417058	country		Malawi	curator_escalation	curator escalation
PRJEB37378	SAMEA10417061	country		Malawi	curator_escalation	curator escalation
PRJEB37378	SAMEA10417063	country		Malawi	curator_escalation	curator escalation
PRJEB37378	SAMEA10417065	country		Malawi	curator_escalation	curator escalation
PRJEB37378	SAMEA10417066	country		Malawi	curator_escalation	curator escalation
PRJEB37378	SAMEA10417075	country		Malawi	curator_escalation	curator escalation
PRJEB37378	SAMEA10417080	country		Malawi	curator_escalation	curator escalation
PRJEB37378	SAMEA10417082	country		Malawi	curator_escalation	curator escalation
PRJEB37378	SAMEA10417084	country		Malawi	curator_escalation	curator escalation
PRJEB37378	SAMEA10634477	country		Malawi	curator_escalation	curator escalation
PRJEB37378	SAMEA10634478	country		Malawi	curator_escalation	curator escalation
PRJEB37378	SAMEA10634481	country		Malawi	curator_escalation	curator escalation
PRJEB37378	SAMEA10634485	country		Malawi	curator_escalation	curator escalation
PRJEB37378	SAMEA10634487	country		Malawi	curator_escalation	curator escalation
PRJEB37378	SAMEA10634116	country		Malawi	curator_escalation	curator escalation
PRJEB37378	SAMEA10634187	country		Malawi	curator_escalation	curator escalation
PRJEB37378	SAMEA10634117	country		Malawi	curator_escalation	curator escalation
PRJEB37378	SAMEA10634188	country		Malawi	curator_escalation	curator escalation
PRJEB37378	SAMEA10634189	country		Malawi	curator_escalation	curator escalation
PRJEB37378	SAMEA10634121	country		Malawi	curator_escalation	curator escalation
PRJEB37378	SAMEA10634190	country		Malawi	curator_escalation	curator escalation
PRJEB37378	SAMEA10634191	country		Malawi	curator_escalation	curator escalation
PRJEB37378	SAMEA10634127	country		Malawi	curator_escalation	curator escalation
PRJEB37378	SAMEA10634194	country		Malawi	curator_escalation	curator escalation
PRJEB37378	SAMEA10634195	country		Malawi	curator_escalation	curator escalation
PRJEB37378	SAMEA10634129	country		Malawi	curator_escalation	curator escalation
PRJEB37378	SAMEA10634199	country		Malawi	curator_escalation	curator escalation
PRJEB37378	SAMEA10634134	country		Malawi	curator_escalation	curator escalation
PRJEB37378	SAMEA10634200	country		Malawi	curator_escalation	curator escalation
PRJEB37378	SAMEA10634137	country		Malawi	curator_escalation	curator escalation
PRJEB37378	SAMEA10634202	country		Malawi	curator_escalation	curator escalation
PRJEB37378	SAMEA10634141	country		Malawi	curator_escalation	curator escalation
PRJEB37378	SAMEA10634205	country		Malawi	curator_escalation	curator escalation
PRJEB37378	SAMEA10634142	country		Malawi	curator_escalation	curator escalation
PRJEB37378	SAMEA10634206	country		Malawi	curator_escalation	curator escalation
PRJEB37378	SAMEA10634210	country		Malawi	curator_escalation	curator escalation
PRJEB37378	SAMEA10634145	country		Malawi	curator_escalation	curator escalation
PRJEB37378	SAMEA10634211	country		Malawi	curator_escalation	curator escalation
PRJEB37378	SAMEA10634212	country		Malawi	curator_escalation	curator escalation
PRJEB37378	SAMEA10634154	country		Malawi	curator_escalation	curator escalation
PRJEB37378	SAMEA10634217	country		Malawi	curator_escalation	curator escalation
PRJEB37378	SAMEA10634159	country		Malawi	curator_escalation	curator escalation
PRJEB37378	SAMEA10634164	country		Malawi	curator_escalation	curator escalation
PRJEB37378	SAMEA10634228	country		Malawi	curator_escalation	curator escalation
PRJEB37378	SAMEA10634229	country		Malawi	curator_escalation	curator escalation
PRJEB37378	SAMEA10634232	country		Malawi	curator_escalation	curator escalation
PRJEB37378	SAMEA10634171	country		Malawi	curator_escalation	curator escalation
PRJEB37378	SAMEA10634234	country		Malawi	curator_escalation	curator escalation
PRJEB37378	SAMEA10634173	country		Malawi	curator_escalation	curator escalation
PRJEB37378	SAMEA10634174	country		Malawi	curator_escalation	curator escalation
PRJEB37378	SAMEA10634175	country		Malawi	curator_escalation	curator escalation
PRJEB37378	SAMEA10634282	country		Malawi	curator_escalation	curator escalation
PRJEB37378	SAMEA10634287	country		Malawi	curator_escalation	curator escalation
PRJEB37378	SAMEA10634289	country		Malawi	curator_escalation	curator escalation
PRJEB37378	SAMEA10634292	country		Malawi	curator_escalation	curator escalation
PRJEB37378	SAMEA10634293	country		Malawi	curator_escalation	curator escalation
PRJEB37378	SAMEA10634297	country		Malawi	curator_escalation	curator escalation
PRJEB37378	SAMEA10634296	country		Malawi	curator_escalation	curator escalation
PRJEB37378	SAMEA10634298	country		Malawi	curator_escalation	curator escalation
PRJEB37378	SAMEA10634089	country		Malawi	curator_escalation	curator escalation
PRJEB37378	SAMEA10634307	country		Malawi	curator_escalation	curator escalation
PRJEB37378	SAMEA10634093	country		Malawi	curator_escalation	curator escalation
PRJEB37378	SAMEA10634312	country		Malawi	curator_escalation	curator escalation
PRJEB37378	SAMEA10634099	country		Malawi	curator_escalation	curator escalation
PRJEB37378	SAMEA10634101	country		Malawi	curator_escalation	curator escalation
PRJEB37378	SAMEA10634104	country		Malawi	curator_escalation	curator escalation
PRJEB37378	SAMEA10634176	country		Malawi	curator_escalation	curator escalation
PRJEB37378	SAMEA10634107	country		Malawi	curator_escalation	curator escalation
PRJEB37378	SAMEA10634179	country		Malawi	curator_escalation	curator escalation
PRJEB37378	SAMEA10634181	country		Malawi	curator_escalation	curator escalation
PRJEB37378	SAMEA10634112	country		Malawi	curator_escalation	curator escalation
PRJEB37378	SAMEA10634184	country		Malawi	curator_escalation	curator escalation
PRJEB37378	SAMEA10634118	country		Malawi	curator_escalation	curator escalation
PRJEB37378	SAMEA10302317	country		Malawi	curator_escalation	curator escalation
PRJEB37378	SAMEA10302371	country		Malawi	curator_escalation	curator escalation
PRJEB37378	SAMEA10302323	country		Malawi	curator_escalation	curator escalation
PRJEB37378	SAMEA10302325	country		Malawi	curator_escalation	curator escalation
PRJEB37378	SAMEA10302377	country		Malawi	curator_escalation	curator escalation
PRJEB37378	SAMEA10302328	country		Malawi	curator_escalation	curator escalation
PRJEB37378	SAMEA10302381	country		Malawi	curator_escalation	curator escalation
PRJEB37378	SAMEA10302382	country		Malawi	curator_escalation	curator escalation
PRJEB37378	SAMEA10302331	country		Malawi	curator_escalation	curator escalation
PRJEB37378	SAMEA10302385	country		Malawi	curator_escalation	curator escalation
PRJEB37378	SAMEA10302334	country		Malawi	curator_escalation	curator escalation
PRJEB37378	SAMEA10302335	country		Malawi	curator_escalation	curator escalation
PRJEB37378	SAMEA10302388	country		Malawi	curator_escalation	curator escalation
PRJEB37378	SAMEA10302389	country		Malawi	curator_escalation	curator escalation
PRJEB37378	SAMEA10302340	country		Malawi	curator_escalation	curator escalation
PRJEB37378	SAMEA10302390	country		Malawi	curator_escalation	curator escalation
PRJEB37378	SAMEA10302339	country		Malawi	curator_escalation	curator escalation
PRJEB37378	SAMEA10302391	country		Malawi	curator_escalation	curator escalation
PRJEB37378	SAMEA10302341	country		Malawi	curator_escalation	curator escalation
PRJEB37378	SAMEA10302392	country		Malawi	curator_escalation	curator escalation
PRJEB37378	SAMEA10302397	country		Malawi	curator_escalation	curator escalation
PRJEB37378	SAMEA10302398	country		Malawi	curator_escalation	curator escalation
PRJEB37378	SAMEA10302347	country		Malawi	curator_escalation	curator escalation
PRJEB37378	SAMEA10302400	country		Malawi	curator_escalation	curator escalation
PRJEB37378	SAMEA10302349	country		Malawi	curator_escalation	curator escalation
PRJEB37378	SAMEA10302352	country		Malawi	curator_escalation	curator escalation
PRJEB37378	SAMEA10302405	country		Malawi	curator_escalation	curator escalation
PRJEB37378	SAMEA10302355	country		Malawi	curator_escalation	curator escalation
PRJEB37378	SAMEA10302362	country		Malawi	curator_escalation	curator escalation
PRJEB37378	SAMEA10302365	country		Malawi	curator_escalation	curator escalation
PRJEB37378	SAMEA10302138	country		Malawi	curator_escalation	curator escalation
PRJEB37378	SAMEA10302141	country		Malawi	curator_escalation	curator escalation
PRJEB37378	SAMEA10302142	country		Malawi	curator_escalation	curator escalation
PRJEB37378	SAMEA10302427	country		Malawi	curator_escalation	curator escalation
PRJEB37378	SAMEA10302146	country		Malawi	curator_escalation	curator escalation
PRJEB37378	SAMEA10302433	country		Malawi	curator_escalation	curator escalation
PRJEB37378	SAMEA10302152	country		Malawi	curator_escalation	curator escalation
PRJEB37378	SAMEA10302155	country		Malawi	curator_escalation	curator escalation
PRJEB37378	SAMEA10302436	country		Malawi	curator_escalation	curator escalation
PRJEB37378	SAMEA10302437	country		Malawi	curator_escalation	curator escalation
PRJEB37378	SAMEA10302438	country		Malawi	curator_escalation	curator escalation
PRJEB37378	SAMEA10302153	country		Malawi	curator_escalation	curator escalation
PRJEB37378	SAMEA10302439	country		Malawi	curator_escalation	curator escalation
PRJEB37378	SAMEA10302440	country		Malawi	curator_escalation	curator escalation
PRJEB37378	SAMEA10302157	country		Malawi	curator_escalation	curator escalation
PRJEB37378	SAMEA10302158	country		Malawi	curator_escalation	curator escalation
PRJEB37378	SAMEA10302442	country		Malawi	curator_escalation	curator escalation
PRJEB37378	SAMEA10302159	country		Malawi	curator_escalation	curator escalation
PRJEB37378	SAMEA10302443	country		Malawi	curator_escalation	curator escalation
PRJEB37378	SAMEA10302160	country		Malawi	curator_escalation	curator escalation
PRJEB37378	SAMEA10302161	country		Malawi	curator_escalation	curator escalation
PRJEB37378	SAMEA10302162	country		Malawi	curator_escalation	curator escalation
PRJEB37378	SAMEA10302166	country		Malawi	curator_escalation	curator escalation
PRJEB37378	SAMEA10302172	country		Malawi	curator_escalation	curator escalation
PRJEB37378	SAMEA10302174	country		Malawi	curator_escalation	curator escalation
PRJEB37378	SAMEA10302183	country		Malawi	curator_escalation	curator escalation
PRJEB37378	SAMEA10302194	country		Malawi	curator_escalation	curator escalation
PRJEB37378	SAMEA10303417	country		Malawi	curator_escalation	curator escalation
PRJEB37378	SAMEA10302875	country		Malawi	curator_escalation	curator escalation
PRJEB37378	SAMEA10302878	country		Malawi	curator_escalation	curator escalation
PRJEB37378	SAMEA10302882	country		Malawi	curator_escalation	curator escalation
PRJEB37378	SAMEA10302888	country		Malawi	curator_escalation	curator escalation
PRJEB37378	SAMEA10302887	country		Malawi	curator_escalation	curator escalation
PRJEB37378	SAMEA10303430	country		Malawi	curator_escalation	curator escalation
PRJEB37378	SAMEA10302546	country		Malawi	curator_escalation	curator escalation
PRJEB37378	SAMEA10302574	country		Malawi	curator_escalation	curator escalation
PRJEB37378	SAMEA10302583	country		Malawi	curator_escalation	curator escalation
PRJEB37378	SAMEA10302587	country		Malawi	curator_escalation	curator escalation
PRJEB37378	SAMEA10302658	country		Malawi	curator_escalation	curator escalation
PRJEB37378	SAMEA10303438	country		Malawi	curator_escalation	curator escalation
PRJEB37378	SAMEA10302906	country		Malawi	curator_escalation	curator escalation
PRJEB37378	SAMEA10302665	country		Malawi	curator_escalation	curator escalation
PRJEB37378	SAMEA10303443	country		Malawi	curator_escalation	curator escalation
PRJEB37378	SAMEA10302913	country		Malawi	curator_escalation	curator escalation
PRJEB37378	SAMEA10302914	country		Malawi	curator_escalation	curator escalation
PRJEB37378	SAMEA10303446	country		Malawi	curator_escalation	curator escalation
PRJEB37378	SAMEA10302669	country		Malawi	curator_escalation	curator escalation
PRJEB37378	SAMEA10302670	country		Malawi	curator_escalation	curator escalation
PRJEB37378	SAMEA10302920	country		Malawi	curator_escalation	curator escalation
PRJEB37378	SAMEA10302674	country		Malawi	curator_escalation	curator escalation
PRJEB37378	SAMEA10303452	country		Malawi	curator_escalation	curator escalation
PRJEB37378	SAMEA10302677	country		Malawi	curator_escalation	curator escalation
PRJEB37378	SAMEA10303455	country		Malawi	curator_escalation	curator escalation
PRJEB37378	SAMEA10302782	country		Malawi	curator_escalation	curator escalation
PRJEB37378	SAMEA10303456	country		Malawi	curator_escalation	curator escalation
PRJEB37378	SAMEA10303457	country		Malawi	curator_escalation	curator escalation
PRJEB37378	SAMEA10302790	country		Malawi	curator_escalation	curator escalation
PRJEB37378	SAMEA10302811	country		Malawi	curator_escalation	curator escalation
PRJEB37378	SAMEA10302822	country		Malawi	curator_escalation	curator escalation
PRJEB37378	SAMEA10302714	country		Malawi	curator_escalation	curator escalation
PRJEB37378	SAMEA10302715	country		Malawi	curator_escalation	curator escalation
PRJEB37378	SAMEA10302837	country		Malawi	curator_escalation	curator escalation
PRJEB37378	SAMEA10302854	country		Malawi	curator_escalation	curator escalation
PRJEB37378	SAMEA10302863	country		Malawi	curator_escalation	curator escalation
PRJEB37378	SAMEA10303481	country		Malawi	curator_escalation	curator escalation
PRJEB37378	SAMEA10303482	country		Malawi	curator_escalation	curator escalation
PRJEB37378	SAMEA10302723	country		Malawi	curator_escalation	curator escalation
PRJEB37378	SAMEA10302950	country		Malawi	curator_escalation	curator escalation
PRJEB37378	SAMEA10302951	country		Malawi	curator_escalation	curator escalation
PRJEB37378	SAMEA10302727	country		Malawi	curator_escalation	curator escalation
PRJEB37378	SAMEA10303191	country		Malawi	curator_escalation	curator escalation
PRJEB37378	SAMEA10303099	country		Malawi	curator_escalation	curator escalation
PRJEB37378	SAMEA10303102	country		Malawi	curator_escalation	curator escalation
PRJEB37378	SAMEA10303103	country		Malawi	curator_escalation	curator escalation
PRJEB37378	SAMEA10302742	country		Malawi	curator_escalation	curator escalation
PRJEB37378	SAMEA10302743	country		Malawi	curator_escalation	curator escalation
PRJEB37378	SAMEA10302745	country		Malawi	curator_escalation	curator escalation
PRJEB37378	SAMEA10302758	country		Malawi	curator_escalation	curator escalation
PRJEB37378	SAMEA10302757	country		Malawi	curator_escalation	curator escalation
PRJEB37378	SAMEA10302759	country		Malawi	curator_escalation	curator escalation
PRJEB37378	SAMEA10302762	country		Malawi	curator_escalation	curator escalation
PRJEB37378	SAMEA10302761	country		Malawi	curator_escalation	curator escalation
PRJEB37378	SAMEA10302767	country		Malawi	curator_escalation	curator escalation
PRJEB37378	SAMEA10302768	country		Malawi	curator_escalation	curator escalation
PRJEB37378	SAMEA10302770	country		Malawi	curator_escalation	curator escalation
PRJEB37378	SAMEA10302771	country		Malawi	curator_escalation	curator escalation
PRJEB37378	SAMEA10302773	country		Malawi	curator_escalation	curator escalation
PRJEB37378	SAMEA10302871	country		Malawi	curator_escalation	curator escalation
PRJEB37378	SAMEA10303423	country		Malawi	curator_escalation	curator escalation
PRJEB37378	SAMEA10303421	country		Malawi	curator_escalation	curator escalation
PRJEB37378	SAMEA10302876	country		Malawi	curator_escalation	curator escalation
PRJEB37378	SAMEA10302886	country		Malawi	curator_escalation	curator escalation
PRJEB37378	SAMEA10302537	country		Malawi	curator_escalation	curator escalation
PRJEB37378	SAMEA10302890	country		Malawi	curator_escalation	curator escalation
PRJEB37378	SAMEA10302892	country		Malawi	curator_escalation	curator escalation
PRJEB37378	SAMEA10302582	country		Malawi	curator_escalation	curator escalation
PRJEB37378	SAMEA10303434	country		Malawi	curator_escalation	curator escalation
PRJEB37378	SAMEA10303435	country		Malawi	curator_escalation	curator escalation
PRJEB37378	SAMEA10302899	country		Malawi	curator_escalation	curator escalation
PRJEB37378	SAMEA10302902	country		Malawi	curator_escalation	curator escalation
PRJEB37378	SAMEA10303437	country		Malawi	curator_escalation	curator escalation
PRJEB37378	SAMEA10303439	country		Malawi	curator_escalation	curator escalation
PRJEB37378	SAMEA10302659	country		Malawi	curator_escalation	curator escalation
PRJEB37378	SAMEA10302908	country		Malawi	curator_escalation	curator escalation
PRJEB37378	SAMEA10303440	country		Malawi	curator_escalation	curator escalation
PRJEB37378	SAMEA10302662	country		Malawi	curator_escalation	curator escalation
PRJEB37378	SAMEA10302910	country		Malawi	curator_escalation	curator escalation
PRJEB37378	SAMEA10302912	country		Malawi	curator_escalation	curator escalation
PRJEB37378	SAMEA10302667	country		Malawi	curator_escalation	curator escalation
PRJEB37378	SAMEA10303444	country		Malawi	curator_escalation	curator escalation
PRJEB37378	SAMEA10302919	country		Malawi	curator_escalation	curator escalation
PRJEB37378	SAMEA10303448	country		Malawi	curator_escalation	curator escalation
PRJEB37378	SAMEA10303449	country		Malawi	curator_escalation	curator escalation
PRJEB37378	SAMEA10302675	country		Malawi	curator_escalation	curator escalation
PRJEB37378	SAMEA10302922	country		Malawi	curator_escalation	curator escalation
PRJEB37378	SAMEA10303450	country		Malawi	curator_escalation	curator escalation
PRJEB37378	SAMEA10302673	country		Malawi	curator_escalation	curator escalation
PRJEB37378	SAMEA10303451	country		Malawi	curator_escalation	curator escalation
PRJEB37378	SAMEA10303453	country		Malawi	curator_escalation	curator escalation
PRJEB37378	SAMEA10302780	country		Malawi	curator_escalation	curator escalation
PRJEB37378	SAMEA10303454	country		Malawi	curator_escalation	curator escalation
PRJEB37378	SAMEA10302781	country		Malawi	curator_escalation	curator escalation
PRJEB37378	SAMEA10302681	country		Malawi	curator_escalation	curator escalation
PRJEB37378	SAMEA10302787	country		Malawi	curator_escalation	curator escalation
PRJEB37378	SAMEA10303458	country		Malawi	curator_escalation	curator escalation
PRJEB37378	SAMEA10302792	country		Malawi	curator_escalation	curator escalation
PRJEB37378	SAMEA10302707	country		Malawi	curator_escalation	curator escalation
PRJEB37378	SAMEA10303459	country		Malawi	curator_escalation	curator escalation
PRJEB37378	SAMEA10302800	country		Malawi	curator_escalation	curator escalation
PRJEB37378	SAMEA10302712	country		Malawi	curator_escalation	curator escalation
PRJEB37378	SAMEA10303462	country		Malawi	curator_escalation	curator escalation
PRJEB37378	SAMEA10302816	country		Malawi	curator_escalation	curator escalation
PRJEB37378	SAMEA10302713	country		Malawi	curator_escalation	curator escalation
PRJEB37378	SAMEA10303475	country		Malawi	curator_escalation	curator escalation
PRJEB37378	SAMEA10302835	country		Malawi	curator_escalation	curator escalation
PRJEB37378	SAMEA10303476	country		Malawi	curator_escalation	curator escalation
PRJEB37378	SAMEA10302717	country		Malawi	curator_escalation	curator escalation
PRJEB37378	SAMEA10303477	country		Malawi	curator_escalation	curator escalation
PRJEB37378	SAMEA10302718	country		Malawi	curator_escalation	curator escalation
PRJEB37378	SAMEA10302719	country		Malawi	curator_escalation	curator escalation
PRJEB37378	SAMEA10303479	country		Malawi	curator_escalation	curator escalation
PRJEB37378	SAMEA10302722	country		Malawi	curator_escalation	curator escalation
PRJEB37378	SAMEA10303484	country		Malawi	curator_escalation	curator escalation
PRJEB37378	SAMEA10302726	country		Malawi	curator_escalation	curator escalation
PRJEB37378	SAMEA10303050	country		Malawi	curator_escalation	curator escalation
PRJEB37378	SAMEA10303173	country		Malawi	curator_escalation	curator escalation
PRJEB37378	SAMEA10302735	country		Malawi	curator_escalation	curator escalation
PRJEB37378	SAMEA10303093	country		Malawi	curator_escalation	curator escalation
PRJEB37378	SAMEA10303098	country		Malawi	curator_escalation	curator escalation
PRJEB37378	SAMEA10302738	country		Malawi	curator_escalation	curator escalation
PRJEB37378	SAMEA10302740	country		Malawi	curator_escalation	curator escalation
PRJEB37378	SAMEA10303105	country		Malawi	curator_escalation	curator escalation
PRJEB37378	SAMEA10303107	country		Malawi	curator_escalation	curator escalation
PRJEB37378	SAMEA10302746	country		Malawi	curator_escalation	curator escalation
PRJEB37378	SAMEA10302753	country		Malawi	curator_escalation	curator escalation
PRJEB37378	SAMEA10302755	country		Malawi	curator_escalation	curator escalation
PRJEB37378	SAMEA10302760	country		Malawi	curator_escalation	curator escalation
PRJEB37378	SAMEA10302763	country		Malawi	curator_escalation	curator escalation
PRJEB37378	SAMEA10302769	country		Malawi	curator_escalation	curator escalation
PRJEB37378	SAMEA10302772	country		Malawi	curator_escalation	curator escalation
PRJEB37378	SAMEA10634087	country		Malawi	curator_escalation	curator escalation
PRJEB37378	SAMEA10634115	country		Malawi	curator_escalation	curator escalation
PRJEB37378	SAMEA10634160	country		Malawi	curator_escalation	curator escalation
PRJEB37378	SAMEA10634283	country		Malawi	curator_escalation	curator escalation
PRJEB37378	SAMEA12109282	country		Malawi	curator_escalation	curator escalation
PRJEB37378	SAMEA12109187	country		Malawi	curator_escalation	curator escalation
PRJEB37378	SAMEA12109284	country		Malawi	curator_escalation	curator escalation
PRJEB37378	SAMEA12109186	country		Malawi	curator_escalation	curator escalation
PRJEB37378	SAMEA12109285	country		Malawi	curator_escalation	curator escalation
PRJEB37378	SAMEA12109188	country		Malawi	curator_escalation	curator escalation
PRJEB37378	SAMEA12109376	country		Malawi	curator_escalation	curator escalation
PRJEB37378	SAMEA12109190	country		Malawi	curator_escalation	curator escalation
PRJEB37378	SAMEA12109191	country		Malawi	curator_escalation	curator escalation
PRJEB37378	SAMEA12109193	country		Malawi	curator_escalation	curator escalation
PRJEB37378	SAMEA12109292	country		Malawi	curator_escalation	curator escalation
PRJEB37378	SAMEA12109197	country		Malawi	curator_escalation	curator escalation
PRJEB37378	SAMEA12109198	country		Malawi	curator_escalation	curator escalation
PRJEB37378	SAMEA12109301	country		Malawi	curator_escalation	curator escalation
PRJEB37378	SAMEA12109206	country		Malawi	curator_escalation	curator escalation
PRJEB37378	SAMEA12109207	country		Malawi	curator_escalation	curator escalation
PRJEB37378	SAMEA12109208	country		Malawi	curator_escalation	curator escalation
PRJEB37378	SAMEA12109416	country		Malawi	curator_escalation	curator escalation
PRJEB37378	SAMEA12109420	country		Malawi	curator_escalation	curator escalation
PRJEB37378	SAMEA12109213	country		Malawi	curator_escalation	curator escalation
PRJEB37378	SAMEA12109318	country		Malawi	curator_escalation	curator escalation
PRJEB37378	SAMEA12109424	country		Malawi	curator_escalation	curator escalation
PRJEB37378	SAMEA12109425	country		Malawi	curator_escalation	curator escalation
PRJEB37378	SAMEA12109324	country		Malawi	curator_escalation	curator escalation
PRJEB37378	SAMEA12109218	country		Malawi	curator_escalation	curator escalation
PRJEB37378	SAMEA12109224	country		Malawi	curator_escalation	curator escalation
PRJEB37378	SAMEA12109432	country		Malawi	curator_escalation	curator escalation
PRJEB37378	SAMEA12109389	country		Malawi	curator_escalation	curator escalation
PRJEB37378	SAMEA12109435	country		Malawi	curator_escalation	curator escalation
PRJEB37378	SAMEA12109227	country		Malawi	curator_escalation	curator escalation
PRJEB37378	SAMEA12109228	country		Malawi	curator_escalation	curator escalation
PRJEB37378	SAMEA12109438	country		Malawi	curator_escalation	curator escalation
PRJEB37378	SAMEA12109390	country		Malawi	curator_escalation	curator escalation
PRJEB37378	SAMEA12109391	country		Malawi	curator_escalation	curator escalation
PRJEB37378	SAMEA12109232	country		Malawi	curator_escalation	curator escalation
PRJEB37378	SAMEA12109444	country		Malawi	curator_escalation	curator escalation
PRJEB37378	SAMEA12109448	country		Malawi	curator_escalation	curator escalation
PRJEB37378	SAMEA12109449	country		Malawi	curator_escalation	curator escalation
PRJEB37378	SAMEA12109454	country		Malawi	curator_escalation	curator escalation
PRJEB37378	SAMEA12109451	country		Malawi	curator_escalation	curator escalation
PRJEB37378	SAMEA12109249	country		Malawi	curator_escalation	curator escalation
PRJEB37378	SAMEA12109458	country		Malawi	curator_escalation	curator escalation
PRJEB37378	SAMEA12109267	country		Malawi	curator_escalation	curator escalation
PRJEB37378	SAMEA12109255	country		Malawi	curator_escalation	curator escalation
PRJEB37378	SAMEA12109257	country		Malawi	curator_escalation	curator escalation
PRJEB37378	SAMEA12109256	country		Malawi	curator_escalation	curator escalation
PRJEB37378	SAMEA12109310	country		Malawi	curator_escalation	curator escalation
PRJEB37378	SAMEA12109258	country		Malawi	curator_escalation	curator escalation
PRJEB37378	SAMEA12109262	country		Malawi	curator_escalation	curator escalation
PRJEB37378	SAMEA12109351	country		Malawi	curator_escalation	curator escalation
PRJEB37378	SAMEA12109263	country		Malawi	curator_escalation	curator escalation
PRJEB37378	SAMEA12109407	country		Malawi	curator_escalation	curator escalation
PRJEB37378	SAMEA12109270	country		Malawi	curator_escalation	curator escalation
PRJEB37378	SAMEA12109271	country		Malawi	curator_escalation	curator escalation
PRJEB37378	SAMEA12109422	country		Malawi	curator_escalation	curator escalation
PRJEB37378	SAMEA12109359	country		Malawi	curator_escalation	curator escalation
PRJEB37378	SAMEA12109439	country		Malawi	curator_escalation	curator escalation
PRJEB37378	SAMEA12109274	country		Malawi	curator_escalation	curator escalation
PRJEB37378	SAMEA12109276	country		Malawi	curator_escalation	curator escalation
PRJEB37378	SAMEA12109279	country		Malawi	curator_escalation	curator escalation
PRJEB37378	SAMEA10302797	country		Malawi	curator_escalation	curator escalation
PRJEB37378	SAMEA10302575	country		Malawi	curator_escalation	curator escalation
PRJEB37378	SAMEA10302445	country		Malawi	curator_escalation	curator escalation
PRJEB37378	SAMEA10302798	country		Malawi	curator_escalation	curator escalation
PRJEB37378	SAMEA10302577	country		Malawi	curator_escalation	curator escalation
PRJEB37378	SAMEA10302578	country		Malawi	curator_escalation	curator escalation
PRJEB37378	SAMEA10302801	country		Malawi	curator_escalation	curator escalation
PRJEB37378	SAMEA10302580	country		Malawi	curator_escalation	curator escalation
PRJEB37378	SAMEA10302452	country		Malawi	curator_escalation	curator escalation
PRJEB37378	SAMEA10302806	country		Malawi	curator_escalation	curator escalation
PRJEB37378	SAMEA10302807	country		Malawi	curator_escalation	curator escalation
PRJEB37378	SAMEA10302589	country		Malawi	curator_escalation	curator escalation
PRJEB37378	SAMEA10302808	country		Malawi	curator_escalation	curator escalation
PRJEB37378	SAMEA10302654	country		Malawi	curator_escalation	curator escalation
PRJEB37378	SAMEA10302655	country		Malawi	curator_escalation	curator escalation
PRJEB37378	SAMEA10302456	country		Malawi	curator_escalation	curator escalation
PRJEB37378	SAMEA10302810	country		Malawi	curator_escalation	curator escalation
PRJEB37378	SAMEA10302812	country		Malawi	curator_escalation	curator escalation
PRJEB37378	SAMEA10302663	country		Malawi	curator_escalation	curator escalation
PRJEB37378	SAMEA10302461	country		Malawi	curator_escalation	curator escalation
PRJEB37378	SAMEA10302815	country		Malawi	curator_escalation	curator escalation
PRJEB37378	SAMEA10302676	country		Malawi	curator_escalation	curator escalation
PRJEB37378	SAMEA10302464	country		Malawi	curator_escalation	curator escalation
PRJEB37378	SAMEA10302818	country		Malawi	curator_escalation	curator escalation
PRJEB37378	SAMEA10302463	country		Malawi	curator_escalation	curator escalation
PRJEB37378	SAMEA10302819	country		Malawi	curator_escalation	curator escalation
PRJEB37378	SAMEA10302682	country		Malawi	curator_escalation	curator escalation
PRJEB37378	SAMEA10302820	country		Malawi	curator_escalation	curator escalation
PRJEB37378	SAMEA10302683	country		Malawi	curator_escalation	curator escalation
PRJEB37378	SAMEA10302821	country		Malawi	curator_escalation	curator escalation
PRJEB37378	SAMEA10302467	country		Malawi	curator_escalation	curator escalation
PRJEB37378	SAMEA10302637	country		Malawi	curator_escalation	curator escalation
PRJEB37378	SAMEA10302468	country		Malawi	curator_escalation	curator escalation
PRJEB37378	SAMEA10302639	country		Malawi	curator_escalation	curator escalation
PRJEB37378	SAMEA10302827	country		Malawi	curator_escalation	curator escalation
PRJEB37378	SAMEA10302829	country		Malawi	curator_escalation	curator escalation
PRJEB37378	SAMEA10302689	country		Malawi	curator_escalation	curator escalation
PRJEB37378	SAMEA10302472	country		Malawi	curator_escalation	curator escalation
PRJEB37378	SAMEA10302644	country		Malawi	curator_escalation	curator escalation
PRJEB37378	SAMEA10302641	country		Malawi	curator_escalation	curator escalation
PRJEB37378	SAMEA10302834	country		Malawi	curator_escalation	curator escalation
PRJEB37378	SAMEA10302646	country		Malawi	curator_escalation	curator escalation
PRJEB37378	SAMEA10302477	country		Malawi	curator_escalation	curator escalation
PRJEB37378	SAMEA10302696	country		Malawi	curator_escalation	curator escalation
PRJEB37378	SAMEA10302647	country		Malawi	curator_escalation	curator escalation
PRJEB37378	SAMEA10302697	country		Malawi	curator_escalation	curator escalation
PRJEB37378	SAMEA10302698	country		Malawi	curator_escalation	curator escalation
PRJEB37378	SAMEA10302483	country		Malawi	curator_escalation	curator escalation
PRJEB37378	SAMEA10302702	country		Malawi	curator_escalation	curator escalation
PRJEB37378	SAMEA10302844	country		Malawi	curator_escalation	curator escalation
PRJEB37378	SAMEA10302484	country		Malawi	curator_escalation	curator escalation
PRJEB37378	SAMEA10302517	country		Malawi	curator_escalation	curator escalation
PRJEB37378	SAMEA10302704	country		Malawi	curator_escalation	curator escalation
PRJEB37378	SAMEA10302485	country		Malawi	curator_escalation	curator escalation
PRJEB37378	SAMEA10302488	country		Malawi	curator_escalation	curator escalation
PRJEB37378	SAMEA10302849	country		Malawi	curator_escalation	curator escalation
PRJEB37378	SAMEA10302720	country		Malawi	curator_escalation	curator escalation
PRJEB37378	SAMEA10302521	country		Malawi	curator_escalation	curator escalation
PRJEB37378	SAMEA10302850	country		Malawi	curator_escalation	curator escalation
PRJEB37378	SAMEA10302522	country		Malawi	curator_escalation	curator escalation
PRJEB37378	SAMEA10302493	country		Malawi	curator_escalation	curator escalation
PRJEB37378	SAMEA10302492	country		Malawi	curator_escalation	curator escalation
PRJEB37378	SAMEA10302733	country		Malawi	curator_escalation	curator escalation
PRJEB37378	SAMEA10302853	country		Malawi	curator_escalation	curator escalation
PRJEB37378	SAMEA10302734	country		Malawi	curator_escalation	curator escalation
PRJEB37378	SAMEA10302856	country		Malawi	curator_escalation	curator escalation
PRJEB37378	SAMEA10302739	country		Malawi	curator_escalation	curator escalation
PRJEB37378	SAMEA10302526	country		Malawi	curator_escalation	curator escalation
PRJEB37378	SAMEA10302495	country		Malawi	curator_escalation	curator escalation
PRJEB37378	SAMEA10302527	country		Malawi	curator_escalation	curator escalation
PRJEB37378	SAMEA10302496	country		Malawi	curator_escalation	curator escalation
PRJEB37378	SAMEA10302528	country		Malawi	curator_escalation	curator escalation
PRJEB37378	SAMEA10302864	country		Malawi	curator_escalation	curator escalation
PRJEB37378	SAMEA10302860	country		Malawi	curator_escalation	curator escalation
PRJEB37378	SAMEA10302865	country		Malawi	curator_escalation	curator escalation
PRJEB37378	SAMEA10302499	country		Malawi	curator_escalation	curator escalation
PRJEB37378	SAMEA10302500	country		Malawi	curator_escalation	curator escalation
PRJEB37378	SAMEA10302501	country		Malawi	curator_escalation	curator escalation
PRJEB37378	SAMEA10302867	country		Malawi	curator_escalation	curator escalation
PRJEB37378	SAMEA10302870	country		Malawi	curator_escalation	curator escalation
PRJEB37378	SAMEA10302536	country		Malawi	curator_escalation	curator escalation
PRJEB37378	SAMEA10302505	country		Malawi	curator_escalation	curator escalation
PRJEB37378	SAMEA10302507	country		Malawi	curator_escalation	curator escalation
PRJEB37378	SAMEA10302508	country		Malawi	curator_escalation	curator escalation
PRJEB37378	SAMEA10302510	country		Malawi	curator_escalation	curator escalation
PRJEB37378	SAMEA10302542	country		Malawi	curator_escalation	curator escalation
PRJEB37378	SAMEA10302932	country		Malawi	curator_escalation	curator escalation
PRJEB37378	SAMEA10302934	country		Malawi	curator_escalation	curator escalation
PRJEB37378	SAMEA10302544	country		Malawi	curator_escalation	curator escalation
PRJEB37378	SAMEA10302885	country		Malawi	curator_escalation	curator escalation
PRJEB37378	SAMEA10302545	country		Malawi	curator_escalation	curator escalation
PRJEB37378	SAMEA10302937	country		Malawi	curator_escalation	curator escalation
PRJEB37378	SAMEA10302938	country		Malawi	curator_escalation	curator escalation
PRJEB37378	SAMEA10302896	country		Malawi	curator_escalation	curator escalation
PRJEB37378	SAMEA10302548	country		Malawi	curator_escalation	curator escalation
PRJEB37378	SAMEA10302897	country		Malawi	curator_escalation	curator escalation
PRJEB37378	SAMEA10302549	country		Malawi	curator_escalation	curator escalation
PRJEB37378	SAMEA10302940	country		Malawi	curator_escalation	curator escalation
PRJEB37378	SAMEA10302942	country		Malawi	curator_escalation	curator escalation
PRJEB37378	SAMEA10302592	country		Malawi	curator_escalation	curator escalation
PRJEB37378	SAMEA10302904	country		Malawi	curator_escalation	curator escalation
PRJEB37378	SAMEA10302553	country		Malawi	curator_escalation	curator escalation
PRJEB37378	SAMEA10302905	country		Malawi	curator_escalation	curator escalation
PRJEB37378	SAMEA10302556	country		Malawi	curator_escalation	curator escalation
PRJEB37378	SAMEA10302557	country		Malawi	curator_escalation	curator escalation
PRJEB37378	SAMEA10302599	country		Malawi	curator_escalation	curator escalation
PRJEB37378	SAMEA10302559	country		Malawi	curator_escalation	curator escalation
PRJEB37378	SAMEA10302558	country		Malawi	curator_escalation	curator escalation
PRJEB37378	SAMEA10302560	country		Malawi	curator_escalation	curator escalation
PRJEB37378	SAMEA10302918	country		Malawi	curator_escalation	curator escalation
PRJEB37378	SAMEA10302775	country		Malawi	curator_escalation	curator escalation
PRJEB37378	SAMEA10302603	country		Malawi	curator_escalation	curator escalation
PRJEB37378	SAMEA10302602	country		Malawi	curator_escalation	curator escalation
PRJEB37378	SAMEA10302604	country		Malawi	curator_escalation	curator escalation
PRJEB37378	SAMEA10302564	country		Malawi	curator_escalation	curator escalation
PRJEB37378	SAMEA10302606	country		Malawi	curator_escalation	curator escalation
PRJEB37378	SAMEA10302568	country		Malawi	curator_escalation	curator escalation
PRJEB37378	SAMEA10302571	country		Malawi	curator_escalation	curator escalation
PRJEB37378	SAMEA10302796	country		Malawi	curator_escalation	curator escalation
PRJEB37378	SAMEA10302943	country		Malawi	curator_escalation	curator escalation
PRJEB37378	SAMEA10302945	country		Malawi	curator_escalation	curator escalation
PRJEB37378	SAMEA10303345	country		Malawi	curator_escalation	curator escalation
PRJEB37378	SAMEA10303347	country		Malawi	curator_escalation	curator escalation
PRJEB37378	SAMEA10303348	country		Malawi	curator_escalation	curator escalation
PRJEB37378	SAMEA10303047	country		Malawi	curator_escalation	curator escalation
PRJEB37378	SAMEA10303350	country		Malawi	curator_escalation	curator escalation
PRJEB37378	SAMEA10303355	country		Malawi	curator_escalation	curator escalation
PRJEB37378	SAMEA10303053	country		Malawi	curator_escalation	curator escalation
PRJEB37378	SAMEA10303055	country		Malawi	curator_escalation	curator escalation
PRJEB37378	SAMEA10303054	country		Malawi	curator_escalation	curator escalation
PRJEB37378	SAMEA10303057	country		Malawi	curator_escalation	curator escalation
PRJEB37378	SAMEA10303058	country		Malawi	curator_escalation	curator escalation
PRJEB37378	SAMEA10303061	country		Malawi	curator_escalation	curator escalation
PRJEB37378	SAMEA10303063	country		Malawi	curator_escalation	curator escalation
PRJEB37378	SAMEA10303367	country		Malawi	curator_escalation	curator escalation
PRJEB37378	SAMEA10303365	country		Malawi	curator_escalation	curator escalation
PRJEB37378	SAMEA10303064	country		Malawi	curator_escalation	curator escalation
PRJEB37378	SAMEA10303366	country		Malawi	curator_escalation	curator escalation
PRJEB37378	SAMEA10303370	country		Malawi	curator_escalation	curator escalation
PRJEB37378	SAMEA10303172	country		Malawi	curator_escalation	curator escalation
PRJEB37378	SAMEA10303374	country		Malawi	curator_escalation	curator escalation
PRJEB37378	SAMEA10303378	country		Malawi	curator_escalation	curator escalation
PRJEB37378	SAMEA10303293	country		Malawi	curator_escalation	curator escalation
PRJEB37378	SAMEA10303181	country		Malawi	curator_escalation	curator escalation
PRJEB37378	SAMEA10303295	country		Malawi	curator_escalation	curator escalation
PRJEB37378	SAMEA10303382	country		Malawi	curator_escalation	curator escalation
PRJEB37378	SAMEA10303182	country		Malawi	curator_escalation	curator escalation
PRJEB37378	SAMEA10303383	country		Malawi	curator_escalation	curator escalation
PRJEB37378	SAMEA10303384	country		Malawi	curator_escalation	curator escalation
PRJEB37378	SAMEA10303186	country		Malawi	curator_escalation	curator escalation
PRJEB37378	SAMEA10303299	country		Malawi	curator_escalation	curator escalation
PRJEB37378	SAMEA10303300	country		Malawi	curator_escalation	curator escalation
PRJEB37378	SAMEA10303389	country		Malawi	curator_escalation	curator escalation
PRJEB37378	SAMEA10303387	country		Malawi	curator_escalation	curator escalation
PRJEB37378	SAMEA10303391	country		Malawi	curator_escalation	curator escalation
PRJEB37378	SAMEA10303304	country		Malawi	curator_escalation	curator escalation
PRJEB37378	SAMEA10303305	country		Malawi	curator_escalation	curator escalation
PRJEB37378	SAMEA10303066	country		Malawi	curator_escalation	curator escalation
PRJEB37378	SAMEA10303393	country		Malawi	curator_escalation	curator escalation
PRJEB37378	SAMEA10303306	country		Malawi	curator_escalation	curator escalation
PRJEB37378	SAMEA10303308	country		Malawi	curator_escalation	curator escalation
PRJEB37378	SAMEA10303070	country		Malawi	curator_escalation	curator escalation
PRJEB37378	SAMEA10303399	country		Malawi	curator_escalation	curator escalation
PRJEB37378	SAMEA10303314	country		Malawi	curator_escalation	curator escalation
PRJEB37378	SAMEA10303075	country		Malawi	curator_escalation	curator escalation
PRJEB37378	SAMEA10303318	country		Malawi	curator_escalation	curator escalation
PRJEB37378	SAMEA10303405	country		Malawi	curator_escalation	curator escalation
PRJEB37378	SAMEA10303406	country		Malawi	curator_escalation	curator escalation
PRJEB37378	SAMEA10303319	country		Malawi	curator_escalation	curator escalation
PRJEB37378	SAMEA10303408	country		Malawi	curator_escalation	curator escalation
PRJEB37378	SAMEA10303320	country		Malawi	curator_escalation	curator escalation
PRJEB37378	SAMEA10303323	country		Malawi	curator_escalation	curator escalation
PRJEB37378	SAMEA10303412	country		Malawi	curator_escalation	curator escalation
PRJEB37378	SAMEA10303413	country		Malawi	curator_escalation	curator escalation
PRJEB37378	SAMEA10303415	country		Malawi	curator_escalation	curator escalation
PRJEB37378	SAMEA10303088	country		Malawi	curator_escalation	curator escalation
PRJEB37378	SAMEA10303089	country		Malawi	curator_escalation	curator escalation
PRJEB37378	SAMEA10303330	country		Malawi	curator_escalation	curator escalation
PRJEB37378	SAMEA10303090	country		Malawi	curator_escalation	curator escalation
PRJEB37378	SAMEA10303418	country		Malawi	curator_escalation	curator escalation
PRJEB37378	SAMEA10303332	country		Malawi	curator_escalation	curator escalation
PRJEB37378	SAMEA10303419	country		Malawi	curator_escalation	curator escalation
PRJEB37378	SAMEA10303094	country		Malawi	curator_escalation	curator escalation
PRJEB37378	SAMEA10303331	country		Malawi	curator_escalation	curator escalation
PRJEB37378	SAMEA10303336	country		Malawi	curator_escalation	curator escalation
PRJEB37378	SAMEA10303106	country		Malawi	curator_escalation	curator escalation
PRJEB37378	SAMEA10303469	country		Malawi	curator_escalation	curator escalation
PRJEB37378	SAMEA10303473	country		Malawi	curator_escalation	curator escalation
PRJEB37378	SAMEA10634493	country		Malawi	curator_escalation	curator escalation
PRJEB37378	SAMEA10634494	country		Malawi	curator_escalation	curator escalation
PRJEB37378	SAMEA10417029	country		Malawi	curator_escalation	curator escalation
PRJEB37378	SAMEA10417031	country		Malawi	curator_escalation	curator escalation
PRJEB37378	SAMEA10417032	country		Malawi	curator_escalation	curator escalation
PRJEB37378	SAMEA10417034	country		Malawi	curator_escalation	curator escalation
PRJEB37378	SAMEA10417036	country		Malawi	curator_escalation	curator escalation
PRJEB37378	SAMEA10417043	country		Malawi	curator_escalation	curator escalation
PRJEB37378	SAMEA10417044	country		Malawi	curator_escalation	curator escalation
PRJEB37378	SAMEA10417048	country		Malawi	curator_escalation	curator escalation
PRJEB37378	SAMEA10417051	country		Malawi	curator_escalation	curator escalation
PRJEB37378	SAMEA10417056	country		Malawi	curator_escalation	curator escalation
PRJEB37378	SAMEA10417053	country		Malawi	curator_escalation	curator escalation
PRJEB37378	SAMEA10417054	country		Malawi	curator_escalation	curator escalation
PRJEB37378	SAMEA10417059	country		Malawi	curator_escalation	curator escalation
PRJEB37378	SAMEA10417060	country		Malawi	curator_escalation	curator escalation
PRJEB37378	SAMEA10417062	country		Malawi	curator_escalation	curator escalation
PRJEB37378	SAMEA10417069	country		Malawi	curator_escalation	curator escalation
PRJEB37378	SAMEA10417070	country		Malawi	curator_escalation	curator escalation
PRJEB37378	SAMEA10417072	country		Malawi	curator_escalation	curator escalation
PRJEB37378	SAMEA10417073	country		Malawi	curator_escalation	curator escalation
PRJEB37378	SAMEA10417078	country		Malawi	curator_escalation	curator escalation
PRJEB37378	SAMEA10417079	country		Malawi	curator_escalation	curator escalation
PRJEB37378	SAMEA10417081	country		Malawi	curator_escalation	curator escalation
PRJEB37378	SAMEA10417083	country		Malawi	curator_escalation	curator escalation
PRJEB37378	SAMEA10417085	country		Malawi	curator_escalation	curator escalation
PRJEB37378	SAMEA10634474	country		Malawi	curator_escalation	curator escalation
PRJEB37378	SAMEA10634476	country		Malawi	curator_escalation	curator escalation
PRJEB37378	SAMEA10634475	country		Malawi	curator_escalation	curator escalation
PRJEB37378	SAMEA10634484	country		Malawi	curator_escalation	curator escalation
PRJEB37378	SAMEA10634186	country		Malawi	curator_escalation	curator escalation
PRJEB37378	SAMEA10634119	country		Malawi	curator_escalation	curator escalation
PRJEB37378	SAMEA10634123	country		Malawi	curator_escalation	curator escalation
PRJEB37378	SAMEA10634122	country		Malawi	curator_escalation	curator escalation
PRJEB37378	SAMEA10634128	country		Malawi	curator_escalation	curator escalation
PRJEB37378	SAMEA10634131	country		Malawi	curator_escalation	curator escalation
PRJEB37378	SAMEA10634135	country		Malawi	curator_escalation	curator escalation
PRJEB37378	SAMEA10634136	country		Malawi	curator_escalation	curator escalation
PRJEB37378	SAMEA10634139	country		Malawi	curator_escalation	curator escalation
PRJEB37378	SAMEA10634203	country		Malawi	curator_escalation	curator escalation
PRJEB37378	SAMEA10634208	country		Malawi	curator_escalation	curator escalation
PRJEB37378	SAMEA10634148	country		Malawi	curator_escalation	curator escalation
PRJEB37378	SAMEA10634147	country		Malawi	curator_escalation	curator escalation
PRJEB37378	SAMEA10634150	country		Malawi	curator_escalation	curator escalation
PRJEB37378	SAMEA10634213	country		Malawi	curator_escalation	curator escalation
PRJEB37378	SAMEA10634149	country		Malawi	curator_escalation	curator escalation
PRJEB37378	SAMEA10634151	country		Malawi	curator_escalation	curator escalation
PRJEB37378	SAMEA10634216	country		Malawi	curator_escalation	curator escalation
PRJEB37378	SAMEA10634155	country		Malawi	curator_escalation	curator escalation
PRJEB37378	SAMEA10634218	country		Malawi	curator_escalation	curator escalation
PRJEB37378	SAMEA10634157	country		Malawi	curator_escalation	curator escalation
PRJEB37378	SAMEA10634219	country		Malawi	curator_escalation	curator escalation
PRJEB37378	SAMEA10634158	country		Malawi	curator_escalation	curator escalation
PRJEB37378	SAMEA10634162	country		Malawi	curator_escalation	curator escalation
PRJEB37378	SAMEA10634163	country		Malawi	curator_escalation	curator escalation
PRJEB37378	SAMEA10634223	country		Malawi	curator_escalation	curator escalation
PRJEB37378	SAMEA10634166	country		Malawi	curator_escalation	curator escalation
PRJEB37378	SAMEA10634224	country		Malawi	curator_escalation	curator escalation
PRJEB37378	SAMEA10634165	country		Malawi	curator_escalation	curator escalation
PRJEB37378	SAMEA10634167	country		Malawi	curator_escalation	curator escalation
PRJEB37378	SAMEA10634168	country		Malawi	curator_escalation	curator escalation
PRJEB37378	SAMEA10634231	country		Malawi	curator_escalation	curator escalation
PRJEB37378	SAMEA10634170	country		Malawi	curator_escalation	curator escalation
PRJEB37378	SAMEA10634233	country		Malawi	curator_escalation	curator escalation
PRJEB37378	SAMEA10634172	country		Malawi	curator_escalation	curator escalation
PRJEB37378	SAMEA10634235	country		Malawi	curator_escalation	curator escalation
PRJEB37378	SAMEA10634236	country		Malawi	curator_escalation	curator escalation
PRJEB37378	SAMEA10634280	country		Malawi	curator_escalation	curator escalation
PRJEB37378	SAMEA10634281	country		Malawi	curator_escalation	curator escalation
PRJEB37378	SAMEA10634288	country		Malawi	curator_escalation	curator escalation
PRJEB37378	SAMEA10634294	country		Malawi	curator_escalation	curator escalation
PRJEB37378	SAMEA10634299	country		Malawi	curator_escalation	curator escalation
PRJEB37378	SAMEA10634302	country		Malawi	curator_escalation	curator escalation
PRJEB37378	SAMEA10634304	country		Malawi	curator_escalation	curator escalation
PRJEB37378	SAMEA10634305	country		Malawi	curator_escalation	curator escalation
PRJEB37378	SAMEA10634090	country		Malawi	curator_escalation	curator escalation
PRJEB37378	SAMEA10634306	country		Malawi	curator_escalation	curator escalation
PRJEB37378	SAMEA10634092	country		Malawi	curator_escalation	curator escalation
PRJEB37378	SAMEA10634308	country		Malawi	curator_escalation	curator escalation
PRJEB37378	SAMEA10634096	country		Malawi	curator_escalation	curator escalation
PRJEB37378	SAMEA10634094	country		Malawi	curator_escalation	curator escalation
PRJEB37378	SAMEA10634097	country		Malawi	curator_escalation	curator escalation
PRJEB37378	SAMEA10634313	country		Malawi	curator_escalation	curator escalation
PRJEB37378	SAMEA10634100	country		Malawi	curator_escalation	curator escalation
PRJEB37378	SAMEA10634314	country		Malawi	curator_escalation	curator escalation
PRJEB37378	SAMEA10634316	country		Malawi	curator_escalation	curator escalation
PRJEB37378	SAMEA10634178	country		Malawi	curator_escalation	curator escalation
PRJEB37378	SAMEA10634180	country		Malawi	curator_escalation	curator escalation
PRJEB37378	SAMEA10634114	country		Malawi	curator_escalation	curator escalation
PRJEB37378	SAMEA10634185	country		Malawi	curator_escalation	curator escalation
PRJEB37378	SAMEA10302446	country		Malawi	curator_escalation	curator escalation
PRJEB37378	SAMEA10302576	country		Malawi	curator_escalation	curator escalation
PRJEB37378	SAMEA10302799	country		Malawi	curator_escalation	curator escalation
PRJEB37378	SAMEA10302447	country		Malawi	curator_escalation	curator escalation
PRJEB37378	SAMEA10302448	country		Malawi	curator_escalation	curator escalation
PRJEB37378	SAMEA10302579	country		Malawi	curator_escalation	curator escalation
PRJEB37378	SAMEA10302804	country		Malawi	curator_escalation	curator escalation
PRJEB37378	SAMEA10302581	country		Malawi	curator_escalation	curator escalation
PRJEB37378	SAMEA10302450	country		Malawi	curator_escalation	curator escalation
PRJEB37378	SAMEA10302805	country		Malawi	curator_escalation	curator escalation
PRJEB37378	SAMEA10302585	country		Malawi	curator_escalation	curator escalation
PRJEB37378	SAMEA10302586	country		Malawi	curator_escalation	curator escalation
PRJEB37378	SAMEA10302453	country		Malawi	curator_escalation	curator escalation
PRJEB37378	SAMEA10302455	country		Malawi	curator_escalation	curator escalation
PRJEB37378	SAMEA10302809	country		Malawi	curator_escalation	curator escalation
PRJEB37378	SAMEA10302457	country		Malawi	curator_escalation	curator escalation
PRJEB37378	SAMEA10302656	country		Malawi	curator_escalation	curator escalation
PRJEB37378	SAMEA10302813	country		Malawi	curator_escalation	curator escalation
PRJEB37378	SAMEA10302459	country		Malawi	curator_escalation	curator escalation
PRJEB37378	SAMEA10302660	country		Malawi	curator_escalation	curator escalation
PRJEB37378	SAMEA10302814	country		Malawi	curator_escalation	curator escalation
PRJEB37378	SAMEA10302817	country		Malawi	curator_escalation	curator escalation
PRJEB37378	SAMEA10302465	country		Malawi	curator_escalation	curator escalation
PRJEB37378	SAMEA10302634	country		Malawi	curator_escalation	curator escalation
PRJEB37378	SAMEA10302636	country		Malawi	curator_escalation	curator escalation
PRJEB37378	SAMEA10302824	country		Malawi	curator_escalation	curator escalation
PRJEB37378	SAMEA10302685	country		Malawi	curator_escalation	curator escalation
PRJEB37378	SAMEA10302687	country		Malawi	curator_escalation	curator escalation
PRJEB37378	SAMEA10302825	country		Malawi	curator_escalation	curator escalation
PRJEB37378	SAMEA10302686	country		Malawi	curator_escalation	curator escalation
PRJEB37378	SAMEA10302638	country		Malawi	curator_escalation	curator escalation
PRJEB37378	SAMEA10302688	country		Malawi	curator_escalation	curator escalation
PRJEB37378	SAMEA10302690	country		Malawi	curator_escalation	curator escalation
PRJEB37378	SAMEA10302471	country		Malawi	curator_escalation	curator escalation
PRJEB37378	SAMEA10302640	country		Malawi	curator_escalation	curator escalation
PRJEB37378	SAMEA10302830	country		Malawi	curator_escalation	curator escalation
PRJEB37378	SAMEA10302692	country		Malawi	curator_escalation	curator escalation
PRJEB37378	SAMEA10302832	country		Malawi	curator_escalation	curator escalation
PRJEB37378	SAMEA10302643	country		Malawi	curator_escalation	curator escalation
PRJEB37378	SAMEA10302476	country		Malawi	curator_escalation	curator escalation
PRJEB37378	SAMEA10302695	country		Malawi	curator_escalation	curator escalation
PRJEB37378	SAMEA10302833	country		Malawi	curator_escalation	curator escalation
PRJEB37378	SAMEA10302693	country		Malawi	curator_escalation	curator escalation
PRJEB37378	SAMEA10302478	country		Malawi	curator_escalation	curator escalation
PRJEB37378	SAMEA10302649	country		Malawi	curator_escalation	curator escalation
PRJEB37378	SAMEA10302650	country		Malawi	curator_escalation	curator escalation
PRJEB37378	SAMEA10302840	country		Malawi	curator_escalation	curator escalation
PRJEB37378	SAMEA10302481	country		Malawi	curator_escalation	curator escalation
PRJEB37378	SAMEA10302700	country		Malawi	curator_escalation	curator escalation
PRJEB37378	SAMEA10302842	country		Malawi	curator_escalation	curator escalation
PRJEB37378	SAMEA10302482	country		Malawi	curator_escalation	curator escalation
PRJEB37378	SAMEA10302701	country		Malawi	curator_escalation	curator escalation
PRJEB37378	SAMEA10302843	country		Malawi	curator_escalation	curator escalation
PRJEB37378	SAMEA10302516	country		Malawi	curator_escalation	curator escalation
PRJEB37378	SAMEA10302847	country		Malawi	curator_escalation	curator escalation
PRJEB37378	SAMEA10302703	country		Malawi	curator_escalation	curator escalation
PRJEB37378	SAMEA10302706	country		Malawi	curator_escalation	curator escalation
PRJEB37378	SAMEA10302710	country		Malawi	curator_escalation	curator escalation
PRJEB37378	SAMEA10302518	country		Malawi	curator_escalation	curator escalation
PRJEB37378	SAMEA10302848	country		Malawi	curator_escalation	curator escalation
PRJEB37378	SAMEA10302487	country		Malawi	curator_escalation	curator escalation
PRJEB37378	SAMEA10302489	country		Malawi	curator_escalation	curator escalation
PRJEB37378	SAMEA10302519	country		Malawi	curator_escalation	curator escalation
PRJEB37378	SAMEA10302490	country		Malawi	curator_escalation	curator escalation
PRJEB37378	SAMEA10302731	country		Malawi	curator_escalation	curator escalation
PRJEB37378	SAMEA10302851	country		Malawi	curator_escalation	curator escalation
PRJEB37378	SAMEA10302732	country		Malawi	curator_escalation	curator escalation
PRJEB37378	SAMEA10302523	country		Malawi	curator_escalation	curator escalation
PRJEB37378	SAMEA10302855	country		Malawi	curator_escalation	curator escalation
PRJEB37378	SAMEA10302858	country		Malawi	curator_escalation	curator escalation
PRJEB37378	SAMEA10302748	country		Malawi	curator_escalation	curator escalation
PRJEB37378	SAMEA10302765	country		Malawi	curator_escalation	curator escalation
PRJEB37378	SAMEA10302529	country		Malawi	curator_escalation	curator escalation
PRJEB37378	SAMEA10302498	country		Malawi	curator_escalation	curator escalation
PRJEB37378	SAMEA10302530	country		Malawi	curator_escalation	curator escalation
PRJEB37378	SAMEA10302861	country		Malawi	curator_escalation	curator escalation
PRJEB37378	SAMEA10302531	country		Malawi	curator_escalation	curator escalation
PRJEB37378	SAMEA10302533	country		Malawi	curator_escalation	curator escalation
PRJEB37378	SAMEA10302534	country		Malawi	curator_escalation	curator escalation
PRJEB37378	SAMEA10302926	country		Malawi	curator_escalation	curator escalation
PRJEB37378	SAMEA10302869	country		Malawi	curator_escalation	curator escalation
PRJEB37378	SAMEA10302502	country		Malawi	curator_escalation	curator escalation
PRJEB37378	SAMEA10302535	country		Malawi	curator_escalation	curator escalation
PRJEB37378	SAMEA10302929	country		Malawi	curator_escalation	curator escalation
PRJEB37378	SAMEA10302928	country		Malawi	curator_escalation	curator escalation
PRJEB37378	SAMEA10302506	country		Malawi	curator_escalation	curator escalation
PRJEB37378	SAMEA10302539	country		Malawi	curator_escalation	curator escalation
PRJEB37378	SAMEA10302931	country		Malawi	curator_escalation	curator escalation
PRJEB37378	SAMEA10302879	country		Malawi	curator_escalation	curator escalation
PRJEB37378	SAMEA10302880	country		Malawi	curator_escalation	curator escalation
PRJEB37378	SAMEA10302540	country		Malawi	curator_escalation	curator escalation
PRJEB37378	SAMEA10302509	country		Malawi	curator_escalation	curator escalation
PRJEB37378	SAMEA10302881	country		Malawi	curator_escalation	curator escalation
PRJEB37378	SAMEA10302883	country		Malawi	curator_escalation	curator escalation
PRJEB37378	SAMEA10302936	country		Malawi	curator_escalation	curator escalation
PRJEB37378	SAMEA10302514	country		Malawi	curator_escalation	curator escalation
PRJEB37378	SAMEA10302891	country		Malawi	curator_escalation	curator escalation
PRJEB37378	SAMEA10302515	country		Malawi	curator_escalation	curator escalation
PRJEB37378	SAMEA10302898	country		Malawi	curator_escalation	curator escalation
PRJEB37378	SAMEA10302550	country		Malawi	curator_escalation	curator escalation
PRJEB37378	SAMEA10302941	country		Malawi	curator_escalation	curator escalation
PRJEB37378	SAMEA10302551	country		Malawi	curator_escalation	curator escalation
PRJEB37378	SAMEA10302591	country		Malawi	curator_escalation	curator escalation
PRJEB37378	SAMEA10302552	country		Malawi	curator_escalation	curator escalation
PRJEB37378	SAMEA10302595	country		Malawi	curator_escalation	curator escalation
PRJEB37378	SAMEA10302594	country		Malawi	curator_escalation	curator escalation
PRJEB37378	SAMEA10302555	country		Malawi	curator_escalation	curator escalation
PRJEB37378	SAMEA10302911	country		Malawi	curator_escalation	curator escalation
PRJEB37378	SAMEA10302597	country		Malawi	curator_escalation	curator escalation
PRJEB37378	SAMEA10302917	country		Malawi	curator_escalation	curator escalation
PRJEB37378	SAMEA10302600	country		Malawi	curator_escalation	curator escalation
PRJEB37378	SAMEA10302601	country		Malawi	curator_escalation	curator escalation
PRJEB37378	SAMEA10302562	country		Malawi	curator_escalation	curator escalation
PRJEB37378	SAMEA10302563	country		Malawi	curator_escalation	curator escalation
PRJEB37378	SAMEA10302785	country		Malawi	curator_escalation	curator escalation
PRJEB37378	SAMEA10302605	country		Malawi	curator_escalation	curator escalation
PRJEB37378	SAMEA10302788	country		Malawi	curator_escalation	curator escalation
PRJEB37378	SAMEA10302566	country		Malawi	curator_escalation	curator escalation
PRJEB37378	SAMEA10302786	country		Malawi	curator_escalation	curator escalation
PRJEB37378	SAMEA10302608	country		Malawi	curator_escalation	curator escalation
PRJEB37378	SAMEA10302793	country		Malawi	curator_escalation	curator escalation
PRJEB37378	SAMEA10302569	country		Malawi	curator_escalation	curator escalation
PRJEB37378	SAMEA10302609	country		Malawi	curator_escalation	curator escalation
PRJEB37378	SAMEA10302570	country		Malawi	curator_escalation	curator escalation
PRJEB37378	SAMEA10302573	country		Malawi	curator_escalation	curator escalation
PRJEB37378	SAMEA10303343	country		Malawi	curator_escalation	curator escalation
PRJEB37378	SAMEA10302944	country		Malawi	curator_escalation	curator escalation
PRJEB37378	SAMEA10303344	country		Malawi	curator_escalation	curator escalation
PRJEB37378	SAMEA10303043	country		Malawi	curator_escalation	curator escalation
PRJEB37378	SAMEA10303041	country		Malawi	curator_escalation	curator escalation
PRJEB37378	SAMEA10303045	country		Malawi	curator_escalation	curator escalation
PRJEB37378	SAMEA10303046	country		Malawi	curator_escalation	curator escalation
PRJEB37378	SAMEA10303351	country		Malawi	curator_escalation	curator escalation
PRJEB37378	SAMEA10303051	country		Malawi	curator_escalation	curator escalation
PRJEB37378	SAMEA10303357	country		Malawi	curator_escalation	curator escalation
PRJEB37378	SAMEA10303358	country		Malawi	curator_escalation	curator escalation
PRJEB37378	SAMEA10303056	country		Malawi	curator_escalation	curator escalation
PRJEB37378	SAMEA10303359	country		Malawi	curator_escalation	curator escalation
PRJEB37378	SAMEA10303059	country		Malawi	curator_escalation	curator escalation
PRJEB37378	SAMEA10303363	country		Malawi	curator_escalation	curator escalation
PRJEB37378	SAMEA10303364	country		Malawi	curator_escalation	curator escalation
PRJEB37378	SAMEA10303368	country		Malawi	curator_escalation	curator escalation
PRJEB37378	SAMEA10303165	country		Malawi	curator_escalation	curator escalation
PRJEB37378	SAMEA10303167	country		Malawi	curator_escalation	curator escalation
PRJEB37378	SAMEA10303171	country		Malawi	curator_escalation	curator escalation
PRJEB37378	SAMEA10303372	country		Malawi	curator_escalation	curator escalation
PRJEB37378	SAMEA10303373	country		Malawi	curator_escalation	curator escalation
PRJEB37378	SAMEA10303174	country		Malawi	curator_escalation	curator escalation
PRJEB37378	SAMEA10303176	country		Malawi	curator_escalation	curator escalation
PRJEB37378	SAMEA10303375	country		Malawi	curator_escalation	curator escalation
PRJEB37378	SAMEA10303177	country		Malawi	curator_escalation	curator escalation
PRJEB37378	SAMEA10303179	country		Malawi	curator_escalation	curator escalation
PRJEB37378	SAMEA10303294	country		Malawi	curator_escalation	curator escalation
PRJEB37378	SAMEA10303380	country		Malawi	curator_escalation	curator escalation
PRJEB37378	SAMEA10303184	country		Malawi	curator_escalation	curator escalation
PRJEB37378	SAMEA10303297	country		Malawi	curator_escalation	curator escalation
PRJEB37378	SAMEA10303183	country		Malawi	curator_escalation	curator escalation
PRJEB37378	SAMEA10303385	country		Malawi	curator_escalation	curator escalation
PRJEB37378	SAMEA10303386	country		Malawi	curator_escalation	curator escalation
PRJEB37378	SAMEA10303185	country		Malawi	curator_escalation	curator escalation
PRJEB37378	SAMEA10303187	country		Malawi	curator_escalation	curator escalation
PRJEB37378	SAMEA10303301	country		Malawi	curator_escalation	curator escalation
PRJEB37378	SAMEA10303188	country		Malawi	curator_escalation	curator escalation
PRJEB37378	SAMEA10302374	country		Malawi	curator_escalation	curator escalation
PRJEB37378	SAMEA10303189	country		Malawi	curator_escalation	curator escalation
PRJEB37378	SAMEA10302376	country		Malawi	curator_escalation	curator escalation
PRJEB37378	SAMEA10303065	country		Malawi	curator_escalation	curator escalation
PRJEB37378	SAMEA10302375	country		Malawi	curator_escalation	curator escalation
PRJEB37378	SAMEA10302326	country		Malawi	curator_escalation	curator escalation
PRJEB37378	SAMEA10303395	country		Malawi	curator_escalation	curator escalation
PRJEB37378	SAMEA10303069	country		Malawi	curator_escalation	curator escalation
PRJEB37378	SAMEA10302327	country		Malawi	curator_escalation	curator escalation
PRJEB37378	SAMEA10303310	country		Malawi	curator_escalation	curator escalation
PRJEB37378	SAMEA10302330	country		Malawi	curator_escalation	curator escalation
PRJEB37378	SAMEA10303311	country		Malawi	curator_escalation	curator escalation
PRJEB37378	SAMEA10303398	country		Malawi	curator_escalation	curator escalation
PRJEB37378	SAMEA10303072	country		Malawi	curator_escalation	curator escalation
PRJEB37378	SAMEA10302329	country		Malawi	curator_escalation	curator escalation
PRJEB37378	SAMEA10303313	country		Malawi	curator_escalation	curator escalation
PRJEB37378	SAMEA10303400	country		Malawi	curator_escalation	curator escalation
PRJEB37378	SAMEA10303073	country		Malawi	curator_escalation	curator escalation
PRJEB37378	SAMEA10302384	country		Malawi	curator_escalation	curator escalation
PRJEB37378	SAMEA10303402	country		Malawi	curator_escalation	curator escalation
PRJEB37378	SAMEA10302333	country		Malawi	curator_escalation	curator escalation
PRJEB37378	SAMEA10303403	country		Malawi	curator_escalation	curator escalation
PRJEB37378	SAMEA10303076	country		Malawi	curator_escalation	curator escalation
PRJEB37378	SAMEA10302383	country		Malawi	curator_escalation	curator escalation
PRJEB37378	SAMEA10303079	country		Malawi	curator_escalation	curator escalation
PRJEB37378	SAMEA10302387	country		Malawi	curator_escalation	curator escalation
PRJEB37378	SAMEA10302336	country		Malawi	curator_escalation	curator escalation
PRJEB37378	SAMEA10303409	country		Malawi	curator_escalation	curator escalation
PRJEB37378	SAMEA10303321	country		Malawi	curator_escalation	curator escalation
PRJEB37378	SAMEA10303322	country		Malawi	curator_escalation	curator escalation
PRJEB37378	SAMEA10303082	country		Malawi	curator_escalation	curator escalation
PRJEB37378	SAMEA10302342	country		Malawi	curator_escalation	curator escalation
PRJEB37378	SAMEA10303410	country		Malawi	curator_escalation	curator escalation
PRJEB37378	SAMEA10303325	country		Malawi	curator_escalation	curator escalation
PRJEB37378	SAMEA10302393	country		Malawi	curator_escalation	curator escalation
PRJEB37378	SAMEA10303414	country		Malawi	curator_escalation	curator escalation
PRJEB37378	SAMEA10302394	country		Malawi	curator_escalation	curator escalation
PRJEB37378	SAMEA10303328	country		Malawi	curator_escalation	curator escalation
PRJEB37378	SAMEA10302395	country		Malawi	curator_escalation	curator escalation
PRJEB37378	SAMEA10303416	country		Malawi	curator_escalation	curator escalation
PRJEB37378	SAMEA10302346	country		Malawi	curator_escalation	curator escalation
PRJEB37378	SAMEA10303327	country		Malawi	curator_escalation	curator escalation
PRJEB37378	SAMEA10303420	country		Malawi	curator_escalation	curator escalation
PRJEB37378	SAMEA10302345	country		Malawi	curator_escalation	curator escalation
PRJEB37378	SAMEA10303091	country		Malawi	curator_escalation	curator escalation
PRJEB37378	SAMEA10302348	country		Malawi	curator_escalation	curator escalation
PRJEB37378	SAMEA10302350	country		Malawi	curator_escalation	curator escalation
PRJEB37378	SAMEA10303333	country		Malawi	curator_escalation	curator escalation
PRJEB37378	SAMEA10303095	country		Malawi	curator_escalation	curator escalation
PRJEB37378	SAMEA10302402	country		Malawi	curator_escalation	curator escalation
PRJEB37378	SAMEA10303334	country		Malawi	curator_escalation	curator escalation
PRJEB37378	SAMEA10302351	country		Malawi	curator_escalation	curator escalation
PRJEB37378	SAMEA10303101	country		Malawi	curator_escalation	curator escalation
PRJEB37378	SAMEA10303337	country		Malawi	curator_escalation	curator escalation
PRJEB37378	SAMEA10303104	country		Malawi	curator_escalation	curator escalation
PRJEB37378	SAMEA10302403	country		Malawi	curator_escalation	curator escalation
PRJEB37378	SAMEA10302353	country		Malawi	curator_escalation	curator escalation
PRJEB37378	SAMEA10303109	country		Malawi	curator_escalation	curator escalation
PRJEB37378	SAMEA10303467	country		Malawi	curator_escalation	curator escalation
PRJEB37378	SAMEA10303466	country		Malawi	curator_escalation	curator escalation
PRJEB37378	SAMEA10302356	country		Malawi	curator_escalation	curator escalation
PRJEB37378	SAMEA10303470	country		Malawi	curator_escalation	curator escalation
PRJEB37378	SAMEA10302358	country		Malawi	curator_escalation	curator escalation
PRJEB37378	SAMEA10303338	country		Malawi	curator_escalation	curator escalation
PRJEB37378	SAMEA10302360	country		Malawi	curator_escalation	curator escalation
PRJEB37378	SAMEA10303340	country		Malawi	curator_escalation	curator escalation
PRJEB37378	SAMEA10303341	country		Malawi	curator_escalation	curator escalation
PRJEB37378	SAMEA10634489	country		Malawi	curator_escalation	curator escalation
PRJEB37378	SAMEA10302412	country		Malawi	curator_escalation	curator escalation
PRJEB37378	SAMEA10634492	country		Malawi	curator_escalation	curator escalation
PRJEB37378	SAMEA10302416	country		Malawi	curator_escalation	curator escalation
PRJEB37378	SAMEA10634496	country		Malawi	curator_escalation	curator escalation
PRJEB37378	SAMEA10302420	country		Malawi	curator_escalation	curator escalation
PRJEB37378	SAMEA10634495	country		Malawi	curator_escalation	curator escalation
PRJEB37378	SAMEA10417030	country		Malawi	curator_escalation	curator escalation
PRJEB37378	SAMEA10302422	country		Malawi	curator_escalation	curator escalation
PRJEB37378	SAMEA10302423	country		Malawi	curator_escalation	curator escalation
PRJEB37378	SAMEA10302424	country		Malawi	curator_escalation	curator escalation
PRJEB37378	SAMEA10417033	country		Malawi	curator_escalation	curator escalation
PRJEB37378	SAMEA10302143	country		Malawi	curator_escalation	curator escalation
PRJEB37378	SAMEA10417040	country		Malawi	curator_escalation	curator escalation
PRJEB37378	SAMEA10302144	country		Malawi	curator_escalation	curator escalation
PRJEB37378	SAMEA10417041	country		Malawi	curator_escalation	curator escalation
PRJEB37378	SAMEA10302145	country		Malawi	curator_escalation	curator escalation
PRJEB37378	SAMEA10302430	country		Malawi	curator_escalation	curator escalation
PRJEB37378	SAMEA10417047	country		Malawi	curator_escalation	curator escalation
PRJEB37378	SAMEA10302432	country		Malawi	curator_escalation	curator escalation
PRJEB37378	SAMEA10417046	country		Malawi	curator_escalation	curator escalation
PRJEB37378	SAMEA10302150	country		Malawi	curator_escalation	curator escalation
PRJEB37378	SAMEA10417049	country		Malawi	curator_escalation	curator escalation
PRJEB37378	SAMEA10417050	country		Malawi	curator_escalation	curator escalation
PRJEB37378	SAMEA10302154	country		Malawi	curator_escalation	curator escalation
PRJEB37378	SAMEA10302156	country		Malawi	curator_escalation	curator escalation
PRJEB37378	SAMEA10302441	country		Malawi	curator_escalation	curator escalation
PRJEB37378	SAMEA10302163	country		Malawi	curator_escalation	curator escalation
PRJEB37378	SAMEA10417064	country		Malawi	curator_escalation	curator escalation
PRJEB37378	SAMEA10417067	country		Malawi	curator_escalation	curator escalation
PRJEB37378	SAMEA10302170	country		Malawi	curator_escalation	curator escalation
PRJEB37378	SAMEA10417068	country		Malawi	curator_escalation	curator escalation
PRJEB37378	SAMEA10302171	country		Malawi	curator_escalation	curator escalation
PRJEB37378	SAMEA10302173	country		Malawi	curator_escalation	curator escalation
PRJEB37378	SAMEA10417071	country		Malawi	curator_escalation	curator escalation
PRJEB37378	SAMEA10302176	country		Malawi	curator_escalation	curator escalation
PRJEB37378	SAMEA10417074	country		Malawi	curator_escalation	curator escalation
PRJEB37378	SAMEA10302177	country		Malawi	curator_escalation	curator escalation
PRJEB37378	SAMEA10302185	country		Malawi	curator_escalation	curator escalation
PRJEB37378	SAMEA10417076	country		Malawi	curator_escalation	curator escalation
PRJEB37378	SAMEA10302187	country		Malawi	curator_escalation	curator escalation
PRJEB37378	SAMEA10417077	country		Malawi	curator_escalation	curator escalation
PRJEB37378	SAMEA10417086	country		Malawi	curator_escalation	curator escalation
PRJEB37378	SAMEA10634479	country		Malawi	curator_escalation	curator escalation
PRJEB37378	SAMEA10634480	country		Malawi	curator_escalation	curator escalation
PRJEB37378	SAMEA10634482	country		Malawi	curator_escalation	curator escalation
PRJEB37378	SAMEA10634483	country		Malawi	curator_escalation	curator escalation
PRJEB37378	SAMEA10634486	country		Malawi	curator_escalation	curator escalation
PRJEB37378	SAMEA10634488	country		Malawi	curator_escalation	curator escalation
PRJEB37378	SAMEA10634192	country		Malawi	curator_escalation	curator escalation
PRJEB37378	SAMEA10634124	country		Malawi	curator_escalation	curator escalation
PRJEB37378	SAMEA10634193	country		Malawi	curator_escalation	curator escalation
PRJEB37378	SAMEA10634126	country		Malawi	curator_escalation	curator escalation
PRJEB37378	SAMEA10634196	country		Malawi	curator_escalation	curator escalation
PRJEB37378	SAMEA10634197	country		Malawi	curator_escalation	curator escalation
PRJEB37378	SAMEA10634198	country		Malawi	curator_escalation	curator escalation
PRJEB37378	SAMEA10634132	country		Malawi	curator_escalation	curator escalation
PRJEB37378	SAMEA10634201	country		Malawi	curator_escalation	curator escalation
PRJEB37378	SAMEA10634140	country		Malawi	curator_escalation	curator escalation
PRJEB37378	SAMEA10634204	country		Malawi	curator_escalation	curator escalation
PRJEB37378	SAMEA10634143	country		Malawi	curator_escalation	curator escalation
PRJEB37378	SAMEA10634207	country		Malawi	curator_escalation	curator escalation
PRJEB37378	SAMEA10634209	country		Malawi	curator_escalation	curator escalation
PRJEB37378	SAMEA10634146	country		Malawi	curator_escalation	curator escalation
PRJEB37378	SAMEA10634214	country		Malawi	curator_escalation	curator escalation
PRJEB37378	SAMEA10634215	country		Malawi	curator_escalation	curator escalation
PRJEB37378	SAMEA10634153	country		Malawi	curator_escalation	curator escalation
PRJEB37378	SAMEA10634156	country		Malawi	curator_escalation	curator escalation
PRJEB37378	SAMEA10634220	country		Malawi	curator_escalation	curator escalation
PRJEB37378	SAMEA10634221	country		Malawi	curator_escalation	curator escalation
PRJEB37378	SAMEA10634161	country		Malawi	curator_escalation	curator escalation
PRJEB37378	SAMEA10634222	country		Malawi	curator_escalation	curator escalation
PRJEB37378	SAMEA10634226	country		Malawi	curator_escalation	curator escalation
PRJEB37378	SAMEA10634225	country		Malawi	curator_escalation	curator escalation
PRJEB37378	SAMEA10634227	country		Malawi	curator_escalation	curator escalation
PRJEB37378	SAMEA10634230	country		Malawi	curator_escalation	curator escalation
PRJEB37378	SAMEA10634169	country		Malawi	curator_escalation	curator escalation
PRJEB37378	SAMEA10634285	country		Malawi	curator_escalation	curator escalation
PRJEB37378	SAMEA10634286	country		Malawi	curator_escalation	curator escalation
PRJEB37378	SAMEA10634290	country		Malawi	curator_escalation	curator escalation
PRJEB37378	SAMEA10634291	country		Malawi	curator_escalation	curator escalation
PRJEB37378	SAMEA10634295	country		Malawi	curator_escalation	curator escalation
PRJEB37378	SAMEA10634300	country		Malawi	curator_escalation	curator escalation
PRJEB37378	SAMEA10634301	country		Malawi	curator_escalation	curator escalation
PRJEB37378	SAMEA10634303	country		Malawi	curator_escalation	curator escalation
PRJEB37378	SAMEA10634095	country		Malawi	curator_escalation	curator escalation
PRJEB37378	SAMEA10634309	country		Malawi	curator_escalation	curator escalation
PRJEB37378	SAMEA10634310	country		Malawi	curator_escalation	curator escalation
PRJEB37378	SAMEA10634311	country		Malawi	curator_escalation	curator escalation
PRJEB37378	SAMEA10634315	country		Malawi	curator_escalation	curator escalation
PRJEB37378	SAMEA10634102	country		Malawi	curator_escalation	curator escalation
PRJEB37378	SAMEA10634105	country		Malawi	curator_escalation	curator escalation
PRJEB37378	SAMEA10634177	country		Malawi	curator_escalation	curator escalation
PRJEB37378	SAMEA10634106	country		Malawi	curator_escalation	curator escalation
PRJEB37378	SAMEA10634110	country		Malawi	curator_escalation	curator escalation
PRJEB37378	SAMEA10634111	country		Malawi	curator_escalation	curator escalation
PRJEB37378	SAMEA10634113	country		Malawi	curator_escalation	curator escalation
PRJEB37378	SAMEA10634182	country		Malawi	curator_escalation	curator escalation
PRJEB37378	SAMEA10634183	country		Malawi	curator_escalation	curator escalation
PRJEB37378	SAMEA10302309	country		Malawi	curator_escalation	curator escalation
PRJEB37378	SAMEA10302369	country		Malawi	curator_escalation	curator escalation
PRJEB37378	SAMEA10302316	country		Malawi	curator_escalation	curator escalation
PRJEB37378	SAMEA10302370	country		Malawi	curator_escalation	curator escalation
PRJEB37378	SAMEA10302315	country		Malawi	curator_escalation	curator escalation
PRJEB37378	SAMEA10302373	country		Malawi	curator_escalation	curator escalation
PRJEB37378	SAMEA10302372	country		Malawi	curator_escalation	curator escalation
PRJEB37378	SAMEA10302319	country		Malawi	curator_escalation	curator escalation
PRJEB37378	SAMEA10302324	country		Malawi	curator_escalation	curator escalation
PRJEB37378	SAMEA10302378	country		Malawi	curator_escalation	curator escalation
PRJEB37378	SAMEA10302380	country		Malawi	curator_escalation	curator escalation
PRJEB37378	SAMEA10302379	country		Malawi	curator_escalation	curator escalation
PRJEB37378	SAMEA10302332	country		Malawi	curator_escalation	curator escalation
PRJEB37378	SAMEA10302386	country		Malawi	curator_escalation	curator escalation
PRJEB37378	SAMEA10302337	country		Malawi	curator_escalation	curator escalation
PRJEB37378	SAMEA10302338	country		Malawi	curator_escalation	curator escalation
PRJEB37378	SAMEA10302343	country		Malawi	curator_escalation	curator escalation
PRJEB37378	SAMEA10302344	country		Malawi	curator_escalation	curator escalation
PRJEB37378	SAMEA10302396	country		Malawi	curator_escalation	curator escalation
PRJEB37378	SAMEA10302399	country		Malawi	curator_escalation	curator escalation
PRJEB37378	SAMEA10302401	country		Malawi	curator_escalation	curator escalation
PRJEB37378	SAMEA10302404	country		Malawi	curator_escalation	curator escalation
PRJEB37378	SAMEA10302354	country		Malawi	curator_escalation	curator escalation
PRJEB37378	SAMEA10302406	country		Malawi	curator_escalation	curator escalation
PRJEB37378	SAMEA10302407	country		Malawi	curator_escalation	curator escalation
PRJEB37378	SAMEA10302357	country		Malawi	curator_escalation	curator escalation
PRJEB37378	SAMEA10302409	country		Malawi	curator_escalation	curator escalation
PRJEB37378	SAMEA10302408	country		Malawi	curator_escalation	curator escalation
PRJEB37378	SAMEA10302410	country		Malawi	curator_escalation	curator escalation
PRJEB37378	SAMEA10302411	country		Malawi	curator_escalation	curator escalation
PRJEB37378	SAMEA10302363	country		Malawi	curator_escalation	curator escalation
PRJEB37378	SAMEA10302414	country		Malawi	curator_escalation	curator escalation
PRJEB37378	SAMEA10302415	country		Malawi	curator_escalation	curator escalation
PRJEB37378	SAMEA10302364	country		Malawi	curator_escalation	curator escalation
PRJEB37378	SAMEA10302366	country		Malawi	curator_escalation	curator escalation
PRJEB37378	SAMEA10302417	country		Malawi	curator_escalation	curator escalation
PRJEB37378	SAMEA10302419	country		Malawi	curator_escalation	curator escalation
PRJEB37378	SAMEA10302367	country		Malawi	curator_escalation	curator escalation
PRJEB37378	SAMEA10302421	country		Malawi	curator_escalation	curator escalation
PRJEB37378	SAMEA10302140	country		Malawi	curator_escalation	curator escalation
PRJEB37378	SAMEA10302139	country		Malawi	curator_escalation	curator escalation
PRJEB37378	SAMEA10302425	country		Malawi	curator_escalation	curator escalation
PRJEB37378	SAMEA10302426	country		Malawi	curator_escalation	curator escalation
PRJEB37378	SAMEA10302429	country		Malawi	curator_escalation	curator escalation
PRJEB37378	SAMEA10302428	country		Malawi	curator_escalation	curator escalation
PRJEB37378	SAMEA10302147	country		Malawi	curator_escalation	curator escalation
PRJEB37378	SAMEA10302148	country		Malawi	curator_escalation	curator escalation
PRJEB37378	SAMEA10302431	country		Malawi	curator_escalation	curator escalation
PRJEB37378	SAMEA10302149	country		Malawi	curator_escalation	curator escalation
PRJEB37378	SAMEA10302151	country		Malawi	curator_escalation	curator escalation
PRJEB37378	SAMEA10302434	country		Malawi	curator_escalation	curator escalation
PRJEB37378	SAMEA10302435	country		Malawi	curator_escalation	curator escalation
PRJEB37378	SAMEA10302444	country		Malawi	curator_escalation	curator escalation
PRJEB37378	SAMEA10302164	country		Malawi	curator_escalation	curator escalation
PRJEB37378	SAMEA10302165	country		Malawi	curator_escalation	curator escalation
PRJEB37378	SAMEA10302168	country		Malawi	curator_escalation	curator escalation
PRJEB37378	SAMEA10302167	country		Malawi	curator_escalation	curator escalation
PRJEB37378	SAMEA10302169	country		Malawi	curator_escalation	curator escalation
PRJEB37378	SAMEA10302175	country		Malawi	curator_escalation	curator escalation
PRJEB37378	SAMEA10302181	country		Malawi	curator_escalation	curator escalation
PRJEB37378	SAMEA10634091	country		Malawi	curator_escalation	curator escalation
PRJEB37378	SAMEA10634103	country		Malawi	curator_escalation	curator escalation
PRJEB37378	SAMEA10634125	country		Malawi	curator_escalation	curator escalation
PRJEB37378	SAMEA10634152	country		Malawi	curator_escalation	curator escalation
PRJEB37378	SAMEA12109287	country		Malawi	curator_escalation	curator escalation
PRJEB37378	SAMEA12109189	country		Malawi	curator_escalation	curator escalation
PRJEB37378	SAMEA12109286	country		Malawi	curator_escalation	curator escalation
PRJEB37378	SAMEA12109295	country		Malawi	curator_escalation	curator escalation
PRJEB37378	SAMEA12109200	country		Malawi	curator_escalation	curator escalation
PRJEB37378	SAMEA12109201	country		Malawi	curator_escalation	curator escalation
PRJEB37378	SAMEA12109410	country		Malawi	curator_escalation	curator escalation
PRJEB37378	SAMEA12109202	country		Malawi	curator_escalation	curator escalation
PRJEB37378	SAMEA12109412	country		Malawi	curator_escalation	curator escalation
PRJEB37378	SAMEA12109205	country		Malawi	curator_escalation	curator escalation
PRJEB37378	SAMEA12109306	country		Malawi	curator_escalation	curator escalation
PRJEB37378	SAMEA12109307	country		Malawi	curator_escalation	curator escalation
PRJEB37378	SAMEA12109210	country		Malawi	curator_escalation	curator escalation
PRJEB37378	SAMEA12109418	country		Malawi	curator_escalation	curator escalation
PRJEB37378	SAMEA12109212	country		Malawi	curator_escalation	curator escalation
PRJEB37378	SAMEA12109423	country		Malawi	curator_escalation	curator escalation
PRJEB37378	SAMEA12109217	country		Malawi	curator_escalation	curator escalation
PRJEB37378	SAMEA12109426	country		Malawi	curator_escalation	curator escalation
PRJEB37378	SAMEA12109382	country		Malawi	curator_escalation	curator escalation
PRJEB37378	SAMEA12109221	country		Malawi	curator_escalation	curator escalation
PRJEB37378	SAMEA12109430	country		Malawi	curator_escalation	curator escalation
PRJEB37378	SAMEA12109222	country		Malawi	curator_escalation	curator escalation
PRJEB37378	SAMEA12109431	country		Malawi	curator_escalation	curator escalation
PRJEB37378	SAMEA12109384	country		Malawi	curator_escalation	curator escalation
PRJEB37378	SAMEA12109385	country		Malawi	curator_escalation	curator escalation
PRJEB37378	SAMEA12109225	country		Malawi	curator_escalation	curator escalation
PRJEB37378	SAMEA12109434	country		Malawi	curator_escalation	curator escalation
PRJEB37378	SAMEA12109226	country		Malawi	curator_escalation	curator escalation
PRJEB37378	SAMEA12109436	country		Malawi	curator_escalation	curator escalation
PRJEB37378	SAMEA12109437	country		Malawi	curator_escalation	curator escalation
PRJEB37378	SAMEA12109387	country		Malawi	curator_escalation	curator escalation
PRJEB37378	SAMEA12109442	country		Malawi	curator_escalation	curator escalation
PRJEB37378	SAMEA12109393	country		Malawi	curator_escalation	curator escalation
PRJEB37378	SAMEA12109233	country		Malawi	curator_escalation	curator escalation
PRJEB37378	SAMEA12109441	country		Malawi	curator_escalation	curator escalation
PRJEB37378	SAMEA12109394	country		Malawi	curator_escalation	curator escalation
PRJEB37378	SAMEA12109443	country		Malawi	curator_escalation	curator escalation
PRJEB37378	SAMEA12109237	country		Malawi	curator_escalation	curator escalation
PRJEB37378	SAMEA12109447	country		Malawi	curator_escalation	curator escalation
PRJEB37378	SAMEA12109238	country		Malawi	curator_escalation	curator escalation
PRJEB37378	SAMEA12109327	country		Malawi	curator_escalation	curator escalation
PRJEB37378	SAMEA12109239	country		Malawi	curator_escalation	curator escalation
PRJEB37378	SAMEA12109242	country		Malawi	curator_escalation	curator escalation
PRJEB37378	SAMEA12109244	country		Malawi	curator_escalation	curator escalation
PRJEB37378	SAMEA12109243	country		Malawi	curator_escalation	curator escalation
PRJEB37378	SAMEA12109455	country		Malawi	curator_escalation	curator escalation
PRJEB37378	SAMEA12109245	country		Malawi	curator_escalation	curator escalation
PRJEB37378	SAMEA12109456	country		Malawi	curator_escalation	curator escalation
PRJEB37378	SAMEA12109247	country		Malawi	curator_escalation	curator escalation
PRJEB37378	SAMEA12109250	country		Malawi	curator_escalation	curator escalation
PRJEB37378	SAMEA12109460	country		Malawi	curator_escalation	curator escalation
PRJEB37378	SAMEA12109338	country		Malawi	curator_escalation	curator escalation
PRJEB37378	SAMEA12109252	country		Malawi	curator_escalation	curator escalation
PRJEB37378	SAMEA12109342	country		Malawi	curator_escalation	curator escalation
PRJEB37378	SAMEA12109347	country		Malawi	curator_escalation	curator escalation
PRJEB37378	SAMEA12109349	country		Malawi	curator_escalation	curator escalation
PRJEB37378	SAMEA12109264	country		Malawi	curator_escalation	curator escalation
PRJEB37378	SAMEA12109266	country		Malawi	curator_escalation	curator escalation
PRJEB37378	SAMEA12109265	country		Malawi	curator_escalation	curator escalation
PRJEB37378	SAMEA12109268	country		Malawi	curator_escalation	curator escalation
PRJEB37378	SAMEA12109273	country		Malawi	curator_escalation	curator escalation
PRJEB37378	SAMEA12109363	country		Malawi	curator_escalation	curator escalation
PRJEB37378	SAMEA12109278	country		Malawi	curator_escalation	curator escalation
PRJEB37378	SAMEA10634108	country		Malawi	curator_escalation	curator escalation
PRJEB37378	SAMEA10634109	country		Malawi	curator_escalation	curator escalation
PRJEB37378	SAMEA10634130	country		Malawi	curator_escalation	curator escalation
PRJEB37378	SAMEA10634133	country		Malawi	curator_escalation	curator escalation
PRJEB37378	SAMEA10634284	country		Malawi	curator_escalation	curator escalation
PRJEB37378	SAMEA12109184	country		Malawi	curator_escalation	curator escalation
PRJEB37378	SAMEA12109185	country		Malawi	curator_escalation	curator escalation
PRJEB37378	SAMEA12109374	country		Malawi	curator_escalation	curator escalation
PRJEB37378	SAMEA12109291	country		Malawi	curator_escalation	curator escalation
PRJEB37378	SAMEA12109192	country		Malawi	curator_escalation	curator escalation
PRJEB37378	SAMEA12109194	country		Malawi	curator_escalation	curator escalation
PRJEB37378	SAMEA12109195	country		Malawi	curator_escalation	curator escalation
PRJEB37378	SAMEA12109196	country		Malawi	curator_escalation	curator escalation
PRJEB37378	SAMEA12109199	country		Malawi	curator_escalation	curator escalation
PRJEB37378	SAMEA12109203	country		Malawi	curator_escalation	curator escalation
PRJEB37378	SAMEA12109204	country		Malawi	curator_escalation	curator escalation
PRJEB37378	SAMEA12109414	country		Malawi	curator_escalation	curator escalation
PRJEB37378	SAMEA12109308	country		Malawi	curator_escalation	curator escalation
PRJEB37378	SAMEA12109209	country		Malawi	curator_escalation	curator escalation
PRJEB37378	SAMEA12109419	country		Malawi	curator_escalation	curator escalation
PRJEB37378	SAMEA12109211	country		Malawi	curator_escalation	curator escalation
PRJEB37378	SAMEA12109214	country		Malawi	curator_escalation	curator escalation
PRJEB37378	SAMEA12109215	country		Malawi	curator_escalation	curator escalation
PRJEB37378	SAMEA12109216	country		Malawi	curator_escalation	curator escalation
PRJEB37378	SAMEA12109219	country		Malawi	curator_escalation	curator escalation
PRJEB37378	SAMEA12109427	country		Malawi	curator_escalation	curator escalation
PRJEB37378	SAMEA12109428	country		Malawi	curator_escalation	curator escalation
PRJEB37378	SAMEA12109220	country		Malawi	curator_escalation	curator escalation
PRJEB37378	SAMEA12109429	country		Malawi	curator_escalation	curator escalation
PRJEB37378	SAMEA12109433	country		Malawi	curator_escalation	curator escalation
PRJEB37378	SAMEA12109223	country		Malawi	curator_escalation	curator escalation
PRJEB37378	SAMEA12109388	country		Malawi	curator_escalation	curator escalation
PRJEB37378	SAMEA12109386	country		Malawi	curator_escalation	curator escalation
PRJEB37378	SAMEA12109229	country		Malawi	curator_escalation	curator escalation
PRJEB37378	SAMEA12109440	country		Malawi	curator_escalation	curator escalation
PRJEB37378	SAMEA12109230	country		Malawi	curator_escalation	curator escalation
PRJEB37378	SAMEA12109231	country		Malawi	curator_escalation	curator escalation
PRJEB37378	SAMEA12109445	country		Malawi	curator_escalation	curator escalation
PRJEB37378	SAMEA12109235	country		Malawi	curator_escalation	curator escalation
PRJEB37378	SAMEA12109234	country		Malawi	curator_escalation	curator escalation
PRJEB37378	SAMEA12109446	country		Malawi	curator_escalation	curator escalation
PRJEB37378	SAMEA12109236	country		Malawi	curator_escalation	curator escalation
PRJEB37378	SAMEA12109395	country		Malawi	curator_escalation	curator escalation
PRJEB37378	SAMEA12109328	country		Malawi	curator_escalation	curator escalation
PRJEB37378	SAMEA12109240	country		Malawi	curator_escalation	curator escalation
PRJEB37378	SAMEA12109450	country		Malawi	curator_escalation	curator escalation
PRJEB37378	SAMEA12109241	country		Malawi	curator_escalation	curator escalation
PRJEB37378	SAMEA12109452	country		Malawi	curator_escalation	curator escalation
PRJEB37378	SAMEA12109332	country		Malawi	curator_escalation	curator escalation
PRJEB37378	SAMEA12109453	country		Malawi	curator_escalation	curator escalation
PRJEB37378	SAMEA12109246	country		Malawi	curator_escalation	curator escalation
PRJEB37378	SAMEA12109457	country		Malawi	curator_escalation	curator escalation
PRJEB37378	SAMEA12109248	country		Malawi	curator_escalation	curator escalation
PRJEB37378	SAMEA12109459	country		Malawi	curator_escalation	curator escalation
PRJEB37378	SAMEA12109251	country		Malawi	curator_escalation	curator escalation
PRJEB37378	SAMEA12109259	country		Malawi	curator_escalation	curator escalation
PRJEB37378	SAMEA12109340	country		Malawi	curator_escalation	curator escalation
PRJEB37378	SAMEA12109253	country		Malawi	curator_escalation	curator escalation
PRJEB37378	SAMEA12109290	country		Malawi	curator_escalation	curator escalation
PRJEB37378	SAMEA12109254	country		Malawi	curator_escalation	curator escalation
PRJEB37378	SAMEA12109344	country		Malawi	curator_escalation	curator escalation
PRJEB37378	SAMEA12109300	country		Malawi	curator_escalation	curator escalation
PRJEB37378	SAMEA12109343	country		Malawi	curator_escalation	curator escalation
PRJEB37378	SAMEA12109260	country		Malawi	curator_escalation	curator escalation
PRJEB37378	SAMEA12109261	country		Malawi	curator_escalation	curator escalation
PRJEB37378	SAMEA12109350	country		Malawi	curator_escalation	curator escalation
PRJEB37378	SAMEA12109322	country		Malawi	curator_escalation	curator escalation
PRJEB37378	SAMEA12109352	country		Malawi	curator_escalation	curator escalation
PRJEB37378	SAMEA12109358	country		Malawi	curator_escalation	curator escalation
PRJEB37378	SAMEA12109269	country		Malawi	curator_escalation	curator escalation
PRJEB37378	SAMEA12109357	country		Malawi	curator_escalation	curator escalation
PRJEB37378	SAMEA12109408	country		Malawi	curator_escalation	curator escalation
PRJEB37378	SAMEA12109272	country		Malawi	curator_escalation	curator escalation
PRJEB37378	SAMEA12109364	country		Malawi	curator_escalation	curator escalation
PRJEB37378	SAMEA12109275	country		Malawi	curator_escalation	curator escalation
PRJEB37378	SAMEA12109365	country		Malawi	curator_escalation	curator escalation
PRJEB37378	SAMEA12109277	country		Malawi	curator_escalation	curator escalation
PRJEB37378	SAMEA12109367	country		Malawi	curator_escalation	curator escalation
PRJEB37378	SAMEA12109280	country		Malawi	curator_escalation	curator escalation
PRJEB37378	SAMEA12109369	country		Malawi	curator_escalation	curator escalation
PRJEB37378	SAMEA12816881	country		Malawi	curator_escalation	curator escalation
PRJEB37378	SAMEA12816867	country		Malawi	curator_escalation	curator escalation
PRJEB37378	SAMEA12816874	country		Malawi	curator_escalation	curator escalation
PRJEB37378	SAMEA12816887	country		Malawi	curator_escalation	curator escalation
PRJEB37378	SAMEA12816871	country		Malawi	curator_escalation	curator escalation
PRJEB37378	SAMEA12816856	country		Malawi	curator_escalation	curator escalation
PRJEB37378	SAMEA12816863	country		Malawi	curator_escalation	curator escalation
PRJEB37378	SAMEA12816870	country		Malawi	curator_escalation	curator escalation
PRJEB37378	SAMEA12816859	country		Malawi	curator_escalation	curator escalation
PRJEB37378	SAMEA12816862	country		Malawi	curator_escalation	curator escalation
PRJEB37378	SAMEA12816855	country		Malawi	curator_escalation	curator escalation
PRJEB37378	SAMEA12816885	country		Malawi	curator_escalation	curator escalation
PRJEB37378	SAMEA12816878	country		Malawi	curator_escalation	curator escalation
PRJEB37378	SAMEA12816889	country		Malawi	curator_escalation	curator escalation
PRJEB37378	SAMEA13790227	country		Malawi	curator_escalation	curator escalation
PRJEB37378	SAMEA13790229	country		Malawi	curator_escalation	curator escalation
PRJEB37378	SAMEA13790230	country		Malawi	curator_escalation	curator escalation
PRJEB37378	SAMEA13790236	country		Malawi	curator_escalation	curator escalation
PRJEB37378	SAMEA13790237	country		Malawi	curator_escalation	curator escalation
PRJEB37378	SAMEA13790228	country		Malawi	curator_escalation	curator escalation
PRJEB37378	SAMEA13790231	country		Malawi	curator_escalation	curator escalation
PRJEB37378	SAMEA13790232	country		Malawi	curator_escalation	curator escalation
PRJEB37378	SAMEA13790240	country		Malawi	curator_escalation	curator escalation
PRJEB37378	SAMEA13790215	country		Malawi	curator_escalation	curator escalation
PRJEB37378	SAMEA13790222	country		Malawi	curator_escalation	curator escalation
PRJEB37378	SAMEA13790223	country		Malawi	curator_escalation	curator escalation
PRJEB37378	SAMEA13790224	country		Malawi	curator_escalation	curator escalation
PRJEB37378	SAMEA13790216	country		Malawi	curator_escalation	curator escalation
PRJEB37378	SAMEA13790213	country		Malawi	curator_escalation	curator escalation
PRJEB37378	SAMEA13790220	country		Malawi	curator_escalation	curator escalation
PRJEB37378	SAMEA13790226	country		Malawi	curator_escalation	curator escalation
PRJEB37378	SAMEA13790225	country		Malawi	curator_escalation	curator escalation
PRJEB37378	SAMEA13790233	country		Malawi	curator_escalation	curator escalation
PRJEB37378	SAMEA13790234	country		Malawi	curator_escalation	curator escalation
PRJEB37378	SAMEA13790235	country		Malawi	curator_escalation	curator escalation
PRJEB37378	SAMEA13790238	country		Malawi	curator_escalation	curator escalation
PRJEB37378	SAMEA13790217	country		Malawi	curator_escalation	curator escalation
PRJEB37378	SAMEA13790211	country		Malawi	curator_escalation	curator escalation
PRJEB37378	SAMEA13790212	country		Malawi	curator_escalation	curator escalation
PRJEB37378	SAMEA13790214	country		Malawi	curator_escalation	curator escalation
PRJEB37378	SAMEA13790219	country		Malawi	curator_escalation	curator escalation
PRJEB37378	SAMEA13790221	country		Malawi	curator_escalation	curator escalation
PRJEB5065	SAMEA2273123	country		United Kingdom	curator_escalation	curator escalation
PRJEB5065	SAMEA2273257	country		United Kingdom	curator_escalation	curator escalation
PRJEB5065	SAMEA2273355	country		United Kingdom	curator_escalation	curator escalation
PRJEB5065	SAMEA2273361	country		United Kingdom	curator_escalation	curator escalation
PRJEB5065	SAMEA2273368	country		United Kingdom	curator_escalation	curator escalation
PRJEB5065	SAMEA2273374	country		United Kingdom	curator_escalation	curator escalation
PRJEB5065	SAMEA2273490	country		United Kingdom	curator_escalation	curator escalation
PRJEB5065	SAMEA2273501	country		United Kingdom	curator_escalation	curator escalation
PRJEB5065	SAMEA2273515	country		United Kingdom	curator_escalation	curator escalation
PRJEB5065	SAMEA2273517	country		United Kingdom	curator_escalation	curator escalation
PRJEB5065	SAMEA2273518	country		United Kingdom	curator_escalation	curator escalation
PRJEB5065	SAMEA2273519	country		United Kingdom	curator_escalation	curator escalation
PRJEB5065	SAMEA2273522	country		United Kingdom	curator_escalation	curator escalation
PRJEB5065	SAMEA2273524	country		United Kingdom	curator_escalation	curator escalation
PRJEB5065	SAMEA2273530	country		United Kingdom	curator_escalation	curator escalation
PRJEB5065	SAMEA2273538	country		United Kingdom	curator_escalation	curator escalation
PRJEB5065	SAMEA2273542	country		United Kingdom	curator_escalation	curator escalation
PRJEB5065	SAMEA2273544	country		United Kingdom	curator_escalation	curator escalation
PRJEB5065	SAMEA2273547	country		United Kingdom	curator_escalation	curator escalation
PRJEB5065	SAMEA2273548	country		United Kingdom	curator_escalation	curator escalation
PRJEB5065	SAMEA2273550	country		United Kingdom	curator_escalation	curator escalation
PRJEB5065	SAMEA2273551	country		United Kingdom	curator_escalation	curator escalation
PRJEB5065	SAMEA2273554	country		United Kingdom	curator_escalation	curator escalation
PRJEB5065	SAMEA2273560	country		United Kingdom	curator_escalation	curator escalation
PRJEB5065	SAMEA2273561	country		United Kingdom	curator_escalation	curator escalation
PRJEB5065	SAMEA2273562	country		United Kingdom	curator_escalation	curator escalation
PRJEB5065	SAMEA2273565	country		United Kingdom	curator_escalation	curator escalation
PRJEB5065	SAMEA2273566	country		United Kingdom	curator_escalation	curator escalation
PRJEB5065	SAMEA2273568	country		United Kingdom	curator_escalation	curator escalation
PRJEB5065	SAMEA2273572	country		United Kingdom	curator_escalation	curator escalation
PRJEB5065	SAMEA2273579	country		United Kingdom	curator_escalation	curator escalation
PRJEB5065	SAMEA2273588	country		United Kingdom	curator_escalation	curator escalation
PRJEB5065	SAMEA2273592	country		United Kingdom	curator_escalation	curator escalation
PRJEB5065	SAMEA2273623	country		United Kingdom	curator_escalation	curator escalation
PRJEB5065	SAMEA2273628	country		United Kingdom	curator_escalation	curator escalation
PRJEB5065	SAMEA2273635	country		United Kingdom	curator_escalation	curator escalation
PRJEB5065	SAMEA2273645	country		United Kingdom	curator_escalation	curator escalation
PRJEB5065	SAMEA2273646	country		United Kingdom	curator_escalation	curator escalation
PRJEB5065	SAMEA2273656	country		United Kingdom	curator_escalation	curator escalation
PRJEB5065	SAMEA2273657	country		United Kingdom	curator_escalation	curator escalation
PRJEB5065	SAMEA2273665	country		United Kingdom	curator_escalation	curator escalation
PRJEB5065	SAMEA2273670	country		United Kingdom	curator_escalation	curator escalation
PRJEB5065	SAMEA2273705	country		United Kingdom	curator_escalation	curator escalation
PRJEB5065	SAMEA2273707	country		United Kingdom	curator_escalation	curator escalation
PRJEB5065	SAMEA2273711	country		United Kingdom	curator_escalation	curator escalation
PRJEB5065	SAMEA2273714	country		United Kingdom	curator_escalation	curator escalation
PRJEB5065	SAMEA2273717	country		United Kingdom	curator_escalation	curator escalation
PRJEB5065	SAMEA2273718	country		United Kingdom	curator_escalation	curator escalation
PRJEB5065	SAMEA2273725	country		United Kingdom	curator_escalation	curator escalation
PRJEB5065	SAMEA2273733	country		United Kingdom	curator_escalation	curator escalation
PRJEB5065	SAMEA2273736	country		United Kingdom	curator_escalation	curator escalation
PRJEB5065	SAMEA2273752	country		United Kingdom	curator_escalation	curator escalation
PRJEB5065	SAMEA2273755	country		United Kingdom	curator_escalation	curator escalation
PRJEB5065	SAMEA2273759	country		United Kingdom	curator_escalation	curator escalation
PRJEB5065	SAMEA2273762	country		United Kingdom	curator_escalation	curator escalation
PRJEB5065	SAMEA2273764	country		United Kingdom	curator_escalation	curator escalation
PRJEB5065	SAMEA2273770	country		United Kingdom	curator_escalation	curator escalation
PRJEB5065	SAMEA2273771	country		United Kingdom	curator_escalation	curator escalation
PRJEB5065	SAMEA2273772	country		United Kingdom	curator_escalation	curator escalation
PRJEB5065	SAMEA2273824	country		United Kingdom	curator_escalation	curator escalation
PRJEB5065	SAMEA2273825	country		United Kingdom	curator_escalation	curator escalation
PRJEB5065	SAMEA2273826	country		United Kingdom	curator_escalation	curator escalation
PRJEB5065	SAMEA2273827	country		United Kingdom	curator_escalation	curator escalation
PRJEB5065	SAMEA2273828	country		United Kingdom	curator_escalation	curator escalation
PRJEB5065	SAMEA2273829	country		United Kingdom	curator_escalation	curator escalation
PRJEB5065	SAMEA2273830	country		United Kingdom	curator_escalation	curator escalation
PRJEB5065	SAMEA2273831	country		United Kingdom	curator_escalation	curator escalation
PRJEB5065	SAMEA2273832	country		United Kingdom	curator_escalation	curator escalation
PRJEB5065	SAMEA2273834	country		United Kingdom	curator_escalation	curator escalation
PRJEB5065	SAMEA2273835	country		United Kingdom	curator_escalation	curator escalation
PRJEB5065	SAMEA2273836	country		United Kingdom	curator_escalation	curator escalation
PRJEB5065	SAMEA2273837	country		United Kingdom	curator_escalation	curator escalation
PRJEB5065	SAMEA2273838	country		United Kingdom	curator_escalation	curator escalation
PRJEB5065	SAMEA2273839	country		United Kingdom	curator_escalation	curator escalation
PRJEB5065	SAMEA2273840	country		United Kingdom	curator_escalation	curator escalation
PRJEB5065	SAMEA2273841	country		United Kingdom	curator_escalation	curator escalation
PRJEB5065	SAMEA2273842	country		United Kingdom	curator_escalation	curator escalation
PRJEB5065	SAMEA2273843	country		United Kingdom	curator_escalation	curator escalation
PRJEB5065	SAMEA2273844	country		United Kingdom	curator_escalation	curator escalation
PRJEB5065	SAMEA2273845	country		United Kingdom	curator_escalation	curator escalation
PRJEB5065	SAMEA2273846	country		United Kingdom	curator_escalation	curator escalation
PRJEB5065	SAMEA2298378	country		United Kingdom	curator_escalation	curator escalation
PRJEB37378	SAMEA10300043	country		Malawi	curator_escalation	curator escalation
PRJEB37378	SAMEA10300113	country		Malawi	curator_escalation	curator escalation
PRJEB37378	SAMEA10300116	country		Malawi	curator_escalation	curator escalation
PRJEB37378	SAMEA10300117	country		Malawi	curator_escalation	curator escalation
PRJEB37378	SAMEA10300118	country		Malawi	curator_escalation	curator escalation
PRJEB37378	SAMEA10300120	country		Malawi	curator_escalation	curator escalation
PRJEB37378	SAMEA10300123	country		Malawi	curator_escalation	curator escalation
PRJEB37378	SAMEA10300132	country		Malawi	curator_escalation	curator escalation
PRJEB37378	SAMEA10300146	country		Malawi	curator_escalation	curator escalation
PRJEB37378	SAMEA10300252	country		Malawi	curator_escalation	curator escalation
PRJEB37378	SAMEA10300271	country		Malawi	curator_escalation	curator escalation
PRJEB37378	SAMEA10300317	country		Malawi	curator_escalation	curator escalation
PRJEB37378	SAMEA10301440	country		Malawi	curator_escalation	curator escalation
PRJEB37378	SAMEA10301564	country		Malawi	curator_escalation	curator escalation
PRJEB37378	SAMEA10301566	country		Malawi	curator_escalation	curator escalation
PRJEB37378	SAMEA10301567	country		Malawi	curator_escalation	curator escalation
PRJEB37378	SAMEA10301568	country		Malawi	curator_escalation	curator escalation
PRJEB37378	SAMEA10301577	country		Malawi	curator_escalation	curator escalation
PRJEB37378	SAMEA10302137	country		Malawi	curator_escalation	curator escalation
PRJEB37378	SAMEA10634317	country		Malawi	curator_escalation	curator escalation
PRJEB37378	SAMEA10634349	country		Malawi	curator_escalation	curator escalation
PRJEB37378	SAMEA10634372	country		Malawi	curator_escalation	curator escalation
PRJEB37378	SAMEA10634380	country		Malawi	curator_escalation	curator escalation
PRJEB37378	SAMEA10634384	country		Malawi	curator_escalation	curator escalation
PRJEB37378	SAMEA10634385	country		Malawi	curator_escalation	curator escalation
PRJEB37378	SAMEA10634386	country		Malawi	curator_escalation	curator escalation
PRJEB37378	SAMEA10634388	country		Malawi	curator_escalation	curator escalation
PRJEB37378	SAMEA10634416	country		Malawi	curator_escalation	curator escalation
PRJEB37378	SAMEA10634417	country		Malawi	curator_escalation	curator escalation
PRJEB37378	SAMEA10634418	country		Malawi	curator_escalation	curator escalation
PRJEB37378	SAMEA10634431	country		Malawi	curator_escalation	curator escalation
PRJEB37378	SAMEA10634432	country		Malawi	curator_escalation	curator escalation
PRJEB37378	SAMEA10634435	country		Malawi	curator_escalation	curator escalation
PRJEB37378	SAMEA10634437	country		Malawi	curator_escalation	curator escalation
PRJEB37378	SAMEA10634447	country		Malawi	curator_escalation	curator escalation
PRJEB37378	SAMEA10634455	country		Malawi	curator_escalation	curator escalation
PRJEB37378	SAMEA10634456	country		Malawi	curator_escalation	curator escalation
PRJEB37378	SAMEA10634457	country		Malawi	curator_escalation	curator escalation
PRJEB37378	SAMEA10634459	country		Malawi	curator_escalation	curator escalation
PRJEB37378	SAMEA10634461	country		Malawi	curator_escalation	curator escalation
PRJEB37378	SAMEA10634462	country		Malawi	curator_escalation	curator escalation
PRJEB37378	SAMEA10634464	country		Malawi	curator_escalation	curator escalation
PRJEB37378	SAMEA10634466	country		Malawi	curator_escalation	curator escalation
PRJEB37378	SAMEA10634467	country		Malawi	curator_escalation	curator escalation
PRJEB37378	SAMEA10634469	country		Malawi	curator_escalation	curator escalation
PRJEB37378	SAMEA10634470	country		Malawi	curator_escalation	curator escalation
PRJEB37378	SAMEA10634472	country		Malawi	curator_escalation	curator escalation
PRJEB37378	SAMEA10634473	country		Malawi	curator_escalation	curator escalation
PRJEB37378	SAMEA12109341	country		Malawi	curator_escalation	curator escalation
PRJEB37378	SAMEA12109346	country		Malawi	curator_escalation	curator escalation
PRJEB37378	SAMEA12109361	country		Malawi	curator_escalation	curator escalation
PRJEB37378	SAMEA12816659	country		Malawi	curator_escalation	curator escalation
PRJEB37378	SAMEA12816680	country		Malawi	curator_escalation	curator escalation
PRJEB37378	SAMEA12816681	country		Malawi	curator_escalation	curator escalation
PRJEB37378	SAMEA12816687	country		Malawi	curator_escalation	curator escalation
PRJEB37378	SAMEA12816694	country		Malawi	curator_escalation	curator escalation
PRJEB37378	SAMEA12816714	country		Malawi	curator_escalation	curator escalation
PRJEB37378	SAMEA12816717	country		Malawi	curator_escalation	curator escalation
PRJEB37378	SAMEA12816721	country		Malawi	curator_escalation	curator escalation
PRJEB37378	SAMEA12816722	country		Malawi	curator_escalation	curator escalation
PRJEB37378	SAMEA12816723	country		Malawi	curator_escalation	curator escalation
PRJEB37378	SAMEA12816730	country		Malawi	curator_escalation	curator escalation
PRJEB37378	SAMEA12816731	country		Malawi	curator_escalation	curator escalation
PRJEB37378	SAMEA12816746	country		Malawi	curator_escalation	curator escalation
PRJEB37378	SAMEA12816749	country		Malawi	curator_escalation	curator escalation
PRJEB37378	SAMEA12816753	country		Malawi	curator_escalation	curator escalation
PRJEB37378	SAMEA12816756	country		Malawi	curator_escalation	curator escalation
PRJEB37378	SAMEA12816763	country		Malawi	curator_escalation	curator escalation
PRJEB37378	SAMEA12816764	country		Malawi	curator_escalation	curator escalation
PRJEB37378	SAMEA12816769	country		Malawi	curator_escalation	curator escalation
PRJEB37378	SAMEA12816771	country		Malawi	curator_escalation	curator escalation
PRJEB37378	SAMEA12816774	country		Malawi	curator_escalation	curator escalation
PRJEB37378	SAMEA12816782	country		Malawi	curator_escalation	curator escalation
PRJEB37378	SAMEA12816787	country		Malawi	curator_escalation	curator escalation
PRJEB37378	SAMEA12816817	country		Malawi	curator_escalation	curator escalation
PRJEB37378	SAMEA12816820	country		Malawi	curator_escalation	curator escalation
PRJEB37378	SAMEA12816826	country		Malawi	curator_escalation	curator escalation
PRJEB37378	SAMEA12816827	country		Malawi	curator_escalation	curator escalation
PRJEB37378	SAMEA12816835	country		Malawi	curator_escalation	curator escalation
PRJEB37378	SAMEA12816845	country		Malawi	curator_escalation	curator escalation
PRJEB37378	SAMEA12816895	country		Malawi	curator_escalation	curator escalation
PRJEB37378	SAMEA12816897	country		Malawi	curator_escalation	curator escalation
PRJEB37378	SAMEA12816910	country		Malawi	curator_escalation	curator escalation
PRJEB37378	SAMEA13789594	country		Malawi	curator_escalation	curator escalation
PRJEB37378	SAMEA13789597	country		Malawi	curator_escalation	curator escalation
PRJEB37378	SAMEA13789678	country		Malawi	curator_escalation	curator escalation
PRJEB5065	SAMEA2273395	country		United Kingdom	curator_escalation	curator escalation
PRJEB5065	SAMEA2273455	country		United Kingdom	curator_escalation	curator escalation
PRJEB22903	SAMEA104567780	host		Homo sapiens	curator_escalation	curator escalation
PRJEB22903	SAMEA104567785	host		Homo sapiens	curator_escalation	curator escalation
PRJEB22903	SAMEA104567795	host		Homo sapiens	curator_escalation	curator escalation
PRJEB22903	SAMEA104567799	host		Homo sapiens	curator_escalation	curator escalation
PRJEB22903	SAMEA104567800	host		Homo sapiens	curator_escalation	curator escalation
PRJEB22903	SAMEA104567802	host		Homo sapiens	curator_escalation	curator escalation
PRJEB22903	SAMEA104567803	host		Homo sapiens	curator_escalation	curator escalation
PRJEB22903	SAMEA104567805	host		Homo sapiens	curator_escalation	curator escalation
PRJEB22903	SAMEA104567810	host		Homo sapiens	curator_escalation	curator escalation
PRJEB22903	SAMEA104567812	host		Homo sapiens	curator_escalation	curator escalation
PRJEB22903	SAMEA104567813	host		Homo sapiens	curator_escalation	curator escalation
PRJEB22903	SAMEA104567815	host		Homo sapiens	curator_escalation	curator escalation
PRJEB22903	SAMEA104567818	host		Homo sapiens	curator_escalation	curator escalation
PRJEB22903	SAMEA104567819	host		Homo sapiens	curator_escalation	curator escalation
PRJEB22903	SAMEA104567822	host		Homo sapiens	curator_escalation	curator escalation
PRJEB22903	SAMEA104567824	host		Homo sapiens	curator_escalation	curator escalation
PRJEB22903	SAMEA104567829	host		Homo sapiens	curator_escalation	curator escalation
PRJEB22903	SAMEA104567835	host		Homo sapiens	curator_escalation	curator escalation
PRJEB22903	SAMEA104567838	host		Homo sapiens	curator_escalation	curator escalation
PRJEB22903	SAMEA104567839	host		Homo sapiens	curator_escalation	curator escalation
PRJEB22903	SAMEA104567840	host		Homo sapiens	curator_escalation	curator escalation
PRJEB22903	SAMEA104567841	host		Homo sapiens	curator_escalation	curator escalation
PRJEB22903	SAMEA104567842	host		Homo sapiens	curator_escalation	curator escalation
PRJEB22903	SAMEA104567845	host		Homo sapiens	curator_escalation	curator escalation
PRJEB22903	SAMEA104567847	host		Homo sapiens	curator_escalation	curator escalation
PRJEB22903	SAMEA104567849	host		Homo sapiens	curator_escalation	curator escalation
PRJEB22903	SAMEA104567854	host		Homo sapiens	curator_escalation	curator escalation
PRJEB22903	SAMEA104567855	host		Homo sapiens	curator_escalation	curator escalation
PRJEB22903	SAMEA104567858	host		Homo sapiens	curator_escalation	curator escalation
PRJEB22903	SAMEA104567863	host		Homo sapiens	curator_escalation	curator escalation
PRJEB22903	SAMEA104567865	host		Homo sapiens	curator_escalation	curator escalation
PRJEB22903	SAMEA104567867	host		Homo sapiens	curator_escalation	curator escalation
PRJEB22903	SAMEA104567870	host		Homo sapiens	curator_escalation	curator escalation
PRJEB22903	SAMEA104567872	host		Homo sapiens	curator_escalation	curator escalation
PRJEB22903	SAMEA104567874	host		Homo sapiens	curator_escalation	curator escalation
PRJEB22903	SAMEA104567877	host		Homo sapiens	curator_escalation	curator escalation
PRJEB22903	SAMEA104567880	host		Homo sapiens	curator_escalation	curator escalation
PRJEB22903	SAMEA104567881	host		Homo sapiens	curator_escalation	curator escalation
PRJEB22903	SAMEA104567883	host		Homo sapiens	curator_escalation	curator escalation
PRJEB22903	SAMEA104567891	host		Homo sapiens	curator_escalation	curator escalation
PRJEB22903	SAMEA104567892	host		Homo sapiens	curator_escalation	curator escalation
PRJEB22903	SAMEA104567895	host		Homo sapiens	curator_escalation	curator escalation
PRJEB22903	SAMEA104567896	host		Homo sapiens	curator_escalation	curator escalation
PRJEB22903	SAMEA104567897	host		Homo sapiens	curator_escalation	curator escalation
PRJEB22903	SAMEA104567899	host		Homo sapiens	curator_escalation	curator escalation
PRJEB22903	SAMEA104567900	host		Homo sapiens	curator_escalation	curator escalation
PRJEB22903	SAMEA104567901	host		Homo sapiens	curator_escalation	curator escalation
PRJEB22903	SAMEA104567903	host		Homo sapiens	curator_escalation	curator escalation
PRJEB22903	SAMEA104567906	host		Homo sapiens	curator_escalation	curator escalation
PRJEB22903	SAMEA104567907	host		Homo sapiens	curator_escalation	curator escalation
PRJEB22903	SAMEA104567909	host		Homo sapiens	curator_escalation	curator escalation
PRJEB22903	SAMEA104567910	host		Homo sapiens	curator_escalation	curator escalation
PRJEB22903	SAMEA104567912	host		Homo sapiens	curator_escalation	curator escalation
PRJEB22903	SAMEA104567915	host		Homo sapiens	curator_escalation	curator escalation
PRJEB22903	SAMEA104567920	host		Homo sapiens	curator_escalation	curator escalation
PRJEB22903	SAMEA104567922	host		Homo sapiens	curator_escalation	curator escalation
PRJEB22903	SAMEA104567925	host		Homo sapiens	curator_escalation	curator escalation
PRJEB22903	SAMEA104567929	host		Homo sapiens	curator_escalation	curator escalation
PRJEB22903	SAMEA104567936	host		Homo sapiens	curator_escalation	curator escalation
PRJEB22903	SAMEA104567937	host		Homo sapiens	curator_escalation	curator escalation
PRJEB22903	SAMEA4873556	host		Homo sapiens	curator_escalation	curator escalation
PRJEB22903	SAMEA4873564	host		Homo sapiens	curator_escalation	curator escalation
PRJEB22903	SAMEA4873566	host		Homo sapiens	curator_escalation	curator escalation
PRJEB22903	SAMEA4873570	host		Homo sapiens	curator_escalation	curator escalation
PRJEB22903	SAMEA4873574	host		Homo sapiens	curator_escalation	curator escalation
PRJEB22903	SAMEA4873576	host		Homo sapiens	curator_escalation	curator escalation
PRJEB22903	SAMEA4873577	host		Homo sapiens	curator_escalation	curator escalation
PRJEB22903	SAMEA4873581	host		Homo sapiens	curator_escalation	curator escalation
PRJEB22903	SAMEA4873582	host		Homo sapiens	curator_escalation	curator escalation
PRJEB22903	SAMEA4873584	host		Homo sapiens	curator_escalation	curator escalation
PRJEB22903	SAMEA4873585	host		Homo sapiens	curator_escalation	curator escalation
PRJEB22903	SAMEA4873586	host		Homo sapiens	curator_escalation	curator escalation
PRJEB22903	SAMEA4873587	host		Homo sapiens	curator_escalation	curator escalation
PRJEB22903	SAMEA4873591	host		Homo sapiens	curator_escalation	curator escalation
PRJEB22903	SAMEA4873593	host		Homo sapiens	curator_escalation	curator escalation
PRJEB22903	SAMEA4873595	host		Homo sapiens	curator_escalation	curator escalation
PRJEB22903	SAMEA4873596	host		Homo sapiens	curator_escalation	curator escalation
PRJEB22903	SAMEA4873598	host		Homo sapiens	curator_escalation	curator escalation
PRJEB22903	SAMEA4873599	host		Homo sapiens	curator_escalation	curator escalation
PRJEB22903	SAMEA4873603	host		Homo sapiens	curator_escalation	curator escalation
PRJEB22903	SAMEA4873606	host		Homo sapiens	curator_escalation	curator escalation
PRJEB22903	SAMEA4873611	host		Homo sapiens	curator_escalation	curator escalation
PRJEB22903	SAMEA4873612	host		Homo sapiens	curator_escalation	curator escalation
PRJEB22903	SAMEA4873613	host		Homo sapiens	curator_escalation	curator escalation
PRJEB22903	SAMEA4873622	host		Homo sapiens	curator_escalation	curator escalation
PRJEB22903	SAMEA4873628	host		Homo sapiens	curator_escalation	curator escalation
PRJEB22903	SAMEA4873631	host		Homo sapiens	curator_escalation	curator escalation
PRJEB22903	SAMEA4873637	host		Homo sapiens	curator_escalation	curator escalation
PRJEB22903	SAMEA4873640	host		Homo sapiens	curator_escalation	curator escalation
PRJEB22903	SAMEA4873641	host		Homo sapiens	curator_escalation	curator escalation
PRJEB22903	SAMEA4873645	host		Homo sapiens	curator_escalation	curator escalation
PRJEB22903	SAMEA4873647	host		Homo sapiens	curator_escalation	curator escalation
PRJEB22903	SAMEA4873652	host		Homo sapiens	curator_escalation	curator escalation
PRJEB22903	SAMEA4873653	host		Homo sapiens	curator_escalation	curator escalation
PRJEB22903	SAMEA4873654	host		Homo sapiens	curator_escalation	curator escalation
PRJEB22903	SAMEA4873656	host		Homo sapiens	curator_escalation	curator escalation
PRJEB22903	SAMEA4873629	host		Homo sapiens	curator_escalation	curator escalation
PRJEB22903	SAMEA104567779	host		Homo sapiens	curator_escalation	curator escalation
PRJEB22903	SAMEA104567781	host		Homo sapiens	curator_escalation	curator escalation
PRJEB22903	SAMEA104567782	host		Homo sapiens	curator_escalation	curator escalation
PRJEB22903	SAMEA104567784	host		Homo sapiens	curator_escalation	curator escalation
PRJEB22903	SAMEA104567789	host		Homo sapiens	curator_escalation	curator escalation
PRJEB22903	SAMEA104567790	host		Homo sapiens	curator_escalation	curator escalation
PRJEB22903	SAMEA104567794	host		Homo sapiens	curator_escalation	curator escalation
PRJEB22903	SAMEA104567796	host		Homo sapiens	curator_escalation	curator escalation
PRJEB22903	SAMEA104567798	host		Homo sapiens	curator_escalation	curator escalation
PRJEB22903	SAMEA104567801	host		Homo sapiens	curator_escalation	curator escalation
PRJEB22903	SAMEA104567804	host		Homo sapiens	curator_escalation	curator escalation
PRJEB22903	SAMEA104567806	host		Homo sapiens	curator_escalation	curator escalation
PRJEB22903	SAMEA104567807	host		Homo sapiens	curator_escalation	curator escalation
PRJEB22903	SAMEA104567808	host		Homo sapiens	curator_escalation	curator escalation
PRJEB22903	SAMEA104567809	host		Homo sapiens	curator_escalation	curator escalation
PRJEB22903	SAMEA104567814	host		Homo sapiens	curator_escalation	curator escalation
PRJEB22903	SAMEA104567821	host		Homo sapiens	curator_escalation	curator escalation
PRJEB22903	SAMEA104567823	host		Homo sapiens	curator_escalation	curator escalation
PRJEB22903	SAMEA104567826	host		Homo sapiens	curator_escalation	curator escalation
PRJEB22903	SAMEA104567827	host		Homo sapiens	curator_escalation	curator escalation
PRJEB22903	SAMEA104567830	host		Homo sapiens	curator_escalation	curator escalation
PRJEB22903	SAMEA104567832	host		Homo sapiens	curator_escalation	curator escalation
PRJEB22903	SAMEA104567834	host		Homo sapiens	curator_escalation	curator escalation
PRJEB22903	SAMEA104567836	host		Homo sapiens	curator_escalation	curator escalation
PRJEB22903	SAMEA104567837	host		Homo sapiens	curator_escalation	curator escalation
PRJEB22903	SAMEA104567846	host		Homo sapiens	curator_escalation	curator escalation
PRJEB22903	SAMEA104567850	host		Homo sapiens	curator_escalation	curator escalation
PRJEB22903	SAMEA104567851	host		Homo sapiens	curator_escalation	curator escalation
PRJEB22903	SAMEA104567856	host		Homo sapiens	curator_escalation	curator escalation
PRJEB22903	SAMEA104567860	host		Homo sapiens	curator_escalation	curator escalation
PRJEB22903	SAMEA104567862	host		Homo sapiens	curator_escalation	curator escalation
PRJEB22903	SAMEA104567864	host		Homo sapiens	curator_escalation	curator escalation
PRJEB22903	SAMEA104567868	host		Homo sapiens	curator_escalation	curator escalation
PRJEB22903	SAMEA104567886	host		Homo sapiens	curator_escalation	curator escalation
PRJEB22903	SAMEA104567887	host		Homo sapiens	curator_escalation	curator escalation
PRJEB22903	SAMEA104567888	host		Homo sapiens	curator_escalation	curator escalation
PRJEB22903	SAMEA104567889	host		Homo sapiens	curator_escalation	curator escalation
PRJEB22903	SAMEA104567894	host		Homo sapiens	curator_escalation	curator escalation
PRJEB22903	SAMEA104567898	host		Homo sapiens	curator_escalation	curator escalation
PRJEB22903	SAMEA104567902	host		Homo sapiens	curator_escalation	curator escalation
PRJEB22903	SAMEA104567908	host		Homo sapiens	curator_escalation	curator escalation
PRJEB22903	SAMEA104567913	host		Homo sapiens	curator_escalation	curator escalation
PRJEB22903	SAMEA104567916	host		Homo sapiens	curator_escalation	curator escalation
PRJEB22903	SAMEA104567921	host		Homo sapiens	curator_escalation	curator escalation
PRJEB22903	SAMEA104567923	host		Homo sapiens	curator_escalation	curator escalation
PRJEB22903	SAMEA104567926	host		Homo sapiens	curator_escalation	curator escalation
PRJEB22903	SAMEA104567927	host		Homo sapiens	curator_escalation	curator escalation
PRJEB22903	SAMEA104567931	host		Homo sapiens	curator_escalation	curator escalation
PRJEB22903	SAMEA104567933	host		Homo sapiens	curator_escalation	curator escalation
PRJEB22903	SAMEA104567934	host		Homo sapiens	curator_escalation	curator escalation
PRJEB22903	SAMEA104567935	host		Homo sapiens	curator_escalation	curator escalation
PRJEB22903	SAMEA4873558	host		Homo sapiens	curator_escalation	curator escalation
PRJEB22903	SAMEA4873559	host		Homo sapiens	curator_escalation	curator escalation
PRJEB22903	SAMEA4873560	host		Homo sapiens	curator_escalation	curator escalation
PRJEB22903	SAMEA4873567	host		Homo sapiens	curator_escalation	curator escalation
PRJEB22903	SAMEA4873569	host		Homo sapiens	curator_escalation	curator escalation
PRJEB22903	SAMEA4873571	host		Homo sapiens	curator_escalation	curator escalation
PRJEB22903	SAMEA4873572	host		Homo sapiens	curator_escalation	curator escalation
PRJEB22903	SAMEA4873573	host		Homo sapiens	curator_escalation	curator escalation
PRJEB22903	SAMEA4873575	host		Homo sapiens	curator_escalation	curator escalation
PRJEB22903	SAMEA4873579	host		Homo sapiens	curator_escalation	curator escalation
PRJEB22903	SAMEA4873580	host		Homo sapiens	curator_escalation	curator escalation
PRJEB22903	SAMEA4873583	host		Homo sapiens	curator_escalation	curator escalation
PRJEB22903	SAMEA4873588	host		Homo sapiens	curator_escalation	curator escalation
PRJEB22903	SAMEA4873589	host		Homo sapiens	curator_escalation	curator escalation
PRJEB22903	SAMEA4873592	host		Homo sapiens	curator_escalation	curator escalation
PRJEB22903	SAMEA4873601	host		Homo sapiens	curator_escalation	curator escalation
PRJEB22903	SAMEA4873602	host		Homo sapiens	curator_escalation	curator escalation
PRJEB22903	SAMEA4873605	host		Homo sapiens	curator_escalation	curator escalation
PRJEB22903	SAMEA4873608	host		Homo sapiens	curator_escalation	curator escalation
PRJEB22903	SAMEA4873614	host		Homo sapiens	curator_escalation	curator escalation
PRJEB22903	SAMEA4873616	host		Homo sapiens	curator_escalation	curator escalation
PRJEB22903	SAMEA4873617	host		Homo sapiens	curator_escalation	curator escalation
PRJEB22903	SAMEA4873621	host		Homo sapiens	curator_escalation	curator escalation
PRJEB22903	SAMEA4873626	host		Homo sapiens	curator_escalation	curator escalation
PRJEB22903	SAMEA4873627	host		Homo sapiens	curator_escalation	curator escalation
PRJEB22903	SAMEA4873630	host		Homo sapiens	curator_escalation	curator escalation
PRJEB22903	SAMEA4873632	host		Homo sapiens	curator_escalation	curator escalation
PRJEB22903	SAMEA4873633	host		Homo sapiens	curator_escalation	curator escalation
PRJEB22903	SAMEA4873636	host		Homo sapiens	curator_escalation	curator escalation
PRJEB22903	SAMEA4873638	host		Homo sapiens	curator_escalation	curator escalation
PRJEB22903	SAMEA4873639	host		Homo sapiens	curator_escalation	curator escalation
PRJEB22903	SAMEA4873642	host		Homo sapiens	curator_escalation	curator escalation
PRJEB22903	SAMEA4873643	host		Homo sapiens	curator_escalation	curator escalation
PRJEB22903	SAMEA4873649	host		Homo sapiens	curator_escalation	curator escalation
PRJEB22903	SAMEA4873650	host		Homo sapiens	curator_escalation	curator escalation
PRJEB22903	SAMEA4873651	host		Homo sapiens	curator_escalation	curator escalation
PRJEB22903	SAMEA4873655	host		Homo sapiens	curator_escalation	curator escalation
PRJEB22903	SAMEA104567787	host		Homo sapiens	curator_escalation	curator escalation
PRJEB22903	SAMEA104567783	host		Homo sapiens	curator_escalation	curator escalation
PRJEB22903	SAMEA104567786	host		Homo sapiens	curator_escalation	curator escalation
PRJEB22903	SAMEA104567788	host		Homo sapiens	curator_escalation	curator escalation
PRJEB22903	SAMEA104567791	host		Homo sapiens	curator_escalation	curator escalation
PRJEB22903	SAMEA104567792	host		Homo sapiens	curator_escalation	curator escalation
PRJEB22903	SAMEA104567793	host		Homo sapiens	curator_escalation	curator escalation
PRJEB22903	SAMEA104567797	host		Homo sapiens	curator_escalation	curator escalation
PRJEB22903	SAMEA104567811	host		Homo sapiens	curator_escalation	curator escalation
PRJEB22903	SAMEA104567816	host		Homo sapiens	curator_escalation	curator escalation
PRJEB22903	SAMEA104567817	host		Homo sapiens	curator_escalation	curator escalation
PRJEB22903	SAMEA104567820	host		Homo sapiens	curator_escalation	curator escalation
PRJEB22903	SAMEA104567825	host		Homo sapiens	curator_escalation	curator escalation
PRJEB22903	SAMEA104567828	host		Homo sapiens	curator_escalation	curator escalation
PRJEB22903	SAMEA104567831	host		Homo sapiens	curator_escalation	curator escalation
PRJEB22903	SAMEA104567833	host		Homo sapiens	curator_escalation	curator escalation
PRJEB22903	SAMEA104567843	host		Homo sapiens	curator_escalation	curator escalation
PRJEB22903	SAMEA104567844	host		Homo sapiens	curator_escalation	curator escalation
PRJEB22903	SAMEA104567848	host		Homo sapiens	curator_escalation	curator escalation
PRJEB22903	SAMEA104567852	host		Homo sapiens	curator_escalation	curator escalation
PRJEB22903	SAMEA104567853	host		Homo sapiens	curator_escalation	curator escalation
PRJEB22903	SAMEA104567857	host		Homo sapiens	curator_escalation	curator escalation
PRJEB22903	SAMEA104567859	host		Homo sapiens	curator_escalation	curator escalation
PRJEB22903	SAMEA104567861	host		Homo sapiens	curator_escalation	curator escalation
PRJEB22903	SAMEA104567866	host		Homo sapiens	curator_escalation	curator escalation
PRJEB22903	SAMEA104567869	host		Homo sapiens	curator_escalation	curator escalation
PRJEB22903	SAMEA104567871	host		Homo sapiens	curator_escalation	curator escalation
PRJEB22903	SAMEA104567873	host		Homo sapiens	curator_escalation	curator escalation
PRJEB22903	SAMEA104567875	host		Homo sapiens	curator_escalation	curator escalation
PRJEB22903	SAMEA104567876	host		Homo sapiens	curator_escalation	curator escalation
PRJEB22903	SAMEA104567878	host		Homo sapiens	curator_escalation	curator escalation
PRJEB22903	SAMEA104567879	host		Homo sapiens	curator_escalation	curator escalation
PRJEB22903	SAMEA104567882	host		Homo sapiens	curator_escalation	curator escalation
PRJEB22903	SAMEA104567884	host		Homo sapiens	curator_escalation	curator escalation
PRJEB22903	SAMEA104567885	host		Homo sapiens	curator_escalation	curator escalation
PRJEB22903	SAMEA104567890	host		Homo sapiens	curator_escalation	curator escalation
PRJEB22903	SAMEA104567893	host		Homo sapiens	curator_escalation	curator escalation
PRJEB22903	SAMEA104567904	host		Homo sapiens	curator_escalation	curator escalation
PRJEB22903	SAMEA104567905	host		Homo sapiens	curator_escalation	curator escalation
PRJEB22903	SAMEA104567911	host		Homo sapiens	curator_escalation	curator escalation
PRJEB22903	SAMEA104567914	host		Homo sapiens	curator_escalation	curator escalation
PRJEB22903	SAMEA104567917	host		Homo sapiens	curator_escalation	curator escalation
PRJEB22903	SAMEA104567918	host		Homo sapiens	curator_escalation	curator escalation
PRJEB22903	SAMEA104567919	host		Homo sapiens	curator_escalation	curator escalation
PRJEB22903	SAMEA104567924	host		Homo sapiens	curator_escalation	curator escalation
PRJEB22903	SAMEA104567928	host		Homo sapiens	curator_escalation	curator escalation
PRJEB22903	SAMEA104567930	host		Homo sapiens	curator_escalation	curator escalation
PRJEB22903	SAMEA104567932	host		Homo sapiens	curator_escalation	curator escalation
PRJEB22903	SAMEA4873555	host		Homo sapiens	curator_escalation	curator escalation
PRJEB22903	SAMEA4873557	host		Homo sapiens	curator_escalation	curator escalation
PRJEB22903	SAMEA4873561	host		Homo sapiens	curator_escalation	curator escalation
PRJEB22903	SAMEA4873562	host		Homo sapiens	curator_escalation	curator escalation
PRJEB22903	SAMEA4873563	host		Homo sapiens	curator_escalation	curator escalation
PRJEB22903	SAMEA4873565	host		Homo sapiens	curator_escalation	curator escalation
PRJEB22903	SAMEA4873568	host		Homo sapiens	curator_escalation	curator escalation
PRJEB22903	SAMEA4873578	host		Homo sapiens	curator_escalation	curator escalation
PRJEB22903	SAMEA4873590	host		Homo sapiens	curator_escalation	curator escalation
PRJEB22903	SAMEA4873594	host		Homo sapiens	curator_escalation	curator escalation
PRJEB22903	SAMEA4873597	host		Homo sapiens	curator_escalation	curator escalation
PRJEB22903	SAMEA4873600	host		Homo sapiens	curator_escalation	curator escalation
PRJEB22903	SAMEA4873604	host		Homo sapiens	curator_escalation	curator escalation
PRJEB22903	SAMEA4873607	host		Homo sapiens	curator_escalation	curator escalation
PRJEB22903	SAMEA4873609	host		Homo sapiens	curator_escalation	curator escalation
PRJEB22903	SAMEA4873610	host		Homo sapiens	curator_escalation	curator escalation
PRJEB22903	SAMEA4873615	host		Homo sapiens	curator_escalation	curator escalation
PRJEB22903	SAMEA4873618	host		Homo sapiens	curator_escalation	curator escalation
PRJEB22903	SAMEA4873619	host		Homo sapiens	curator_escalation	curator escalation
PRJEB22903	SAMEA4873620	host		Homo sapiens	curator_escalation	curator escalation
PRJEB22903	SAMEA4873623	host		Homo sapiens	curator_escalation	curator escalation
PRJEB22903	SAMEA4873624	host		Homo sapiens	curator_escalation	curator escalation
PRJEB22903	SAMEA4873625	host		Homo sapiens	curator_escalation	curator escalation
PRJEB22903	SAMEA4873634	host		Homo sapiens	curator_escalation	curator escalation
PRJEB22903	SAMEA4873635	host		Homo sapiens	curator_escalation	curator escalation
PRJEB22903	SAMEA4873644	host		Homo sapiens	curator_escalation	curator escalation
PRJEB22903	SAMEA4873646	host		Homo sapiens	curator_escalation	curator escalation
PRJEB22903	SAMEA4873648	host		Homo sapiens	curator_escalation	curator escalation
PRJEB29143	SAMEA4969311	isolation_source		faeces	curator_escalation	curator escalation
PRJEB29143	SAMEA4969314	isolation_source		faeces	curator_escalation	curator escalation
PRJEB29143	SAMEA4969315	isolation_source		faeces	curator_escalation	curator escalation
PRJEB29143	SAMEA4969316	isolation_source		faeces	curator_escalation	curator escalation
PRJEB29143	SAMEA4969312	isolation_source		faeces	curator_escalation	curator escalation
PRJEB29143	SAMEA4969313	isolation_source		faeces	curator_escalation	curator escalation
PRJEB29143	SAMEA4969318	isolation_source		faeces	curator_escalation	curator escalation
PRJEB29143	SAMEA4969317	isolation_source		faeces	curator_escalation	curator escalation
PRJEB22890	SAMEA104414824	isolation_source	not known	blood	curator_escalation	curator escalation
PRJEB22890	SAMEA104414826	isolation_source	not known	blood	curator_escalation	curator escalation
PRJEB22890	SAMEA104414828	isolation_source	not known	blood	curator_escalation	curator escalation
PRJEB22890	SAMEA104414830	isolation_source	not known	blood	curator_escalation	curator escalation
PRJEB22890	SAMEA104414836	isolation_source	not known	blood	curator_escalation	curator escalation
PRJEB22890	SAMEA104414840	isolation_source	not known	blood	curator_escalation	curator escalation
PRJEB22890	SAMEA104414846	isolation_source	not known	blood	curator_escalation	curator escalation
PRJEB22890	SAMEA104414849	isolation_source	not known	blood	curator_escalation	curator escalation
PRJEB22890	SAMEA104414851	isolation_source	not known	blood	curator_escalation	curator escalation
PRJEB22890	SAMEA104414854	isolation_source	not known	blood	curator_escalation	curator escalation
PRJEB22890	SAMEA104414857	isolation_source	not known	blood	curator_escalation	curator escalation
PRJEB22890	SAMEA104414858	isolation_source	not known	blood	curator_escalation	curator escalation
PRJEB22890	SAMEA104414861	isolation_source	not known	blood	curator_escalation	curator escalation
PRJEB22890	SAMEA104414863	isolation_source	not known	blood	curator_escalation	curator escalation
PRJEB22890	SAMEA104414864	isolation_source	not known	blood	curator_escalation	curator escalation
PRJEB22890	SAMEA104414865	isolation_source	not known	blood	curator_escalation	curator escalation
PRJEB22890	SAMEA104414866	isolation_source	not known	blood	curator_escalation	curator escalation
PRJEB22890	SAMEA104414868	isolation_source	not known	blood	curator_escalation	curator escalation
PRJEB22890	SAMEA104414872	isolation_source	not known	blood	curator_escalation	curator escalation
PRJEB22890	SAMEA104414874	isolation_source	not known	blood	curator_escalation	curator escalation
PRJEB22890	SAMEA104414883	isolation_source	not known	blood	curator_escalation	curator escalation
PRJEB22890	SAMEA104414891	isolation_source	not known	blood	curator_escalation	curator escalation
PRJEB22890	SAMEA104414898	isolation_source	not known	blood	curator_escalation	curator escalation
PRJEB22890	SAMEA104414900	isolation_source	not known	blood	curator_escalation	curator escalation
PRJEB22890	SAMEA104414901	isolation_source	not known	blood	curator_escalation	curator escalation
PRJEB22890	SAMEA104414905	isolation_source	not known	blood	curator_escalation	curator escalation
PRJEB22890	SAMEA104414906	isolation_source	not known	blood	curator_escalation	curator escalation
PRJEB22890	SAMEA104414909	isolation_source	not known	blood	curator_escalation	curator escalation
PRJEB22890	SAMEA104414912	isolation_source	not known	blood	curator_escalation	curator escalation
PRJEB22890	SAMEA104414915	isolation_source	not known	blood	curator_escalation	curator escalation
PRJEB22890	SAMEA104414917	isolation_source	not known	blood	curator_escalation	curator escalation
PRJEB22890	SAMEA104414920	isolation_source	not known	blood	curator_escalation	curator escalation
PRJEB22890	SAMEA104414921	isolation_source	not known	blood	curator_escalation	curator escalation
PRJEB22890	SAMEA104414926	isolation_source	not known	blood	curator_escalation	curator escalation
PRJEB22890	SAMEA104414929	isolation_source	not known	blood	curator_escalation	curator escalation
PRJEB22890	SAMEA104414932	isolation_source	not known	blood	curator_escalation	curator escalation
PRJEB22890	SAMEA104414934	isolation_source	not known	blood	curator_escalation	curator escalation
PRJEB22890	SAMEA104414940	isolation_source	not known	blood	curator_escalation	curator escalation
PRJEB22890	SAMEA104414941	isolation_source	not known	blood	curator_escalation	curator escalation
PRJEB22890	SAMEA104414957	isolation_source	not known	blood	curator_escalation	curator escalation
PRJEB22890	SAMEA104414958	isolation_source	not known	blood	curator_escalation	curator escalation
PRJEB22890	SAMEA104414960	isolation_source	not known	blood	curator_escalation	curator escalation
PRJEB22890	SAMEA104414961	isolation_source	not known	blood	curator_escalation	curator escalation
PRJEB22890	SAMEA104414962	isolation_source	not known	blood	curator_escalation	curator escalation
PRJEB22890	SAMEA104414963	isolation_source	not known	blood	curator_escalation	curator escalation
PRJEB22890	SAMEA104414965	isolation_source	not known	blood	curator_escalation	curator escalation
PRJEB22890	SAMEA104414967	isolation_source	not known	blood	curator_escalation	curator escalation
PRJEB22890	SAMEA104414968	isolation_source	not known	blood	curator_escalation	curator escalation
PRJEB22890	SAMEA104414969	isolation_source	not known	blood	curator_escalation	curator escalation
PRJEB22890	SAMEA104414971	isolation_source	not known	blood	curator_escalation	curator escalation
PRJEB22890	SAMEA104414972	isolation_source	not known	blood	curator_escalation	curator escalation
PRJEB22890	SAMEA104414943	isolation_source	not known	blood	curator_escalation	curator escalation
PRJEB22890	SAMEA104414944	isolation_source	not known	blood	curator_escalation	curator escalation
PRJEB22890	SAMEA104414947	isolation_source	not known	blood	curator_escalation	curator escalation
PRJEB22890	SAMEA104414948	isolation_source	not known	blood	curator_escalation	curator escalation
PRJEB22890	SAMEA104414976	isolation_source	not known	blood	curator_escalation	curator escalation
PRJEB22890	SAMEA104414978	isolation_source	not known	blood	curator_escalation	curator escalation
PRJEB22890	SAMEA104414979	isolation_source	not known	blood	curator_escalation	curator escalation
PRJEB22890	SAMEA104414823	isolation_source	not known	blood	curator_escalation	curator escalation
PRJEB22890	SAMEA104414829	isolation_source		blood	curator_escalation	curator escalation
PRJEB22890	SAMEA104414832	isolation_source	not known	blood	curator_escalation	curator escalation
PRJEB22890	SAMEA104414833	isolation_source	not known	blood	curator_escalation	curator escalation
PRJEB22890	SAMEA104414838	isolation_source	not known	blood	curator_escalation	curator escalation
PRJEB22890	SAMEA104414841	isolation_source	not known	blood	curator_escalation	curator escalation
PRJEB22890	SAMEA104414842	isolation_source	not known	blood	curator_escalation	curator escalation
PRJEB22890	SAMEA104414844	isolation_source	not known	blood	curator_escalation	curator escalation
PRJEB22890	SAMEA104414845	isolation_source	not known	blood	curator_escalation	curator escalation
PRJEB22890	SAMEA104414847	isolation_source	not known	blood	curator_escalation	curator escalation
PRJEB22890	SAMEA104414848	isolation_source	not known	blood	curator_escalation	curator escalation
PRJEB22890	SAMEA104414852	isolation_source	not known	blood	curator_escalation	curator escalation
PRJEB22890	SAMEA104414853	isolation_source	not known	blood	curator_escalation	curator escalation
PRJEB22890	SAMEA104414859	isolation_source	not known	blood	curator_escalation	curator escalation
PRJEB22890	SAMEA104414860	isolation_source	not known	blood	curator_escalation	curator escalation
PRJEB22890	SAMEA104414862	isolation_source	not known	blood	curator_escalation	curator escalation
PRJEB22890	SAMEA104414869	isolation_source	not known	blood	curator_escalation	curator escalation
PRJEB22890	SAMEA104414870	isolation_source	not known	blood	curator_escalation	curator escalation
PRJEB22890	SAMEA104414871	isolation_source	not known	blood	curator_escalation	curator escalation
PRJEB22890	SAMEA104414878	isolation_source	not known	blood	curator_escalation	curator escalation
PRJEB22890	SAMEA104414879	isolation_source	not known	blood	curator_escalation	curator escalation
PRJEB22890	SAMEA104414882	isolation_source	not known	blood	curator_escalation	curator escalation
PRJEB22890	SAMEA104414884	isolation_source	not known	blood	curator_escalation	curator escalation
PRJEB22890	SAMEA104414885	isolation_source	not known	blood	curator_escalation	curator escalation
PRJEB22890	SAMEA104414887	isolation_source	not known	blood	curator_escalation	curator escalation
PRJEB22890	SAMEA104414888	isolation_source	not known	blood	curator_escalation	curator escalation
PRJEB22890	SAMEA104414892	isolation_source	not known	blood	curator_escalation	curator escalation
PRJEB22890	SAMEA104414893	isolation_source	not known	blood	curator_escalation	curator escalation
PRJEB22890	SAMEA104414897	isolation_source	not known	blood	curator_escalation	curator escalation
PRJEB22890	SAMEA104414902	isolation_source	not known	blood	curator_escalation	curator escalation
PRJEB22890	SAMEA104414922	isolation_source	not known	blood	curator_escalation	curator escalation
PRJEB22890	SAMEA104414938	isolation_source	not known	blood	curator_escalation	curator escalation
PRJEB22890	SAMEA104414939	isolation_source	not known	blood	curator_escalation	curator escalation
PRJEB22890	SAMEA104414954	isolation_source	not known	blood	curator_escalation	curator escalation
PRJEB22890	SAMEA104414959	isolation_source	not known	blood	curator_escalation	curator escalation
PRJEB22890	SAMEA104414974	isolation_source	not known	blood	curator_escalation	curator escalation
PRJEB22890	SAMEA104414942	isolation_source	not known	blood	curator_escalation	curator escalation
PRJEB22890	SAMEA104414945	isolation_source	not known	blood	curator_escalation	curator escalation
PRJEB22890	SAMEA104414950	isolation_source	not known	blood	curator_escalation	curator escalation
PRJEB22890	SAMEA104414953	isolation_source	not known	blood	curator_escalation	curator escalation
PRJEB22890	SAMEA104414977	isolation_source	not known	blood	curator_escalation	curator escalation
PRJEB22890	SAMEA104414825	isolation_source	not known	blood	curator_escalation	curator escalation
PRJEB22890	SAMEA104414831	isolation_source	not known	blood	curator_escalation	curator escalation
PRJEB22890	SAMEA104414834	isolation_source	not known	blood	curator_escalation	curator escalation
PRJEB22890	SAMEA104414835	isolation_source	not known	blood	curator_escalation	curator escalation
PRJEB22890	SAMEA104414837	isolation_source	not known	blood	curator_escalation	curator escalation
PRJEB22890	SAMEA104414839	isolation_source	not known	blood	curator_escalation	curator escalation
PRJEB22890	SAMEA104414843	isolation_source	not known	blood	curator_escalation	curator escalation
PRJEB22890	SAMEA104414850	isolation_source	not known	blood	curator_escalation	curator escalation
PRJEB22890	SAMEA104414855	isolation_source	not known	blood	curator_escalation	curator escalation
PRJEB22890	SAMEA104414856	isolation_source	not known	blood	curator_escalation	curator escalation
PRJEB22890	SAMEA104414867	isolation_source	not known	blood	curator_escalation	curator escalation
PRJEB22890	SAMEA104414873	isolation_source	not known	blood	curator_escalation	curator escalation
PRJEB22890	SAMEA104414875	isolation_source	not known	blood	curator_escalation	curator escalation
PRJEB22890	SAMEA104414876	isolation_source	not known	blood	curator_escalation	curator escalation
PRJEB22890	SAMEA104414877	isolation_source	not known	blood	curator_escalation	curator escalation
PRJEB22890	SAMEA104414880	isolation_source	not known	blood	curator_escalation	curator escalation
PRJEB22890	SAMEA104414881	isolation_source	not known	blood	curator_escalation	curator escalation
PRJEB22890	SAMEA104414886	isolation_source	not known	blood	curator_escalation	curator escalation
PRJEB22890	SAMEA104414889	isolation_source	not known	blood	curator_escalation	curator escalation
PRJEB22890	SAMEA104414890	isolation_source	not known	blood	curator_escalation	curator escalation
PRJEB22890	SAMEA104414894	isolation_source	not known	blood	curator_escalation	curator escalation
PRJEB22890	SAMEA104414895	isolation_source	not known	blood	curator_escalation	curator escalation
PRJEB22890	SAMEA104414896	isolation_source	not known	blood	curator_escalation	curator escalation
PRJEB22890	SAMEA104414899	isolation_source	not known	blood	curator_escalation	curator escalation
PRJEB22890	SAMEA104414903	isolation_source	not known	blood	curator_escalation	curator escalation
PRJEB22890	SAMEA104414904	isolation_source	not known	blood	curator_escalation	curator escalation
PRJEB22890	SAMEA104414907	isolation_source	not known	blood	curator_escalation	curator escalation
PRJEB22890	SAMEA104414908	isolation_source	not known	blood	curator_escalation	curator escalation
PRJEB22890	SAMEA104414910	isolation_source	not known	blood	curator_escalation	curator escalation
PRJEB22890	SAMEA104414911	isolation_source	not known	blood	curator_escalation	curator escalation
PRJEB22890	SAMEA104414913	isolation_source	not known	blood	curator_escalation	curator escalation
PRJEB22890	SAMEA104414914	isolation_source	not known	blood	curator_escalation	curator escalation
PRJEB22890	SAMEA104414916	isolation_source	not known	blood	curator_escalation	curator escalation
PRJEB22890	SAMEA104414918	isolation_source	not known	blood	curator_escalation	curator escalation
PRJEB22890	SAMEA104414919	isolation_source	not known	blood	curator_escalation	curator escalation
PRJEB22890	SAMEA104414923	isolation_source	not known	blood	curator_escalation	curator escalation
PRJEB22890	SAMEA104414924	isolation_source	not known	blood	curator_escalation	curator escalation
PRJEB22890	SAMEA104414925	isolation_source	not known	blood	curator_escalation	curator escalation
PRJEB22890	SAMEA104414927	isolation_source	not known	blood	curator_escalation	curator escalation
PRJEB22890	SAMEA104414928	isolation_source	not known	blood	curator_escalation	curator escalation
PRJEB22890	SAMEA104414930	isolation_source	not known	blood	curator_escalation	curator escalation
PRJEB22890	SAMEA104414931	isolation_source	not known	blood	curator_escalation	curator escalation
PRJEB22890	SAMEA104414933	isolation_source	not known	blood	curator_escalation	curator escalation
PRJEB22890	SAMEA104414935	isolation_source	not known	blood	curator_escalation	curator escalation
PRJEB22890	SAMEA104414936	isolation_source	not known	blood	curator_escalation	curator escalation
PRJEB22890	SAMEA104414937	isolation_source	not known	blood	curator_escalation	curator escalation
PRJEB22890	SAMEA104414955	isolation_source	not known	blood	curator_escalation	curator escalation
PRJEB22890	SAMEA104414956	isolation_source	not known	blood	curator_escalation	curator escalation
PRJEB22890	SAMEA104414966	isolation_source	not known	blood	curator_escalation	curator escalation
PRJEB22890	SAMEA104414970	isolation_source	not known	blood	curator_escalation	curator escalation
PRJEB22890	SAMEA104414973	isolation_source	not known	blood	curator_escalation	curator escalation
PRJEB22890	SAMEA104414975	isolation_source	not known	blood	curator_escalation	curator escalation
PRJEB22890	SAMEA104414946	isolation_source	not known	blood	curator_escalation	curator escalation
PRJEB22890	SAMEA104414949	isolation_source	not known	blood	curator_escalation	curator escalation
PRJEB22890	SAMEA104414951	isolation_source	not known	blood	curator_escalation	curator escalation
PRJEB22890	SAMEA104414952	isolation_source	not known	blood	curator_escalation	curator escalation
PRJEB22890	SAMEA104414980	isolation_source	not known	blood	curator_escalation	curator escalation
PRJEB22890	SAMEA104414981	isolation_source	not known	blood	curator_escalation	curator escalation
PRJEB29143	SAMEA5753494	isolation_source		faeces	curator_escalation	curator escalation
PRJEB29143	SAMEA5753496	isolation_source		faeces	curator_escalation	curator escalation
PRJEB29143	SAMEA5753498	isolation_source		faeces	curator_escalation	curator escalation
PRJEB29143	SAMEA5753502	isolation_source		faeces	curator_escalation	curator escalation
PRJEB29143	SAMEA5753428	isolation_source		faeces	curator_escalation	curator escalation
PRJEB29143	SAMEA5753357	isolation_source		faeces	curator_escalation	curator escalation
PRJEB29143	SAMEA5753513	isolation_source		faeces	curator_escalation	curator escalation
PRJEB29143	SAMEA5753374	isolation_source		faeces	curator_escalation	curator escalation
PRJEB29143	SAMEA5753518	isolation_source		faeces	curator_escalation	curator escalation
PRJEB29143	SAMEA5753375	isolation_source		faeces	curator_escalation	curator escalation
PRJEB29143	SAMEA5753376	isolation_source		faeces	curator_escalation	curator escalation
PRJEB29143	SAMEA5753521	isolation_source		faeces	curator_escalation	curator escalation
PRJEB29143	SAMEA5753522	isolation_source		faeces	curator_escalation	curator escalation
PRJEB29143	SAMEA5753465	isolation_source		faeces	curator_escalation	curator escalation
PRJEB29143	SAMEA5753526	isolation_source		faeces	curator_escalation	curator escalation
PRJEB29143	SAMEA5753528	isolation_source		faeces	curator_escalation	curator escalation
PRJEB29143	SAMEA5753530	isolation_source		faeces	curator_escalation	curator escalation
PRJEB29143	SAMEA5753531	isolation_source		faeces	curator_escalation	curator escalation
PRJEB29143	SAMEA5753537	isolation_source		faeces	curator_escalation	curator escalation
PRJEB29143	SAMEA5753539	isolation_source		faeces	curator_escalation	curator escalation
PRJEB29143	SAMEA5753540	isolation_source		faeces	curator_escalation	curator escalation
PRJEB29143	SAMEA5753543	isolation_source		faeces	curator_escalation	curator escalation
PRJEB29143	SAMEA5753545	isolation_source		faeces	curator_escalation	curator escalation
PRJEB29143	SAMEA5753547	isolation_source		faeces	curator_escalation	curator escalation
PRJEB29143	SAMEA5753478	isolation_source		faeces	curator_escalation	curator escalation
PRJEB29143	SAMEA5753419	isolation_source		faeces	curator_escalation	curator escalation
PRJEB29143	SAMEA5753549	isolation_source		faeces	curator_escalation	curator escalation
PRJEB29143	SAMEA5753550	isolation_source		faeces	curator_escalation	curator escalation
PRJEB29143	SAMEA5753431	isolation_source		faeces	curator_escalation	curator escalation
PRJEB29143	SAMEA5753554	isolation_source		faeces	curator_escalation	curator escalation
PRJEB29143	SAMEA5753555	isolation_source		faeces	curator_escalation	curator escalation
PRJEB29143	SAMEA5753560	isolation_source		faeces	curator_escalation	curator escalation
PRJEB29143	SAMEA5753398	isolation_source		faeces	curator_escalation	curator escalation
PRJEB29143	SAMEA5753562	isolation_source		faeces	curator_escalation	curator escalation
PRJEB29143	SAMEA5753689	isolation_source		faeces	curator_escalation	curator escalation
PRJEB29143	SAMEA5753567	isolation_source		faeces	curator_escalation	curator escalation
PRJEB29143	SAMEA5753569	isolation_source		faeces	curator_escalation	curator escalation
PRJEB29143	SAMEA5753571	isolation_source		faeces	curator_escalation	curator escalation
PRJEB29143	SAMEA5753572	isolation_source		faeces	curator_escalation	curator escalation
PRJEB29143	SAMEA5753400	isolation_source		faeces	curator_escalation	curator escalation
PRJEB29143	SAMEA5753383	isolation_source		faeces	curator_escalation	curator escalation
PRJEB29143	SAMEA5753576	isolation_source		faeces	curator_escalation	curator escalation
PRJEB29143	SAMEA5753344	isolation_source		faeces	curator_escalation	curator escalation
PRJEB29143	SAMEA5753401	isolation_source		faeces	curator_escalation	curator escalation
PRJEB29143	SAMEA5753580	isolation_source		faeces	curator_escalation	curator escalation
PRJEB29143	SAMEA5753420	isolation_source		faeces	curator_escalation	curator escalation
PRJEB29143	SAMEA5753581	isolation_source		faeces	curator_escalation	curator escalation
PRJEB29143	SAMEA5753582	isolation_source		faeces	curator_escalation	curator escalation
PRJEB29143	SAMEA5753592	isolation_source		faeces	curator_escalation	curator escalation
PRJEB29143	SAMEA5753453	isolation_source		faeces	curator_escalation	curator escalation
PRJEB29143	SAMEA5753432	isolation_source		faeces	curator_escalation	curator escalation
PRJEB29143	SAMEA5753361	isolation_source		faeces	curator_escalation	curator escalation
PRJEB29143	SAMEA5753598	isolation_source		faeces	curator_escalation	curator escalation
PRJEB29143	SAMEA5753482	isolation_source		faeces	curator_escalation	curator escalation
PRJEB29143	SAMEA5753600	isolation_source		faeces	curator_escalation	curator escalation
PRJEB29143	SAMEA5753601	isolation_source		faeces	curator_escalation	curator escalation
PRJEB29143	SAMEA5753483	isolation_source		faeces	curator_escalation	curator escalation
PRJEB29143	SAMEA5753604	isolation_source		faeces	curator_escalation	curator escalation
PRJEB29143	SAMEA5753607	isolation_source		faeces	curator_escalation	curator escalation
PRJEB29143	SAMEA5753454	isolation_source		faeces	curator_escalation	curator escalation
PRJEB29143	SAMEA5753435	isolation_source		faeces	curator_escalation	curator escalation
PRJEB29143	SAMEA5753408	isolation_source		faeces	curator_escalation	curator escalation
PRJEB29143	SAMEA5753616	isolation_source		faeces	curator_escalation	curator escalation
PRJEB29143	SAMEA5753617	isolation_source		faeces	curator_escalation	curator escalation
PRJEB29143	SAMEA5753423	isolation_source		faeces	curator_escalation	curator escalation
PRJEB29143	SAMEA5753424	isolation_source		faeces	curator_escalation	curator escalation
PRJEB29143	SAMEA5753619	isolation_source		faeces	curator_escalation	curator escalation
PRJEB29143	SAMEA5753625	isolation_source		faeces	curator_escalation	curator escalation
PRJEB29143	SAMEA5753627	isolation_source		faeces	curator_escalation	curator escalation
PRJEB29143	SAMEA5753630	isolation_source		faeces	curator_escalation	curator escalation
PRJEB29143	SAMEA5753632	isolation_source		faeces	curator_escalation	curator escalation
PRJEB29143	SAMEA5753633	isolation_source		faeces	curator_escalation	curator escalation
PRJEB29143	SAMEA5753425	isolation_source		faeces	curator_escalation	curator escalation
PRJEB29143	SAMEA5753639	isolation_source		faeces	curator_escalation	curator escalation
PRJEB29143	SAMEA5753641	isolation_source		faeces	curator_escalation	curator escalation
PRJEB29143	SAMEA5753409	isolation_source		faeces	curator_escalation	curator escalation
PRJEB29143	SAMEA5753645	isolation_source		faeces	curator_escalation	curator escalation
PRJEB29143	SAMEA5753474	isolation_source		faeces	curator_escalation	curator escalation
PRJEB29143	SAMEA5753647	isolation_source		faeces	curator_escalation	curator escalation
PRJEB29143	SAMEA5753650	isolation_source		faeces	curator_escalation	curator escalation
PRJEB29143	SAMEA5753461	isolation_source		faeces	curator_escalation	curator escalation
PRJEB29143	SAMEA5753445	isolation_source		faeces	curator_escalation	curator escalation
PRJEB29143	SAMEA5753658	isolation_source		faeces	curator_escalation	curator escalation
PRJEB29143	SAMEA5753660	isolation_source		faeces	curator_escalation	curator escalation
PRJEB29143	SAMEA5753457	isolation_source		faeces	curator_escalation	curator escalation
PRJEB29143	SAMEA5753410	isolation_source		faeces	curator_escalation	curator escalation
PRJEB29143	SAMEA5753663	isolation_source		faeces	curator_escalation	curator escalation
PRJEB29143	SAMEA5753664	isolation_source		faeces	curator_escalation	curator escalation
PRJEB29143	SAMEA5753665	isolation_source		faeces	curator_escalation	curator escalation
PRJEB29143	SAMEA5753666	isolation_source		faeces	curator_escalation	curator escalation
PRJEB29143	SAMEA5753667	isolation_source		faeces	curator_escalation	curator escalation
PRJEB29143	SAMEA5753669	isolation_source		faeces	curator_escalation	curator escalation
PRJEB29143	SAMEA5753670	isolation_source		faeces	curator_escalation	curator escalation
PRJEB29143	SAMEA5753673	isolation_source		faeces	curator_escalation	curator escalation
PRJEB29143	SAMEA5753677	isolation_source		faeces	curator_escalation	curator escalation
PRJEB29143	SAMEA5753389	isolation_source		faeces	curator_escalation	curator escalation
PRJEB29143	SAMEA5753451	isolation_source		faeces	curator_escalation	curator escalation
PRJEB29143	SAMEA5753460	isolation_source		faeces	curator_escalation	curator escalation
PRJEB29143	SAMEA5753681	isolation_source		faeces	curator_escalation	curator escalation
PRJEB29143	SAMEA5753686	isolation_source		faeces	curator_escalation	curator escalation
PRJEB29143	SAMEA5753702	isolation_source		faeces	curator_escalation	curator escalation
PRJEB29143	SAMEA5753704	isolation_source		faeces	curator_escalation	curator escalation
PRJEB29143	SAMEA5753414	isolation_source		faeces	curator_escalation	curator escalation
PRJEB29143	SAMEA5753707	isolation_source		faeces	curator_escalation	curator escalation
PRJEB29143	SAMEA5753708	isolation_source		faeces	curator_escalation	curator escalation
PRJEB29143	SAMEA5753713	isolation_source		faeces	curator_escalation	curator escalation
PRJEB29143	SAMEA5753717	isolation_source		faeces	curator_escalation	curator escalation
PRJEB29143	SAMEA5753718	isolation_source		faeces	curator_escalation	curator escalation
PRJEB29143	SAMEA5753719	isolation_source		faeces	curator_escalation	curator escalation
PRJEB29143	SAMEA5753723	isolation_source		faeces	curator_escalation	curator escalation
PRJEB29143	SAMEA5753728	isolation_source		faeces	curator_escalation	curator escalation
PRJEB29143	SAMEA5753732	isolation_source		faeces	curator_escalation	curator escalation
PRJEB29143	SAMEA5753733	isolation_source		faeces	curator_escalation	curator escalation
PRJEB29143	SAMEA5753392	isolation_source		faeces	curator_escalation	curator escalation
PRJEB29143	SAMEA5753739	isolation_source		faeces	curator_escalation	curator escalation
PRJEB29143	SAMEA5753741	isolation_source		faeces	curator_escalation	curator escalation
PRJEB29143	SAMEA5753351	isolation_source		faeces	curator_escalation	curator escalation
PRJEB29143	SAMEA5753747	isolation_source		faeces	curator_escalation	curator escalation
PRJEB29143	SAMEA5753327	isolation_source		faeces	curator_escalation	curator escalation
PRJEB29143	SAMEA5753758	isolation_source		faeces	curator_escalation	curator escalation
PRJEB29143	SAMEA5753762	isolation_source		faeces	curator_escalation	curator escalation
PRJEB29143	SAMEA5753764	isolation_source		faeces	curator_escalation	curator escalation
PRJEB29143	SAMEA5753766	isolation_source		faeces	curator_escalation	curator escalation
PRJEB29143	SAMEA5753767	isolation_source		faeces	curator_escalation	curator escalation
PRJEB29143	SAMEA5753769	isolation_source		faeces	curator_escalation	curator escalation
PRJEB29143	SAMEA5753774	isolation_source		faeces	curator_escalation	curator escalation
PRJEB29143	SAMEA5753775	isolation_source		faeces	curator_escalation	curator escalation
PRJEB29143	SAMEA5753776	isolation_source		faeces	curator_escalation	curator escalation
PRJEB29143	SAMEA5753777	isolation_source		faeces	curator_escalation	curator escalation
PRJEB29143	SAMEA5753780	isolation_source		faeces	curator_escalation	curator escalation
PRJEB29143	SAMEA5753783	isolation_source		faeces	curator_escalation	curator escalation
PRJEB29143	SAMEA5753785	isolation_source		faeces	curator_escalation	curator escalation
PRJEB29143	SAMEA5753787	isolation_source		faeces	curator_escalation	curator escalation
PRJEB29143	SAMEA5753691	isolation_source		faeces	curator_escalation	curator escalation
PRJEB29143	SAMEA5753693	isolation_source		faeces	curator_escalation	curator escalation
PRJEB29143	SAMEA5753695	isolation_source		faeces	curator_escalation	curator escalation
PRJEB29143	SAMEA5753696	isolation_source		faeces	curator_escalation	curator escalation
PRJEB29143	SAMEA5753348	isolation_source		faeces	curator_escalation	curator escalation
PRJEB29143	SAMEA5753463	isolation_source		faeces	curator_escalation	curator escalation
PRJEB29143	SAMEA5753350	isolation_source		faeces	curator_escalation	curator escalation
PRJEB29143	SAMEA5753412	isolation_source		faeces	curator_escalation	curator escalation
PRJEB29143	SAMEA5753795	isolation_source		faeces	curator_escalation	curator escalation
PRJEB29143	SAMEA5753329	isolation_source		faeces	curator_escalation	curator escalation
PRJEB29143	SAMEA5753798	isolation_source		faeces	curator_escalation	curator escalation
PRJEB29143	SAMEA5753800	isolation_source		faeces	curator_escalation	curator escalation
PRJEB29143	SAMEA5753803	isolation_source		faeces	curator_escalation	curator escalation
PRJEB29143	SAMEA5753371	isolation_source		faeces	curator_escalation	curator escalation
PRJEB29143	SAMEA5753804	isolation_source		faeces	curator_escalation	curator escalation
PRJEB29143	SAMEA5753427	isolation_source		faeces	curator_escalation	curator escalation
PRJEB29143	SAMEA5753805	isolation_source		faeces	curator_escalation	curator escalation
PRJEB29143	SAMEA5753806	isolation_source		faeces	curator_escalation	curator escalation
PRJEB29143	SAMEA5753391	isolation_source		faeces	curator_escalation	curator escalation
PRJEB29143	SAMEA5753490	isolation_source		faeces	curator_escalation	curator escalation
PRJEB29143	SAMEA5753491	isolation_source		faeces	curator_escalation	curator escalation
PRJEB29143	SAMEA5753492	isolation_source		faeces	curator_escalation	curator escalation
PRJEB29143	SAMEA5753499	isolation_source		faeces	curator_escalation	curator escalation
PRJEB29143	SAMEA5753501	isolation_source		faeces	curator_escalation	curator escalation
PRJEB29143	SAMEA5753417	isolation_source		faeces	curator_escalation	curator escalation
PRJEB29143	SAMEA5753506	isolation_source		faeces	curator_escalation	curator escalation
PRJEB29143	SAMEA5753507	isolation_source		faeces	curator_escalation	curator escalation
PRJEB29143	SAMEA5753335	isolation_source		faeces	curator_escalation	curator escalation
PRJEB29143	SAMEA5753395	isolation_source		faeces	curator_escalation	curator escalation
PRJEB29143	SAMEA5753508	isolation_source		faeces	curator_escalation	curator escalation
PRJEB29143	SAMEA5753509	isolation_source		faeces	curator_escalation	curator escalation
PRJEB29143	SAMEA5753510	isolation_source		faeces	curator_escalation	curator escalation
PRJEB29143	SAMEA5753373	isolation_source		faeces	curator_escalation	curator escalation
PRJEB29143	SAMEA5753516	isolation_source		faeces	curator_escalation	curator escalation
PRJEB29143	SAMEA5753396	isolation_source		faeces	curator_escalation	curator escalation
PRJEB29143	SAMEA5753517	isolation_source		faeces	curator_escalation	curator escalation
PRJEB29143	SAMEA5753519	isolation_source		faeces	curator_escalation	curator escalation
PRJEB29143	SAMEA5753418	isolation_source		faeces	curator_escalation	curator escalation
PRJEB29143	SAMEA5753452	isolation_source		faeces	curator_escalation	curator escalation
PRJEB29143	SAMEA5753358	isolation_source		faeces	curator_escalation	curator escalation
PRJEB29143	SAMEA5753397	isolation_source		faeces	curator_escalation	curator escalation
PRJEB29143	SAMEA5753524	isolation_source		faeces	curator_escalation	curator escalation
PRJEB29143	SAMEA5753527	isolation_source		faeces	curator_escalation	curator escalation
PRJEB29143	SAMEA5753359	isolation_source		faeces	curator_escalation	curator escalation
PRJEB29143	SAMEA5753318	isolation_source		faeces	curator_escalation	curator escalation
PRJEB29143	SAMEA5753533	isolation_source		faeces	curator_escalation	curator escalation
PRJEB29143	SAMEA5753542	isolation_source		faeces	curator_escalation	curator escalation
PRJEB29143	SAMEA5753544	isolation_source		faeces	curator_escalation	curator escalation
PRJEB29143	SAMEA5753546	isolation_source		faeces	curator_escalation	curator escalation
PRJEB29143	SAMEA5753342	isolation_source		faeces	curator_escalation	curator escalation
PRJEB29143	SAMEA5753551	isolation_source		faeces	curator_escalation	curator escalation
PRJEB29143	SAMEA5753380	isolation_source		faeces	curator_escalation	curator escalation
PRJEB29143	SAMEA5753381	isolation_source		faeces	curator_escalation	curator escalation
PRJEB29143	SAMEA5753479	isolation_source		faeces	curator_escalation	curator escalation
PRJEB29143	SAMEA5753556	isolation_source		faeces	curator_escalation	curator escalation
PRJEB29143	SAMEA5753558	isolation_source		faeces	curator_escalation	curator escalation
PRJEB29143	SAMEA5753561	isolation_source		faeces	curator_escalation	curator escalation
PRJEB29143	SAMEA5753563	isolation_source		faeces	curator_escalation	curator escalation
PRJEB29143	SAMEA5753564	isolation_source		faeces	curator_escalation	curator escalation
PRJEB29143	SAMEA5753565	isolation_source		faeces	curator_escalation	curator escalation
PRJEB29143	SAMEA5753399	isolation_source		faeces	curator_escalation	curator escalation
PRJEB29143	SAMEA5753480	isolation_source		faeces	curator_escalation	curator escalation
PRJEB29143	SAMEA5753573	isolation_source		faeces	curator_escalation	curator escalation
PRJEB29143	SAMEA5753575	isolation_source		faeces	curator_escalation	curator escalation
PRJEB29143	SAMEA5753384	isolation_source		faeces	curator_escalation	curator escalation
PRJEB29143	SAMEA5753577	isolation_source		faeces	curator_escalation	curator escalation
PRJEB29143	SAMEA5753578	isolation_source		faeces	curator_escalation	curator escalation
PRJEB29143	SAMEA5753579	isolation_source		faeces	curator_escalation	curator escalation
PRJEB29143	SAMEA5753440	isolation_source		faeces	curator_escalation	curator escalation
PRJEB29143	SAMEA5753402	isolation_source		faeces	curator_escalation	curator escalation
PRJEB29143	SAMEA5753385	isolation_source		faeces	curator_escalation	curator escalation
PRJEB29143	SAMEA5753320	isolation_source		faeces	curator_escalation	curator escalation
PRJEB29143	SAMEA5753337	isolation_source		faeces	curator_escalation	curator escalation
PRJEB29143	SAMEA5753587	isolation_source		faeces	curator_escalation	curator escalation
PRJEB29143	SAMEA5753466	isolation_source		faeces	curator_escalation	curator escalation
PRJEB29143	SAMEA5753591	isolation_source		faeces	curator_escalation	curator escalation
PRJEB29143	SAMEA5753360	isolation_source		faeces	curator_escalation	curator escalation
PRJEB29143	SAMEA5753386	isolation_source		faeces	curator_escalation	curator escalation
PRJEB29143	SAMEA5753467	isolation_source		faeces	curator_escalation	curator escalation
PRJEB29143	SAMEA5753469	isolation_source		faeces	curator_escalation	curator escalation
PRJEB29143	SAMEA5753597	isolation_source		faeces	curator_escalation	curator escalation
PRJEB29143	SAMEA5753421	isolation_source		faeces	curator_escalation	curator escalation
PRJEB29143	SAMEA5753338	isolation_source		faeces	curator_escalation	curator escalation
PRJEB29143	SAMEA5753599	isolation_source		faeces	curator_escalation	curator escalation
PRJEB29143	SAMEA5753433	isolation_source		faeces	curator_escalation	curator escalation
PRJEB29143	SAMEA5753444	isolation_source		faeces	curator_escalation	curator escalation
PRJEB29143	SAMEA5753603	isolation_source		faeces	curator_escalation	curator escalation
PRJEB29143	SAMEA5753449	isolation_source		faeces	curator_escalation	curator escalation
PRJEB29143	SAMEA5753363	isolation_source		faeces	curator_escalation	curator escalation
PRJEB29143	SAMEA5753404	isolation_source		faeces	curator_escalation	curator escalation
PRJEB29143	SAMEA5753406	isolation_source		faeces	curator_escalation	curator escalation
PRJEB29143	SAMEA5753407	isolation_source		faeces	curator_escalation	curator escalation
PRJEB29143	SAMEA5753611	isolation_source		faeces	curator_escalation	curator escalation
PRJEB29143	SAMEA5753612	isolation_source		faeces	curator_escalation	curator escalation
PRJEB29143	SAMEA5753613	isolation_source		faeces	curator_escalation	curator escalation
PRJEB29143	SAMEA5753615	isolation_source		faeces	curator_escalation	curator escalation
PRJEB29143	SAMEA5753422	isolation_source		faeces	curator_escalation	curator escalation
PRJEB29143	SAMEA5753618	isolation_source		faeces	curator_escalation	curator escalation
PRJEB29143	SAMEA5753622	isolation_source		faeces	curator_escalation	curator escalation
PRJEB29143	SAMEA5753387	isolation_source		faeces	curator_escalation	curator escalation
PRJEB29143	SAMEA5753626	isolation_source		faeces	curator_escalation	curator escalation
PRJEB29143	SAMEA5753471	isolation_source		faeces	curator_escalation	curator escalation
PRJEB29143	SAMEA5753629	isolation_source		faeces	curator_escalation	curator escalation
PRJEB29143	SAMEA5753631	isolation_source		faeces	curator_escalation	curator escalation
PRJEB29143	SAMEA5753636	isolation_source		faeces	curator_escalation	curator escalation
PRJEB29143	SAMEA5753637	isolation_source		faeces	curator_escalation	curator escalation
PRJEB29143	SAMEA5753341	isolation_source		faeces	curator_escalation	curator escalation
PRJEB29143	SAMEA5753638	isolation_source		faeces	curator_escalation	curator escalation
PRJEB29143	SAMEA5753640	isolation_source		faeces	curator_escalation	curator escalation
PRJEB29143	SAMEA5753642	isolation_source		faeces	curator_escalation	curator escalation
PRJEB29143	SAMEA5753643	isolation_source		faeces	curator_escalation	curator escalation
PRJEB29143	SAMEA5753644	isolation_source		faeces	curator_escalation	curator escalation
PRJEB29143	SAMEA5753473	isolation_source		faeces	curator_escalation	curator escalation
PRJEB29143	SAMEA5753364	isolation_source		faeces	curator_escalation	curator escalation
PRJEB29143	SAMEA5753649	isolation_source		faeces	curator_escalation	curator escalation
PRJEB29143	SAMEA5753652	isolation_source		faeces	curator_escalation	curator escalation
PRJEB29143	SAMEA5753655	isolation_source		faeces	curator_escalation	curator escalation
PRJEB29143	SAMEA5753656	isolation_source		faeces	curator_escalation	curator escalation
PRJEB29143	SAMEA5753657	isolation_source		faeces	curator_escalation	curator escalation
PRJEB29143	SAMEA5753485	isolation_source		faeces	curator_escalation	curator escalation
PRJEB29143	SAMEA5753659	isolation_source		faeces	curator_escalation	curator escalation
PRJEB29143	SAMEA5753672	isolation_source		faeces	curator_escalation	curator escalation
PRJEB29143	SAMEA5753442	isolation_source		faeces	curator_escalation	curator escalation
PRJEB29143	SAMEA5753450	isolation_source		faeces	curator_escalation	curator escalation
PRJEB29143	SAMEA5753475	isolation_source		faeces	curator_escalation	curator escalation
PRJEB29143	SAMEA5753476	isolation_source		faeces	curator_escalation	curator escalation
PRJEB29143	SAMEA5753477	isolation_source		faeces	curator_escalation	curator escalation
PRJEB29143	SAMEA5753462	isolation_source		faeces	curator_escalation	curator escalation
PRJEB29143	SAMEA5753390	isolation_source		faeces	curator_escalation	curator escalation
PRJEB29143	SAMEA5753685	isolation_source		faeces	curator_escalation	curator escalation
PRJEB29143	SAMEA5753687	isolation_source		faeces	curator_escalation	curator escalation
PRJEB29143	SAMEA5753458	isolation_source		faeces	curator_escalation	curator escalation
PRJEB29143	SAMEA5753411	isolation_source		faeces	curator_escalation	curator escalation
PRJEB29143	SAMEA5753688	isolation_source		faeces	curator_escalation	curator escalation
PRJEB29143	SAMEA5753703	isolation_source		faeces	curator_escalation	curator escalation
PRJEB29143	SAMEA5753705	isolation_source		faeces	curator_escalation	curator escalation
PRJEB29143	SAMEA5753325	isolation_source		faeces	curator_escalation	curator escalation
PRJEB29143	SAMEA5753710	isolation_source		faeces	curator_escalation	curator escalation
PRJEB29143	SAMEA5753720	isolation_source		faeces	curator_escalation	curator escalation
PRJEB29143	SAMEA5753721	isolation_source		faeces	curator_escalation	curator escalation
PRJEB29143	SAMEA5753326	isolation_source		faeces	curator_escalation	curator escalation
PRJEB29143	SAMEA5753722	isolation_source		faeces	curator_escalation	curator escalation
PRJEB29143	SAMEA5753725	isolation_source		faeces	curator_escalation	curator escalation
PRJEB29143	SAMEA5753726	isolation_source		faeces	curator_escalation	curator escalation
PRJEB29143	SAMEA5753727	isolation_source		faeces	curator_escalation	curator escalation
PRJEB29143	SAMEA5753731	isolation_source		faeces	curator_escalation	curator escalation
PRJEB29143	SAMEA5753736	isolation_source		faeces	curator_escalation	curator escalation
PRJEB29143	SAMEA5753742	isolation_source		faeces	curator_escalation	curator escalation
PRJEB29143	SAMEA5753743	isolation_source		faeces	curator_escalation	curator escalation
PRJEB29143	SAMEA5753750	isolation_source		faeces	curator_escalation	curator escalation
PRJEB29143	SAMEA5753751	isolation_source		faeces	curator_escalation	curator escalation
PRJEB29143	SAMEA5753753	isolation_source		faeces	curator_escalation	curator escalation
PRJEB29143	SAMEA5753754	isolation_source		faeces	curator_escalation	curator escalation
PRJEB29143	SAMEA5753755	isolation_source		faeces	curator_escalation	curator escalation
PRJEB29143	SAMEA5753757	isolation_source		faeces	curator_escalation	curator escalation
PRJEB29143	SAMEA5753759	isolation_source		faeces	curator_escalation	curator escalation
PRJEB29143	SAMEA5753393	isolation_source		faeces	curator_escalation	curator escalation
PRJEB29143	SAMEA5753760	isolation_source		faeces	curator_escalation	curator escalation
PRJEB29143	SAMEA5753370	isolation_source		faeces	curator_escalation	curator escalation
PRJEB29143	SAMEA5753354	isolation_source		faeces	curator_escalation	curator escalation
PRJEB29143	SAMEA5753489	isolation_source		faeces	curator_escalation	curator escalation
PRJEB29143	SAMEA5753763	isolation_source		faeces	curator_escalation	curator escalation
PRJEB29143	SAMEA5753415	isolation_source		faeces	curator_escalation	curator escalation
PRJEB29143	SAMEA5753765	isolation_source		faeces	curator_escalation	curator escalation
PRJEB29143	SAMEA5753448	isolation_source		faeces	curator_escalation	curator escalation
PRJEB29143	SAMEA5753356	isolation_source		faeces	curator_escalation	curator escalation
PRJEB29143	SAMEA5753768	isolation_source		faeces	curator_escalation	curator escalation
PRJEB29143	SAMEA5753328	isolation_source		faeces	curator_escalation	curator escalation
PRJEB29143	SAMEA5753770	isolation_source		faeces	curator_escalation	curator escalation
PRJEB29143	SAMEA5753782	isolation_source		faeces	curator_escalation	curator escalation
PRJEB29143	SAMEA5753788	isolation_source		faeces	curator_escalation	curator escalation
PRJEB29143	SAMEA5753789	isolation_source		faeces	curator_escalation	curator escalation
PRJEB29143	SAMEA5753790	isolation_source		faeces	curator_escalation	curator escalation
PRJEB29143	SAMEA5753365	isolation_source		faeces	curator_escalation	curator escalation
PRJEB29143	SAMEA5753349	isolation_source		faeces	curator_escalation	curator escalation
PRJEB29143	SAMEA5753464	isolation_source		faeces	curator_escalation	curator escalation
PRJEB29143	SAMEA5753366	isolation_source		faeces	curator_escalation	curator escalation
PRJEB29143	SAMEA5753446	isolation_source		faeces	curator_escalation	curator escalation
PRJEB29143	SAMEA5753367	isolation_source		faeces	curator_escalation	curator escalation
PRJEB29143	SAMEA5753368	isolation_source		faeces	curator_escalation	curator escalation
PRJEB29143	SAMEA5753447	isolation_source		faeces	curator_escalation	curator escalation
PRJEB29143	SAMEA5753426	isolation_source		faeces	curator_escalation	curator escalation
PRJEB29143	SAMEA5753333	isolation_source		faeces	curator_escalation	curator escalation
PRJEB29143	SAMEA5753792	isolation_source		faeces	curator_escalation	curator escalation
PRJEB29143	SAMEA5753793	isolation_source		faeces	curator_escalation	curator escalation
PRJEB29143	SAMEA5753794	isolation_source		faeces	curator_escalation	curator escalation
PRJEB29143	SAMEA5753796	isolation_source		faeces	curator_escalation	curator escalation
PRJEB29143	SAMEA5753799	isolation_source		faeces	curator_escalation	curator escalation
PRJEB29143	SAMEA5753801	isolation_source		faeces	curator_escalation	curator escalation
PRJEB29143	SAMEA5753802	isolation_source		faeces	curator_escalation	curator escalation
PRJEB29143	SAMEA5753340	isolation_source		faeces	curator_escalation	curator escalation
PRJEB29143	SAMEA5753493	isolation_source		faeces	curator_escalation	curator escalation
PRJEB29143	SAMEA5753495	isolation_source		faeces	curator_escalation	curator escalation
PRJEB29143	SAMEA5753416	isolation_source		faeces	curator_escalation	curator escalation
PRJEB29143	SAMEA5753497	isolation_source		faeces	curator_escalation	curator escalation
PRJEB29143	SAMEA5753500	isolation_source		faeces	curator_escalation	curator escalation
PRJEB29143	SAMEA5753503	isolation_source		faeces	curator_escalation	curator escalation
PRJEB29143	SAMEA5753429	isolation_source		faeces	curator_escalation	curator escalation
PRJEB29143	SAMEA5753504	isolation_source		faeces	curator_escalation	curator escalation
PRJEB29143	SAMEA5753505	isolation_source		faeces	curator_escalation	curator escalation
PRJEB29143	SAMEA5753372	isolation_source		faeces	curator_escalation	curator escalation
PRJEB29143	SAMEA5753511	isolation_source		faeces	curator_escalation	curator escalation
PRJEB29143	SAMEA5753512	isolation_source		faeces	curator_escalation	curator escalation
PRJEB29143	SAMEA5753514	isolation_source		faeces	curator_escalation	curator escalation
PRJEB29143	SAMEA5753515	isolation_source		faeces	curator_escalation	curator escalation
PRJEB29143	SAMEA5753520	isolation_source		faeces	curator_escalation	curator escalation
PRJEB29143	SAMEA5753523	isolation_source		faeces	curator_escalation	curator escalation
PRJEB29143	SAMEA5753525	isolation_source		faeces	curator_escalation	curator escalation
PRJEB29143	SAMEA5753472	isolation_source		faeces	curator_escalation	curator escalation
PRJEB29143	SAMEA5753377	isolation_source		faeces	curator_escalation	curator escalation
PRJEB29143	SAMEA5753529	isolation_source		faeces	curator_escalation	curator escalation
PRJEB29143	SAMEA5753532	isolation_source		faeces	curator_escalation	curator escalation
PRJEB29143	SAMEA5753378	isolation_source		faeces	curator_escalation	curator escalation
PRJEB29143	SAMEA5753319	isolation_source		faeces	curator_escalation	curator escalation
PRJEB29143	SAMEA5753534	isolation_source		faeces	curator_escalation	curator escalation
PRJEB29143	SAMEA5753535	isolation_source		faeces	curator_escalation	curator escalation
PRJEB29143	SAMEA5753536	isolation_source		faeces	curator_escalation	curator escalation
PRJEB29143	SAMEA5753538	isolation_source		faeces	curator_escalation	curator escalation
PRJEB29143	SAMEA5753541	isolation_source		faeces	curator_escalation	curator escalation
PRJEB29143	SAMEA5753379	isolation_source		faeces	curator_escalation	curator escalation
PRJEB29143	SAMEA5753548	isolation_source		faeces	curator_escalation	curator escalation
PRJEB29143	SAMEA5753430	isolation_source		faeces	curator_escalation	curator escalation
PRJEB29143	SAMEA5753552	isolation_source		faeces	curator_escalation	curator escalation
PRJEB29143	SAMEA5753343	isolation_source		faeces	curator_escalation	curator escalation
PRJEB29143	SAMEA5753553	isolation_source		faeces	curator_escalation	curator escalation
PRJEB29143	SAMEA5753330	isolation_source		faeces	curator_escalation	curator escalation
PRJEB29143	SAMEA5753382	isolation_source		faeces	curator_escalation	curator escalation
PRJEB29143	SAMEA5753557	isolation_source		faeces	curator_escalation	curator escalation
PRJEB29143	SAMEA5753559	isolation_source		faeces	curator_escalation	curator escalation
PRJEB29143	SAMEA5753566	isolation_source		faeces	curator_escalation	curator escalation
PRJEB29143	SAMEA5753568	isolation_source		faeces	curator_escalation	curator escalation
PRJEB29143	SAMEA5753570	isolation_source		faeces	curator_escalation	curator escalation
PRJEB29143	SAMEA5753574	isolation_source		faeces	curator_escalation	curator escalation
PRJEB29143	SAMEA5753394	isolation_source		faeces	curator_escalation	curator escalation
PRJEB29143	SAMEA5753481	isolation_source		faeces	curator_escalation	curator escalation
PRJEB29143	SAMEA5753441	isolation_source		faeces	curator_escalation	curator escalation
PRJEB29143	SAMEA5753336	isolation_source		faeces	curator_escalation	curator escalation
PRJEB29143	SAMEA5753583	isolation_source		faeces	curator_escalation	curator escalation
PRJEB29143	SAMEA5753584	isolation_source		faeces	curator_escalation	curator escalation
PRJEB29143	SAMEA5753585	isolation_source		faeces	curator_escalation	curator escalation
PRJEB29143	SAMEA5753586	isolation_source		faeces	curator_escalation	curator escalation
PRJEB29143	SAMEA5753588	isolation_source		faeces	curator_escalation	curator escalation
PRJEB29143	SAMEA5753589	isolation_source		faeces	curator_escalation	curator escalation
PRJEB29143	SAMEA5753590	isolation_source		faeces	curator_escalation	curator escalation
PRJEB29143	SAMEA5753593	isolation_source		faeces	curator_escalation	curator escalation
PRJEB29143	SAMEA5753594	isolation_source		faeces	curator_escalation	curator escalation
PRJEB29143	SAMEA5753595	isolation_source		faeces	curator_escalation	curator escalation
PRJEB29143	SAMEA5753596	isolation_source		faeces	curator_escalation	curator escalation
PRJEB29143	SAMEA5753468	isolation_source		faeces	curator_escalation	curator escalation
PRJEB29143	SAMEA5753362	isolation_source		faeces	curator_escalation	curator escalation
PRJEB29143	SAMEA5753602	isolation_source		faeces	curator_escalation	curator escalation
PRJEB29143	SAMEA5753605	isolation_source		faeces	curator_escalation	curator escalation
PRJEB29143	SAMEA5753606	isolation_source		faeces	curator_escalation	curator escalation
PRJEB29143	SAMEA5753434	isolation_source		faeces	curator_escalation	curator escalation
PRJEB29143	SAMEA5753608	isolation_source		faeces	curator_escalation	curator escalation
PRJEB29143	SAMEA5753403	isolation_source		faeces	curator_escalation	curator escalation
PRJEB29143	SAMEA5753609	isolation_source		faeces	curator_escalation	curator escalation
PRJEB29143	SAMEA5753321	isolation_source		faeces	curator_escalation	curator escalation
PRJEB29143	SAMEA5753405	isolation_source		faeces	curator_escalation	curator escalation
PRJEB29143	SAMEA5753331	isolation_source		faeces	curator_escalation	curator escalation
PRJEB29143	SAMEA5753455	isolation_source		faeces	curator_escalation	curator escalation
PRJEB29143	SAMEA5753470	isolation_source		faeces	curator_escalation	curator escalation
PRJEB29143	SAMEA5753610	isolation_source		faeces	curator_escalation	curator escalation
PRJEB29143	SAMEA5753614	isolation_source		faeces	curator_escalation	curator escalation
PRJEB29143	SAMEA5753620	isolation_source		faeces	curator_escalation	curator escalation
PRJEB29143	SAMEA5753621	isolation_source		faeces	curator_escalation	curator escalation
PRJEB29143	SAMEA5753623	isolation_source		faeces	curator_escalation	curator escalation
PRJEB29143	SAMEA5753339	isolation_source		faeces	curator_escalation	curator escalation
PRJEB29143	SAMEA5753624	isolation_source		faeces	curator_escalation	curator escalation
PRJEB29143	SAMEA5753332	isolation_source		faeces	curator_escalation	curator escalation
PRJEB29143	SAMEA5753628	isolation_source		faeces	curator_escalation	curator escalation
PRJEB29143	SAMEA5753634	isolation_source		faeces	curator_escalation	curator escalation
PRJEB29143	SAMEA5753635	isolation_source		faeces	curator_escalation	curator escalation
PRJEB29143	SAMEA5753322	isolation_source		faeces	curator_escalation	curator escalation
PRJEB29143	SAMEA5753436	isolation_source		faeces	curator_escalation	curator escalation
PRJEB29143	SAMEA5753646	isolation_source		faeces	curator_escalation	curator escalation
PRJEB29143	SAMEA5753456	isolation_source		faeces	curator_escalation	curator escalation
PRJEB29143	SAMEA5753484	isolation_source		faeces	curator_escalation	curator escalation
PRJEB29143	SAMEA5753648	isolation_source		faeces	curator_escalation	curator escalation
PRJEB29143	SAMEA5753651	isolation_source		faeces	curator_escalation	curator escalation
PRJEB29143	SAMEA5753323	isolation_source		faeces	curator_escalation	curator escalation
PRJEB29143	SAMEA5753653	isolation_source		faeces	curator_escalation	curator escalation
PRJEB29143	SAMEA5753654	isolation_source		faeces	curator_escalation	curator escalation
PRJEB29143	SAMEA5753661	isolation_source		faeces	curator_escalation	curator escalation
PRJEB29143	SAMEA5753662	isolation_source		faeces	curator_escalation	curator escalation
PRJEB29143	SAMEA5753486	isolation_source		faeces	curator_escalation	curator escalation
PRJEB29143	SAMEA5753459	isolation_source		faeces	curator_escalation	curator escalation
PRJEB29143	SAMEA5753388	isolation_source		faeces	curator_escalation	curator escalation
PRJEB29143	SAMEA5753671	isolation_source		faeces	curator_escalation	curator escalation
PRJEB29143	SAMEA5753674	isolation_source		faeces	curator_escalation	curator escalation
PRJEB29143	SAMEA5753345	isolation_source		faeces	curator_escalation	curator escalation
PRJEB29143	SAMEA5753675	isolation_source		faeces	curator_escalation	curator escalation
PRJEB29143	SAMEA5753676	isolation_source		faeces	curator_escalation	curator escalation
PRJEB29143	SAMEA5753437	isolation_source		faeces	curator_escalation	curator escalation
PRJEB29143	SAMEA5753678	isolation_source		faeces	curator_escalation	curator escalation
PRJEB29143	SAMEA5753679	isolation_source		faeces	curator_escalation	curator escalation
PRJEB29143	SAMEA5753680	isolation_source		faeces	curator_escalation	curator escalation
PRJEB29143	SAMEA5753682	isolation_source		faeces	curator_escalation	curator escalation
PRJEB29143	SAMEA5753683	isolation_source		faeces	curator_escalation	curator escalation
PRJEB29143	SAMEA5753324	isolation_source		faeces	curator_escalation	curator escalation
PRJEB29143	SAMEA5753443	isolation_source		faeces	curator_escalation	curator escalation
PRJEB29143	SAMEA5753684	isolation_source		faeces	curator_escalation	curator escalation
PRJEB29143	SAMEA5753346	isolation_source		faeces	curator_escalation	curator escalation
PRJEB29143	SAMEA5753347	isolation_source		faeces	curator_escalation	curator escalation
PRJEB29143	SAMEA5753316	isolation_source		faeces	curator_escalation	curator escalation
PRJEB29143	SAMEA5753701	isolation_source		faeces	curator_escalation	curator escalation
PRJEB29143	SAMEA5753706	isolation_source		faeces	curator_escalation	curator escalation
PRJEB29143	SAMEA5753438	isolation_source		faeces	curator_escalation	curator escalation
PRJEB29143	SAMEA5753487	isolation_source		faeces	curator_escalation	curator escalation
PRJEB29143	SAMEA5753709	isolation_source		faeces	curator_escalation	curator escalation
PRJEB29143	SAMEA5753711	isolation_source		faeces	curator_escalation	curator escalation
PRJEB29143	SAMEA5753712	isolation_source		faeces	curator_escalation	curator escalation
PRJEB29143	SAMEA5753714	isolation_source		faeces	curator_escalation	curator escalation
PRJEB29143	SAMEA5753715	isolation_source		faeces	curator_escalation	curator escalation
PRJEB29143	SAMEA5753716	isolation_source		faeces	curator_escalation	curator escalation
PRJEB29143	SAMEA5753724	isolation_source		faeces	curator_escalation	curator escalation
PRJEB29143	SAMEA5753729	isolation_source		faeces	curator_escalation	curator escalation
PRJEB29143	SAMEA5753730	isolation_source		faeces	curator_escalation	curator escalation
PRJEB29143	SAMEA5753734	isolation_source		faeces	curator_escalation	curator escalation
PRJEB29143	SAMEA5753735	isolation_source		faeces	curator_escalation	curator escalation
PRJEB29143	SAMEA5753737	isolation_source		faeces	curator_escalation	curator escalation
PRJEB29143	SAMEA5753738	isolation_source		faeces	curator_escalation	curator escalation
PRJEB29143	SAMEA5753740	isolation_source		faeces	curator_escalation	curator escalation
PRJEB29143	SAMEA5753744	isolation_source		faeces	curator_escalation	curator escalation
PRJEB29143	SAMEA5753745	isolation_source		faeces	curator_escalation	curator escalation
PRJEB29143	SAMEA5753746	isolation_source		faeces	curator_escalation	curator escalation
PRJEB29143	SAMEA5753748	isolation_source		faeces	curator_escalation	curator escalation
PRJEB29143	SAMEA5753352	isolation_source		faeces	curator_escalation	curator escalation
PRJEB29143	SAMEA5753749	isolation_source		faeces	curator_escalation	curator escalation
PRJEB29143	SAMEA5753752	isolation_source		faeces	curator_escalation	curator escalation
PRJEB29143	SAMEA5753369	isolation_source		faeces	curator_escalation	curator escalation
PRJEB29143	SAMEA5753756	isolation_source		faeces	curator_escalation	curator escalation
PRJEB29143	SAMEA5753353	isolation_source		faeces	curator_escalation	curator escalation
PRJEB29143	SAMEA5753761	isolation_source		faeces	curator_escalation	curator escalation
PRJEB29143	SAMEA5753488	isolation_source		faeces	curator_escalation	curator escalation
PRJEB29143	SAMEA5753317	isolation_source		faeces	curator_escalation	curator escalation
PRJEB29143	SAMEA5753439	isolation_source		faeces	curator_escalation	curator escalation
PRJEB29143	SAMEA5753355	isolation_source		faeces	curator_escalation	curator escalation
PRJEB29143	SAMEA5753771	isolation_source		faeces	curator_escalation	curator escalation
PRJEB29143	SAMEA5753772	isolation_source		faeces	curator_escalation	curator escalation
PRJEB29143	SAMEA5753773	isolation_source		faeces	curator_escalation	curator escalation
PRJEB29143	SAMEA5753334	isolation_source		faeces	curator_escalation	curator escalation
PRJEB29143	SAMEA5753778	isolation_source		faeces	curator_escalation	curator escalation
PRJEB29143	SAMEA5753779	isolation_source		faeces	curator_escalation	curator escalation
PRJEB29143	SAMEA5753781	isolation_source		faeces	curator_escalation	curator escalation
PRJEB29143	SAMEA5753784	isolation_source		faeces	curator_escalation	curator escalation
PRJEB29143	SAMEA5753786	isolation_source		faeces	curator_escalation	curator escalation
PRJEB29143	SAMEA5753791	isolation_source		faeces	curator_escalation	curator escalation
PRJEB29143	SAMEA5753690	isolation_source		faeces	curator_escalation	curator escalation
PRJEB29143	SAMEA5753692	isolation_source		faeces	curator_escalation	curator escalation
PRJEB29143	SAMEA5753694	isolation_source		faeces	curator_escalation	curator escalation
PRJEB29143	SAMEA5753697	isolation_source		faeces	curator_escalation	curator escalation
PRJEB29143	SAMEA5753698	isolation_source		faeces	curator_escalation	curator escalation
PRJEB29143	SAMEA5753699	isolation_source		faeces	curator_escalation	curator escalation
PRJEB29143	SAMEA5753413	isolation_source		faeces	curator_escalation	curator escalation
PRJEB29143	SAMEA5753797	isolation_source		faeces	curator_escalation	curator escalation
PRJEB29143	SAMEA5753700	isolation_source		faeces	curator_escalation	curator escalation
PRJNA845975	SAMN29478275	isolation_source		blood	curator_escalation	curator escalation
PRJNA845975	SAMN29478273	isolation_source		blood	curator_escalation	curator escalation
PRJNA845975	SAMN29478270	isolation_source		blood	curator_escalation	curator escalation
PRJNA845975	SAMN29478269	isolation_source		blood	curator_escalation	curator escalation
PRJNA845975	SAMN29478268	isolation_source		blood	curator_escalation	curator escalation
PRJNA845975	SAMN29478267	isolation_source		blood	curator_escalation	curator escalation
PRJNA845975	SAMN29478260	isolation_source		blood	curator_escalation	curator escalation
PRJNA845975	SAMN29478257	isolation_source		blood	curator_escalation	curator escalation
PRJNA845975	SAMN29478256	isolation_source		blood	curator_escalation	curator escalation
PRJNA845975	SAMN29478253	isolation_source		blood	curator_escalation	curator escalation
PRJNA845975	SAMN29478252	isolation_source		blood	curator_escalation	curator escalation
PRJNA845975	SAMN29478251	isolation_source		blood	curator_escalation	curator escalation
PRJNA845975	SAMN29478250	isolation_source		blood	curator_escalation	curator escalation
PRJNA845975	SAMN29478244	isolation_source		blood	curator_escalation	curator escalation
PRJNA845975	SAMN29478242	isolation_source		blood	curator_escalation	curator escalation
PRJNA845975	SAMN29478233	isolation_source		blood	curator_escalation	curator escalation
PRJNA845975	SAMN29478220	isolation_source		blood	curator_escalation	curator escalation
PRJNA845975	SAMN28865923	isolation_source		blood	curator_escalation	curator escalation
PRJNA845975	SAMN28865922	isolation_source		blood	curator_escalation	curator escalation
PRJNA845975	SAMN28865920	isolation_source		blood	curator_escalation	curator escalation
PRJNA845975	SAMN28865917	isolation_source		blood	curator_escalation	curator escalation
PRJNA845975	SAMN28865938	isolation_source		blood	curator_escalation	curator escalation
PRJNA845975	SAMN28865933	isolation_source		blood	curator_escalation	curator escalation
PRJNA845975	SAMN28865928	isolation_source		blood	curator_escalation	curator escalation
PRJNA845975	SAMN28865927	isolation_source		blood	curator_escalation	curator escalation
PRJNA845975	SAMN28865925	isolation_source		blood	curator_escalation	curator escalation
PRJNA845975	SAMN28865924	isolation_source		blood	curator_escalation	curator escalation
PRJNA845975	SAMN28865915	isolation_source		blood	curator_escalation	curator escalation
PRJNA845975	SAMN28869256	isolation_source		blood	curator_escalation	curator escalation
PRJNA845975	SAMN28869237	isolation_source		blood	curator_escalation	curator escalation
PRJNA845975	SAMN28869252	isolation_source		blood	curator_escalation	curator escalation
PRJNA845975	SAMN28869251	isolation_source		blood	curator_escalation	curator escalation
PRJNA845975	SAMN28869250	isolation_source		blood	curator_escalation	curator escalation
PRJNA845975	SAMN28869248	isolation_source		blood	curator_escalation	curator escalation
PRJNA845975	SAMN28869247	isolation_source		blood	curator_escalation	curator escalation
PRJNA845975	SAMN28869245	isolation_source		blood	curator_escalation	curator escalation
PRJNA845975	SAMN28869236	isolation_source		blood	curator_escalation	curator escalation
PRJNA845975	SAMN28869235	isolation_source		blood	curator_escalation	curator escalation
PRJNA845975	SAMN28865919	isolation_source		blood	curator_escalation	curator escalation
PRJNA845975	SAMN28865918	isolation_source		blood	curator_escalation	curator escalation
PRJNA845975	SAMN28865937	isolation_source		blood	curator_escalation	curator escalation
PRJNA845975	SAMN28865936	isolation_source		blood	curator_escalation	curator escalation
PRJNA845975	SAMN28865934	isolation_source		blood	curator_escalation	curator escalation
PRJNA845975	SAMN28865932	isolation_source		blood	curator_escalation	curator escalation
PRJNA845975	SAMN28865930	isolation_source		blood	curator_escalation	curator escalation
PRJNA845975	SAMN28865929	isolation_source		blood	curator_escalation	curator escalation
PRJNA845975	SAMN28865926	isolation_source		blood	curator_escalation	curator escalation
PRJNA845975	SAMN28869244	isolation_source		blood	curator_escalation	curator escalation
PRJNA845975	SAMN28869242	isolation_source		blood	curator_escalation	curator escalation
PRJNA845975	SAMN28869241	isolation_source		blood	curator_escalation	curator escalation
PRJNA845975	SAMN28869240	isolation_source		blood	curator_escalation	curator escalation
PRJNA845975	SAMN28869259	isolation_source		blood	curator_escalation	curator escalation
PRJNA845975	SAMN28869254	isolation_source		blood	curator_escalation	curator escalation
PRJNA845975	SAMN29188101	isolation_source		blood	curator_escalation	curator escalation
PRJNA845975	SAMN29188100	isolation_source		blood	curator_escalation	curator escalation
PRJNA845975	SAMN29188099	isolation_source		blood	curator_escalation	curator escalation
PRJNA845975	SAMN29188088	isolation_source		blood	curator_escalation	curator escalation
PRJNA845975	SAMN29188087	isolation_source		blood	curator_escalation	curator escalation
PRJNA845975	SAMN29188023	isolation_source		blood	curator_escalation	curator escalation
PRJNA845975	SAMN29188073	isolation_source		blood	curator_escalation	curator escalation
PRJNA845975	SAMN29188071	isolation_source		blood	curator_escalation	curator escalation
PRJNA845975	SAMN29188343	isolation_source		blood	curator_escalation	curator escalation
PRJNA845975	SAMN29188342	isolation_source		blood	curator_escalation	curator escalation
PRJNA845975	SAMN29188340	isolation_source		blood	curator_escalation	curator escalation
PRJNA845975	SAMN29188328	isolation_source		blood	curator_escalation	curator escalation
PRJNA845975	SAMN29188324	isolation_source		blood	curator_escalation	curator escalation
PRJNA845975	SAMN29188322	isolation_source		blood	curator_escalation	curator escalation
PRJNA845975	SAMN29188319	isolation_source		blood	curator_escalation	curator escalation
PRJNA845975	SAMN29188371	isolation_source		blood	curator_escalation	curator escalation
PRJNA845975	SAMN29188369	isolation_source		blood	curator_escalation	curator escalation
PRJNA845975	SAMN29188368	isolation_source		blood	curator_escalation	curator escalation
PRJNA845975	SAMN29188367	isolation_source		blood	curator_escalation	curator escalation
PRJNA845975	SAMN29188365	isolation_source		blood	curator_escalation	curator escalation
PRJNA845975	SAMN29188364	isolation_source		blood	curator_escalation	curator escalation
PRJNA845975	SAMN29188363	isolation_source		blood	curator_escalation	curator escalation
PRJNA845975	SAMN29188357	isolation_source		blood	curator_escalation	curator escalation
PRJNA845975	SAMN29188355	isolation_source		blood	curator_escalation	curator escalation
PRJNA845975	SAMN29188351	isolation_source		blood	curator_escalation	curator escalation
PRJNA845975	SAMN29188350	isolation_source		blood	curator_escalation	curator escalation
PRJNA845975	SAMN29188049	isolation_source		blood	curator_escalation	curator escalation
PRJNA845975	SAMN29188215	isolation_source		blood	curator_escalation	curator escalation
PRJNA845975	SAMN29188211	isolation_source		blood	curator_escalation	curator escalation
PRJNA845975	SAMN29188204	isolation_source		blood	curator_escalation	curator escalation
PRJNA845975	SAMN29188192	isolation_source		blood	curator_escalation	curator escalation
PRJNA845975	SAMN29188021	isolation_source		blood	curator_escalation	curator escalation
PRJNA845975	SAMN29188064	isolation_source		blood	curator_escalation	curator escalation
PRJNA845975	SAMN29188056	isolation_source		blood	curator_escalation	curator escalation
PRJNA845975	SAMN29188387	isolation_source		blood	curator_escalation	curator escalation
PRJNA845975	SAMN29188379	isolation_source		blood	curator_escalation	curator escalation
PRJNA845975	SAMN29188277	isolation_source		blood	curator_escalation	curator escalation
PRJNA845975	SAMN29188042	isolation_source		blood	curator_escalation	curator escalation
PRJNA845975	SAMN29188274	isolation_source		blood	curator_escalation	curator escalation
PRJNA845975	SAMN29188268	isolation_source		blood	curator_escalation	curator escalation
PRJNA845975	SAMN29188267	isolation_source		blood	curator_escalation	curator escalation
PRJNA845975	SAMN29188266	isolation_source		blood	curator_escalation	curator escalation
PRJNA845975	SAMN29188262	isolation_source		blood	curator_escalation	curator escalation
PRJNA845975	SAMN29188261	isolation_source		blood	curator_escalation	curator escalation
PRJNA845975	SAMN29188260	isolation_source		blood	curator_escalation	curator escalation
PRJNA845975	SAMN29188259	isolation_source		blood	curator_escalation	curator escalation
PRJNA845975	SAMN29188258	isolation_source		blood	curator_escalation	curator escalation
PRJNA845975	SAMN29188253	isolation_source		blood	curator_escalation	curator escalation
PRJNA845975	SAMN29188250	isolation_source		blood	curator_escalation	curator escalation
PRJNA845975	SAMN29188249	isolation_source		blood	curator_escalation	curator escalation
PRJNA845975	SAMN29188248	isolation_source		blood	curator_escalation	curator escalation
PRJNA845975	SAMN29188178	isolation_source		blood	curator_escalation	curator escalation
PRJNA845975	SAMN29188168	isolation_source		blood	curator_escalation	curator escalation
PRJNA845975	SAMN29188167	isolation_source		blood	curator_escalation	curator escalation
PRJNA845975	SAMN29188162	isolation_source		blood	curator_escalation	curator escalation
PRJNA845975	SAMN29188161	isolation_source		blood	curator_escalation	curator escalation
PRJNA845975	SAMN29188158	isolation_source		blood	curator_escalation	curator escalation
PRJNA845975	SAMN29188157	isolation_source		blood	curator_escalation	curator escalation
PRJNA845975	SAMN29188030	isolation_source		blood	curator_escalation	curator escalation
PRJNA845975	SAMN29188154	isolation_source		blood	curator_escalation	curator escalation
PRJNA845975	SAMN29188152	isolation_source		blood	curator_escalation	curator escalation
PRJNA845975	SAMN29188151	isolation_source		blood	curator_escalation	curator escalation
PRJNA845975	SAMN29188150	isolation_source		blood	curator_escalation	curator escalation
PRJNA845975	SAMN29188039	isolation_source		blood	curator_escalation	curator escalation
PRJNA845975	SAMN29188243	isolation_source		blood	curator_escalation	curator escalation
PRJNA845975	SAMN29188242	isolation_source		blood	curator_escalation	curator escalation
PRJNA845975	SAMN29188238	isolation_source		blood	curator_escalation	curator escalation
PRJNA845975	SAMN29188229	isolation_source		blood	curator_escalation	curator escalation
PRJNA845975	SAMN29188227	isolation_source		blood	curator_escalation	curator escalation
PRJNA845975	SAMN29188037	isolation_source		blood	curator_escalation	curator escalation
PRJNA845975	SAMN29188224	isolation_source		blood	curator_escalation	curator escalation
PRJNA845975	SAMN29188147	isolation_source		blood	curator_escalation	curator escalation
PRJNA845975	SAMN29188140	isolation_source		blood	curator_escalation	curator escalation
PRJNA845975	SAMN29188137	isolation_source		blood	curator_escalation	curator escalation
PRJNA845975	SAMN29188028	isolation_source		blood	curator_escalation	curator escalation
PRJNA845975	SAMN29188128	isolation_source		blood	curator_escalation	curator escalation
PRJNA845975	SAMN29188127	isolation_source		blood	curator_escalation	curator escalation
PRJNA845975	SAMN29188027	isolation_source		blood	curator_escalation	curator escalation
PRJNA845975	SAMN29188125	isolation_source		blood	curator_escalation	curator escalation
PRJNA845975	SAMN29188124	isolation_source		blood	curator_escalation	curator escalation
PRJNA845975	SAMN29188122	isolation_source		blood	curator_escalation	curator escalation
PRJNA845975	SAMN29188121	isolation_source		blood	curator_escalation	curator escalation
PRJNA845975	SAMN29188120	isolation_source		blood	curator_escalation	curator escalation
PRJNA845975	SAMN29188117	isolation_source		blood	curator_escalation	curator escalation
PRJNA845975	SAMN29188111	isolation_source		blood	curator_escalation	curator escalation
PRJNA845975	SAMN29188109	isolation_source		blood	curator_escalation	curator escalation
PRJNA845975	SAMN29188103	isolation_source		blood	curator_escalation	curator escalation
PRJNA845975	SAMN29188307	isolation_source		blood	curator_escalation	curator escalation
PRJNA845975	SAMN29188045	isolation_source		blood	curator_escalation	curator escalation
PRJNA845975	SAMN29188290	isolation_source		blood	curator_escalation	curator escalation
PRJNA845975	SAMN29188289	isolation_source		blood	curator_escalation	curator escalation
PRJNA845975	SAMN29188288	isolation_source		blood	curator_escalation	curator escalation
PRJNA845975	SAMN29188285	isolation_source		blood	curator_escalation	curator escalation
PRJNA845975	SAMN29188283	isolation_source		blood	curator_escalation	curator escalation
PRJNA845975	SAMN29188281	isolation_source		blood	curator_escalation	curator escalation
PRJNA845975	SAMN29198871	isolation_source		blood	curator_escalation	curator escalation
PRJNA845975	SAMN29198870	isolation_source		blood	curator_escalation	curator escalation
PRJNA845975	SAMN29198867	isolation_source		blood	curator_escalation	curator escalation
PRJNA845975	SAMN29198849	isolation_source		blood	curator_escalation	curator escalation
PRJNA845975	SAMN29204925	isolation_source		blood	curator_escalation	curator escalation
PRJNA845975	SAMN29204923	isolation_source		blood	curator_escalation	curator escalation
PRJNA845975	SAMN29204920	isolation_source		blood	curator_escalation	curator escalation
PRJNA845975	SAMN29204955	isolation_source		blood	curator_escalation	curator escalation
PRJNA845975	SAMN29204947	isolation_source		blood	curator_escalation	curator escalation
PRJNA845975	SAMN29204945	isolation_source		blood	curator_escalation	curator escalation
PRJNA845975	SAMN29204943	isolation_source		blood	curator_escalation	curator escalation
PRJNA845975	SAMN29204941	isolation_source		blood	curator_escalation	curator escalation
PRJNA845975	SAMN29204936	isolation_source		blood	curator_escalation	curator escalation
PRJNA845975	SAMN29204934	isolation_source		blood	curator_escalation	curator escalation
PRJNA845975	SAMN29204933	isolation_source		blood	curator_escalation	curator escalation
PRJNA845975	SAMN29204928	isolation_source		blood	curator_escalation	curator escalation
PRJNA845975	SAMN28991439	isolation_source		blood	curator_escalation	curator escalation
PRJNA845975	SAMN28991434	isolation_source		blood	curator_escalation	curator escalation
PRJNA845975	SAMN29188086	isolation_source		blood	curator_escalation	curator escalation
PRJNA845975	SAMN29188085	isolation_source		blood	curator_escalation	curator escalation
PRJNA845975	SAMN29188078	isolation_source		blood	curator_escalation	curator escalation
PRJNA845975	SAMN29188075	isolation_source		blood	curator_escalation	curator escalation
PRJNA845975	SAMN29188074	isolation_source		blood	curator_escalation	curator escalation
PRJNA845975	SAMN29188341	isolation_source		blood	curator_escalation	curator escalation
PRJNA845975	SAMN29188327	isolation_source		blood	curator_escalation	curator escalation
PRJNA845975	SAMN29188321	isolation_source		blood	curator_escalation	curator escalation
PRJNA845975	SAMN29188318	isolation_source		blood	curator_escalation	curator escalation
PRJNA845975	SAMN29188316	isolation_source		blood	curator_escalation	curator escalation
PRJNA845975	SAMN29188046	isolation_source		blood	curator_escalation	curator escalation
PRJNA845975	SAMN29188314	isolation_source		blood	curator_escalation	curator escalation
PRJNA845975	SAMN29188313	isolation_source		blood	curator_escalation	curator escalation
PRJNA845975	SAMN29188312	isolation_source		blood	curator_escalation	curator escalation
PRJNA845975	SAMN29188373	isolation_source		blood	curator_escalation	curator escalation
PRJNA845975	SAMN29188051	isolation_source		blood	curator_escalation	curator escalation
PRJNA845975	SAMN29188362	isolation_source		blood	curator_escalation	curator escalation
PRJNA845975	SAMN29188359	isolation_source		blood	curator_escalation	curator escalation
PRJNA845975	SAMN29188358	isolation_source		blood	curator_escalation	curator escalation
PRJNA845975	SAMN29188356	isolation_source		blood	curator_escalation	curator escalation
PRJNA845975	SAMN29188352	isolation_source		blood	curator_escalation	curator escalation
PRJNA845975	SAMN29188207	isolation_source		blood	curator_escalation	curator escalation
PRJNA845975	SAMN29188197	isolation_source		blood	curator_escalation	curator escalation
PRJNA845975	SAMN29188196	isolation_source		blood	curator_escalation	curator escalation
PRJNA845975	SAMN29188068	isolation_source		blood	curator_escalation	curator escalation
PRJNA845975	SAMN29188066	isolation_source		blood	curator_escalation	curator escalation
PRJNA845975	SAMN29188065	isolation_source		blood	curator_escalation	curator escalation
PRJNA845975	SAMN29188062	isolation_source		blood	curator_escalation	curator escalation
PRJNA845975	SAMN29188061	isolation_source		blood	curator_escalation	curator escalation
PRJNA845975	SAMN29188059	isolation_source		blood	curator_escalation	curator escalation
PRJNA845975	SAMN29188055	isolation_source		blood	curator_escalation	curator escalation
PRJNA845975	SAMN29188264	isolation_source		blood	curator_escalation	curator escalation
PRJNA845975	SAMN29188263	isolation_source		blood	curator_escalation	curator escalation
PRJNA845975	SAMN29188257	isolation_source		blood	curator_escalation	curator escalation
PRJNA845975	SAMN29188247	isolation_source		blood	curator_escalation	curator escalation
PRJNA845975	SAMN29188180	isolation_source		blood	curator_escalation	curator escalation
PRJNA845975	SAMN29188177	isolation_source		blood	curator_escalation	curator escalation
PRJNA845975	SAMN29188172	isolation_source		blood	curator_escalation	curator escalation
PRJNA845975	SAMN29188170	isolation_source		blood	curator_escalation	curator escalation
PRJNA845975	SAMN29188165	isolation_source		blood	curator_escalation	curator escalation
PRJNA845975	SAMN29188159	isolation_source		blood	curator_escalation	curator escalation
PRJNA845975	SAMN29188155	isolation_source		blood	curator_escalation	curator escalation
PRJNA845975	SAMN29188240	isolation_source		blood	curator_escalation	curator escalation
PRJNA845975	SAMN29188038	isolation_source		blood	curator_escalation	curator escalation
PRJNA845975	SAMN29188233	isolation_source		blood	curator_escalation	curator escalation
PRJNA845975	SAMN29188225	isolation_source		blood	curator_escalation	curator escalation
PRJNA845975	SAMN29188220	isolation_source		blood	curator_escalation	curator escalation
PRJNA845975	SAMN29188148	isolation_source		blood	curator_escalation	curator escalation
PRJNA845975	SAMN29188029	isolation_source		blood	curator_escalation	curator escalation
PRJNA845975	SAMN29188142	isolation_source		blood	curator_escalation	curator escalation
PRJNA845975	SAMN29188139	isolation_source		blood	curator_escalation	curator escalation
PRJNA845975	SAMN29188138	isolation_source		blood	curator_escalation	curator escalation
PRJNA845975	SAMN29188134	isolation_source		blood	curator_escalation	curator escalation
PRJNA845975	SAMN29188132	isolation_source		blood	curator_escalation	curator escalation
PRJNA845975	SAMN29188119	isolation_source		blood	curator_escalation	curator escalation
PRJNA845975	SAMN29188118	isolation_source		blood	curator_escalation	curator escalation
PRJNA845975	SAMN29188112	isolation_source		blood	curator_escalation	curator escalation
PRJNA845975	SAMN29188107	isolation_source		blood	curator_escalation	curator escalation
PRJNA845975	SAMN29188105	isolation_source		blood	curator_escalation	curator escalation
PRJNA845975	SAMN29188308	isolation_source		blood	curator_escalation	curator escalation
PRJNA845975	SAMN29188305	isolation_source		blood	curator_escalation	curator escalation
PRJNA845975	SAMN29188302	isolation_source		blood	curator_escalation	curator escalation
PRJNA845975	SAMN29188297	isolation_source		blood	curator_escalation	curator escalation
PRJNA845975	SAMN29188044	isolation_source		blood	curator_escalation	curator escalation
PRJNA845975	SAMN29188295	isolation_source		blood	curator_escalation	curator escalation
PRJNA845975	SAMN29188293	isolation_source		blood	curator_escalation	curator escalation
PRJNA845975	SAMN29188292	isolation_source		blood	curator_escalation	curator escalation
PRJNA845975	SAMN29188291	isolation_source		blood	curator_escalation	curator escalation
PRJNA845975	SAMN29188284	isolation_source		blood	curator_escalation	curator escalation
PRJNA845975	SAMN29188026	isolation_source		blood	curator_escalation	curator escalation
PRJNA845975	SAMN29188016	isolation_source		blood	curator_escalation	curator escalation
PRJNA845975	SAMN29198852	isolation_source		blood	curator_escalation	curator escalation
PRJNA845975	SAMN29198872	isolation_source		blood	curator_escalation	curator escalation
PRJNA845975	SAMN29198869	isolation_source		blood	curator_escalation	curator escalation
PRJNA845975	SAMN29198865	isolation_source		blood	curator_escalation	curator escalation
PRJNA845975	SAMN29198862	isolation_source		blood	curator_escalation	curator escalation
PRJNA845975	SAMN29198858	isolation_source		blood	curator_escalation	curator escalation
PRJNA845975	SAMN28865921	isolation_source		blood	curator_escalation	curator escalation
PRJNA845975	SAMN28865935	isolation_source		blood	curator_escalation	curator escalation
PRJNA845975	SAMN28865916	isolation_source		blood	curator_escalation	curator escalation
PRJNA845975	SAMN28865931	isolation_source		blood	curator_escalation	curator escalation
PRJNA845975	SAMN28865914	isolation_source		blood	curator_escalation	curator escalation
PRJNA845975	SAMN28869243	isolation_source		blood	curator_escalation	curator escalation
PRJNA845975	SAMN28869239	isolation_source		blood	curator_escalation	curator escalation
PRJNA845975	SAMN28869258	isolation_source		blood	curator_escalation	curator escalation
PRJNA845975	SAMN28869257	isolation_source		blood	curator_escalation	curator escalation
PRJNA845975	SAMN28869255	isolation_source		blood	curator_escalation	curator escalation
PRJNA845975	SAMN28869253	isolation_source		blood	curator_escalation	curator escalation
PRJNA845975	SAMN28869249	isolation_source		blood	curator_escalation	curator escalation
PRJNA845975	SAMN28869246	isolation_source		blood	curator_escalation	curator escalation
PRJNA845975	SAMN28991441	isolation_source		blood	curator_escalation	curator escalation
PRJNA845975	SAMN28991438	isolation_source		blood	curator_escalation	curator escalation
PRJNA845975	SAMN28991437	isolation_source		blood	curator_escalation	curator escalation
PRJNA845975	SAMN28991436	isolation_source		blood	curator_escalation	curator escalation
PRJNA845975	SAMN28991435	isolation_source		blood	curator_escalation	curator escalation
PRJNA845975	SAMN29188097	isolation_source		blood	curator_escalation	curator escalation
PRJNA845975	SAMN29188096	isolation_source		blood	curator_escalation	curator escalation
PRJNA845975	SAMN29188024	isolation_source		blood	curator_escalation	curator escalation
PRJNA845975	SAMN29188095	isolation_source		blood	curator_escalation	curator escalation
PRJNA845975	SAMN29188094	isolation_source		blood	curator_escalation	curator escalation
PRJNA845975	SAMN29188093	isolation_source		blood	curator_escalation	curator escalation
PRJNA845975	SAMN29188092	isolation_source		blood	curator_escalation	curator escalation
PRJNA845975	SAMN29188091	isolation_source		blood	curator_escalation	curator escalation
PRJNA845975	SAMN29188090	isolation_source		blood	curator_escalation	curator escalation
PRJNA845975	SAMN29188089	isolation_source		blood	curator_escalation	curator escalation
PRJNA845975	SAMN29188084	isolation_source		blood	curator_escalation	curator escalation
PRJNA845975	SAMN29188083	isolation_source		blood	curator_escalation	curator escalation
PRJNA845975	SAMN29188082	isolation_source		blood	curator_escalation	curator escalation
PRJNA845975	SAMN29188081	isolation_source		blood	curator_escalation	curator escalation
PRJNA845975	SAMN29188077	isolation_source		blood	curator_escalation	curator escalation
PRJNA845975	SAMN29188076	isolation_source		blood	curator_escalation	curator escalation
PRJNA845975	SAMN29188022	isolation_source		blood	curator_escalation	curator escalation
PRJNA845975	SAMN29188070	isolation_source		blood	curator_escalation	curator escalation
PRJNA845975	SAMN29188069	isolation_source		blood	curator_escalation	curator escalation
PRJNA845975	SAMN29188339	isolation_source		blood	curator_escalation	curator escalation
PRJNA845975	SAMN29188338	isolation_source		blood	curator_escalation	curator escalation
PRJNA845975	SAMN29188337	isolation_source		blood	curator_escalation	curator escalation
PRJNA845975	SAMN29188048	isolation_source		blood	curator_escalation	curator escalation
PRJNA845975	SAMN29188335	isolation_source		blood	curator_escalation	curator escalation
PRJNA845975	SAMN29188334	isolation_source		blood	curator_escalation	curator escalation
PRJNA845975	SAMN29188333	isolation_source		blood	curator_escalation	curator escalation
PRJNA845975	SAMN29188330	isolation_source		blood	curator_escalation	curator escalation
PRJNA845975	SAMN29188326	isolation_source		blood	curator_escalation	curator escalation
PRJNA845975	SAMN29188325	isolation_source		blood	curator_escalation	curator escalation
PRJNA845975	SAMN29188323	isolation_source		blood	curator_escalation	curator escalation
PRJNA845975	SAMN29188019	isolation_source		blood	curator_escalation	curator escalation
PRJNA845975	SAMN29188372	isolation_source		blood	curator_escalation	curator escalation
PRJNA845975	SAMN29188370	isolation_source		blood	curator_escalation	curator escalation
PRJNA845975	SAMN29188366	isolation_source		blood	curator_escalation	curator escalation
PRJNA845975	SAMN29188360	isolation_source		blood	curator_escalation	curator escalation
PRJNA845975	SAMN29188050	isolation_source		blood	curator_escalation	curator escalation
PRJNA845975	SAMN29188354	isolation_source		blood	curator_escalation	curator escalation
PRJNA845975	SAMN29188349	isolation_source		blood	curator_escalation	curator escalation
PRJNA845975	SAMN29188346	isolation_source		blood	curator_escalation	curator escalation
PRJNA845975	SAMN29188345	isolation_source		blood	curator_escalation	curator escalation
PRJNA845975	SAMN29188344	isolation_source		blood	curator_escalation	curator escalation
PRJNA845975	SAMN29188212	isolation_source		blood	curator_escalation	curator escalation
PRJNA845975	SAMN29188210	isolation_source		blood	curator_escalation	curator escalation
PRJNA845975	SAMN29188208	isolation_source		blood	curator_escalation	curator escalation
PRJNA845975	SAMN29188206	isolation_source		blood	curator_escalation	curator escalation
PRJNA845975	SAMN29188035	isolation_source		blood	curator_escalation	curator escalation
PRJNA845975	SAMN29188203	isolation_source		blood	curator_escalation	curator escalation
PRJNA845975	SAMN29188202	isolation_source		blood	curator_escalation	curator escalation
PRJNA845975	SAMN29188201	isolation_source		blood	curator_escalation	curator escalation
PRJNA845975	SAMN29188188	isolation_source		blood	curator_escalation	curator escalation
PRJNA845975	SAMN29188187	isolation_source		blood	curator_escalation	curator escalation
PRJNA845975	SAMN29188184	isolation_source		blood	curator_escalation	curator escalation
PRJNA845975	SAMN29188067	isolation_source		blood	curator_escalation	curator escalation
PRJNA845975	SAMN29188063	isolation_source		blood	curator_escalation	curator escalation
PRJNA845975	SAMN29188058	isolation_source		blood	curator_escalation	curator escalation
PRJNA845975	SAMN29188020	isolation_source		blood	curator_escalation	curator escalation
PRJNA845975	SAMN29188389	isolation_source		blood	curator_escalation	curator escalation
PRJNA845975	SAMN29188386	isolation_source		blood	curator_escalation	curator escalation
PRJNA845975	SAMN29188383	isolation_source		blood	curator_escalation	curator escalation
PRJNA845975	SAMN29188381	isolation_source		blood	curator_escalation	curator escalation
PRJNA845975	SAMN29188378	isolation_source		blood	curator_escalation	curator escalation
PRJNA845975	SAMN29188377	isolation_source		blood	curator_escalation	curator escalation
PRJNA845975	SAMN29188376	isolation_source		blood	curator_escalation	curator escalation
PRJNA845975	SAMN29188052	isolation_source		blood	curator_escalation	curator escalation
PRJNA845975	SAMN29188375	isolation_source		blood	curator_escalation	curator escalation
PRJNA845975	SAMN29188273	isolation_source		blood	curator_escalation	curator escalation
PRJNA845975	SAMN29188272	isolation_source		blood	curator_escalation	curator escalation
PRJNA845975	SAMN29188270	isolation_source		blood	curator_escalation	curator escalation
PRJNA845975	SAMN29188255	isolation_source		blood	curator_escalation	curator escalation
PRJNA845975	SAMN29188252	isolation_source		blood	curator_escalation	curator escalation
PRJNA845975	SAMN29188251	isolation_source		blood	curator_escalation	curator escalation
PRJNA845975	SAMN29188181	isolation_source		blood	curator_escalation	curator escalation
PRJNA845975	SAMN29188179	isolation_source		blood	curator_escalation	curator escalation
PRJNA845975	SAMN29188176	isolation_source		blood	curator_escalation	curator escalation
PRJNA845975	SAMN29188032	isolation_source		blood	curator_escalation	curator escalation
PRJNA845975	SAMN29188175	isolation_source		blood	curator_escalation	curator escalation
PRJNA845975	SAMN29188174	isolation_source		blood	curator_escalation	curator escalation
PRJNA845975	SAMN29188173	isolation_source		blood	curator_escalation	curator escalation
PRJNA845975	SAMN29188169	isolation_source		blood	curator_escalation	curator escalation
PRJNA845975	SAMN29188166	isolation_source		blood	curator_escalation	curator escalation
PRJNA845975	SAMN29188031	isolation_source		blood	curator_escalation	curator escalation
PRJNA845975	SAMN29188164	isolation_source		blood	curator_escalation	curator escalation
PRJNA845975	SAMN29188163	isolation_source		blood	curator_escalation	curator escalation
PRJNA845975	SAMN29188160	isolation_source		blood	curator_escalation	curator escalation
PRJNA845975	SAMN29188156	isolation_source		blood	curator_escalation	curator escalation
PRJNA845975	SAMN29188153	isolation_source		blood	curator_escalation	curator escalation
PRJNA845975	SAMN29188245	isolation_source		blood	curator_escalation	curator escalation
PRJNA845975	SAMN29188244	isolation_source		blood	curator_escalation	curator escalation
PRJNA845975	SAMN29188241	isolation_source		blood	curator_escalation	curator escalation
PRJNA845975	SAMN29188239	isolation_source		blood	curator_escalation	curator escalation
PRJNA845975	SAMN29188237	isolation_source		blood	curator_escalation	curator escalation
PRJNA845975	SAMN29188236	isolation_source		blood	curator_escalation	curator escalation
PRJNA845975	SAMN29188235	isolation_source		blood	curator_escalation	curator escalation
PRJNA845975	SAMN29188232	isolation_source		blood	curator_escalation	curator escalation
PRJNA845975	SAMN29188231	isolation_source		blood	curator_escalation	curator escalation
PRJNA845975	SAMN29188230	isolation_source		blood	curator_escalation	curator escalation
PRJNA845975	SAMN29188228	isolation_source		blood	curator_escalation	curator escalation
PRJNA845975	SAMN29188223	isolation_source		blood	curator_escalation	curator escalation
PRJNA845975	SAMN29188222	isolation_source		blood	curator_escalation	curator escalation
PRJNA845975	SAMN29188221	isolation_source		blood	curator_escalation	curator escalation
PRJNA845975	SAMN29188218	isolation_source		blood	curator_escalation	curator escalation
PRJNA845975	SAMN29188217	isolation_source		blood	curator_escalation	curator escalation
PRJNA845975	SAMN29188036	isolation_source		blood	curator_escalation	curator escalation
PRJNA845975	SAMN29188146	isolation_source		blood	curator_escalation	curator escalation
PRJNA845975	SAMN29188145	isolation_source		blood	curator_escalation	curator escalation
PRJNA845975	SAMN29188136	isolation_source		blood	curator_escalation	curator escalation
PRJNA845975	SAMN29188135	isolation_source		blood	curator_escalation	curator escalation
PRJNA845975	SAMN29188131	isolation_source		blood	curator_escalation	curator escalation
PRJNA845975	SAMN29188126	isolation_source		blood	curator_escalation	curator escalation
PRJNA845975	SAMN29188123	isolation_source		blood	curator_escalation	curator escalation
PRJNA845975	SAMN29188115	isolation_source		blood	curator_escalation	curator escalation
PRJNA845975	SAMN29188114	isolation_source		blood	curator_escalation	curator escalation
PRJNA845975	SAMN29188113	isolation_source		blood	curator_escalation	curator escalation
PRJNA845975	SAMN29188110	isolation_source		blood	curator_escalation	curator escalation
PRJNA845975	SAMN29188108	isolation_source		blood	curator_escalation	curator escalation
PRJNA845975	SAMN29188106	isolation_source		blood	curator_escalation	curator escalation
PRJNA845975	SAMN29188104	isolation_source		blood	curator_escalation	curator escalation
PRJNA845975	SAMN29188102	isolation_source		blood	curator_escalation	curator escalation
PRJNA845975	SAMN29188310	isolation_source		blood	curator_escalation	curator escalation
PRJNA845975	SAMN29188309	isolation_source		blood	curator_escalation	curator escalation
PRJNA845975	SAMN29188304	isolation_source		blood	curator_escalation	curator escalation
PRJNA845975	SAMN29188303	isolation_source		blood	curator_escalation	curator escalation
PRJNA845975	SAMN29188300	isolation_source		blood	curator_escalation	curator escalation
PRJNA845975	SAMN29188299	isolation_source		blood	curator_escalation	curator escalation
PRJNA845975	SAMN29188298	isolation_source		blood	curator_escalation	curator escalation
PRJNA845975	SAMN29188296	isolation_source		blood	curator_escalation	curator escalation
PRJNA845975	SAMN29188287	isolation_source		blood	curator_escalation	curator escalation
PRJNA845975	SAMN29188286	isolation_source		blood	curator_escalation	curator escalation
PRJNA845975	SAMN29188282	isolation_source		blood	curator_escalation	curator escalation
PRJNA845975	SAMN29188280	isolation_source		blood	curator_escalation	curator escalation
PRJNA845975	SAMN29188116	isolation_source		blood	curator_escalation	curator escalation
PRJNA845975	SAMN29188017	isolation_source		blood	curator_escalation	curator escalation
PRJNA845975	SAMN29198856	isolation_source		blood	curator_escalation	curator escalation
PRJNA845975	SAMN29198854	isolation_source		blood	curator_escalation	curator escalation
PRJNA845975	SAMN29198868	isolation_source		blood	curator_escalation	curator escalation
PRJNA845975	SAMN29198864	isolation_source		blood	curator_escalation	curator escalation
PRJNA845975	SAMN29198863	isolation_source		blood	curator_escalation	curator escalation
PRJNA845975	SAMN29198857	isolation_source		blood	curator_escalation	curator escalation
PRJNA845975	SAMN29204922	isolation_source		blood	curator_escalation	curator escalation
PRJNA845975	SAMN29204954	isolation_source		blood	curator_escalation	curator escalation
PRJNA845975	SAMN29204953	isolation_source		blood	curator_escalation	curator escalation
PRJNA845975	SAMN29204952	isolation_source		blood	curator_escalation	curator escalation
PRJNA845975	SAMN29204951	isolation_source		blood	curator_escalation	curator escalation
PRJNA845975	SAMN29204950	isolation_source		blood	curator_escalation	curator escalation
PRJNA845975	SAMN29204949	isolation_source		blood	curator_escalation	curator escalation
PRJNA845975	SAMN29204948	isolation_source		blood	curator_escalation	curator escalation
PRJNA845975	SAMN29204946	isolation_source		blood	curator_escalation	curator escalation
PRJNA845975	SAMN29204919	isolation_source		blood	curator_escalation	curator escalation
PRJNA845975	SAMN29204944	isolation_source		blood	curator_escalation	curator escalation
PRJNA845975	SAMN29204938	isolation_source		blood	curator_escalation	curator escalation
PRJNA845975	SAMN29204918	isolation_source		blood	curator_escalation	curator escalation
PRJNA845975	SAMN29204935	isolation_source		blood	curator_escalation	curator escalation
PRJNA845975	SAMN29204932	isolation_source		blood	curator_escalation	curator escalation
PRJNA845975	SAMN29204931	isolation_source		blood	curator_escalation	curator escalation
PRJNA845975	SAMN29204930	isolation_source		blood	curator_escalation	curator escalation
PRJNA845975	SAMN29204926	isolation_source		blood	curator_escalation	curator escalation
PRJNA845975	SAMN29204916	isolation_source		blood	curator_escalation	curator escalation
PRJNA845975	SAMN28991440	isolation_source		blood	curator_escalation	curator escalation
PRJNA845975	SAMN28991443	isolation_source		blood	curator_escalation	curator escalation
PRJNA845975	SAMN29188098	isolation_source		blood	curator_escalation	curator escalation
PRJNA845975	SAMN29188080	isolation_source		blood	curator_escalation	curator escalation
PRJNA845975	SAMN29188332	isolation_source		blood	curator_escalation	curator escalation
PRJNA845975	SAMN29188329	isolation_source		blood	curator_escalation	curator escalation
PRJNA845975	SAMN29188047	isolation_source		blood	curator_escalation	curator escalation
PRJNA845975	SAMN29188347	isolation_source		blood	curator_escalation	curator escalation
PRJNA845975	SAMN29188214	isolation_source		blood	curator_escalation	curator escalation
PRJNA845975	SAMN29188213	isolation_source		blood	curator_escalation	curator escalation
PRJNA845975	SAMN29188209	isolation_source		blood	curator_escalation	curator escalation
PRJNA845975	SAMN29188194	isolation_source		blood	curator_escalation	curator escalation
PRJNA845975	SAMN29188193	isolation_source		blood	curator_escalation	curator escalation
PRJNA845975	SAMN29188191	isolation_source		blood	curator_escalation	curator escalation
PRJNA845975	SAMN29188190	isolation_source		blood	curator_escalation	curator escalation
PRJNA845975	SAMN29188186	isolation_source		blood	curator_escalation	curator escalation
PRJNA845975	SAMN29188033	isolation_source		blood	curator_escalation	curator escalation
PRJNA845975	SAMN29188183	isolation_source		blood	curator_escalation	curator escalation
PRJNA845975	SAMN29188060	isolation_source		blood	curator_escalation	curator escalation
PRJNA845975	SAMN29188057	isolation_source		blood	curator_escalation	curator escalation
PRJNA845975	SAMN29188054	isolation_source		blood	curator_escalation	curator escalation
PRJNA845975	SAMN29188388	isolation_source		blood	curator_escalation	curator escalation
PRJNA845975	SAMN29188053	isolation_source		blood	curator_escalation	curator escalation
PRJNA845975	SAMN29188385	isolation_source		blood	curator_escalation	curator escalation
PRJNA845975	SAMN29188380	isolation_source		blood	curator_escalation	curator escalation
PRJNA845975	SAMN29188374	isolation_source		blood	curator_escalation	curator escalation
PRJNA845975	SAMN29188278	isolation_source		blood	curator_escalation	curator escalation
PRJNA845975	SAMN29188276	isolation_source		blood	curator_escalation	curator escalation
PRJNA845975	SAMN29188275	isolation_source		blood	curator_escalation	curator escalation
PRJNA845975	SAMN29188271	isolation_source		blood	curator_escalation	curator escalation
PRJNA845975	SAMN29188269	isolation_source		blood	curator_escalation	curator escalation
PRJNA845975	SAMN29188041	isolation_source		blood	curator_escalation	curator escalation
PRJNA845975	SAMN29188265	isolation_source		blood	curator_escalation	curator escalation
PRJNA845975	SAMN29188256	isolation_source		blood	curator_escalation	curator escalation
PRJNA845975	SAMN29188040	isolation_source		blood	curator_escalation	curator escalation
PRJNA845975	SAMN29188254	isolation_source		blood	curator_escalation	curator escalation
PRJNA845975	SAMN29188182	isolation_source		blood	curator_escalation	curator escalation
PRJNA845975	SAMN29188246	isolation_source		blood	curator_escalation	curator escalation
PRJNA845975	SAMN29188171	isolation_source		blood	curator_escalation	curator escalation
PRJNA845975	SAMN29188234	isolation_source		blood	curator_escalation	curator escalation
PRJNA845975	SAMN29188143	isolation_source		blood	curator_escalation	curator escalation
PRJNA845975	SAMN29188141	isolation_source		blood	curator_escalation	curator escalation
PRJNA845975	SAMN29188129	isolation_source		blood	curator_escalation	curator escalation
PRJNA845975	SAMN29188025	isolation_source		blood	curator_escalation	curator escalation
PRJNA845975	SAMN29188294	isolation_source		blood	curator_escalation	curator escalation
PRJNA845975	SAMN29188043	isolation_source		blood	curator_escalation	curator escalation
PRJNA845975	SAMN29198853	isolation_source		blood	curator_escalation	curator escalation
PRJNA845975	SAMN29198851	isolation_source		blood	curator_escalation	curator escalation
PRJNA845975	SAMN29198860	isolation_source		blood	curator_escalation	curator escalation
PRJNA845975	SAMN29198848	isolation_source		blood	curator_escalation	curator escalation
PRJNA845975	SAMN29204924	isolation_source		blood	curator_escalation	curator escalation
PRJNA845975	SAMN29204921	isolation_source		blood	curator_escalation	curator escalation
PRJNA845975	SAMN29204957	isolation_source		blood	curator_escalation	curator escalation
PRJNA845975	SAMN29204956	isolation_source		blood	curator_escalation	curator escalation
PRJNA845975	SAMN29204942	isolation_source		blood	curator_escalation	curator escalation
PRJNA845975	SAMN29204940	isolation_source		blood	curator_escalation	curator escalation
PRJNA845975	SAMN29204939	isolation_source		blood	curator_escalation	curator escalation
PRJNA845975	SAMN29204937	isolation_source		blood	curator_escalation	curator escalation
PRJNA845975	SAMN29204929	isolation_source		blood	curator_escalation	curator escalation
PRJNA845975	SAMN29204927	isolation_source		blood	curator_escalation	curator escalation
PRJNA845975	SAMN29204917	isolation_source		blood	curator_escalation	curator escalation
PRJNA845975	SAMN29478228	isolation_source		blood	curator_escalation	curator escalation
PRJNA845975	SAMN29478227	isolation_source		blood	curator_escalation	curator escalation
PRJNA845975	SAMN29478281	isolation_source		blood	curator_escalation	curator escalation
PRJNA845975	SAMN29478226	isolation_source		blood	curator_escalation	curator escalation
PRJNA845975	SAMN29478279	isolation_source		blood	curator_escalation	curator escalation
PRJNA845975	SAMN29478278	isolation_source		blood	curator_escalation	curator escalation
PRJNA845975	SAMN29478276	isolation_source		blood	curator_escalation	curator escalation
PRJNA845975	SAMN29478274	isolation_source		blood	curator_escalation	curator escalation
PRJNA845975	SAMN29478225	isolation_source		blood	curator_escalation	curator escalation
PRJNA845975	SAMN29478263	isolation_source		blood	curator_escalation	curator escalation
PRJNA845975	SAMN29478261	isolation_source		blood	curator_escalation	curator escalation
PRJNA845975	SAMN29478224	isolation_source		blood	curator_escalation	curator escalation
PRJNA845975	SAMN29478259	isolation_source		blood	curator_escalation	curator escalation
PRJNA845975	SAMN29478258	isolation_source		blood	curator_escalation	curator escalation
PRJNA845975	SAMN29478223	isolation_source		blood	curator_escalation	curator escalation
PRJNA845975	SAMN29478249	isolation_source		blood	curator_escalation	curator escalation
PRJNA845975	SAMN29478248	isolation_source		blood	curator_escalation	curator escalation
PRJNA845975	SAMN29478245	isolation_source		blood	curator_escalation	curator escalation
PRJNA845975	SAMN29478243	isolation_source		blood	curator_escalation	curator escalation
PRJNA845975	SAMN29478240	isolation_source		blood	curator_escalation	curator escalation
PRJNA845975	SAMN29478237	isolation_source		blood	curator_escalation	curator escalation
PRJNA845975	SAMN29478234	isolation_source		blood	curator_escalation	curator escalation
PRJNA845975	SAMN29478232	isolation_source		blood	curator_escalation	curator escalation
PRJNA845975	SAMN29478230	isolation_source		blood	curator_escalation	curator escalation
PRJNA845975	SAMN28991442	isolation_source		blood	curator_escalation	curator escalation
PRJNA845975	SAMN29188079	isolation_source		blood	curator_escalation	curator escalation
PRJNA845975	SAMN29188072	isolation_source		blood	curator_escalation	curator escalation
PRJNA845975	SAMN29188336	isolation_source		blood	curator_escalation	curator escalation
PRJNA845975	SAMN29188331	isolation_source		blood	curator_escalation	curator escalation
PRJNA845975	SAMN29188320	isolation_source		blood	curator_escalation	curator escalation
PRJNA845975	SAMN29188317	isolation_source		blood	curator_escalation	curator escalation
PRJNA845975	SAMN29188315	isolation_source		blood	curator_escalation	curator escalation
PRJNA845975	SAMN29188361	isolation_source		blood	curator_escalation	curator escalation
PRJNA845975	SAMN29188353	isolation_source		blood	curator_escalation	curator escalation
PRJNA845975	SAMN29188348	isolation_source		blood	curator_escalation	curator escalation
PRJNA845975	SAMN29188205	isolation_source		blood	curator_escalation	curator escalation
PRJNA845975	SAMN29188200	isolation_source		blood	curator_escalation	curator escalation
PRJNA845975	SAMN29188199	isolation_source		blood	curator_escalation	curator escalation
PRJNA845975	SAMN29188198	isolation_source		blood	curator_escalation	curator escalation
PRJNA845975	SAMN29188034	isolation_source		blood	curator_escalation	curator escalation
PRJNA845975	SAMN29188195	isolation_source		blood	curator_escalation	curator escalation
PRJNA845975	SAMN29188189	isolation_source		blood	curator_escalation	curator escalation
PRJNA845975	SAMN29188185	isolation_source		blood	curator_escalation	curator escalation
PRJNA845975	SAMN29188384	isolation_source		blood	curator_escalation	curator escalation
PRJNA845975	SAMN29188382	isolation_source		blood	curator_escalation	curator escalation
PRJNA845975	SAMN29188226	isolation_source		blood	curator_escalation	curator escalation
PRJNA845975	SAMN29188219	isolation_source		blood	curator_escalation	curator escalation
PRJNA845975	SAMN29188216	isolation_source		blood	curator_escalation	curator escalation
PRJNA845975	SAMN29188018	isolation_source		blood	curator_escalation	curator escalation
PRJNA845975	SAMN29188149	isolation_source		blood	curator_escalation	curator escalation
PRJNA845975	SAMN29188144	isolation_source		blood	curator_escalation	curator escalation
PRJNA845975	SAMN29188133	isolation_source		blood	curator_escalation	curator escalation
PRJNA845975	SAMN29188130	isolation_source		blood	curator_escalation	curator escalation
PRJNA845975	SAMN29188311	isolation_source		blood	curator_escalation	curator escalation
PRJNA845975	SAMN29188301	isolation_source		blood	curator_escalation	curator escalation
PRJNA845975	SAMN29188279	isolation_source		blood	curator_escalation	curator escalation
PRJNA845975	SAMN29198850	isolation_source		blood	curator_escalation	curator escalation
PRJNA845975	SAMN29198866	isolation_source		blood	curator_escalation	curator escalation
PRJNA845975	SAMN29198861	isolation_source		blood	curator_escalation	curator escalation
PRJNA845975	SAMN29198847	isolation_source		blood	curator_escalation	curator escalation
PRJNA845975	SAMN29478229	isolation_source		blood	curator_escalation	curator escalation
PRJNA845975	SAMN29478282	isolation_source		blood	curator_escalation	curator escalation
PRJNA845975	SAMN29478280	isolation_source		blood	curator_escalation	curator escalation
PRJNA845975	SAMN29478277	isolation_source		blood	curator_escalation	curator escalation
PRJNA845975	SAMN29478272	isolation_source		blood	curator_escalation	curator escalation
PRJNA845975	SAMN29478271	isolation_source		blood	curator_escalation	curator escalation
PRJNA845975	SAMN29478266	isolation_source		blood	curator_escalation	curator escalation
PRJNA845975	SAMN29478265	isolation_source		blood	curator_escalation	curator escalation
PRJNA845975	SAMN29478264	isolation_source		blood	curator_escalation	curator escalation
PRJNA845975	SAMN29478262	isolation_source		blood	curator_escalation	curator escalation
PRJNA845975	SAMN29478255	isolation_source		blood	curator_escalation	curator escalation
PRJNA845975	SAMN29478254	isolation_source		blood	curator_escalation	curator escalation
PRJNA845975	SAMN29478247	isolation_source		blood	curator_escalation	curator escalation
PRJNA845975	SAMN29478246	isolation_source		blood	curator_escalation	curator escalation
PRJNA845975	SAMN29478241	isolation_source		blood	curator_escalation	curator escalation
PRJNA845975	SAMN29478222	isolation_source		blood	curator_escalation	curator escalation
PRJNA845975	SAMN29478239	isolation_source		blood	curator_escalation	curator escalation
PRJNA845975	SAMN29478238	isolation_source		blood	curator_escalation	curator escalation
PRJNA845975	SAMN29478236	isolation_source		blood	curator_escalation	curator escalation
PRJNA845975	SAMN29478235	isolation_source		blood	curator_escalation	curator escalation
PRJNA845975	SAMN29478231	isolation_source		blood	curator_escalation	curator escalation
PRJNA845975	SAMN29478221	isolation_source		blood	curator_escalation	curator escalation
PRJNA845975	SAMN28991433	isolation_source		blood	curator_escalation	curator escalation
PRJNA845975	SAMN29188306	isolation_source		blood	curator_escalation	curator escalation
PRJNA845975	SAMN29198855	isolation_source		blood	curator_escalation	curator escalation
PRJNA845975	SAMN29198859	isolation_source		blood	curator_escalation	curator escalation
PRJEB1563	SAMEA1963719	isolation_source		blood	curator_escalation	curator escalation
PRJEB1563	SAMEA1966849	isolation_source		blood	curator_escalation	curator escalation
PRJEB1563	SAMEA1967154	isolation_source		blood	curator_escalation	curator escalation
PRJEB1563	SAMEA1967166	isolation_source		blood	curator_escalation	curator escalation
PRJEB1563	SAMEA1969271	isolation_source		blood	curator_escalation	curator escalation
PRJEB1563	SAMEA1969365	isolation_source		blood	curator_escalation	curator escalation
PRJEB1563	SAMEA1969544	isolation_source		blood	curator_escalation	curator escalation
PRJEB1563	SAMEA1971266	isolation_source		blood	curator_escalation	curator escalation
PRJEB1563	SAMEA1971312	isolation_source		blood	curator_escalation	curator escalation
PRJEB1563	SAMEA1971714	isolation_source		blood	curator_escalation	curator escalation
PRJEB1563	SAMEA1972857	isolation_source		blood	curator_escalation	curator escalation
PRJEB1563	SAMEA1972983	isolation_source		blood	curator_escalation	curator escalation
PRJEB1563	SAMEA1973242	isolation_source		blood	curator_escalation	curator escalation
PRJEB1563	SAMEA2050894	isolation_source		blood	curator_escalation	curator escalation
PRJEB1563	SAMEA2050895	isolation_source		blood	curator_escalation	curator escalation
PRJEB1563	SAMEA2050896	isolation_source		blood	curator_escalation	curator escalation
PRJEB1563	SAMEA2050897	isolation_source		blood	curator_escalation	curator escalation
PRJEB1563	SAMEA2050898	isolation_source		blood	curator_escalation	curator escalation
PRJEB1563	SAMEA2050899	isolation_source		blood	curator_escalation	curator escalation
PRJEB1563	SAMEA2050900	isolation_source		blood	curator_escalation	curator escalation
PRJEB1563	SAMEA2050901	isolation_source		blood	curator_escalation	curator escalation
PRJEB1563	SAMEA2050902	isolation_source		blood	curator_escalation	curator escalation
PRJEB1563	SAMEA2050903	isolation_source		blood	curator_escalation	curator escalation
PRJEB1563	SAMEA2050904	isolation_source		blood	curator_escalation	curator escalation
PRJEB1563	SAMEA2050905	isolation_source		blood	curator_escalation	curator escalation
PRJEB1563	SAMEA2050906	isolation_source		blood	curator_escalation	curator escalation
PRJEB1563	SAMEA2050907	isolation_source		blood	curator_escalation	curator escalation
PRJEB1563	SAMEA2050908	isolation_source		blood	curator_escalation	curator escalation
PRJEB1563	SAMEA2050909	isolation_source		blood	curator_escalation	curator escalation
PRJEB1563	SAMEA2050910	isolation_source		blood	curator_escalation	curator escalation
PRJEB1563	SAMEA2050911	isolation_source		blood	curator_escalation	curator escalation
PRJEB1563	SAMEA2050912	isolation_source		blood	curator_escalation	curator escalation
PRJEB1563	SAMEA2050913	isolation_source		blood	curator_escalation	curator escalation
PRJEB1563	SAMEA2051023	isolation_source		blood	curator_escalation	curator escalation
PRJEB1563	SAMEA2051024	isolation_source		blood	curator_escalation	curator escalation
PRJEB1563	SAMEA2051025	isolation_source		blood	curator_escalation	curator escalation
PRJEB1563	SAMEA2051026	isolation_source		blood	curator_escalation	curator escalation
PRJEB1563	SAMEA2051027	isolation_source		blood	curator_escalation	curator escalation
PRJEB1563	SAMEA2051028	isolation_source		blood	curator_escalation	curator escalation
PRJEB1563	SAMEA2051029	isolation_source		blood	curator_escalation	curator escalation
PRJEB1563	SAMEA2051471	isolation_source		blood	curator_escalation	curator escalation
PRJEB1563	SAMEA2051472	isolation_source		blood	curator_escalation	curator escalation
PRJEB1563	SAMEA2051473	isolation_source		blood	curator_escalation	curator escalation
PRJEB1563	SAMEA2051474	isolation_source		blood	curator_escalation	curator escalation
PRJEB1563	SAMEA2051475	isolation_source		blood	curator_escalation	curator escalation
PRJEB1563	SAMEA2051476	isolation_source		blood	curator_escalation	curator escalation
PRJEB1563	SAMEA2051477	isolation_source		blood	curator_escalation	curator escalation
PRJEB1563	SAMEA2051568	isolation_source		blood	curator_escalation	curator escalation
PRJEB1563	SAMEA2051569	isolation_source		blood	curator_escalation	curator escalation
PRJEB1563	SAMEA2051570	isolation_source		blood	curator_escalation	curator escalation
PRJEB1563	SAMEA2051571	isolation_source		blood	curator_escalation	curator escalation
PRJEB1563	SAMEA2051572	isolation_source		blood	curator_escalation	curator escalation
PRJEB1563	SAMEA2051573	isolation_source		blood	curator_escalation	curator escalation
PRJEB1563	SAMEA2051574	isolation_source		blood	curator_escalation	curator escalation
PRJEB1563	SAMEA2051575	isolation_source		blood	curator_escalation	curator escalation
PRJEB1563	SAMEA2051576	isolation_source		blood	curator_escalation	curator escalation
PRJEB1563	SAMEA2051577	isolation_source		blood	curator_escalation	curator escalation
PRJEB1563	SAMEA2051578	isolation_source		blood	curator_escalation	curator escalation
PRJEB1563	SAMEA2051579	isolation_source		blood	curator_escalation	curator escalation
PRJEB1563	SAMEA2051580	isolation_source		blood	curator_escalation	curator escalation
PRJEB1563	SAMEA2051581	isolation_source		blood	curator_escalation	curator escalation
PRJEB1563	SAMEA2051582	isolation_source		blood	curator_escalation	curator escalation
PRJEB1563	SAMEA2051583	isolation_source		blood	curator_escalation	curator escalation
PRJEB1563	SAMEA2051584	isolation_source		blood	curator_escalation	curator escalation
PRJEB1563	SAMEA2051585	isolation_source		blood	curator_escalation	curator escalation
PRJEB1563	SAMEA2051586	isolation_source		blood	curator_escalation	curator escalation
PRJEB1563	SAMEA2051587	isolation_source		blood	curator_escalation	curator escalation
PRJEB1563	SAMEA2051588	isolation_source		blood	curator_escalation	curator escalation
PRJEB1563	SAMEA2051589	isolation_source		blood	curator_escalation	curator escalation
PRJEB1563	SAMEA2051590	isolation_source		blood	curator_escalation	curator escalation
PRJEB1563	SAMEA2051591	isolation_source		blood	curator_escalation	curator escalation
PRJEB1563	SAMEA2052925	isolation_source		blood	curator_escalation	curator escalation
PRJEB1563	SAMEA2052926	isolation_source		blood	curator_escalation	curator escalation
PRJEB1563	SAMEA2052927	isolation_source		blood	curator_escalation	curator escalation
PRJEB1563	SAMEA2052928	isolation_source		blood	curator_escalation	curator escalation
PRJEB1563	SAMEA2052929	isolation_source		blood	curator_escalation	curator escalation
PRJEB1563	SAMEA2052930	isolation_source		blood	curator_escalation	curator escalation
PRJEB1563	SAMEA2052931	isolation_source		blood	curator_escalation	curator escalation
PRJEB1563	SAMEA2053001	isolation_source		blood	curator_escalation	curator escalation
PRJEB1563	SAMEA2053002	isolation_source		blood	curator_escalation	curator escalation
PRJEB1563	SAMEA2053003	isolation_source		blood	curator_escalation	curator escalation
PRJEB1563	SAMEA2053004	isolation_source		blood	curator_escalation	curator escalation
PRJEB1563	SAMEA2053005	isolation_source		blood	curator_escalation	curator escalation
PRJEB1563	SAMEA2053006	isolation_source		blood	curator_escalation	curator escalation
PRJEB1563	SAMEA2053007	isolation_source		blood	curator_escalation	curator escalation
PRJEB1563	SAMEA2053008	isolation_source		blood	curator_escalation	curator escalation
PRJEB1563	SAMEA2053009	isolation_source		blood	curator_escalation	curator escalation
PRJEB1563	SAMEA2053010	isolation_source		blood	curator_escalation	curator escalation
PRJEB1563	SAMEA2053011	isolation_source		blood	curator_escalation	curator escalation
PRJEB1563	SAMEA2053012	isolation_source		blood	curator_escalation	curator escalation
PRJEB1563	SAMEA2053013	isolation_source		blood	curator_escalation	curator escalation
PRJEB1563	SAMEA2053014	isolation_source		blood	curator_escalation	curator escalation
PRJEB1563	SAMEA2053015	isolation_source		blood	curator_escalation	curator escalation
PRJEB1563	SAMEA2053016	isolation_source		blood	curator_escalation	curator escalation
PRJEB1563	SAMEA2053017	isolation_source		blood	curator_escalation	curator escalation
PRJEB1563	SAMEA2053018	isolation_source		blood	curator_escalation	curator escalation
PRJEB1563	SAMEA2053019	isolation_source		blood	curator_escalation	curator escalation
PRJEB1563	SAMEA2053020	isolation_source		blood	curator_escalation	curator escalation
PRJEB1563	SAMEA2053021	isolation_source		blood	curator_escalation	curator escalation
PRJEB1563	SAMEA2053772	isolation_source		blood	curator_escalation	curator escalation
PRJEB1563	SAMEA2053773	isolation_source		blood	curator_escalation	curator escalation
PRJEB1563	SAMEA2053774	isolation_source		blood	curator_escalation	curator escalation
PRJEB1563	SAMEA2053775	isolation_source		blood	curator_escalation	curator escalation
PRJEB1563	SAMEA2053776	isolation_source		blood	curator_escalation	curator escalation
PRJEB1563	SAMEA2053829	isolation_source		blood	curator_escalation	curator escalation
PRJEB1563	SAMEA2053830	isolation_source		blood	curator_escalation	curator escalation
PRJEB1563	SAMEA2053831	isolation_source		blood	curator_escalation	curator escalation
PRJEB1563	SAMEA2053832	isolation_source		blood	curator_escalation	curator escalation
PRJEB1563	SAMEA2053833	isolation_source		blood	curator_escalation	curator escalation
PRJEB1563	SAMEA2053834	isolation_source		blood	curator_escalation	curator escalation
PRJEB1563	SAMEA2053835	isolation_source		blood	curator_escalation	curator escalation
PRJEB1563	SAMEA2053836	isolation_source		blood	curator_escalation	curator escalation
PRJEB1563	SAMEA2053837	isolation_source		blood	curator_escalation	curator escalation
PRJEB1563	SAMEA2053838	isolation_source		blood	curator_escalation	curator escalation
PRJEB1563	SAMEA2053839	isolation_source		blood	curator_escalation	curator escalation
PRJEB1563	SAMEA2053840	isolation_source		blood	curator_escalation	curator escalation
PRJEB1563	SAMEA2053841	isolation_source		blood	curator_escalation	curator escalation
PRJEB1563	SAMEA2053842	isolation_source		blood	curator_escalation	curator escalation
PRJEB1563	SAMEA2053843	isolation_source		blood	curator_escalation	curator escalation
PRJEB1563	SAMEA2053844	isolation_source		blood	curator_escalation	curator escalation
PRJEB1563	SAMEA2053845	isolation_source		blood	curator_escalation	curator escalation
PRJEB1563	SAMEA2053846	isolation_source		blood	curator_escalation	curator escalation
PRJEB1563	SAMEA2053847	isolation_source		blood	curator_escalation	curator escalation
PRJEB1563	SAMEA2053848	isolation_source		blood	curator_escalation	curator escalation
PRJEB1563	SAMEA2053849	isolation_source		blood	curator_escalation	curator escalation
PRJEB1563	SAMEA2053850	isolation_source		blood	curator_escalation	curator escalation
PRJEB1563	SAMEA2053851	isolation_source		blood	curator_escalation	curator escalation
PRJEB1563	SAMEA2053852	isolation_source		blood	curator_escalation	curator escalation
PRJEB1563	SAMEA2053853	isolation_source		blood	curator_escalation	curator escalation
PRJEB1563	SAMEA2053909	isolation_source		blood	curator_escalation	curator escalation
PRJEB1563	SAMEA2053910	isolation_source		blood	curator_escalation	curator escalation
PRJEB1563	SAMEA2053911	isolation_source		blood	curator_escalation	curator escalation
PRJEB1563	SAMEA2053912	isolation_source		blood	curator_escalation	curator escalation
PRJEB1563	SAMEA2053913	isolation_source		blood	curator_escalation	curator escalation
PRJEB1563	SAMEA2053914	isolation_source		blood	curator_escalation	curator escalation
PRJEB1563	SAMEA2053915	isolation_source		blood	curator_escalation	curator escalation
PRJEB1563	SAMEA2053916	isolation_source		blood	curator_escalation	curator escalation
PRJEB1563	SAMEA2053917	isolation_source		blood	curator_escalation	curator escalation
PRJEB1563	SAMEA2053918	isolation_source		blood	curator_escalation	curator escalation
PRJEB1563	SAMEA2053919	isolation_source		blood	curator_escalation	curator escalation
PRJEB1563	SAMEA2053920	isolation_source		blood	curator_escalation	curator escalation
PRJEB1563	SAMEA2053921	isolation_source		blood	curator_escalation	curator escalation
PRJEB1563	SAMEA2053922	isolation_source		blood	curator_escalation	curator escalation
PRJEB1563	SAMEA2053923	isolation_source		blood	curator_escalation	curator escalation
PRJEB1563	SAMEA2053924	isolation_source		blood	curator_escalation	curator escalation
PRJEB1563	SAMEA2053925	isolation_source		blood	curator_escalation	curator escalation
PRJEB1563	SAMEA2053926	isolation_source		blood	curator_escalation	curator escalation
PRJEB1563	SAMEA2053927	isolation_source		blood	curator_escalation	curator escalation
PRJEB1563	SAMEA2053928	isolation_source		blood	curator_escalation	curator escalation
PRJEB1563	SAMEA2053929	isolation_source		blood	curator_escalation	curator escalation
PRJEB1563	SAMEA2053930	isolation_source		blood	curator_escalation	curator escalation
PRJEB1563	SAMEA2053931	isolation_source		blood	curator_escalation	curator escalation
PRJEB1563	SAMEA2053932	isolation_source		blood	curator_escalation	curator escalation
PRJEB1563	SAMEA2053933	isolation_source		blood	curator_escalation	curator escalation
PRJEB1563	SAMEA2054002	isolation_source		blood	curator_escalation	curator escalation
PRJEB1563	SAMEA2054003	isolation_source		blood	curator_escalation	curator escalation
PRJEB1563	SAMEA2054004	isolation_source		blood	curator_escalation	curator escalation
PRJEB1563	SAMEA2054005	isolation_source		blood	curator_escalation	curator escalation
PRJEB1563	SAMEA2054006	isolation_source		blood	curator_escalation	curator escalation
PRJEB1563	SAMEA2054007	isolation_source		blood	curator_escalation	curator escalation
PRJEB1563	SAMEA2054545	isolation_source		blood	curator_escalation	curator escalation
PRJEB1563	SAMEA2054546	isolation_source		blood	curator_escalation	curator escalation
PRJEB1563	SAMEA2054547	isolation_source		blood	curator_escalation	curator escalation
PRJEB1563	SAMEA2054548	isolation_source		blood	curator_escalation	curator escalation
PRJEB1563	SAMEA2054549	isolation_source		blood	curator_escalation	curator escalation
PRJEB1563	SAMEA2054550	isolation_source		blood	curator_escalation	curator escalation
PRJEB1563	SAMEA2054551	isolation_source		blood	curator_escalation	curator escalation
PRJEB1563	SAMEA2054552	isolation_source		blood	curator_escalation	curator escalation
PRJEB1563	SAMEA2054553	isolation_source		blood	curator_escalation	curator escalation
PRJEB1563	SAMEA2054554	isolation_source		blood	curator_escalation	curator escalation
PRJEB1563	SAMEA2054555	isolation_source		blood	curator_escalation	curator escalation
PRJEB1563	SAMEA2054613	isolation_source		blood	curator_escalation	curator escalation
PRJEB1563	SAMEA2054614	isolation_source		blood	curator_escalation	curator escalation
PRJEB1563	SAMEA2054615	isolation_source		blood	curator_escalation	curator escalation
PRJEB1563	SAMEA2054616	isolation_source		blood	curator_escalation	curator escalation
PRJEB1563	SAMEA2054617	isolation_source		blood	curator_escalation	curator escalation
PRJEB1563	SAMEA2054618	isolation_source		blood	curator_escalation	curator escalation
PRJEB1563	SAMEA2054619	isolation_source		blood	curator_escalation	curator escalation
PRJEB1563	SAMEA2054620	isolation_source		blood	curator_escalation	curator escalation
PRJEB1563	SAMEA2054621	isolation_source		blood	curator_escalation	curator escalation
PRJEB1563	SAMEA2054622	isolation_source		blood	curator_escalation	curator escalation
PRJEB1563	SAMEA2054623	isolation_source		blood	curator_escalation	curator escalation
PRJEB1563	SAMEA2054624	isolation_source		blood	curator_escalation	curator escalation
PRJEB1563	SAMEA2054625	isolation_source		blood	curator_escalation	curator escalation
PRJEB1563	SAMEA2054626	isolation_source		blood	curator_escalation	curator escalation
PRJEB1563	SAMEA2054627	isolation_source		blood	curator_escalation	curator escalation
PRJEB1563	SAMEA2054628	isolation_source		blood	curator_escalation	curator escalation
PRJEB1563	SAMEA2054629	isolation_source		blood	curator_escalation	curator escalation
PRJEB1563	SAMEA2054630	isolation_source		blood	curator_escalation	curator escalation
PRJEB1563	SAMEA2054631	isolation_source		blood	curator_escalation	curator escalation
PRJEB1563	SAMEA2072461	isolation_source		blood	curator_escalation	curator escalation
PRJEB1563	SAMEA2072462	isolation_source		blood	curator_escalation	curator escalation
PRJEB1563	SAMEA2072666	isolation_source		blood	curator_escalation	curator escalation
PRJEB1563	SAMEA2072667	isolation_source		blood	curator_escalation	curator escalation
PRJEB1563	SAMEA2072668	isolation_source		blood	curator_escalation	curator escalation
PRJEB1563	SAMEA2072669	isolation_source		blood	curator_escalation	curator escalation
PRJEB1563	SAMEA2072706	isolation_source		blood	curator_escalation	curator escalation
PRJEB1563	SAMEA2072707	isolation_source		blood	curator_escalation	curator escalation
PRJEB42462	SAMEA10330359	isolation_source		blood	curator_escalation	curator escalation
PRJEB42462	SAMEA10330636	isolation_source		blood	curator_escalation	curator escalation
PRJEB42462	SAMEA10330719	isolation_source		blood	curator_escalation	curator escalation
PRJEB42462	SAMEA10331217	isolation_source		blood	curator_escalation	curator escalation
PRJEB42462	SAMEA10330946	isolation_source		blood	curator_escalation	curator escalation
PRJEB42462	SAMEA10330826	isolation_source		blood	curator_escalation	curator escalation
PRJEB42462	SAMEA10330619	isolation_source		blood	curator_escalation	curator escalation
PRJEB42462	SAMEA10330423	isolation_source		blood	curator_escalation	curator escalation
PRJEB42462	SAMEA10330681	isolation_source		blood	curator_escalation	curator escalation
PRJEB42462	SAMEA10330116	isolation_source		blood	curator_escalation	curator escalation
PRJEB42462	SAMEA10330841	isolation_source		blood	curator_escalation	curator escalation
PRJEB42462	SAMEA10330994	isolation_source		blood	curator_escalation	curator escalation
PRJEB42462	SAMEA10330524	isolation_source		blood	curator_escalation	curator escalation
PRJEB42462	SAMEA10330700	isolation_source		blood	curator_escalation	curator escalation
PRJEB42462	SAMEA10330337	isolation_source		blood	curator_escalation	curator escalation
PRJEB42462	SAMEA10330828	isolation_source		blood	curator_escalation	curator escalation
PRJEB42462	SAMEA10331237	isolation_source		blood	curator_escalation	curator escalation
PRJEB42462	SAMEA10330348	isolation_source		blood	curator_escalation	curator escalation
PRJEB42462	SAMEA10330445	isolation_source		blood	curator_escalation	curator escalation
PRJEB42462	SAMEA10331370	isolation_source		blood	curator_escalation	curator escalation
PRJEB42462	SAMEA10331024	isolation_source		blood	curator_escalation	curator escalation
PRJEB42462	SAMEA10330861	isolation_source		blood	curator_escalation	curator escalation
PRJEB42462	SAMEA10330461	isolation_source		blood	curator_escalation	curator escalation
PRJEB42462	SAMEA10330534	isolation_source		blood	curator_escalation	curator escalation
PRJEB42462	SAMEA10330155	isolation_source		blood	curator_escalation	curator escalation
PRJEB42462	SAMEA10330591	isolation_source		blood	curator_escalation	curator escalation
PRJEB42462	SAMEA10330412	isolation_source		blood	curator_escalation	curator escalation
PRJEB42462	SAMEA10331300	isolation_source		blood	curator_escalation	curator escalation
PRJEB42462	SAMEA10330114	isolation_source		blood	curator_escalation	curator escalation
PRJEB42462	SAMEA10330766	isolation_source		blood	curator_escalation	curator escalation
PRJEB42462	SAMEA10330571	isolation_source		blood	curator_escalation	curator escalation
PRJEB42462	SAMEA10330191	isolation_source		blood	curator_escalation	curator escalation
PRJEB42462	SAMEA10331258	isolation_source		blood	curator_escalation	curator escalation
PRJEB42462	SAMEA10330153	isolation_source		blood	curator_escalation	curator escalation
PRJEB42462	SAMEA10330834	isolation_source		blood	curator_escalation	curator escalation
PRJEB42462	SAMEA10331178	isolation_source		blood	curator_escalation	curator escalation
PRJEB42462	SAMEA10330260	isolation_source		blood	curator_escalation	curator escalation
PRJEB42462	SAMEA10330075	isolation_source		blood	curator_escalation	curator escalation
PRJEB42462	SAMEA10331235	isolation_source		blood	curator_escalation	curator escalation
PRJEB42462	SAMEA10330577	isolation_source		blood	curator_escalation	curator escalation
PRJEB42462	SAMEA10330498	isolation_source		blood	curator_escalation	curator escalation
PRJEB42462	SAMEA10330130	isolation_source		blood	curator_escalation	curator escalation
PRJEB42462	SAMEA10331019	isolation_source		blood	curator_escalation	curator escalation
PRJEB42462	SAMEA10330786	isolation_source		blood	curator_escalation	curator escalation
PRJEB42462	SAMEA10330397	isolation_source		blood	curator_escalation	curator escalation
PRJEB42462	SAMEA10331153	isolation_source		blood	curator_escalation	curator escalation
PRJEB42462	SAMEA10330753	isolation_source		blood	curator_escalation	curator escalation
PRJEB42462	SAMEA10331007	isolation_source		blood	curator_escalation	curator escalation
PRJEB42462	SAMEA10330890	isolation_source		blood	curator_escalation	curator escalation
PRJEB42462	SAMEA10331357	isolation_source		blood	curator_escalation	curator escalation
PRJEB42462	SAMEA10331135	isolation_source		blood	curator_escalation	curator escalation
PRJEB42462	SAMEA10330597	isolation_source		blood	curator_escalation	curator escalation
PRJEB42462	SAMEA10330160	isolation_source		blood	curator_escalation	curator escalation
PRJNA1087366	SAMN40441770	isolation_source		blood	curator_escalation	curator escalation
PRJNA1087366	SAMN40441705	isolation_source		blood	curator_escalation	curator escalation
PRJEB42462	SAMEA10330390	isolation_source		blood	curator_escalation	curator escalation
PRJEB42462	SAMEA10331367	isolation_source		blood	curator_escalation	curator escalation
PRJEB42462	SAMEA10331053	isolation_source		blood	curator_escalation	curator escalation
PRJEB42462	SAMEA10330603	isolation_source		blood	curator_escalation	curator escalation
PRJEB42462	SAMEA10331275	isolation_source		blood	curator_escalation	curator escalation
PRJEB42462	SAMEA10330714	isolation_source		blood	curator_escalation	curator escalation
PRJEB42462	SAMEA10330086	isolation_source		blood	curator_escalation	curator escalation
PRJEB42462	SAMEA10331190	isolation_source		blood	curator_escalation	curator escalation
PRJEB42462	SAMEA10330843	isolation_source		blood	curator_escalation	curator escalation
PRJEB42462	SAMEA10331230	isolation_source		blood	curator_escalation	curator escalation
PRJEB42462	SAMEA10330687	isolation_source		blood	curator_escalation	curator escalation
PRJEB42462	SAMEA10331122	isolation_source		blood	curator_escalation	curator escalation
PRJEB42462	SAMEA10330317	isolation_source		blood	curator_escalation	curator escalation
PRJEB42462	SAMEA10330770	isolation_source		blood	curator_escalation	curator escalation
PRJEB42462	SAMEA10330063	isolation_source		blood	curator_escalation	curator escalation
PRJEB42462	SAMEA10330801	isolation_source		blood	curator_escalation	curator escalation
PRJEB42462	SAMEA10330551	isolation_source		blood	curator_escalation	curator escalation
PRJEB42462	SAMEA10330256	isolation_source		blood	curator_escalation	curator escalation
PRJNA1087366	SAMN40441707	isolation_source		blood	curator_escalation	curator escalation
PRJEB42462	SAMEA10330510	isolation_source		blood	curator_escalation	curator escalation
PRJEB42462	SAMEA10331337	isolation_source		blood	curator_escalation	curator escalation
PRJEB42462	SAMEA10330142	isolation_source		blood	curator_escalation	curator escalation
PRJEB42462	SAMEA10330628	isolation_source		blood	curator_escalation	curator escalation
PRJEB42462	SAMEA10330769	isolation_source		blood	curator_escalation	curator escalation
PRJEB42462	SAMEA10330141	isolation_source		blood	curator_escalation	curator escalation
PRJEB42462	SAMEA10330172	isolation_source		blood	curator_escalation	curator escalation
PRJEB42462	SAMEA10330411	isolation_source		blood	curator_escalation	curator escalation
PRJEB42462	SAMEA10330689	isolation_source		blood	curator_escalation	curator escalation
PRJEB42462	SAMEA10330939	isolation_source		blood	curator_escalation	curator escalation
PRJEB42462	SAMEA10330816	isolation_source		blood	curator_escalation	curator escalation
PRJEB42462	SAMEA10331072	isolation_source		blood	curator_escalation	curator escalation
PRJEB42462	SAMEA10330128	isolation_source		blood	curator_escalation	curator escalation
PRJEB42462	SAMEA10330630	isolation_source		blood	curator_escalation	curator escalation
PRJEB42462	SAMEA10330662	isolation_source		blood	curator_escalation	curator escalation
PRJEB42462	SAMEA10330546	isolation_source		blood	curator_escalation	curator escalation
PRJEB42462	SAMEA10330124	isolation_source		blood	curator_escalation	curator escalation
PRJEB42462	SAMEA10330748	isolation_source		blood	curator_escalation	curator escalation
PRJEB42462	SAMEA10330401	isolation_source		blood	curator_escalation	curator escalation
PRJEB42462	SAMEA10331145	isolation_source		blood	curator_escalation	curator escalation
PRJEB42462	SAMEA10330338	isolation_source		blood	curator_escalation	curator escalation
PRJEB42462	SAMEA10330352	isolation_source		blood	curator_escalation	curator escalation
PRJEB42462	SAMEA10330688	isolation_source		blood	curator_escalation	curator escalation
PRJNA1087366	SAMN40441776	isolation_source		blood	curator_escalation	curator escalation
PRJEB42462	SAMEA10330761	isolation_source		blood	curator_escalation	curator escalation
PRJEB42462	SAMEA10330871	isolation_source		blood	curator_escalation	curator escalation
PRJNA1087366	SAMN40441718	isolation_source		blood	curator_escalation	curator escalation
PRJEB42462	SAMEA10331038	isolation_source		blood	curator_escalation	curator escalation
PRJEB42462	SAMEA10330407	isolation_source		blood	curator_escalation	curator escalation
PRJEB42462	SAMEA10331050	isolation_source		blood	curator_escalation	curator escalation
PRJEB42462	SAMEA10330575	isolation_source		blood	curator_escalation	curator escalation
PRJEB42462	SAMEA10330676	isolation_source		blood	curator_escalation	curator escalation
PRJNA1087366	SAMN40441769	isolation_source		blood	curator_escalation	curator escalation
PRJEB42462	SAMEA10330408	isolation_source		blood	curator_escalation	curator escalation
PRJEB42462	SAMEA10330640	isolation_source		blood	curator_escalation	curator escalation
PRJEB42462	SAMEA10330383	isolation_source		blood	curator_escalation	curator escalation
PRJEB42462	SAMEA10331151	isolation_source		blood	curator_escalation	curator escalation
PRJEB42462	SAMEA10331270	isolation_source		blood	curator_escalation	curator escalation
PRJEB42462	SAMEA10330911	isolation_source		blood	curator_escalation	curator escalation
PRJEB42462	SAMEA10330203	isolation_source		blood	curator_escalation	curator escalation
PRJEB42462	SAMEA10330744	isolation_source		blood	curator_escalation	curator escalation
PRJEB42462	SAMEA10331322	isolation_source		blood	curator_escalation	curator escalation
PRJEB42462	SAMEA10330817	isolation_source		blood	curator_escalation	curator escalation
PRJEB42462	SAMEA10330915	isolation_source		blood	curator_escalation	curator escalation
PRJEB42462	SAMEA10330837	isolation_source		blood	curator_escalation	curator escalation
PRJEB42462	SAMEA10330806	isolation_source		blood	curator_escalation	curator escalation
PRJEB42462	SAMEA10330746	isolation_source		blood	curator_escalation	curator escalation
PRJEB42462	SAMEA10330413	isolation_source		blood	curator_escalation	curator escalation
PRJEB42462	SAMEA10331311	isolation_source		blood	curator_escalation	curator escalation
PRJEB42462	SAMEA10330673	isolation_source		blood	curator_escalation	curator escalation
PRJEB42462	SAMEA10330716	isolation_source		blood	curator_escalation	curator escalation
PRJEB42462	SAMEA10331386	isolation_source		blood	curator_escalation	curator escalation
PRJNA1087366	SAMN40441662	isolation_source		blood	curator_escalation	curator escalation
PRJEB42462	SAMEA10330949	isolation_source		blood	curator_escalation	curator escalation
PRJEB42462	SAMEA10330106	isolation_source		blood	curator_escalation	curator escalation
PRJEB42462	SAMEA10330309	isolation_source		blood	curator_escalation	curator escalation
PRJEB42462	SAMEA10330582	isolation_source		blood	curator_escalation	curator escalation
PRJEB42462	SAMEA10330963	isolation_source		blood	curator_escalation	curator escalation
PRJEB42462	SAMEA10330752	isolation_source		blood	curator_escalation	curator escalation
PRJEB42462	SAMEA10330629	isolation_source		blood	curator_escalation	curator escalation
PRJEB42462	SAMEA10331353	isolation_source		blood	curator_escalation	curator escalation
PRJEB42462	SAMEA10330373	isolation_source		blood	curator_escalation	curator escalation
PRJEB42462	SAMEA10330165	isolation_source		blood	curator_escalation	curator escalation
PRJEB42462	SAMEA10331044	isolation_source		blood	curator_escalation	curator escalation
PRJEB42462	SAMEA10330297	isolation_source		blood	curator_escalation	curator escalation
PRJEB42462	SAMEA10330428	isolation_source		blood	curator_escalation	curator escalation
PRJNA1087366	SAMN40441687	isolation_source		blood	curator_escalation	curator escalation
PRJNA1087366	SAMN40441759	isolation_source		blood	curator_escalation	curator escalation
PRJEB42462	SAMEA10331020	isolation_source		blood	curator_escalation	curator escalation
PRJEB42462	SAMEA10330121	isolation_source		blood	curator_escalation	curator escalation
PRJEB42462	SAMEA10330350	isolation_source		blood	curator_escalation	curator escalation
PRJEB42462	SAMEA10330733	isolation_source		blood	curator_escalation	curator escalation
PRJEB42462	SAMEA10330306	isolation_source		blood	curator_escalation	curator escalation
PRJEB42462	SAMEA10330282	isolation_source		blood	curator_escalation	curator escalation
PRJEB42462	SAMEA10330477	isolation_source		blood	curator_escalation	curator escalation
PRJEB42462	SAMEA10331036	isolation_source		blood	curator_escalation	curator escalation
PRJEB42462	SAMEA10330707	isolation_source		blood	curator_escalation	curator escalation
PRJEB42462	SAMEA10330099	isolation_source		blood	curator_escalation	curator escalation
PRJEB42462	SAMEA10330479	isolation_source		blood	curator_escalation	curator escalation
PRJEB42462	SAMEA10330609	isolation_source		blood	curator_escalation	curator escalation
PRJEB42462	SAMEA10331180	isolation_source		blood	curator_escalation	curator escalation
PRJEB42462	SAMEA10330922	isolation_source		blood	curator_escalation	curator escalation
PRJEB42462	SAMEA10330592	isolation_source		blood	curator_escalation	curator escalation
PRJEB42462	SAMEA10330723	isolation_source		blood	curator_escalation	curator escalation
PRJEB42462	SAMEA10330670	isolation_source		blood	curator_escalation	curator escalation
PRJEB42462	SAMEA10331260	isolation_source		blood	curator_escalation	curator escalation
PRJEB42462	SAMEA10331391	isolation_source		blood	curator_escalation	curator escalation
PRJEB42462	SAMEA10331109	isolation_source		blood	curator_escalation	curator escalation
PRJEB42462	SAMEA10330904	isolation_source		blood	curator_escalation	curator escalation
PRJEB42462	SAMEA10330434	isolation_source		blood	curator_escalation	curator escalation
PRJEB42462	SAMEA10330321	isolation_source		blood	curator_escalation	curator escalation
PRJEB42462	SAMEA10330815	isolation_source		blood	curator_escalation	curator escalation
PRJEB42462	SAMEA10330720	isolation_source		blood	curator_escalation	curator escalation
PRJEB42462	SAMEA10330696	isolation_source		blood	curator_escalation	curator escalation
PRJEB42462	SAMEA10330450	isolation_source		blood	curator_escalation	curator escalation
PRJNA1087366	SAMN40441672	isolation_source		blood	curator_escalation	curator escalation
PRJEB42462	SAMEA10331338	isolation_source		blood	curator_escalation	curator escalation
PRJEB42462	SAMEA10331250	isolation_source		blood	curator_escalation	curator escalation
PRJEB42462	SAMEA10331266	isolation_source		blood	curator_escalation	curator escalation
PRJEB42462	SAMEA10331376	isolation_source		blood	curator_escalation	curator escalation
PRJEB42462	SAMEA10331071	isolation_source		blood	curator_escalation	curator escalation
PRJEB42462	SAMEA10330098	isolation_source		blood	curator_escalation	curator escalation
PRJEB42462	SAMEA10330232	isolation_source		blood	curator_escalation	curator escalation
PRJEB42462	SAMEA10330392	isolation_source		blood	curator_escalation	curator escalation
PRJEB42462	SAMEA10330497	isolation_source		blood	curator_escalation	curator escalation
PRJNA1087366	SAMN40441657	isolation_source		blood	curator_escalation	curator escalation
PRJEB42462	SAMEA10331021	isolation_source		blood	curator_escalation	curator escalation
PRJEB42462	SAMEA10330818	isolation_source		blood	curator_escalation	curator escalation
PRJEB42462	SAMEA10331107	isolation_source		blood	curator_escalation	curator escalation
PRJEB42462	SAMEA10331389	isolation_source		blood	curator_escalation	curator escalation
PRJEB42462	SAMEA10330171	isolation_source		blood	curator_escalation	curator escalation
PRJEB42462	SAMEA10330467	isolation_source		blood	curator_escalation	curator escalation
PRJEB42462	SAMEA10330827	isolation_source		blood	curator_escalation	curator escalation
PRJEB42462	SAMEA10330319	isolation_source		blood	curator_escalation	curator escalation
PRJEB42462	SAMEA10331077	isolation_source		blood	curator_escalation	curator escalation
PRJNA1087366	SAMN40441715	isolation_source		blood	curator_escalation	curator escalation
PRJNA1087366	SAMN40441755	isolation_source		blood	curator_escalation	curator escalation
PRJEB42462	SAMEA10330565	isolation_source		blood	curator_escalation	curator escalation
PRJEB42462	SAMEA10330870	isolation_source		blood	curator_escalation	curator escalation
PRJEB42462	SAMEA10330633	isolation_source		blood	curator_escalation	curator escalation
PRJEB42462	SAMEA10331150	isolation_source		blood	curator_escalation	curator escalation
PRJEB42462	SAMEA10330803	isolation_source		blood	curator_escalation	curator escalation
PRJNA1087366	SAMN40441773	isolation_source		blood	curator_escalation	curator escalation
PRJEB42462	SAMEA10330699	isolation_source		blood	curator_escalation	curator escalation
PRJEB42462	SAMEA10331213	isolation_source		blood	curator_escalation	curator escalation
PRJEB42462	SAMEA10330439	isolation_source		blood	curator_escalation	curator escalation
PRJEB42462	SAMEA10331203	isolation_source		blood	curator_escalation	curator escalation
PRJEB42462	SAMEA10330520	isolation_source		blood	curator_escalation	curator escalation
PRJEB42462	SAMEA10330951	isolation_source		blood	curator_escalation	curator escalation
PRJEB42462	SAMEA10330476	isolation_source		blood	curator_escalation	curator escalation
PRJEB42462	SAMEA10330701	isolation_source		blood	curator_escalation	curator escalation
PRJEB42462	SAMEA10330112	isolation_source		blood	curator_escalation	curator escalation
PRJNA1087366	SAMN40441735	isolation_source		blood	curator_escalation	curator escalation
PRJEB42462	SAMEA10330279	isolation_source		blood	curator_escalation	curator escalation
PRJEB42462	SAMEA10330377	isolation_source		blood	curator_escalation	curator escalation
PRJEB42462	SAMEA10331340	isolation_source		blood	curator_escalation	curator escalation
PRJEB42462	SAMEA10331312	isolation_source		blood	curator_escalation	curator escalation
PRJEB42462	SAMEA10330299	isolation_source		blood	curator_escalation	curator escalation
PRJNA1087366	SAMN40441736	isolation_source		blood	curator_escalation	curator escalation
PRJEB42462	SAMEA10330516	isolation_source		blood	curator_escalation	curator escalation
PRJNA1087366	SAMN40441723	isolation_source		blood	curator_escalation	curator escalation
PRJEB42462	SAMEA10330788	isolation_source		blood	curator_escalation	curator escalation
PRJEB42462	SAMEA10330710	isolation_source		blood	curator_escalation	curator escalation
PRJEB42462	SAMEA10330085	isolation_source		blood	curator_escalation	curator escalation
PRJEB42462	SAMEA10330064	isolation_source		blood	curator_escalation	curator escalation
PRJNA1087366	SAMN40441768	isolation_source		blood	curator_escalation	curator escalation
PRJEB42462	SAMEA10330548	isolation_source		blood	curator_escalation	curator escalation
PRJEB42462	SAMEA10331218	isolation_source		blood	curator_escalation	curator escalation
PRJEB42462	SAMEA10330528	isolation_source		blood	curator_escalation	curator escalation
PRJEB42462	SAMEA10330703	isolation_source		blood	curator_escalation	curator escalation
PRJEB42462	SAMEA10330750	isolation_source		blood	curator_escalation	curator escalation
PRJEB42462	SAMEA10330474	isolation_source		blood	curator_escalation	curator escalation
PRJEB42462	SAMEA10330470	isolation_source		blood	curator_escalation	curator escalation
PRJNA1087366	SAMN40441660	isolation_source		blood	curator_escalation	curator escalation
PRJNA1087366	SAMN40441652	isolation_source		blood	curator_escalation	curator escalation
PRJNA1087366	SAMN40441740	isolation_source		blood	curator_escalation	curator escalation
PRJEB42462	SAMEA10331167	isolation_source		blood	curator_escalation	curator escalation
PRJEB42462	SAMEA10331333	isolation_source		blood	curator_escalation	curator escalation
PRJEB42462	SAMEA10330521	isolation_source		blood	curator_escalation	curator escalation
PRJEB42462	SAMEA10330605	isolation_source		blood	curator_escalation	curator escalation
PRJEB42462	SAMEA10330485	isolation_source		blood	curator_escalation	curator escalation
PRJNA1087366	SAMN40441682	isolation_source		blood	curator_escalation	curator escalation
PRJEB42462	SAMEA10330889	isolation_source		blood	curator_escalation	curator escalation
PRJEB42462	SAMEA10330794	isolation_source		blood	curator_escalation	curator escalation
PRJEB42462	SAMEA10330119	isolation_source		blood	curator_escalation	curator escalation
PRJEB42462	SAMEA10330981	isolation_source		blood	curator_escalation	curator escalation
PRJEB42462	SAMEA10331233	isolation_source		blood	curator_escalation	curator escalation
PRJEB42462	SAMEA10330464	isolation_source		blood	curator_escalation	curator escalation
PRJEB42462	SAMEA10330938	isolation_source		blood	curator_escalation	curator escalation
PRJEB42462	SAMEA10330343	isolation_source		blood	curator_escalation	curator escalation
PRJEB42462	SAMEA10330553	isolation_source		blood	curator_escalation	curator escalation
PRJEB42462	SAMEA10331005	isolation_source		blood	curator_escalation	curator escalation
PRJEB42462	SAMEA10330539	isolation_source		blood	curator_escalation	curator escalation
PRJEB42462	SAMEA10330921	isolation_source		blood	curator_escalation	curator escalation
PRJEB42462	SAMEA10330913	isolation_source		blood	curator_escalation	curator escalation
PRJEB42462	SAMEA10330310	isolation_source		blood	curator_escalation	curator escalation
PRJEB42462	SAMEA10330489	isolation_source		blood	curator_escalation	curator escalation
PRJEB42462	SAMEA10330519	isolation_source		blood	curator_escalation	curator escalation
PRJEB42462	SAMEA10331291	isolation_source		blood	curator_escalation	curator escalation
PRJEB42462	SAMEA10330515	isolation_source		blood	curator_escalation	curator escalation
PRJNA1087366	SAMN40441702	isolation_source		blood	curator_escalation	curator escalation
PRJEB42462	SAMEA10330189	isolation_source		blood	curator_escalation	curator escalation
PRJEB42462	SAMEA10330873	isolation_source		blood	curator_escalation	curator escalation
PRJEB42462	SAMEA10330658	isolation_source		blood	curator_escalation	curator escalation
PRJEB42462	SAMEA10330763	isolation_source		blood	curator_escalation	curator escalation
PRJEB42462	SAMEA10331289	isolation_source		blood	curator_escalation	curator escalation
PRJEB42462	SAMEA10330558	isolation_source		blood	curator_escalation	curator escalation
PRJEB42462	SAMEA10331003	isolation_source		blood	curator_escalation	curator escalation
PRJEB42462	SAMEA10331328	isolation_source		blood	curator_escalation	curator escalation
PRJEB42462	SAMEA10330531	isolation_source		blood	curator_escalation	curator escalation
PRJEB42462	SAMEA10330414	isolation_source		blood	curator_escalation	curator escalation
PRJNA1087366	SAMN40441674	isolation_source		blood	curator_escalation	curator escalation
PRJEB42462	SAMEA10331363	isolation_source		blood	curator_escalation	curator escalation
PRJEB42462	SAMEA10330569	isolation_source		blood	curator_escalation	curator escalation
PRJEB42462	SAMEA10331402	isolation_source		blood	curator_escalation	curator escalation
PRJEB42462	SAMEA10331195	isolation_source		blood	curator_escalation	curator escalation
PRJEB42462	SAMEA10331111	isolation_source		blood	curator_escalation	curator escalation
PRJEB42462	SAMEA10330438	isolation_source		blood	curator_escalation	curator escalation
PRJEB42462	SAMEA10330649	isolation_source		blood	curator_escalation	curator escalation
PRJEB42462	SAMEA10331406	isolation_source		blood	curator_escalation	curator escalation
PRJNA1087366	SAMN40441668	isolation_source		blood	curator_escalation	curator escalation
PRJEB42462	SAMEA10330956	isolation_source		blood	curator_escalation	curator escalation
PRJEB42462	SAMEA10330358	isolation_source		blood	curator_escalation	curator escalation
PRJEB42462	SAMEA10330066	isolation_source		blood	curator_escalation	curator escalation
PRJEB42462	SAMEA10330897	isolation_source		blood	curator_escalation	curator escalation
PRJEB42462	SAMEA10330999	isolation_source		blood	curator_escalation	curator escalation
PRJEB42462	SAMEA10330356	isolation_source		blood	curator_escalation	curator escalation
PRJEB42462	SAMEA10330691	isolation_source		blood	curator_escalation	curator escalation
PRJEB42462	SAMEA10330378	isolation_source		blood	curator_escalation	curator escalation
PRJEB42462	SAMEA10330284	isolation_source		blood	curator_escalation	curator escalation
PRJEB42462	SAMEA10330560	isolation_source		blood	curator_escalation	curator escalation
PRJEB42462	SAMEA10330311	isolation_source		blood	curator_escalation	curator escalation
PRJEB42462	SAMEA10330395	isolation_source		blood	curator_escalation	curator escalation
PRJEB42462	SAMEA10331179	isolation_source		blood	curator_escalation	curator escalation
PRJEB42462	SAMEA10331261	isolation_source		blood	curator_escalation	curator escalation
PRJEB42462	SAMEA10330909	isolation_source		blood	curator_escalation	curator escalation
PRJEB42462	SAMEA10330780	isolation_source		blood	curator_escalation	curator escalation
PRJEB42462	SAMEA10330585	isolation_source		blood	curator_escalation	curator escalation
PRJNA845975	SAMN28869238	isolation_source	missing	blood	curator_escalation	curator escalation
PRJNA1087366	SAMN40441680	isolation_source		blood	curator_escalation	curator escalation
PRJEB42462	SAMEA10330159	isolation_source		blood	curator_escalation	curator escalation
PRJEB42462	SAMEA10330078	isolation_source		blood	curator_escalation	curator escalation
PRJEB42462	SAMEA10331081	isolation_source		blood	curator_escalation	curator escalation
PRJEB42462	SAMEA10330217	isolation_source		blood	curator_escalation	curator escalation
PRJEB42462	SAMEA10330300	isolation_source		blood	curator_escalation	curator escalation
PRJEB42462	SAMEA10330278	isolation_source		blood	curator_escalation	curator escalation
PRJEB42462	SAMEA10330900	isolation_source		blood	curator_escalation	curator escalation
PRJEB42462	SAMEA10330077	isolation_source		blood	curator_escalation	curator escalation
PRJEB42462	SAMEA10330518	isolation_source		blood	curator_escalation	curator escalation
PRJEB42462	SAMEA10331174	isolation_source		blood	curator_escalation	curator escalation
PRJEB42462	SAMEA10330355	isolation_source		blood	curator_escalation	curator escalation
PRJEB42462	SAMEA10331368	isolation_source		blood	curator_escalation	curator escalation
PRJEB42462	SAMEA10330749	isolation_source		blood	curator_escalation	curator escalation
PRJEB42462	SAMEA10330785	isolation_source		blood	curator_escalation	curator escalation
PRJEB42462	SAMEA10331280	isolation_source		blood	curator_escalation	curator escalation
PRJEB42462	SAMEA10330163	isolation_source		blood	curator_escalation	curator escalation
PRJNA1087366	SAMN40441726	isolation_source		blood	curator_escalation	curator escalation
PRJEB42462	SAMEA10330631	isolation_source		blood	curator_escalation	curator escalation
PRJNA1087366	SAMN40441663	isolation_source		blood	curator_escalation	curator escalation
PRJEB42462	SAMEA10331187	isolation_source		blood	curator_escalation	curator escalation
PRJEB42462	SAMEA10331201	isolation_source		blood	curator_escalation	curator escalation
PRJEB42462	SAMEA10331375	isolation_source		blood	curator_escalation	curator escalation
PRJNA1087366	SAMN40441693	isolation_source		blood	curator_escalation	curator escalation
PRJEB42462	SAMEA10330458	isolation_source		blood	curator_escalation	curator escalation
PRJEB42462	SAMEA10331234	isolation_source		blood	curator_escalation	curator escalation
PRJNA1087366	SAMN40441671	isolation_source		blood	curator_escalation	curator escalation
PRJEB42462	SAMEA10330881	isolation_source		blood	curator_escalation	curator escalation
PRJEB42462	SAMEA10331242	isolation_source		blood	curator_escalation	curator escalation
PRJEB42462	SAMEA10331070	isolation_source		blood	curator_escalation	curator escalation
PRJEB42462	SAMEA10331372	isolation_source		blood	curator_escalation	curator escalation
PRJEB42462	SAMEA10330286	isolation_source		blood	curator_escalation	curator escalation
PRJEB42462	SAMEA10331097	isolation_source		blood	curator_escalation	curator escalation
PRJEB42462	SAMEA10331184	isolation_source		blood	curator_escalation	curator escalation
PRJEB42462	SAMEA10330207	isolation_source		blood	curator_escalation	curator escalation
PRJNA1087366	SAMN40441710	isolation_source		blood	curator_escalation	curator escalation
PRJEB42462	SAMEA10330212	isolation_source		blood	curator_escalation	curator escalation
PRJEB42462	SAMEA10331394	isolation_source		blood	curator_escalation	curator escalation
PRJEB42462	SAMEA10330436	isolation_source		blood	curator_escalation	curator escalation
PRJNA1087366	SAMN40441686	isolation_source		blood	curator_escalation	curator escalation
PRJEB42462	SAMEA10330717	isolation_source		blood	curator_escalation	curator escalation
PRJEB42462	SAMEA10330190	isolation_source		blood	curator_escalation	curator escalation
PRJEB42462	SAMEA10330101	isolation_source		blood	curator_escalation	curator escalation
PRJEB42462	SAMEA10330814	isolation_source		blood	curator_escalation	curator escalation
PRJEB42462	SAMEA10331132	isolation_source		blood	curator_escalation	curator escalation
PRJEB42462	SAMEA10330634	isolation_source		blood	curator_escalation	curator escalation
PRJEB42462	SAMEA10330493	isolation_source		blood	curator_escalation	curator escalation
PRJEB42462	SAMEA10330496	isolation_source		blood	curator_escalation	curator escalation
PRJEB42462	SAMEA10330798	isolation_source		blood	curator_escalation	curator escalation
PRJEB42462	SAMEA10330107	isolation_source		blood	curator_escalation	curator escalation
PRJEB42462	SAMEA10330965	isolation_source		blood	curator_escalation	curator escalation
PRJEB42462	SAMEA10331288	isolation_source		blood	curator_escalation	curator escalation
PRJEB42462	SAMEA10330902	isolation_source		blood	curator_escalation	curator escalation
PRJEB42462	SAMEA10330953	isolation_source		blood	curator_escalation	curator escalation
PRJEB42462	SAMEA10330360	isolation_source		blood	curator_escalation	curator escalation
PRJEB42462	SAMEA10330804	isolation_source		blood	curator_escalation	curator escalation
PRJEB42462	SAMEA10331040	isolation_source		blood	curator_escalation	curator escalation
PRJEB42462	SAMEA10330933	isolation_source		blood	curator_escalation	curator escalation
PRJEB42462	SAMEA10330718	isolation_source		blood	curator_escalation	curator escalation
PRJEB42462	SAMEA10330463	isolation_source		blood	curator_escalation	curator escalation
PRJEB42462	SAMEA10330333	isolation_source		blood	curator_escalation	curator escalation
PRJEB42462	SAMEA10330576	isolation_source		blood	curator_escalation	curator escalation
PRJEB42462	SAMEA10330735	isolation_source		blood	curator_escalation	curator escalation
PRJEB42462	SAMEA10330221	isolation_source		blood	curator_escalation	curator escalation
PRJNA845975	SAMN28991444	isolation_source	missing	blood	curator_escalation	curator escalation
PRJEB42462	SAMEA10330158	isolation_source		blood	curator_escalation	curator escalation
PRJEB42462	SAMEA10330679	isolation_source		blood	curator_escalation	curator escalation
PRJEB42462	SAMEA10330523	isolation_source		blood	curator_escalation	curator escalation
PRJEB42462	SAMEA10330475	isolation_source		blood	curator_escalation	curator escalation
PRJEB42462	SAMEA10331051	isolation_source		blood	curator_escalation	curator escalation
PRJEB42462	SAMEA10330420	isolation_source		blood	curator_escalation	curator escalation
PRJEB42462	SAMEA10330742	isolation_source		blood	curator_escalation	curator escalation
PRJEB42462	SAMEA10330468	isolation_source		blood	curator_escalation	curator escalation
PRJEB42462	SAMEA10330529	isolation_source		blood	curator_escalation	curator escalation
PRJEB42462	SAMEA10330081	isolation_source		blood	curator_escalation	curator escalation
PRJEB42462	SAMEA10330680	isolation_source		blood	curator_escalation	curator escalation
PRJEB42462	SAMEA10331205	isolation_source		blood	curator_escalation	curator escalation
PRJNA1087366	SAMN40441677	isolation_source		blood	curator_escalation	curator escalation
PRJEB42462	SAMEA10330123	isolation_source		blood	curator_escalation	curator escalation
PRJNA1087366	SAMN40441722	isolation_source		blood	curator_escalation	curator escalation
PRJEB42462	SAMEA10330079	isolation_source		blood	curator_escalation	curator escalation
PRJEB42462	SAMEA10331407	isolation_source		blood	curator_escalation	curator escalation
PRJEB42462	SAMEA10330675	isolation_source		blood	curator_escalation	curator escalation
PRJEB42462	SAMEA10330784	isolation_source		blood	curator_escalation	curator escalation
PRJEB42462	SAMEA10330522	isolation_source		blood	curator_escalation	curator escalation
PRJEB42462	SAMEA10331298	isolation_source		blood	curator_escalation	curator escalation
PRJEB42462	SAMEA10330916	isolation_source		blood	curator_escalation	curator escalation
PRJEB42462	SAMEA10330611	isolation_source		blood	curator_escalation	curator escalation
PRJEB42462	SAMEA10331390	isolation_source		blood	curator_escalation	curator escalation
PRJEB42462	SAMEA10331065	isolation_source		blood	curator_escalation	curator escalation
PRJEB42462	SAMEA10330303	isolation_source		blood	curator_escalation	curator escalation
PRJEB42462	SAMEA10331116	isolation_source		blood	curator_escalation	curator escalation
PRJEB42462	SAMEA10330386	isolation_source		blood	curator_escalation	curator escalation
PRJEB42462	SAMEA10330765	isolation_source		blood	curator_escalation	curator escalation
PRJEB42462	SAMEA10331331	isolation_source		blood	curator_escalation	curator escalation
PRJEB42462	SAMEA10331400	isolation_source		blood	curator_escalation	curator escalation
PRJEB42462	SAMEA10330693	isolation_source		blood	curator_escalation	curator escalation
PRJEB42462	SAMEA10330093	isolation_source		blood	curator_escalation	curator escalation
PRJEB42462	SAMEA10330935	isolation_source		blood	curator_escalation	curator escalation
PRJEB42462	SAMEA10330884	isolation_source		blood	curator_escalation	curator escalation
PRJEB42462	SAMEA10331056	isolation_source		blood	curator_escalation	curator escalation
PRJEB42462	SAMEA10330725	isolation_source		blood	curator_escalation	curator escalation
PRJNA1087366	SAMN40441774	isolation_source		blood	curator_escalation	curator escalation
PRJEB42462	SAMEA10330616	isolation_source		blood	curator_escalation	curator escalation
PRJEB42462	SAMEA10330083	isolation_source		blood	curator_escalation	curator escalation
PRJEB42462	SAMEA10330601	isolation_source		blood	curator_escalation	curator escalation
PRJEB42462	SAMEA10330879	isolation_source		blood	curator_escalation	curator escalation
PRJEB42462	SAMEA10330403	isolation_source		blood	curator_escalation	curator escalation
PRJNA1087366	SAMN40441741	isolation_source		blood	curator_escalation	curator escalation
PRJEB42462	SAMEA10330459	isolation_source		blood	curator_escalation	curator escalation
PRJEB42462	SAMEA10330859	isolation_source		blood	curator_escalation	curator escalation
PRJEB42462	SAMEA10330318	isolation_source		blood	curator_escalation	curator escalation
PRJEB42462	SAMEA10331393	isolation_source		blood	curator_escalation	curator escalation
PRJEB42462	SAMEA10330323	isolation_source		blood	curator_escalation	curator escalation
PRJEB42462	SAMEA10330595	isolation_source		blood	curator_escalation	curator escalation
PRJEB42462	SAMEA10331182	isolation_source		blood	curator_escalation	curator escalation
PRJEB42462	SAMEA10331225	isolation_source		blood	curator_escalation	curator escalation
PRJEB42462	SAMEA10331384	isolation_source		blood	curator_escalation	curator escalation
PRJEB42462	SAMEA10330258	isolation_source		blood	curator_escalation	curator escalation
PRJEB42462	SAMEA10330941	isolation_source		blood	curator_escalation	curator escalation
PRJEB42462	SAMEA10330465	isolation_source		blood	curator_escalation	curator escalation
PRJEB42462	SAMEA10330472	isolation_source		blood	curator_escalation	curator escalation
PRJNA1087366	SAMN40441725	isolation_source		blood	curator_escalation	curator escalation
PRJNA1087366	SAMN40441753	isolation_source		blood	curator_escalation	curator escalation
PRJEB42462	SAMEA10331033	isolation_source		blood	curator_escalation	curator escalation
PRJNA1087366	SAMN40441681	isolation_source		blood	curator_escalation	curator escalation
PRJEB42462	SAMEA10330173	isolation_source		blood	curator_escalation	curator escalation
PRJEB42462	SAMEA10330776	isolation_source		blood	curator_escalation	curator escalation
PRJEB42462	SAMEA10331346	isolation_source		blood	curator_escalation	curator escalation
PRJEB42462	SAMEA10330926	isolation_source		blood	curator_escalation	curator escalation
PRJEB42462	SAMEA10331080	isolation_source		blood	curator_escalation	curator escalation
PRJEB42462	SAMEA10330187	isolation_source		blood	curator_escalation	curator escalation
PRJEB42462	SAMEA10331160	isolation_source		blood	curator_escalation	curator escalation
PRJEB42462	SAMEA10331129	isolation_source		blood	curator_escalation	curator escalation
PRJEB42462	SAMEA10331222	isolation_source		blood	curator_escalation	curator escalation
PRJEB42462	SAMEA10331272	isolation_source		blood	curator_escalation	curator escalation
PRJEB42462	SAMEA10330342	isolation_source		blood	curator_escalation	curator escalation
PRJEB42462	SAMEA10330069	isolation_source		blood	curator_escalation	curator escalation
PRJEB42462	SAMEA10331159	isolation_source		blood	curator_escalation	curator escalation
PRJNA1087366	SAMN40441754	isolation_source		blood	curator_escalation	curator escalation
PRJEB42462	SAMEA10331073	isolation_source		blood	curator_escalation	curator escalation
PRJEB42462	SAMEA10330554	isolation_source		blood	curator_escalation	curator escalation
PRJEB42462	SAMEA10330600	isolation_source		blood	curator_escalation	curator escalation
PRJNA1087366	SAMN40441676	isolation_source		blood	curator_escalation	curator escalation
PRJEB42462	SAMEA10331028	isolation_source		blood	curator_escalation	curator escalation
PRJEB42462	SAMEA10330729	isolation_source		blood	curator_escalation	curator escalation
PRJEB42462	SAMEA10330103	isolation_source		blood	curator_escalation	curator escalation
PRJEB42462	SAMEA10331339	isolation_source		blood	curator_escalation	curator escalation
PRJEB42462	SAMEA10331018	isolation_source		blood	curator_escalation	curator escalation
PRJEB42462	SAMEA10330180	isolation_source		blood	curator_escalation	curator escalation
PRJEB42462	SAMEA10330559	isolation_source		blood	curator_escalation	curator escalation
PRJEB42462	SAMEA10330302	isolation_source		blood	curator_escalation	curator escalation
PRJEB42462	SAMEA10331079	isolation_source		blood	curator_escalation	curator escalation
PRJEB42462	SAMEA10330950	isolation_source		blood	curator_escalation	curator escalation
PRJEB42462	SAMEA10330219	isolation_source		blood	curator_escalation	curator escalation
PRJNA1087366	SAMN40441684	isolation_source		blood	curator_escalation	curator escalation
PRJEB42462	SAMEA10330645	isolation_source		blood	curator_escalation	curator escalation
PRJEB42462	SAMEA10331163	isolation_source		blood	curator_escalation	curator escalation
PRJEB42462	SAMEA10330555	isolation_source		blood	curator_escalation	curator escalation
PRJEB42462	SAMEA10330730	isolation_source		blood	curator_escalation	curator escalation
PRJEB42462	SAMEA10331118	isolation_source		blood	curator_escalation	curator escalation
PRJEB42462	SAMEA10331319	isolation_source		blood	curator_escalation	curator escalation
PRJEB42462	SAMEA10330647	isolation_source		blood	curator_escalation	curator escalation
PRJEB42462	SAMEA10330415	isolation_source		blood	curator_escalation	curator escalation
PRJEB42462	SAMEA10330967	isolation_source		blood	curator_escalation	curator escalation
PRJEB42462	SAMEA10330839	isolation_source		blood	curator_escalation	curator escalation
PRJEB42462	SAMEA10330737	isolation_source		blood	curator_escalation	curator escalation
PRJNA1087366	SAMN40441734	isolation_source		blood	curator_escalation	curator escalation
PRJNA1087366	SAMN40441728	isolation_source		blood	curator_escalation	curator escalation
PRJNA1087366	SAMN40441690	isolation_source		blood	curator_escalation	curator escalation
PRJEB42462	SAMEA10330598	isolation_source		blood	curator_escalation	curator escalation
PRJEB42462	SAMEA10330880	isolation_source		blood	curator_escalation	curator escalation
PRJEB42462	SAMEA10331326	isolation_source		blood	curator_escalation	curator escalation
PRJEB42462	SAMEA10331278	isolation_source		blood	curator_escalation	curator escalation
PRJEB42462	SAMEA10330850	isolation_source		blood	curator_escalation	curator escalation
PRJEB42462	SAMEA10331155	isolation_source		blood	curator_escalation	curator escalation
PRJEB42462	SAMEA10331294	isolation_source		blood	curator_escalation	curator escalation
PRJEB42462	SAMEA10331349	isolation_source		blood	curator_escalation	curator escalation
PRJEB42462	SAMEA10330927	isolation_source		blood	curator_escalation	curator escalation
PRJEB42462	SAMEA10330194	isolation_source		blood	curator_escalation	curator escalation
PRJNA1087366	SAMN40441714	isolation_source		blood	curator_escalation	curator escalation
PRJEB42462	SAMEA10330899	isolation_source		blood	curator_escalation	curator escalation
PRJEB42462	SAMEA10330245	isolation_source		blood	curator_escalation	curator escalation
PRJEB42462	SAMEA10330236	isolation_source		blood	curator_escalation	curator escalation
PRJEB42462	SAMEA10331259	isolation_source		blood	curator_escalation	curator escalation
PRJEB42462	SAMEA10331149	isolation_source		blood	curator_escalation	curator escalation
PRJEB42462	SAMEA10330379	isolation_source		blood	curator_escalation	curator escalation
PRJEB42462	SAMEA10330357	isolation_source		blood	curator_escalation	curator escalation
PRJEB42462	SAMEA10331334	isolation_source		blood	curator_escalation	curator escalation
PRJEB42462	SAMEA10331274	isolation_source		blood	curator_escalation	curator escalation
PRJEB42462	SAMEA10330365	isolation_source		blood	curator_escalation	curator escalation
PRJEB42462	SAMEA10331399	isolation_source		blood	curator_escalation	curator escalation
PRJEB42462	SAMEA10330983	isolation_source		blood	curator_escalation	curator escalation
PRJEB42462	SAMEA10330391	isolation_source		blood	curator_escalation	curator escalation
PRJEB42462	SAMEA10330501	isolation_source		blood	curator_escalation	curator escalation
PRJNA1087366	SAMN40441766	isolation_source		blood	curator_escalation	curator escalation
PRJEB42462	SAMEA10331257	isolation_source		blood	curator_escalation	curator escalation
PRJEB42462	SAMEA10330863	isolation_source		blood	curator_escalation	curator escalation
PRJEB42462	SAMEA10330398	isolation_source		blood	curator_escalation	curator escalation
PRJEB42462	SAMEA10330626	isolation_source		blood	curator_escalation	curator escalation
PRJEB42462	SAMEA10330201	isolation_source		blood	curator_escalation	curator escalation
PRJEB42462	SAMEA10330677	isolation_source		blood	curator_escalation	curator escalation
PRJEB42462	SAMEA10330998	isolation_source		blood	curator_escalation	curator escalation
PRJEB42462	SAMEA10330747	isolation_source		blood	curator_escalation	curator escalation
PRJEB42462	SAMEA10330813	isolation_source		blood	curator_escalation	curator escalation
PRJEB42462	SAMEA10330508	isolation_source		blood	curator_escalation	curator escalation
PRJEB42462	SAMEA10330960	isolation_source		blood	curator_escalation	curator escalation
PRJEB42462	SAMEA10330166	isolation_source		blood	curator_escalation	curator escalation
PRJEB42462	SAMEA10330095	isolation_source		blood	curator_escalation	curator escalation
PRJEB42462	SAMEA10331268	isolation_source		blood	curator_escalation	curator escalation
PRJEB42462	SAMEA10330213	isolation_source		blood	curator_escalation	curator escalation
PRJEB42462	SAMEA10330757	isolation_source		blood	curator_escalation	curator escalation
PRJEB42462	SAMEA10330987	isolation_source		blood	curator_escalation	curator escalation
PRJEB42462	SAMEA10331052	isolation_source		blood	curator_escalation	curator escalation
PRJEB42462	SAMEA10330678	isolation_source		blood	curator_escalation	curator escalation
PRJEB42462	SAMEA10330907	isolation_source		blood	curator_escalation	curator escalation
PRJEB42462	SAMEA10330425	isolation_source		blood	curator_escalation	curator escalation
PRJEB42462	SAMEA10330307	isolation_source		blood	curator_escalation	curator escalation
PRJEB42462	SAMEA10330715	isolation_source		blood	curator_escalation	curator escalation
PRJEB42462	SAMEA10330202	isolation_source		blood	curator_escalation	curator escalation
PRJEB42462	SAMEA10331083	isolation_source		blood	curator_escalation	curator escalation
PRJEB42462	SAMEA10331061	isolation_source		blood	curator_escalation	curator escalation
PRJEB42462	SAMEA10331161	isolation_source		blood	curator_escalation	curator escalation
PRJNA1087366	SAMN40441647	isolation_source		blood	curator_escalation	curator escalation
PRJEB42462	SAMEA10330781	isolation_source		blood	curator_escalation	curator escalation
PRJEB42462	SAMEA10330984	isolation_source		blood	curator_escalation	curator escalation
PRJEB42462	SAMEA10331248	isolation_source		blood	curator_escalation	curator escalation
PRJEB42462	SAMEA10330808	isolation_source		blood	curator_escalation	curator escalation
PRJEB42462	SAMEA10331277	isolation_source		blood	curator_escalation	curator escalation
PRJEB42462	SAMEA10331027	isolation_source		blood	curator_escalation	curator escalation
PRJEB42462	SAMEA10331112	isolation_source		blood	curator_escalation	curator escalation
PRJEB42462	SAMEA10331158	isolation_source		blood	curator_escalation	curator escalation
PRJEB42462	SAMEA10330140	isolation_source		blood	curator_escalation	curator escalation
PRJEB42462	SAMEA10331304	isolation_source		blood	curator_escalation	curator escalation
PRJEB42462	SAMEA10330315	isolation_source		blood	curator_escalation	curator escalation
PRJEB42462	SAMEA10331035	isolation_source		blood	curator_escalation	curator escalation
PRJEB42462	SAMEA10330621	isolation_source		blood	curator_escalation	curator escalation
PRJEB42462	SAMEA10330724	isolation_source		blood	curator_escalation	curator escalation
PRJEB42462	SAMEA10330387	isolation_source		blood	curator_escalation	curator escalation
PRJNA1087366	SAMN40441697	isolation_source		blood	curator_escalation	curator escalation
PRJEB42462	SAMEA10330821	isolation_source		blood	curator_escalation	curator escalation
PRJEB42462	SAMEA10330712	isolation_source		blood	curator_escalation	curator escalation
PRJEB42462	SAMEA10330308	isolation_source		blood	curator_escalation	curator escalation
PRJEB42462	SAMEA10330695	isolation_source		blood	curator_escalation	curator escalation
PRJEB42462	SAMEA10330562	isolation_source		blood	curator_escalation	curator escalation
PRJNA1087366	SAMN40441737	isolation_source		blood	curator_escalation	curator escalation
PRJEB42462	SAMEA10330305	isolation_source		blood	curator_escalation	curator escalation
PRJEB42462	SAMEA10330341	isolation_source		blood	curator_escalation	curator escalation
PRJEB42462	SAMEA10331380	isolation_source		blood	curator_escalation	curator escalation
PRJEB42462	SAMEA10330381	isolation_source		blood	curator_escalation	curator escalation
PRJEB42462	SAMEA10330721	isolation_source		blood	curator_escalation	curator escalation
PRJEB42462	SAMEA10330447	isolation_source		blood	curator_escalation	curator escalation
PRJEB42462	SAMEA10331169	isolation_source		blood	curator_escalation	curator escalation
PRJEB42462	SAMEA10331350	isolation_source		blood	curator_escalation	curator escalation
PRJNA1087366	SAMN40441743	isolation_source		blood	curator_escalation	curator escalation
PRJNA1087366	SAMN40441745	isolation_source		blood	curator_escalation	curator escalation
PRJEB42462	SAMEA10331110	isolation_source		blood	curator_escalation	curator escalation
PRJEB42462	SAMEA10330167	isolation_source		blood	curator_escalation	curator escalation
PRJEB42462	SAMEA10331371	isolation_source		blood	curator_escalation	curator escalation
PRJEB42462	SAMEA10331377	isolation_source		blood	curator_escalation	curator escalation
PRJEB42462	SAMEA10330966	isolation_source		blood	curator_escalation	curator escalation
PRJEB42462	SAMEA10331229	isolation_source		blood	curator_escalation	curator escalation
PRJEB42462	SAMEA10330783	isolation_source		blood	curator_escalation	curator escalation
PRJEB42462	SAMEA10330147	isolation_source		blood	curator_escalation	curator escalation
PRJEB42462	SAMEA10331336	isolation_source		blood	curator_escalation	curator escalation
PRJEB42462	SAMEA10330822	isolation_source		blood	curator_escalation	curator escalation
PRJNA1087366	SAMN40441724	isolation_source		blood	curator_escalation	curator escalation
PRJEB42462	SAMEA10330896	isolation_source		blood	curator_escalation	curator escalation
PRJEB42462	SAMEA10330920	isolation_source		blood	curator_escalation	curator escalation
PRJEB42462	SAMEA10330892	isolation_source		blood	curator_escalation	curator escalation
PRJEB42462	SAMEA10331164	isolation_source		blood	curator_escalation	curator escalation
PRJEB42462	SAMEA10330400	isolation_source		blood	curator_escalation	curator escalation
PRJEB42462	SAMEA10331100	isolation_source		blood	curator_escalation	curator escalation
PRJEB42462	SAMEA10330910	isolation_source		blood	curator_escalation	curator escalation
PRJEB42462	SAMEA10330188	isolation_source		blood	curator_escalation	curator escalation
PRJEB42462	SAMEA10330322	isolation_source		blood	curator_escalation	curator escalation
PRJEB42462	SAMEA10330100	isolation_source		blood	curator_escalation	curator escalation
PRJEB42462	SAMEA10330070	isolation_source		blood	curator_escalation	curator escalation
PRJNA1087366	SAMN40441719	isolation_source		blood	curator_escalation	curator escalation
PRJEB42462	SAMEA10330511	isolation_source		blood	curator_escalation	curator escalation
PRJEB42462	SAMEA10331012	isolation_source		blood	curator_escalation	curator escalation
PRJEB42462	SAMEA10331385	isolation_source		blood	curator_escalation	curator escalation
PRJEB42462	SAMEA10330181	isolation_source		blood	curator_escalation	curator escalation
PRJEB42462	SAMEA10330660	isolation_source		blood	curator_escalation	curator escalation
PRJNA1087366	SAMN40441772	isolation_source		blood	curator_escalation	curator escalation
PRJEB42462	SAMEA10331140	isolation_source		blood	curator_escalation	curator escalation
PRJNA1087366	SAMN40441709	isolation_source		blood	curator_escalation	curator escalation
PRJEB42462	SAMEA10330692	isolation_source		blood	curator_escalation	curator escalation
PRJEB42462	SAMEA10331223	isolation_source		blood	curator_escalation	curator escalation
PRJEB42462	SAMEA10330852	isolation_source		blood	curator_escalation	curator escalation
PRJNA1087366	SAMN40441712	isolation_source		blood	curator_escalation	curator escalation
PRJEB42462	SAMEA10330248	isolation_source		blood	curator_escalation	curator escalation
PRJEB42462	SAMEA10330371	isolation_source		blood	curator_escalation	curator escalation
PRJEB42462	SAMEA10331092	isolation_source		blood	curator_escalation	curator escalation
PRJEB42462	SAMEA10330928	isolation_source		blood	curator_escalation	curator escalation
PRJEB42462	SAMEA10331382	isolation_source		blood	curator_escalation	curator escalation
PRJEB42462	SAMEA10330150	isolation_source		blood	curator_escalation	curator escalation
PRJNA1087366	SAMN40441688	isolation_source		blood	curator_escalation	curator escalation
PRJEB42462	SAMEA10331119	isolation_source		blood	curator_escalation	curator escalation
PRJEB42462	SAMEA10331099	isolation_source		blood	curator_escalation	curator escalation
PRJEB42462	SAMEA10331208	isolation_source		blood	curator_escalation	curator escalation
PRJNA1087366	SAMN40441692	isolation_source		blood	curator_escalation	curator escalation
PRJEB42462	SAMEA10330062	isolation_source		blood	curator_escalation	curator escalation
PRJEB42462	SAMEA10330242	isolation_source		blood	curator_escalation	curator escalation
PRJEB42462	SAMEA10331108	isolation_source		blood	curator_escalation	curator escalation
PRJEB42462	SAMEA10330590	isolation_source		blood	curator_escalation	curator escalation
PRJEB42462	SAMEA10330771	isolation_source		blood	curator_escalation	curator escalation
PRJNA1087366	SAMN40441708	isolation_source		blood	curator_escalation	curator escalation
PRJEB42462	SAMEA10330443	isolation_source		blood	curator_escalation	curator escalation
PRJEB42462	SAMEA10331013	isolation_source		blood	curator_escalation	curator escalation
PRJEB42462	SAMEA10330363	isolation_source		blood	curator_escalation	curator escalation
PRJEB42462	SAMEA10330131	isolation_source		blood	curator_escalation	curator escalation
PRJEB42462	SAMEA10331342	isolation_source		blood	curator_escalation	curator escalation
PRJEB42462	SAMEA10331271	isolation_source		blood	curator_escalation	curator escalation
PRJEB42462	SAMEA10330426	isolation_source		blood	curator_escalation	curator escalation
PRJEB42462	SAMEA10331240	isolation_source		blood	curator_escalation	curator escalation
PRJEB42462	SAMEA10330844	isolation_source		blood	curator_escalation	curator escalation
PRJEB42462	SAMEA10330751	isolation_source		blood	curator_escalation	curator escalation
PRJEB42462	SAMEA10331329	isolation_source		blood	curator_escalation	curator escalation
PRJEB42462	SAMEA10330325	isolation_source		blood	curator_escalation	curator escalation
PRJEB42462	SAMEA10331327	isolation_source		blood	curator_escalation	curator escalation
PRJEB42462	SAMEA10330610	isolation_source		blood	curator_escalation	curator escalation
PRJEB42462	SAMEA10331117	isolation_source		blood	curator_escalation	curator escalation
PRJEB42462	SAMEA10330665	isolation_source		blood	curator_escalation	curator escalation
PRJEB42462	SAMEA10330427	isolation_source		blood	curator_escalation	curator escalation
PRJEB42462	SAMEA10330405	isolation_source		blood	curator_escalation	curator escalation
PRJNA1087366	SAMN40441749	isolation_source		blood	curator_escalation	curator escalation
PRJNA1087366	SAMN40441742	isolation_source		blood	curator_escalation	curator escalation
PRJEB42462	SAMEA10330708	isolation_source		blood	curator_escalation	curator escalation
PRJEB42462	SAMEA10330618	isolation_source		blood	curator_escalation	curator escalation
PRJEB42462	SAMEA10330478	isolation_source		blood	curator_escalation	curator escalation
PRJEB42462	SAMEA10330431	isolation_source		blood	curator_escalation	curator escalation
PRJEB42462	SAMEA10331381	isolation_source		blood	curator_escalation	curator escalation
PRJEB42462	SAMEA10330779	isolation_source		blood	curator_escalation	curator escalation
PRJEB42462	SAMEA10330287	isolation_source		blood	curator_escalation	curator escalation
PRJEB42462	SAMEA10331176	isolation_source		blood	curator_escalation	curator escalation
PRJEB42462	SAMEA10331034	isolation_source		blood	curator_escalation	curator escalation
PRJEB42462	SAMEA10331324	isolation_source		blood	curator_escalation	curator escalation
PRJEB42462	SAMEA10330541	isolation_source		blood	curator_escalation	curator escalation
PRJEB42462	SAMEA10331238	isolation_source		blood	curator_escalation	curator escalation
PRJEB42462	SAMEA10330111	isolation_source		blood	curator_escalation	curator escalation
PRJEB42462	SAMEA10331185	isolation_source		blood	curator_escalation	curator escalation
PRJEB42462	SAMEA10330604	isolation_source		blood	curator_escalation	curator escalation
PRJEB42462	SAMEA10330894	isolation_source		blood	curator_escalation	curator escalation
PRJEB42462	SAMEA10330802	isolation_source		blood	curator_escalation	curator escalation
PRJNA1087366	SAMN40441651	isolation_source		blood	curator_escalation	curator escalation
PRJNA1087366	SAMN40441642	isolation_source		blood	curator_escalation	curator escalation
PRJEB42462	SAMEA10330891	isolation_source		blood	curator_escalation	curator escalation
PRJEB42462	SAMEA10331403	isolation_source		blood	curator_escalation	curator escalation
PRJEB42462	SAMEA10330132	isolation_source		blood	curator_escalation	curator escalation
PRJEB42462	SAMEA10331313	isolation_source		blood	curator_escalation	curator escalation
PRJEB42462	SAMEA10331297	isolation_source		blood	curator_escalation	curator escalation
PRJEB42462	SAMEA10330982	isolation_source		blood	curator_escalation	curator escalation
PRJEB42462	SAMEA10330169	isolation_source		blood	curator_escalation	curator escalation
PRJEB42462	SAMEA10330740	isolation_source		blood	curator_escalation	curator escalation
PRJEB42462	SAMEA10330848	isolation_source		blood	curator_escalation	curator escalation
PRJEB42462	SAMEA10331323	isolation_source		blood	curator_escalation	curator escalation
PRJEB42462	SAMEA10330351	isolation_source		blood	curator_escalation	curator escalation
PRJEB42462	SAMEA10330580	isolation_source		blood	curator_escalation	curator escalation
PRJEB42462	SAMEA10330942	isolation_source		blood	curator_escalation	curator escalation
PRJEB42462	SAMEA10330638	isolation_source		blood	curator_escalation	curator escalation
PRJEB42462	SAMEA10331123	isolation_source		blood	curator_escalation	curator escalation
PRJEB42462	SAMEA10330280	isolation_source		blood	curator_escalation	curator escalation
PRJEB42462	SAMEA10330793	isolation_source		blood	curator_escalation	curator escalation
PRJEB42462	SAMEA10331209	isolation_source		blood	curator_escalation	curator escalation
PRJEB42462	SAMEA10330797	isolation_source		blood	curator_escalation	curator escalation
PRJEB42462	SAMEA10330362	isolation_source		blood	curator_escalation	curator escalation
PRJEB42462	SAMEA10331095	isolation_source		blood	curator_escalation	curator escalation
PRJEB42462	SAMEA10331127	isolation_source		blood	curator_escalation	curator escalation
PRJNA1087366	SAMN40441655	isolation_source		blood	curator_escalation	curator escalation
PRJEB42462	SAMEA10331157	isolation_source		blood	curator_escalation	curator escalation
PRJEB42462	SAMEA10330602	isolation_source		blood	curator_escalation	curator escalation
PRJEB42462	SAMEA10330533	isolation_source		blood	curator_escalation	curator escalation
PRJEB42462	SAMEA10330615	isolation_source		blood	curator_escalation	curator escalation
PRJEB42462	SAMEA10330368	isolation_source		blood	curator_escalation	curator escalation
PRJEB42462	SAMEA10330199	isolation_source		blood	curator_escalation	curator escalation
PRJEB42462	SAMEA10330102	isolation_source		blood	curator_escalation	curator escalation
PRJNA1087366	SAMN40441732	isolation_source		blood	curator_escalation	curator escalation
PRJEB42462	SAMEA10330296	isolation_source		blood	curator_escalation	curator escalation
PRJEB42462	SAMEA10330471	isolation_source		blood	curator_escalation	curator escalation
PRJEB42462	SAMEA10330989	isolation_source		blood	curator_escalation	curator escalation
PRJEB42462	SAMEA10331392	isolation_source		blood	curator_escalation	curator escalation
PRJEB42462	SAMEA10331138	isolation_source		blood	curator_escalation	curator escalation
PRJEB42462	SAMEA10330209	isolation_source		blood	curator_escalation	curator escalation
PRJEB42462	SAMEA10330690	isolation_source		blood	curator_escalation	curator escalation
PRJEB42462	SAMEA10330482	isolation_source		blood	curator_escalation	curator escalation
PRJEB42462	SAMEA10330535	isolation_source		blood	curator_escalation	curator escalation
PRJEB42462	SAMEA10330775	isolation_source		blood	curator_escalation	curator escalation
PRJEB42462	SAMEA10330668	isolation_source		blood	curator_escalation	curator escalation
PRJEB42462	SAMEA10330978	isolation_source		blood	curator_escalation	curator escalation
PRJEB42462	SAMEA10330810	isolation_source		blood	curator_escalation	curator escalation
PRJEB42462	SAMEA10331165	isolation_source		blood	curator_escalation	curator escalation
PRJEB42462	SAMEA10330875	isolation_source		blood	curator_escalation	curator escalation
PRJEB42462	SAMEA10330851	isolation_source		blood	curator_escalation	curator escalation
PRJEB42462	SAMEA10330104	isolation_source		blood	curator_escalation	curator escalation
PRJEB42462	SAMEA10330204	isolation_source		blood	curator_escalation	curator escalation
PRJEB42462	SAMEA10330532	isolation_source		blood	curator_escalation	curator escalation
PRJEB42462	SAMEA10331273	isolation_source		blood	curator_escalation	curator escalation
PRJEB42462	SAMEA10330713	isolation_source		blood	curator_escalation	curator escalation
PRJEB42462	SAMEA10331098	isolation_source		blood	curator_escalation	curator escalation
PRJEB42462	SAMEA10331196	isolation_source		blood	curator_escalation	curator escalation
PRJEB42462	SAMEA10330895	isolation_source		blood	curator_escalation	curator escalation
PRJEB42462	SAMEA10330543	isolation_source		blood	curator_escalation	curator escalation
PRJEB42462	SAMEA10331220	isolation_source		blood	curator_escalation	curator escalation
PRJNA1087366	SAMN40441761	isolation_source		blood	curator_escalation	curator escalation
PRJEB42462	SAMEA10330789	isolation_source		blood	curator_escalation	curator escalation
PRJEB42462	SAMEA10330417	isolation_source		blood	curator_escalation	curator escalation
PRJEB42462	SAMEA10330332	isolation_source		blood	curator_escalation	curator escalation
PRJEB42462	SAMEA10331177	isolation_source		blood	curator_escalation	curator escalation
PRJEB42462	SAMEA10330612	isolation_source		blood	curator_escalation	curator escalation
PRJEB42462	SAMEA10330985	isolation_source		blood	curator_escalation	curator escalation
PRJEB42462	SAMEA10330220	isolation_source		blood	curator_escalation	curator escalation
PRJEB42462	SAMEA10331210	isolation_source		blood	curator_escalation	curator escalation
PRJNA1087366	SAMN40441675	isolation_source		blood	curator_escalation	curator escalation
PRJEB42462	SAMEA10330148	isolation_source		blood	curator_escalation	curator escalation
PRJEB42462	SAMEA10331343	isolation_source		blood	curator_escalation	curator escalation
PRJEB42462	SAMEA10330135	isolation_source		blood	curator_escalation	curator escalation
PRJNA1087366	SAMN40441683	isolation_source		blood	curator_escalation	curator escalation
PRJEB42462	SAMEA10331249	isolation_source		blood	curator_escalation	curator escalation
PRJEB42462	SAMEA10330336	isolation_source		blood	curator_escalation	curator escalation
PRJEB42462	SAMEA10331014	isolation_source		blood	curator_escalation	curator escalation
PRJEB42462	SAMEA10331316	isolation_source		blood	curator_escalation	curator escalation
PRJEB42462	SAMEA10331281	isolation_source		blood	curator_escalation	curator escalation
PRJEB42462	SAMEA10330671	isolation_source		blood	curator_escalation	curator escalation
PRJEB42462	SAMEA10330908	isolation_source		blood	curator_escalation	curator escalation
PRJNA1087366	SAMN40441750	isolation_source		blood	curator_escalation	curator escalation
PRJEB42462	SAMEA10331221	isolation_source		blood	curator_escalation	curator escalation
PRJEB42462	SAMEA10330422	isolation_source		blood	curator_escalation	curator escalation
PRJEB42462	SAMEA10331074	isolation_source		blood	curator_escalation	curator escalation
PRJEB42462	SAMEA10330931	isolation_source		blood	curator_escalation	curator escalation
PRJEB42462	SAMEA10330608	isolation_source		blood	curator_escalation	curator escalation
PRJEB42462	SAMEA10330145	isolation_source		blood	curator_escalation	curator escalation
PRJEB42462	SAMEA10331341	isolation_source		blood	curator_escalation	curator escalation
PRJEB42462	SAMEA10330594	isolation_source		blood	curator_escalation	curator escalation
PRJEB42462	SAMEA10330888	isolation_source		blood	curator_escalation	curator escalation
PRJEB42462	SAMEA10331023	isolation_source		blood	curator_escalation	curator escalation
PRJNA1087366	SAMN40441763	isolation_source		blood	curator_escalation	curator escalation
PRJNA1087366	SAMN40441698	isolation_source		blood	curator_escalation	curator escalation
PRJNA1087366	SAMN40441738	isolation_source		blood	curator_escalation	curator escalation
PRJEB42462	SAMEA10331231	isolation_source		blood	curator_escalation	curator escalation
PRJEB42462	SAMEA10330657	isolation_source		blood	curator_escalation	curator escalation
PRJNA1087366	SAMN40441744	isolation_source		blood	curator_escalation	curator escalation
PRJEB42462	SAMEA10330205	isolation_source		blood	curator_escalation	curator escalation
PRJEB42462	SAMEA10330149	isolation_source		blood	curator_escalation	curator escalation
PRJEB42462	SAMEA10330686	isolation_source		blood	curator_escalation	curator escalation
PRJNA1087366	SAMN40441727	isolation_source		blood	curator_escalation	curator escalation
PRJEB42462	SAMEA10331069	isolation_source		blood	curator_escalation	curator escalation
PRJEB42462	SAMEA10330162	isolation_source		blood	curator_escalation	curator escalation
PRJEB42462	SAMEA10330092	isolation_source		blood	curator_escalation	curator escalation
PRJEB42462	SAMEA10330455	isolation_source		blood	curator_escalation	curator escalation
PRJEB42462	SAMEA10330505	isolation_source		blood	curator_escalation	curator escalation
PRJEB42462	SAMEA10330137	isolation_source		blood	curator_escalation	curator escalation
PRJEB42462	SAMEA10331216	isolation_source		blood	curator_escalation	curator escalation
PRJEB42462	SAMEA10330491	isolation_source		blood	curator_escalation	curator escalation
PRJEB42462	SAMEA10330372	isolation_source		blood	curator_escalation	curator escalation
PRJEB42462	SAMEA10330506	isolation_source		blood	curator_escalation	curator escalation
PRJEB42462	SAMEA10330545	isolation_source		blood	curator_escalation	curator escalation
PRJEB42462	SAMEA10330762	isolation_source		blood	curator_escalation	curator escalation
PRJEB42462	SAMEA10331172	isolation_source		blood	curator_escalation	curator escalation
PRJEB42462	SAMEA10330484	isolation_source		blood	curator_escalation	curator escalation
PRJEB42462	SAMEA10331114	isolation_source		blood	curator_escalation	curator escalation
PRJEB42462	SAMEA10331156	isolation_source		blood	curator_escalation	curator escalation
PRJEB42462	SAMEA10330288	isolation_source		blood	curator_escalation	curator escalation
PRJNA1087366	SAMN40441664	isolation_source		blood	curator_escalation	curator escalation
PRJNA1087366	SAMN40441717	isolation_source		blood	curator_escalation	curator escalation
PRJEB42462	SAMEA10330853	isolation_source		blood	curator_escalation	curator escalation
PRJEB42462	SAMEA10330825	isolation_source		blood	curator_escalation	curator escalation
PRJEB42462	SAMEA10331395	isolation_source		blood	curator_escalation	curator escalation
PRJEB42462	SAMEA10331011	isolation_source		blood	curator_escalation	curator escalation
PRJNA1087366	SAMN40441706	isolation_source		blood	curator_escalation	curator escalation
PRJEB42462	SAMEA10330125	isolation_source		blood	curator_escalation	curator escalation
PRJEB42462	SAMEA10330564	isolation_source		blood	curator_escalation	curator escalation
PRJEB42462	SAMEA10330268	isolation_source		blood	curator_escalation	curator escalation
PRJEB42462	SAMEA10330440	isolation_source		blood	curator_escalation	curator escalation
PRJNA1087366	SAMN40441653	isolation_source		blood	curator_escalation	curator escalation
PRJEB42462	SAMEA10330557	isolation_source		blood	curator_escalation	curator escalation
PRJEB42462	SAMEA10330759	isolation_source		blood	curator_escalation	curator escalation
PRJEB42462	SAMEA10331006	isolation_source		blood	curator_escalation	curator escalation
PRJEB42462	SAMEA10330778	isolation_source		blood	curator_escalation	curator escalation
PRJEB42462	SAMEA10331290	isolation_source		blood	curator_escalation	curator escalation
PRJEB42462	SAMEA10330607	isolation_source		blood	curator_escalation	curator escalation
PRJEB42462	SAMEA10330456	isolation_source		blood	curator_escalation	curator escalation
PRJEB42462	SAMEA10330462	isolation_source		blood	curator_escalation	curator escalation
PRJEB42462	SAMEA10331049	isolation_source		blood	curator_escalation	curator escalation
PRJEB42462	SAMEA10330972	isolation_source		blood	curator_escalation	curator escalation
PRJEB42462	SAMEA10330118	isolation_source		blood	curator_escalation	curator escalation
PRJEB42462	SAMEA10330449	isolation_source		blood	curator_escalation	curator escalation
PRJEB42462	SAMEA10330446	isolation_source		blood	curator_escalation	curator escalation
PRJEB42462	SAMEA10331134	isolation_source		blood	curator_escalation	curator escalation
PRJEB42462	SAMEA10330812	isolation_source		blood	curator_escalation	curator escalation
PRJEB42462	SAMEA10330504	isolation_source		blood	curator_escalation	curator escalation
PRJEB42462	SAMEA10330538	isolation_source		blood	curator_escalation	curator escalation
PRJEB42462	SAMEA10331228	isolation_source		blood	curator_escalation	curator escalation
PRJEB42462	SAMEA10330481	isolation_source		blood	curator_escalation	curator escalation
PRJEB42462	SAMEA10331396	isolation_source		blood	curator_escalation	curator escalation
PRJEB42462	SAMEA10331364	isolation_source		blood	curator_escalation	curator escalation
PRJEB42462	SAMEA10330574	isolation_source		blood	curator_escalation	curator escalation
PRJEB42462	SAMEA10331188	isolation_source		blood	curator_escalation	curator escalation
PRJEB42462	SAMEA10331244	isolation_source		blood	curator_escalation	curator escalation
PRJEB42462	SAMEA10330349	isolation_source		blood	curator_escalation	curator escalation
PRJEB42462	SAMEA10330877	isolation_source		blood	curator_escalation	curator escalation
PRJEB42462	SAMEA10330617	isolation_source		blood	curator_escalation	curator escalation
PRJNA1087366	SAMN40441650	isolation_source		blood	curator_escalation	curator escalation
PRJEB42462	SAMEA10330561	isolation_source		blood	curator_escalation	curator escalation
PRJEB42462	SAMEA10331348	isolation_source		blood	curator_escalation	curator escalation
PRJEB42462	SAMEA10330354	isolation_source		blood	curator_escalation	curator escalation
PRJEB42462	SAMEA10330399	isolation_source		blood	curator_escalation	curator escalation
PRJEB42462	SAMEA10330346	isolation_source		blood	curator_escalation	curator escalation
PRJEB42462	SAMEA10330697	isolation_source		blood	curator_escalation	curator escalation
PRJEB42462	SAMEA10330430	isolation_source		blood	curator_escalation	curator escalation
PRJEB42462	SAMEA10330211	isolation_source		blood	curator_escalation	curator escalation
PRJNA1087366	SAMN40441775	isolation_source		blood	curator_escalation	curator escalation
PRJEB42462	SAMEA10330139	isolation_source		blood	curator_escalation	curator escalation
PRJEB42462	SAMEA10330791	isolation_source		blood	curator_escalation	curator escalation
PRJNA1087366	SAMN40441704	isolation_source		blood	curator_escalation	curator escalation
PRJEB42462	SAMEA10330777	isolation_source		blood	curator_escalation	curator escalation
PRJEB42462	SAMEA10330122	isolation_source		blood	curator_escalation	curator escalation
PRJEB42462	SAMEA10330466	isolation_source		blood	curator_escalation	curator escalation
PRJEB42462	SAMEA10331104	isolation_source		blood	curator_escalation	curator escalation
PRJEB42462	SAMEA10330760	isolation_source		blood	curator_escalation	curator escalation
PRJEB42462	SAMEA10330795	isolation_source		blood	curator_escalation	curator escalation
PRJEB42462	SAMEA10330492	isolation_source		blood	curator_escalation	curator escalation
PRJEB42462	SAMEA10330722	isolation_source		blood	curator_escalation	curator escalation
PRJEB42462	SAMEA10331059	isolation_source		blood	curator_escalation	curator escalation
PRJEB42462	SAMEA10331362	isolation_source		blood	curator_escalation	curator escalation
PRJEB42462	SAMEA10331358	isolation_source		blood	curator_escalation	curator escalation
PRJNA1087366	SAMN40441701	isolation_source		blood	curator_escalation	curator escalation
PRJEB42462	SAMEA10331211	isolation_source		blood	curator_escalation	curator escalation
PRJEB42462	SAMEA10330962	isolation_source		blood	curator_escalation	curator escalation
PRJEB42462	SAMEA10330583	isolation_source		blood	curator_escalation	curator escalation
PRJEB42462	SAMEA10330641	isolation_source		blood	curator_escalation	curator escalation
PRJNA1087366	SAMN40441646	isolation_source		blood	curator_escalation	curator escalation
PRJEB42462	SAMEA10330502	isolation_source		blood	curator_escalation	curator escalation
PRJEB42462	SAMEA10330293	isolation_source		blood	curator_escalation	curator escalation
PRJEB42462	SAMEA10330955	isolation_source		blood	curator_escalation	curator escalation
PRJEB42462	SAMEA10331173	isolation_source		blood	curator_escalation	curator escalation
PRJEB42462	SAMEA10330152	isolation_source		blood	curator_escalation	curator escalation
PRJEB42462	SAMEA10331101	isolation_source		blood	curator_escalation	curator escalation
PRJEB42462	SAMEA10330882	isolation_source		blood	curator_escalation	curator escalation
PRJEB42462	SAMEA10331141	isolation_source		blood	curator_escalation	curator escalation
PRJEB42462	SAMEA10330198	isolation_source		blood	curator_escalation	curator escalation
PRJEB42462	SAMEA10330589	isolation_source		blood	curator_escalation	curator escalation
PRJNA1087366	SAMN40441733	isolation_source		blood	curator_escalation	curator escalation
PRJEB42462	SAMEA10331075	isolation_source		blood	curator_escalation	curator escalation
PRJEB42462	SAMEA10331091	isolation_source		blood	curator_escalation	curator escalation
PRJEB42462	SAMEA10330643	isolation_source		blood	curator_escalation	curator escalation
PRJEB42462	SAMEA10331279	isolation_source		blood	curator_escalation	curator escalation
PRJEB42462	SAMEA10330732	isolation_source		blood	curator_escalation	curator escalation
PRJEB42462	SAMEA10330919	isolation_source		blood	curator_escalation	curator escalation
PRJEB42462	SAMEA10331308	isolation_source		blood	curator_escalation	curator escalation
PRJEB42462	SAMEA10331356	isolation_source		blood	curator_escalation	curator escalation
PRJEB42462	SAMEA10330734	isolation_source		blood	curator_escalation	curator escalation
PRJEB42462	SAMEA10331276	isolation_source		blood	curator_escalation	curator escalation
PRJEB42462	SAMEA10330339	isolation_source		blood	curator_escalation	curator escalation
PRJEB42462	SAMEA10330568	isolation_source		blood	curator_escalation	curator escalation
PRJEB42462	SAMEA10331354	isolation_source		blood	curator_escalation	curator escalation
PRJEB42462	SAMEA10330068	isolation_source		blood	curator_escalation	curator escalation
PRJNA1087366	SAMN40441695	isolation_source		blood	curator_escalation	curator escalation
PRJEB42462	SAMEA10330694	isolation_source		blood	curator_escalation	curator escalation
PRJEB42462	SAMEA10330453	isolation_source		blood	curator_escalation	curator escalation
PRJEB42462	SAMEA10331096	isolation_source		blood	curator_escalation	curator escalation
PRJEB42462	SAMEA10330437	isolation_source		blood	curator_escalation	curator escalation
PRJEB42462	SAMEA10331194	isolation_source		blood	curator_escalation	curator escalation
PRJEB42462	SAMEA10330833	isolation_source		blood	curator_escalation	curator escalation
PRJEB42462	SAMEA10330134	isolation_source		blood	curator_escalation	curator escalation
PRJEB42462	SAMEA10331366	isolation_source		blood	curator_escalation	curator escalation
PRJEB42462	SAMEA10330549	isolation_source		blood	curator_escalation	curator escalation
PRJEB42462	SAMEA10330849	isolation_source		blood	curator_escalation	curator escalation
PRJEB42462	SAMEA10330842	isolation_source		blood	curator_escalation	curator escalation
PRJEB42462	SAMEA10330361	isolation_source		blood	curator_escalation	curator escalation
PRJEB42462	SAMEA10330932	isolation_source		blood	curator_escalation	curator escalation
PRJEB42462	SAMEA10330656	isolation_source		blood	curator_escalation	curator escalation
PRJEB42462	SAMEA10330988	isolation_source		blood	curator_escalation	curator escalation
PRJEB42462	SAMEA10330805	isolation_source		blood	curator_escalation	curator escalation
PRJEB42462	SAMEA10330144	isolation_source		blood	curator_escalation	curator escalation
PRJEB42462	SAMEA10330544	isolation_source		blood	curator_escalation	curator escalation
PRJNA1087366	SAMN40441666	isolation_source		blood	curator_escalation	curator escalation
PRJEB42462	SAMEA10330862	isolation_source		blood	curator_escalation	curator escalation
PRJEB42462	SAMEA10330487	isolation_source		blood	curator_escalation	curator escalation
PRJEB42462	SAMEA10330353	isolation_source		blood	curator_escalation	curator escalation
PRJEB42462	SAMEA10330089	isolation_source		blood	curator_escalation	curator escalation
PRJEB42462	SAMEA10330936	isolation_source		blood	curator_escalation	curator escalation
PRJEB42462	SAMEA10330384	isolation_source		blood	curator_escalation	curator escalation
PRJNA1087366	SAMN40441644	isolation_source		blood	curator_escalation	curator escalation
PRJEB42462	SAMEA10331066	isolation_source		blood	curator_escalation	curator escalation
PRJEB42462	SAMEA10330659	isolation_source		blood	curator_escalation	curator escalation
PRJNA1087366	SAMN40441758	isolation_source		blood	curator_escalation	curator escalation
PRJNA1087366	SAMN40441700	isolation_source		blood	curator_escalation	curator escalation
PRJEB42462	SAMEA10330192	isolation_source		blood	curator_escalation	curator escalation
PRJEB42462	SAMEA10330639	isolation_source		blood	curator_escalation	curator escalation
PRJEB42462	SAMEA10331373	isolation_source		blood	curator_escalation	curator escalation
PRJEB42462	SAMEA10330646	isolation_source		blood	curator_escalation	curator escalation
PRJEB42462	SAMEA10331057	isolation_source		blood	curator_escalation	curator escalation
PRJEB42462	SAMEA10330925	isolation_source		blood	curator_escalation	curator escalation
PRJEB42462	SAMEA10330527	isolation_source		blood	curator_escalation	curator escalation
PRJEB42462	SAMEA10330854	isolation_source		blood	curator_escalation	curator escalation
PRJEB42462	SAMEA10330887	isolation_source		blood	curator_escalation	curator escalation
PRJEB42462	SAMEA10330512	isolation_source		blood	curator_escalation	curator escalation
PRJEB42462	SAMEA10331088	isolation_source		blood	curator_escalation	curator escalation
PRJEB42462	SAMEA10330448	isolation_source		blood	curator_escalation	curator escalation
PRJNA1087366	SAMN40441665	isolation_source		blood	curator_escalation	curator escalation
PRJEB42462	SAMEA10330945	isolation_source		blood	curator_escalation	curator escalation
PRJEB42462	SAMEA10330071	isolation_source		blood	curator_escalation	curator escalation
PRJEB42462	SAMEA10330432	isolation_source		blood	curator_escalation	curator escalation
PRJEB42462	SAMEA10330929	isolation_source		blood	curator_escalation	curator escalation
PRJEB42462	SAMEA10330567	isolation_source		blood	curator_escalation	curator escalation
PRJEB42462	SAMEA10330664	isolation_source		blood	curator_escalation	curator escalation
PRJEB42462	SAMEA10331344	isolation_source		blood	curator_escalation	curator escalation
PRJEB42462	SAMEA10330997	isolation_source		blood	curator_escalation	curator escalation
PRJEB42462	SAMEA10330517	isolation_source		blood	curator_escalation	curator escalation
PRJEB42462	SAMEA10330514	isolation_source		blood	curator_escalation	curator escalation
PRJEB42462	SAMEA10330552	isolation_source		blood	curator_escalation	curator escalation
PRJEB42462	SAMEA10330483	isolation_source		blood	curator_escalation	curator escalation
PRJEB42462	SAMEA10331001	isolation_source		blood	curator_escalation	curator escalation
PRJEB42462	SAMEA10330393	isolation_source		blood	curator_escalation	curator escalation
PRJEB42462	SAMEA10330867	isolation_source		blood	curator_escalation	curator escalation
PRJEB42462	SAMEA10330486	isolation_source		blood	curator_escalation	curator escalation
PRJEB42462	SAMEA10330376	isolation_source		blood	curator_escalation	curator escalation
PRJEB42462	SAMEA10331143	isolation_source		blood	curator_escalation	curator escalation
PRJEB42462	SAMEA10330454	isolation_source		blood	curator_escalation	curator escalation
PRJEB42462	SAMEA10330792	isolation_source		blood	curator_escalation	curator escalation
PRJNA1087366	SAMN40441713	isolation_source		blood	curator_escalation	curator escalation
PRJEB42462	SAMEA10331264	isolation_source		blood	curator_escalation	curator escalation
PRJEB42462	SAMEA10330096	isolation_source		blood	curator_escalation	curator escalation
PRJNA1087366	SAMN40441654	isolation_source		blood	curator_escalation	curator escalation
PRJEB42462	SAMEA10330865	isolation_source		blood	curator_escalation	curator escalation
PRJEB42462	SAMEA10330614	isolation_source		blood	curator_escalation	curator escalation
PRJEB42462	SAMEA10331063	isolation_source		blood	curator_escalation	curator escalation
PRJEB42462	SAMEA10331383	isolation_source		blood	curator_escalation	curator escalation
PRJEB42462	SAMEA10331136	isolation_source		blood	curator_escalation	curator escalation
PRJEB42462	SAMEA10330196	isolation_source		blood	curator_escalation	curator escalation
PRJEB42462	SAMEA10330726	isolation_source		blood	curator_escalation	curator escalation
PRJEB42462	SAMEA10330787	isolation_source		blood	curator_escalation	curator escalation
PRJEB42462	SAMEA10331207	isolation_source		blood	curator_escalation	curator escalation
PRJEB42462	SAMEA10330682	isolation_source		blood	curator_escalation	curator escalation
PRJEB42462	SAMEA10330442	isolation_source		blood	curator_escalation	curator escalation
PRJNA1087366	SAMN40441694	isolation_source		blood	curator_escalation	curator escalation
PRJEB42462	SAMEA10330316	isolation_source		blood	curator_escalation	curator escalation
PRJNA1087366	SAMN40441645	isolation_source		blood	curator_escalation	curator escalation
PRJEB42462	SAMEA10330138	isolation_source		blood	curator_escalation	curator escalation
PRJNA1087366	SAMN40441771	isolation_source		blood	curator_escalation	curator escalation
PRJEB42462	SAMEA10330702	isolation_source		blood	curator_escalation	curator escalation
PRJEB42462	SAMEA10331282	isolation_source		blood	curator_escalation	curator escalation
PRJEB42462	SAMEA10330115	isolation_source		blood	curator_escalation	curator escalation
PRJEB42462	SAMEA10330175	isolation_source		blood	curator_escalation	curator escalation
PRJEB42462	SAMEA10330620	isolation_source		blood	curator_escalation	curator escalation
PRJEB42462	SAMEA10330327	isolation_source		blood	curator_escalation	curator escalation
PRJEB42462	SAMEA10330572	isolation_source		blood	curator_escalation	curator escalation
PRJEB42462	SAMEA10330127	isolation_source		blood	curator_escalation	curator escalation
PRJEB42462	SAMEA10331010	isolation_source		blood	curator_escalation	curator escalation
PRJEB42462	SAMEA10331247	isolation_source		blood	curator_escalation	curator escalation
PRJEB42462	SAMEA10330975	isolation_source		blood	curator_escalation	curator escalation
PRJEB42462	SAMEA10331255	isolation_source		blood	curator_escalation	curator escalation
PRJEB42462	SAMEA10330290	isolation_source		blood	curator_escalation	curator escalation
PRJEB42462	SAMEA10330224	isolation_source		blood	curator_escalation	curator escalation
PRJEB42462	SAMEA10331232	isolation_source		blood	curator_escalation	curator escalation
PRJEB42462	SAMEA10330184	isolation_source		blood	curator_escalation	curator escalation
PRJEB42462	SAMEA10330635	isolation_source		blood	curator_escalation	curator escalation
PRJEB42462	SAMEA10331365	isolation_source		blood	curator_escalation	curator escalation
PRJEB42462	SAMEA10331206	isolation_source		blood	curator_escalation	curator escalation
PRJEB42462	SAMEA10330389	isolation_source		blood	curator_escalation	curator escalation
PRJEB42462	SAMEA10330596	isolation_source		blood	curator_escalation	curator escalation
PRJEB42462	SAMEA10330298	isolation_source		blood	curator_escalation	curator escalation
PRJNA1087366	SAMN40441659	isolation_source		blood	curator_escalation	curator escalation
PRJNA1087366	SAMN40441648	isolation_source		blood	curator_escalation	curator escalation
PRJEB42462	SAMEA10331330	isolation_source		blood	curator_escalation	curator escalation
PRJEB42462	SAMEA10330507	isolation_source		blood	curator_escalation	curator escalation
PRJEB42462	SAMEA10330542	isolation_source		blood	curator_escalation	curator escalation
PRJEB42462	SAMEA10330948	isolation_source		blood	curator_escalation	curator escalation
PRJEB42462	SAMEA10331315	isolation_source		blood	curator_escalation	curator escalation
PRJEB42462	SAMEA10331133	isolation_source		blood	curator_escalation	curator escalation
PRJEB42462	SAMEA10331325	isolation_source		blood	curator_escalation	curator escalation
PRJEB42462	SAMEA10331047	isolation_source		blood	curator_escalation	curator escalation
PRJEB42462	SAMEA10330396	isolation_source		blood	curator_escalation	curator escalation
PRJEB42462	SAMEA10330584	isolation_source		blood	curator_escalation	curator escalation
PRJEB42462	SAMEA10330743	isolation_source		blood	curator_escalation	curator escalation
PRJEB42462	SAMEA10330120	isolation_source		blood	curator_escalation	curator escalation
PRJEB42462	SAMEA10330579	isolation_source		blood	curator_escalation	curator escalation
PRJEB42462	SAMEA10330756	isolation_source		blood	curator_escalation	curator escalation
PRJNA1087366	SAMN40441720	isolation_source		blood	curator_escalation	curator escalation
PRJNA1087366	SAMN40441756	isolation_source		blood	curator_escalation	curator escalation
PRJEB42462	SAMEA10330736	isolation_source		blood	curator_escalation	curator escalation
PRJNA1087366	SAMN40441670	isolation_source		blood	curator_escalation	curator escalation
PRJEB42462	SAMEA10330133	isolation_source		blood	curator_escalation	curator escalation
PRJEB42462	SAMEA10330846	isolation_source		blood	curator_escalation	curator escalation
PRJEB42462	SAMEA10330758	isolation_source		blood	curator_escalation	curator escalation
PRJEB42462	SAMEA10331374	isolation_source		blood	curator_escalation	curator escalation
PRJEB42462	SAMEA10331125	isolation_source		blood	curator_escalation	curator escalation
PRJNA1087366	SAMN40441699	isolation_source		blood	curator_escalation	curator escalation
PRJEB42462	SAMEA10330623	isolation_source		blood	curator_escalation	curator escalation
PRJEB42462	SAMEA10330174	isolation_source		blood	curator_escalation	curator escalation
PRJEB42462	SAMEA10331000	isolation_source		blood	curator_escalation	curator escalation
PRJEB42462	SAMEA10330588	isolation_source		blood	curator_escalation	curator escalation
PRJNA1087366	SAMN40441667	isolation_source		blood	curator_escalation	curator escalation
PRJEB42462	SAMEA10330129	isolation_source		blood	curator_escalation	curator escalation
PRJEB42462	SAMEA10330648	isolation_source		blood	curator_escalation	curator escalation
PRJEB42462	SAMEA10330380	isolation_source		blood	curator_escalation	curator escalation
PRJEB42462	SAMEA10331345	isolation_source		blood	curator_escalation	curator escalation
PRJEB42462	SAMEA10331103	isolation_source		blood	curator_escalation	curator escalation
PRJEB42462	SAMEA10331212	isolation_source		blood	curator_escalation	curator escalation
PRJEB42462	SAMEA10331084	isolation_source		blood	curator_escalation	curator escalation
PRJEB42462	SAMEA10331026	isolation_source		blood	curator_escalation	curator escalation
PRJEB42462	SAMEA10330547	isolation_source		blood	curator_escalation	curator escalation
PRJEB42462	SAMEA10330901	isolation_source		blood	curator_escalation	curator escalation
PRJNA1087366	SAMN40441649	isolation_source		blood	curator_escalation	curator escalation
PRJEB42462	SAMEA10330622	isolation_source		blood	curator_escalation	curator escalation
PRJEB42462	SAMEA10330076	isolation_source		blood	curator_escalation	curator escalation
PRJEB42462	SAMEA10330587	isolation_source		blood	curator_escalation	curator escalation
PRJEB42462	SAMEA10331398	isolation_source		blood	curator_escalation	curator escalation
PRJEB42462	SAMEA10331355	isolation_source		blood	curator_escalation	curator escalation
PRJNA1087366	SAMN40441730	isolation_source		blood	curator_escalation	curator escalation
PRJEB42462	SAMEA10330312	isolation_source		blood	curator_escalation	curator escalation
PRJEB42462	SAMEA10331215	isolation_source		blood	curator_escalation	curator escalation
PRJEB42462	SAMEA10330958	isolation_source		blood	curator_escalation	curator escalation
PRJEB42462	SAMEA10330270	isolation_source		blood	curator_escalation	curator escalation
PRJEB42462	SAMEA10331093	isolation_source		blood	curator_escalation	curator escalation
PRJEB42462	SAMEA10330301	isolation_source		blood	curator_escalation	curator escalation
PRJEB42462	SAMEA10330179	isolation_source		blood	curator_escalation	curator escalation
PRJEB42462	SAMEA10331263	isolation_source		blood	curator_escalation	curator escalation
PRJEB42462	SAMEA10331121	isolation_source		blood	curator_escalation	curator escalation
PRJNA1087366	SAMN40441757	isolation_source		blood	curator_escalation	curator escalation
PRJEB42462	SAMEA10331379	isolation_source		blood	curator_escalation	curator escalation
PRJEB42462	SAMEA10331106	isolation_source		blood	curator_escalation	curator escalation
PRJEB42462	SAMEA10330627	isolation_source		blood	curator_escalation	curator escalation
PRJEB42462	SAMEA10331032	isolation_source		blood	curator_escalation	curator escalation
PRJEB42462	SAMEA10330295	isolation_source		blood	curator_escalation	curator escalation
PRJEB42462	SAMEA10330080	isolation_source		blood	curator_escalation	curator escalation
PRJEB42462	SAMEA10330790	isolation_source		blood	curator_escalation	curator escalation
PRJEB42462	SAMEA10331105	isolation_source		blood	curator_escalation	curator escalation
PRJEB42462	SAMEA10330334	isolation_source		blood	curator_escalation	curator escalation
PRJEB42462	SAMEA10330345	isolation_source		blood	curator_escalation	curator escalation
PRJEB42462	SAMEA10330954	isolation_source		blood	curator_escalation	curator escalation
PRJEB42462	SAMEA10330773	isolation_source		blood	curator_escalation	curator escalation
PRJEB42462	SAMEA10330728	isolation_source		blood	curator_escalation	curator escalation
PRJNA1087366	SAMN40441751	isolation_source		blood	curator_escalation	curator escalation
PRJEB42462	SAMEA10331120	isolation_source		blood	curator_escalation	curator escalation
PRJEB42462	SAMEA10330764	isolation_source		blood	curator_escalation	curator escalation
PRJEB42462	SAMEA10330961	isolation_source		blood	curator_escalation	curator escalation
PRJEB42462	SAMEA10331254	isolation_source		blood	curator_escalation	curator escalation
PRJEB42462	SAMEA10330563	isolation_source		blood	curator_escalation	curator escalation
PRJEB42462	SAMEA10331227	isolation_source		blood	curator_escalation	curator escalation
PRJEB42462	SAMEA10331347	isolation_source		blood	curator_escalation	curator escalation
PRJEB42462	SAMEA10330830	isolation_source		blood	curator_escalation	curator escalation
PRJEB42462	SAMEA10330536	isolation_source		blood	curator_escalation	curator escalation
PRJEB42462	SAMEA10330146	isolation_source		blood	curator_escalation	curator escalation
PRJEB42462	SAMEA10331016	isolation_source		blood	curator_escalation	curator escalation
PRJEB42462	SAMEA10330666	isolation_source		blood	curator_escalation	curator escalation
PRJEB42462	SAMEA10330457	isolation_source		blood	curator_escalation	curator escalation
PRJEB42462	SAMEA10330388	isolation_source		blood	curator_escalation	curator escalation
PRJEB42462	SAMEA10331214	isolation_source		blood	curator_escalation	curator escalation
PRJEB42462	SAMEA10331087	isolation_source		blood	curator_escalation	curator escalation
PRJEB42462	SAMEA10330824	isolation_source		blood	curator_escalation	curator escalation
PRJEB42462	SAMEA10331202	isolation_source		blood	curator_escalation	curator escalation
PRJEB42462	SAMEA10330644	isolation_source		blood	curator_escalation	curator escalation
PRJEB42462	SAMEA10330782	isolation_source		blood	curator_escalation	curator escalation
PRJEB42462	SAMEA10330292	isolation_source		blood	curator_escalation	curator escalation
PRJEB42462	SAMEA10331062	isolation_source		blood	curator_escalation	curator escalation
PRJNA1087366	SAMN40441711	isolation_source		blood	curator_escalation	curator escalation
PRJEB42462	SAMEA10330289	isolation_source		blood	curator_escalation	curator escalation
PRJEB42462	SAMEA10330667	isolation_source		blood	curator_escalation	curator escalation
PRJEB42462	SAMEA10331335	isolation_source		blood	curator_escalation	curator escalation
PRJEB42462	SAMEA10330410	isolation_source		blood	curator_escalation	curator escalation
PRJEB42462	SAMEA10330206	isolation_source		blood	curator_escalation	curator escalation
PRJEB42462	SAMEA10330654	isolation_source		blood	curator_escalation	curator escalation
PRJEB42462	SAMEA10331241	isolation_source		blood	curator_escalation	curator escalation
PRJEB42462	SAMEA10331017	isolation_source		blood	curator_escalation	curator escalation
PRJEB42462	SAMEA10330731	isolation_source		blood	curator_escalation	curator escalation
PRJEB42462	SAMEA10330838	isolation_source		blood	curator_escalation	curator escalation
PRJEB42462	SAMEA10330385	isolation_source		blood	curator_escalation	curator escalation
PRJEB42462	SAMEA10330526	isolation_source		blood	curator_escalation	curator escalation
PRJEB42462	SAMEA10330885	isolation_source		blood	curator_escalation	curator escalation
PRJEB42462	SAMEA10330642	isolation_source		blood	curator_escalation	curator escalation
PRJEB42462	SAMEA10331168	isolation_source		blood	curator_escalation	curator escalation
PRJEB42462	SAMEA10331078	isolation_source		blood	curator_escalation	curator escalation
PRJEB42462	SAMEA10330374	isolation_source		blood	curator_escalation	curator escalation
PRJEB42462	SAMEA10330082	isolation_source		blood	curator_escalation	curator escalation
PRJEB42462	SAMEA10331175	isolation_source		blood	curator_escalation	curator escalation
PRJEB42462	SAMEA10330072	isolation_source		blood	curator_escalation	curator escalation
PRJEB42462	SAMEA10330480	isolation_source		blood	curator_escalation	curator escalation
PRJNA1087366	SAMN40441689	isolation_source		blood	curator_escalation	curator escalation
PRJEB42462	SAMEA10330829	isolation_source		blood	curator_escalation	curator escalation
PRJEB42462	SAMEA10331067	isolation_source		blood	curator_escalation	curator escalation
PRJEB42462	SAMEA10330952	isolation_source		blood	curator_escalation	curator escalation
PRJEB42462	SAMEA10330324	isolation_source		blood	curator_escalation	curator escalation
PRJNA1087366	SAMN40441721	isolation_source		blood	curator_escalation	curator escalation
PRJEB42462	SAMEA10330421	isolation_source		blood	curator_escalation	curator escalation
PRJEB42462	SAMEA10330136	isolation_source		blood	curator_escalation	curator escalation
PRJEB42462	SAMEA10331186	isolation_source		blood	curator_escalation	curator escalation
PRJEB42462	SAMEA10330847	isolation_source		blood	curator_escalation	curator escalation
PRJEB42462	SAMEA10330117	isolation_source		blood	curator_escalation	curator escalation
PRJEB42462	SAMEA10331139	isolation_source		blood	curator_escalation	curator escalation
PRJEB42462	SAMEA10330087	isolation_source		blood	curator_escalation	curator escalation
PRJEB42462	SAMEA10330606	isolation_source		blood	curator_escalation	curator escalation
PRJEB42462	SAMEA10330494	isolation_source		blood	curator_escalation	curator escalation
PRJEB42462	SAMEA10331397	isolation_source		blood	curator_escalation	curator escalation
PRJEB42462	SAMEA10330460	isolation_source		blood	curator_escalation	curator escalation
PRJEB42462	SAMEA10330170	isolation_source		blood	curator_escalation	curator escalation
PRJEB42462	SAMEA10330835	isolation_source		blood	curator_escalation	curator escalation
PRJEB42462	SAMEA10330820	isolation_source		blood	curator_escalation	curator escalation
PRJEB42462	SAMEA10330912	isolation_source		blood	curator_escalation	curator escalation
PRJEB42462	SAMEA10330974	isolation_source		blood	curator_escalation	curator escalation
PRJEB42462	SAMEA10331243	isolation_source		blood	curator_escalation	curator escalation
PRJEB42462	SAMEA10331045	isolation_source		blood	curator_escalation	curator escalation
PRJEB42462	SAMEA10330923	isolation_source		blood	curator_escalation	curator escalation
PRJEB42462	SAMEA10330406	isolation_source		blood	curator_escalation	curator escalation
PRJEB42462	SAMEA10330433	isolation_source		blood	curator_escalation	curator escalation
PRJEB42462	SAMEA10330672	isolation_source		blood	curator_escalation	curator escalation
PRJEB42462	SAMEA10331126	isolation_source		blood	curator_escalation	curator escalation
PRJEB42462	SAMEA10330943	isolation_source		blood	curator_escalation	curator escalation
PRJEB42462	SAMEA10330335	isolation_source		blood	curator_escalation	curator escalation
PRJEB42462	SAMEA10330739	isolation_source		blood	curator_escalation	curator escalation
PRJEB42462	SAMEA10331267	isolation_source		blood	curator_escalation	curator escalation
PRJEB42462	SAMEA10330832	isolation_source		blood	curator_escalation	curator escalation
PRJEB42462	SAMEA10330599	isolation_source		blood	curator_escalation	curator escalation
PRJEB42462	SAMEA10330370	isolation_source		blood	curator_escalation	curator escalation
PRJEB42462	SAMEA10330185	isolation_source		blood	curator_escalation	curator escalation
PRJNA1087366	SAMN40441679	isolation_source		blood	curator_escalation	curator escalation
PRJEB42462	SAMEA10330903	isolation_source		blood	curator_escalation	curator escalation
PRJEB42462	SAMEA10331189	isolation_source		blood	curator_escalation	curator escalation
PRJEB42462	SAMEA10330090	isolation_source		blood	curator_escalation	curator escalation
PRJNA1087366	SAMN40441658	isolation_source		blood	curator_escalation	curator escalation
PRJEB42462	SAMEA10330530	isolation_source		blood	curator_escalation	curator escalation
PRJEB42462	SAMEA10330367	isolation_source		blood	curator_escalation	curator escalation
PRJEB42462	SAMEA10331137	isolation_source		blood	curator_escalation	curator escalation
PRJNA1087366	SAMN40441760	isolation_source		blood	curator_escalation	curator escalation
PRJEB42462	SAMEA10330613	isolation_source		blood	curator_escalation	curator escalation
PRJEB42462	SAMEA10330845	isolation_source		blood	curator_escalation	curator escalation
PRJEB42462	SAMEA10331198	isolation_source		blood	curator_escalation	curator escalation
PRJEB42462	SAMEA10331102	isolation_source		blood	curator_escalation	curator escalation
PRJEB42462	SAMEA10331318	isolation_source		blood	curator_escalation	curator escalation
PRJEB42462	SAMEA10330156	isolation_source		blood	curator_escalation	curator escalation
PRJEB42462	SAMEA10331068	isolation_source		blood	curator_escalation	curator escalation
PRJEB42462	SAMEA10330992	isolation_source		blood	curator_escalation	curator escalation
PRJEB42462	SAMEA10330495	isolation_source		blood	curator_escalation	curator escalation
PRJEB42462	SAMEA10330193	isolation_source		blood	curator_escalation	curator escalation
PRJEB42462	SAMEA10331039	isolation_source		blood	curator_escalation	curator escalation
PRJEB42462	SAMEA10330424	isolation_source		blood	curator_escalation	curator escalation
PRJEB42462	SAMEA10331378	isolation_source		blood	curator_escalation	curator escalation
PRJNA1087366	SAMN40441656	isolation_source		blood	curator_escalation	curator escalation
PRJEB42462	SAMEA10330208	isolation_source		blood	curator_escalation	curator escalation
PRJEB42462	SAMEA10330573	isolation_source		blood	curator_escalation	curator escalation
PRJEB42462	SAMEA10330525	isolation_source		blood	curator_escalation	curator escalation
PRJEB42462	SAMEA10330840	isolation_source		blood	curator_escalation	curator escalation
PRJEB42462	SAMEA10330874	isolation_source		blood	curator_escalation	curator escalation
PRJEB42462	SAMEA10330556	isolation_source		blood	curator_escalation	curator escalation
PRJEB42462	SAMEA10330768	isolation_source		blood	curator_escalation	curator escalation
PRJNA1087366	SAMN40441752	isolation_source		blood	curator_escalation	curator escalation
PRJEB42462	SAMEA10331219	isolation_source		blood	curator_escalation	curator escalation
PRJEB42462	SAMEA10330637	isolation_source		blood	curator_escalation	curator escalation
PRJEB42462	SAMEA10331029	isolation_source		blood	curator_escalation	curator escalation
PRJEB42462	SAMEA10331351	isolation_source		blood	curator_escalation	curator escalation
PRJEB42462	SAMEA10330684	isolation_source		blood	curator_escalation	curator escalation
PRJEB42462	SAMEA10330513	isolation_source		blood	curator_escalation	curator escalation
PRJEB42462	SAMEA10330831	isolation_source		blood	curator_escalation	curator escalation
PRJEB42462	SAMEA10330738	isolation_source		blood	curator_escalation	curator escalation
PRJEB42462	SAMEA10330126	isolation_source		blood	curator_escalation	curator escalation
PRJEB42462	SAMEA10330566	isolation_source		blood	curator_escalation	curator escalation
PRJEB42462	SAMEA10331131	isolation_source		blood	curator_escalation	curator escalation
PRJEB42462	SAMEA10331048	isolation_source		blood	curator_escalation	curator escalation
PRJEB42462	SAMEA10330625	isolation_source		blood	curator_escalation	curator escalation
PRJEB42462	SAMEA10331405	isolation_source		blood	curator_escalation	curator escalation
PRJEB42462	SAMEA10331154	isolation_source		blood	curator_escalation	curator escalation
PRJEB42462	SAMEA10331388	isolation_source		blood	curator_escalation	curator escalation
PRJEB42462	SAMEA10330277	isolation_source		blood	curator_escalation	curator escalation
PRJEB42462	SAMEA10330650	isolation_source		blood	curator_escalation	curator escalation
PRJEB42462	SAMEA10330872	isolation_source		blood	curator_escalation	curator escalation
PRJNA1087366	SAMN40441678	isolation_source		blood	curator_escalation	curator escalation
PRJEB42462	SAMEA10330661	isolation_source		blood	curator_escalation	curator escalation
PRJEB42462	SAMEA10330995	isolation_source		blood	curator_escalation	curator escalation
PRJEB42462	SAMEA10330183	isolation_source		blood	curator_escalation	curator escalation
PRJEB42462	SAMEA10330540	isolation_source		blood	curator_escalation	curator escalation
PRJEB42462	SAMEA10330570	isolation_source		blood	curator_escalation	curator escalation
PRJEB42462	SAMEA10330164	isolation_source		blood	curator_escalation	curator escalation
PRJEB42462	SAMEA10330490	isolation_source		blood	curator_escalation	curator escalation
PRJEB42462	SAMEA10330767	isolation_source		blood	curator_escalation	curator escalation
PRJEB42462	SAMEA10330154	isolation_source		blood	curator_escalation	curator escalation
PRJNA1087366	SAMN40441691	isolation_source		blood	curator_escalation	curator escalation
PRJNA1087366	SAMN40441661	isolation_source		blood	curator_escalation	curator escalation
PRJEB42462	SAMEA10331058	isolation_source		blood	curator_escalation	curator escalation
PRJEB42462	SAMEA10330255	isolation_source		blood	curator_escalation	curator escalation
PRJEB42462	SAMEA10330176	isolation_source		blood	curator_escalation	curator escalation
PRJEB42462	SAMEA10330291	isolation_source		blood	curator_escalation	curator escalation
PRJNA1087366	SAMN40441703	isolation_source		blood	curator_escalation	curator escalation
PRJEB42462	SAMEA10330469	isolation_source		blood	curator_escalation	curator escalation
PRJEB42462	SAMEA10330969	isolation_source		blood	curator_escalation	curator escalation
PRJEB42462	SAMEA10330210	isolation_source		blood	curator_escalation	curator escalation
PRJEB42462	SAMEA10330593	isolation_source		blood	curator_escalation	curator escalation
PRJEB42462	SAMEA10330473	isolation_source		blood	curator_escalation	curator escalation
PRJEB42462	SAMEA10330281	isolation_source		blood	curator_escalation	curator escalation
PRJEB42462	SAMEA10330200	isolation_source		blood	curator_escalation	curator escalation
PRJEB42462	SAMEA10330886	isolation_source		blood	curator_escalation	curator escalation
PRJEB42462	SAMEA10331256	isolation_source		blood	curator_escalation	curator escalation
PRJEB42462	SAMEA10331022	isolation_source		blood	curator_escalation	curator escalation
PRJEB42462	SAMEA10331060	isolation_source		blood	curator_escalation	curator escalation
PRJEB42462	SAMEA10330914	isolation_source		blood	curator_escalation	curator escalation
PRJEB42462	SAMEA10331317	isolation_source		blood	curator_escalation	curator escalation
PRJEB42462	SAMEA10330269	isolation_source		blood	curator_escalation	curator escalation
PRJEB42462	SAMEA10330959	isolation_source		blood	curator_escalation	curator escalation
PRJEB42462	SAMEA10330091	isolation_source		blood	curator_escalation	curator escalation
PRJEB42462	SAMEA10330940	isolation_source		blood	curator_escalation	curator escalation
PRJEB42462	SAMEA10330402	isolation_source		blood	curator_escalation	curator escalation
PRJEB42462	SAMEA10331031	isolation_source		blood	curator_escalation	curator escalation
PRJEB42462	SAMEA10330683	isolation_source		blood	curator_escalation	curator escalation
PRJEB42462	SAMEA10331352	isolation_source		blood	curator_escalation	curator escalation
PRJEB42462	SAMEA10330704	isolation_source		blood	curator_escalation	curator escalation
PRJEB42462	SAMEA10330451	isolation_source		blood	curator_escalation	curator escalation
PRJEB42462	SAMEA10330964	isolation_source		blood	curator_escalation	curator escalation
PRJEB42462	SAMEA10330537	isolation_source		blood	curator_escalation	curator escalation
PRJNA1087366	SAMN40441669	isolation_source		blood	curator_escalation	curator escalation
PRJEB42462	SAMEA10330366	isolation_source		blood	curator_escalation	curator escalation
PRJEB42462	SAMEA10330314	isolation_source		blood	curator_escalation	curator escalation
PRJEB42462	SAMEA10330807	isolation_source		blood	curator_escalation	curator escalation
PRJEB42462	SAMEA10331086	isolation_source		blood	curator_escalation	curator escalation
PRJEB42462	SAMEA10331199	isolation_source		blood	curator_escalation	curator escalation
PRJEB42462	SAMEA10330067	isolation_source		blood	curator_escalation	curator escalation
PRJEB42462	SAMEA10330294	isolation_source		blood	curator_escalation	curator escalation
PRJEB42462	SAMEA10330970	isolation_source		blood	curator_escalation	curator escalation
PRJNA1087366	SAMN40441673	isolation_source		blood	curator_escalation	curator escalation
PRJNA1087366	SAMN40441765	isolation_source		blood	curator_escalation	curator escalation
PRJEB42462	SAMEA10330706	isolation_source		blood	curator_escalation	curator escalation
PRJEB42462	SAMEA10330811	isolation_source		blood	curator_escalation	curator escalation
PRJEB42462	SAMEA10330924	isolation_source		blood	curator_escalation	curator escalation
PRJEB42462	SAMEA10330727	isolation_source		blood	curator_escalation	curator escalation
PRJEB42462	SAMEA10330968	isolation_source		blood	curator_escalation	curator escalation
PRJEB42462	SAMEA10330632	isolation_source		blood	curator_escalation	curator escalation
PRJEB42462	SAMEA10330429	isolation_source		blood	curator_escalation	curator escalation
PRJEB42462	SAMEA10330993	isolation_source		blood	curator_escalation	curator escalation
PRJEB42462	SAMEA10330864	isolation_source		blood	curator_escalation	curator escalation
PRJEB42462	SAMEA10330435	isolation_source		blood	curator_escalation	curator escalation
PRJEB42462	SAMEA10331147	isolation_source		blood	curator_escalation	curator escalation
PRJEB42462	SAMEA10330819	isolation_source		blood	curator_escalation	curator escalation
PRJEB42462	SAMEA10331009	isolation_source		blood	curator_escalation	curator escalation
PRJEB42462	SAMEA10330151	isolation_source		blood	curator_escalation	curator escalation
PRJEB42462	SAMEA10331030	isolation_source		blood	curator_escalation	curator escalation
PRJEB42462	SAMEA10331361	isolation_source		blood	curator_escalation	curator escalation
PRJNA1087366	SAMN40441643	isolation_source		blood	curator_escalation	curator escalation
PRJNA1087366	SAMN40441696	isolation_source		blood	curator_escalation	curator escalation
PRJEB42462	SAMEA10330404	isolation_source		blood	curator_escalation	curator escalation
PRJEB42462	SAMEA10330917	isolation_source		blood	curator_escalation	curator escalation
PRJEB42462	SAMEA10331115	isolation_source		blood	curator_escalation	curator escalation
PRJEB42462	SAMEA10330195	isolation_source		blood	curator_escalation	curator escalation
PRJEB42462	SAMEA10331224	isolation_source		blood	curator_escalation	curator escalation
PRJEB42462	SAMEA10331152	isolation_source		blood	curator_escalation	curator escalation
PRJEB42462	SAMEA10330409	isolation_source		blood	curator_escalation	curator escalation
PRJEB42462	SAMEA10330774	isolation_source		blood	curator_escalation	curator escalation
PRJEB42462	SAMEA10330866	isolation_source		blood	curator_escalation	curator escalation
PRJEB42462	SAMEA10331404	isolation_source		blood	curator_escalation	curator escalation
PRJEB42462	SAMEA10330685	isolation_source		blood	curator_escalation	curator escalation
PRJEB42462	SAMEA10330979	isolation_source		blood	curator_escalation	curator escalation
PRJEB42462	SAMEA10330977	isolation_source		blood	curator_escalation	curator escalation
PRJEB42462	SAMEA10330326	isolation_source		blood	curator_escalation	curator escalation
PRJEB42462	SAMEA10330452	isolation_source		blood	curator_escalation	curator escalation
PRJEB42462	SAMEA10330276	isolation_source		blood	curator_escalation	curator escalation
PRJEB42462	SAMEA10330488	isolation_source		blood	curator_escalation	curator escalation
PRJEB42462	SAMEA10330500	isolation_source		blood	curator_escalation	curator escalation
PRJEB42462	SAMEA10330328	isolation_source		blood	curator_escalation	curator escalation
PRJEB42462	SAMEA10330285	isolation_source		blood	curator_escalation	curator escalation
PRJEB42462	SAMEA10330105	isolation_source		blood	curator_escalation	curator escalation
PRJEB42462	SAMEA10331113	isolation_source		blood	curator_escalation	curator escalation
PRJNA1087366	SAMN40441764	isolation_source		blood	curator_escalation	curator escalation
PRJEB42462	SAMEA10330624	isolation_source		blood	curator_escalation	curator escalation
PRJEB42462	SAMEA10330509	isolation_source		blood	curator_escalation	curator escalation
PRJEB42462	SAMEA10331148	isolation_source		blood	curator_escalation	curator escalation
PRJEB42462	SAMEA10330581	isolation_source		blood	curator_escalation	curator escalation
PRJEB42462	SAMEA10330991	isolation_source		blood	curator_escalation	curator escalation
PRJEB42462	SAMEA10330215	isolation_source		blood	curator_escalation	curator escalation
PRJNA1087366	SAMN40441739	isolation_source		blood	curator_escalation	curator escalation
PRJEB42462	SAMEA10330698	isolation_source		blood	curator_escalation	curator escalation
PRJEB42462	SAMEA10330375	isolation_source		blood	curator_escalation	curator escalation
PRJEB42462	SAMEA10331162	isolation_source		blood	curator_escalation	curator escalation
PRJEB42462	SAMEA10331064	isolation_source		blood	curator_escalation	curator escalation
PRJEB42462	SAMEA10330344	isolation_source		blood	curator_escalation	curator escalation
PRJEB42462	SAMEA10330976	isolation_source		blood	curator_escalation	curator escalation
PRJEB42462	SAMEA10331226	isolation_source		blood	curator_escalation	curator escalation
PRJEB42462	SAMEA10330745	isolation_source		blood	curator_escalation	curator escalation
PRJEB42462	SAMEA10330313	isolation_source		blood	curator_escalation	curator escalation
PRJEB42462	SAMEA10330869	isolation_source		blood	curator_escalation	curator escalation
PRJEB42462	SAMEA10331128	isolation_source		blood	curator_escalation	curator escalation
PRJEB42462	SAMEA10330947	isolation_source		blood	curator_escalation	curator escalation
PRJEB42462	SAMEA10331037	isolation_source		blood	curator_escalation	curator escalation
PRJEB42462	SAMEA10331401	isolation_source		blood	curator_escalation	curator escalation
PRJEB42462	SAMEA10330906	isolation_source		blood	curator_escalation	curator escalation
PRJEB42462	SAMEA10330809	isolation_source		blood	curator_escalation	curator escalation
PRJEB42462	SAMEA10331085	isolation_source		blood	curator_escalation	curator escalation
PRJEB42462	SAMEA10330796	isolation_source		blood	curator_escalation	curator escalation
PRJEB42462	SAMEA10330416	isolation_source		blood	curator_escalation	curator escalation
PRJEB42462	SAMEA10331054	isolation_source		blood	curator_escalation	curator escalation
PRJEB42462	SAMEA10330418	isolation_source		blood	curator_escalation	curator escalation
PRJEB42462	SAMEA10330347	isolation_source		blood	curator_escalation	curator escalation
PRJEB42462	SAMEA10330741	isolation_source		blood	curator_escalation	curator escalation
PRJEB42462	SAMEA10330937	isolation_source		blood	curator_escalation	curator escalation
PRJEB42462	SAMEA10331181	isolation_source		blood	curator_escalation	curator escalation
PRJEB42462	SAMEA10330364	isolation_source		blood	curator_escalation	curator escalation
PRJEB42462	SAMEA10330329	isolation_source		blood	curator_escalation	curator escalation
PRJEB42462	SAMEA10330550	isolation_source		blood	curator_escalation	curator escalation
PRJEB42462	SAMEA10331090	isolation_source		blood	curator_escalation	curator escalation
PRJEB42462	SAMEA10331144	isolation_source		blood	curator_escalation	curator escalation
PRJNA1087366	SAMN40441747	isolation_source		blood	curator_escalation	curator escalation
PRJEB42462	SAMEA10330578	isolation_source		blood	curator_escalation	curator escalation
PRJEB42462	SAMEA10331130	isolation_source		blood	curator_escalation	curator escalation
PRJEB42462	SAMEA10331042	isolation_source		blood	curator_escalation	curator escalation
PRJEB42462	SAMEA10330655	isolation_source		blood	curator_escalation	curator escalation
PRJEB42462	SAMEA10330754	isolation_source		blood	curator_escalation	curator escalation
PRJEB42462	SAMEA10330934	isolation_source		blood	curator_escalation	curator escalation
PRJEB42462	SAMEA10330088	isolation_source		blood	curator_escalation	curator escalation
PRJEB42462	SAMEA10330394	isolation_source		blood	curator_escalation	curator escalation
PRJEB42462	SAMEA10330444	isolation_source		blood	curator_escalation	curator escalation
PRJEB42462	SAMEA10330109	isolation_source		blood	curator_escalation	curator escalation
PRJEB42462	SAMEA10330157	isolation_source		blood	curator_escalation	curator escalation
PRJEB42462	SAMEA10330214	isolation_source		blood	curator_escalation	curator escalation
PRJEB42462	SAMEA10331055	isolation_source		blood	curator_escalation	curator escalation
PRJNA1087366	SAMN40441748	isolation_source		blood	curator_escalation	curator escalation
PRJEB42462	SAMEA10330178	isolation_source		blood	curator_escalation	curator escalation
PRJEB42462	SAMEA10330980	isolation_source		blood	curator_escalation	curator escalation
PRJNA1087366	SAMN40441762	isolation_source		blood	curator_escalation	curator escalation
PRJEB42462	SAMEA10330930	isolation_source		blood	curator_escalation	curator escalation
PRJNA1087366	SAMN40441746	isolation_source		blood	curator_escalation	curator escalation
PRJEB42462	SAMEA10331124	isolation_source		blood	curator_escalation	curator escalation
PRJEB42462	SAMEA10330986	isolation_source		blood	curator_escalation	curator escalation
PRJEB42462	SAMEA10330065	isolation_source		blood	curator_escalation	curator escalation
PRJEB42462	SAMEA10331200	isolation_source		blood	curator_escalation	curator escalation
PRJEB42462	SAMEA10330755	isolation_source		blood	curator_escalation	curator escalation
PRJEB42462	SAMEA10330651	isolation_source		blood	curator_escalation	curator escalation
PRJEB42462	SAMEA10330084	isolation_source		blood	curator_escalation	curator escalation
PRJEB42462	SAMEA10330186	isolation_source		blood	curator_escalation	curator escalation
PRJEB42462	SAMEA10331046	isolation_source		blood	curator_escalation	curator escalation
PRJNA1087366	SAMN40441685	isolation_source		blood	curator_escalation	curator escalation
PRJEB42462	SAMEA10330441	isolation_source		blood	curator_escalation	curator escalation
PRJEB42462	SAMEA10330097	isolation_source		blood	curator_escalation	curator escalation
PRJEB42462	SAMEA10330382	isolation_source		blood	curator_escalation	curator escalation
PRJNA1087366	SAMN40441767	isolation_source		blood	curator_escalation	curator escalation
PRJEB42462	SAMEA10331359	isolation_source		blood	curator_escalation	curator escalation
PRJEB42462	SAMEA10330990	isolation_source		blood	curator_escalation	curator escalation
PRJEB42462	SAMEA10331360	isolation_source		blood	curator_escalation	curator escalation
PRJEB42462	SAMEA10331387	isolation_source		blood	curator_escalation	curator escalation
PRJEB42462	SAMEA10331025	isolation_source		blood	curator_escalation	curator escalation
PRJEB42462	SAMEA10331269	isolation_source		blood	curator_escalation	curator escalation
PRJEB42462	SAMEA10330800	isolation_source		blood	curator_escalation	curator escalation
PRJEB42462	SAMEA10331369	isolation_source		blood	curator_escalation	curator escalation
PRJEB42462	SAMEA10330110	isolation_source		blood	curator_escalation	curator escalation
PRJEB42462	SAMEA10331236	isolation_source		blood	curator_escalation	curator escalation
PRJEB42462	SAMEA10331089	isolation_source		blood	curator_escalation	curator escalation
PRJNA1087366	SAMN40441729	isolation_source		blood	curator_escalation	curator escalation
PRJEB42462	SAMEA10330320	isolation_source		blood	curator_escalation	curator escalation
PRJNA1087366	SAMN40441716	isolation_source		blood	curator_escalation	curator escalation
PRJEB42462	SAMEA10331094	isolation_source		blood	curator_escalation	curator escalation
PRJEB42462	SAMEA10331015	isolation_source		blood	curator_escalation	curator escalation
PRJEB42462	SAMEA10331239	isolation_source		blood	curator_escalation	curator escalation
PRJEB42462	SAMEA10331146	isolation_source		blood	curator_escalation	curator escalation
PRJEB42462	SAMEA10331246	isolation_source		blood	curator_escalation	curator escalation
PRJEB42462	SAMEA10330161	isolation_source		blood	curator_escalation	curator escalation
PRJEB42462	SAMEA10330836	isolation_source		blood	curator_escalation	curator escalation
PRJEB42462	SAMEA10331321	isolation_source		blood	curator_escalation	curator escalation
PRJEB42462	SAMEA10330419	isolation_source		blood	curator_escalation	curator escalation
PRJEB42462	SAMEA10330499	isolation_source		blood	curator_escalation	curator escalation
PRJEB42462	SAMEA10330883	isolation_source		blood	curator_escalation	curator escalation
PRJEB42462	SAMEA10330653	isolation_source		blood	curator_escalation	curator escalation
PRJEB42462	SAMEA10331332	isolation_source		blood	curator_escalation	curator escalation
PRJEB42462	SAMEA10330799	isolation_source		blood	curator_escalation	curator escalation
PRJNA1087366	SAMN40441731	isolation_source		blood	curator_escalation	curator escalation
PRJEB42462	SAMEA10330094	isolation_source		blood	curator_escalation	curator escalation
PRJEB42462	SAMEA10330113	isolation_source		blood	curator_escalation	curator escalation
PRJEB42462	SAMEA10330177	isolation_source		blood	curator_escalation	curator escalation
PRJEB42462	SAMEA10330182	isolation_source		blood	curator_escalation	curator escalation
PRJEB42462	SAMEA10330197	isolation_source		blood	curator_escalation	curator escalation
PRJEB42462	SAMEA10330216	isolation_source		blood	curator_escalation	curator escalation
PRJEB42462	SAMEA10330218	isolation_source		blood	curator_escalation	curator escalation
PRJEB42462	SAMEA10330222	isolation_source		blood	curator_escalation	curator escalation
PRJEB42462	SAMEA10330223	isolation_source		blood	curator_escalation	curator escalation
PRJEB42462	SAMEA10330225	isolation_source		blood	curator_escalation	curator escalation
PRJEB42462	SAMEA10330226	isolation_source		blood	curator_escalation	curator escalation
PRJEB42462	SAMEA10330229	isolation_source		blood	curator_escalation	curator escalation
PRJEB42462	SAMEA10330231	isolation_source		blood	curator_escalation	curator escalation
PRJEB42462	SAMEA10330233	isolation_source		blood	curator_escalation	curator escalation
PRJEB42462	SAMEA10330234	isolation_source		blood	curator_escalation	curator escalation
PRJEB42462	SAMEA10330235	isolation_source		blood	curator_escalation	curator escalation
PRJEB42462	SAMEA10330237	isolation_source		blood	curator_escalation	curator escalation
PRJEB42462	SAMEA10330238	isolation_source		blood	curator_escalation	curator escalation
PRJEB42462	SAMEA10330240	isolation_source		blood	curator_escalation	curator escalation
PRJEB42462	SAMEA10330241	isolation_source		blood	curator_escalation	curator escalation
PRJEB42462	SAMEA10330244	isolation_source		blood	curator_escalation	curator escalation
PRJEB42462	SAMEA10330246	isolation_source		blood	curator_escalation	curator escalation
PRJEB42462	SAMEA10330247	isolation_source		blood	curator_escalation	curator escalation
PRJEB42462	SAMEA10330249	isolation_source		blood	curator_escalation	curator escalation
PRJEB42462	SAMEA10330251	isolation_source		blood	curator_escalation	curator escalation
PRJEB42462	SAMEA10330252	isolation_source		blood	curator_escalation	curator escalation
PRJEB42462	SAMEA10330253	isolation_source		blood	curator_escalation	curator escalation
PRJEB42462	SAMEA10330254	isolation_source		blood	curator_escalation	curator escalation
PRJEB42462	SAMEA10330257	isolation_source		blood	curator_escalation	curator escalation
PRJEB42462	SAMEA10330259	isolation_source		blood	curator_escalation	curator escalation
PRJEB42462	SAMEA10330261	isolation_source		blood	curator_escalation	curator escalation
PRJEB42462	SAMEA10330262	isolation_source		blood	curator_escalation	curator escalation
PRJEB42462	SAMEA10330264	isolation_source		blood	curator_escalation	curator escalation
PRJEB42462	SAMEA10330265	isolation_source		blood	curator_escalation	curator escalation
PRJEB42462	SAMEA10330266	isolation_source		blood	curator_escalation	curator escalation
PRJEB42462	SAMEA10330267	isolation_source		blood	curator_escalation	curator escalation
PRJEB42462	SAMEA10330272	isolation_source		blood	curator_escalation	curator escalation
PRJEB42462	SAMEA10330273	isolation_source		blood	curator_escalation	curator escalation
PRJEB42462	SAMEA10330274	isolation_source		blood	curator_escalation	curator escalation
PRJEB42462	SAMEA10330275	isolation_source		blood	curator_escalation	curator escalation
PRJEB42462	SAMEA10330283	isolation_source		blood	curator_escalation	curator escalation
PRJEB42462	SAMEA10330330	isolation_source		blood	curator_escalation	curator escalation
PRJEB42462	SAMEA10330331	isolation_source		blood	curator_escalation	curator escalation
PRJEB42462	SAMEA10330340	isolation_source		blood	curator_escalation	curator escalation
PRJEB42462	SAMEA10330369	isolation_source		blood	curator_escalation	curator escalation
PRJEB42462	SAMEA10330503	isolation_source		blood	curator_escalation	curator escalation
PRJEB42462	SAMEA10330652	isolation_source		blood	curator_escalation	curator escalation
PRJEB42462	SAMEA10330663	isolation_source		blood	curator_escalation	curator escalation
PRJEB42462	SAMEA10330772	isolation_source		blood	curator_escalation	curator escalation
PRJEB42462	SAMEA10330823	isolation_source		blood	curator_escalation	curator escalation
PRJEB42462	SAMEA10330876	isolation_source		blood	curator_escalation	curator escalation
PRJEB42462	SAMEA10330878	isolation_source		blood	curator_escalation	curator escalation
PRJEB42462	SAMEA10330944	isolation_source		blood	curator_escalation	curator escalation
PRJEB42462	SAMEA10330957	isolation_source		blood	curator_escalation	curator escalation
PRJEB42462	SAMEA10331008	isolation_source		blood	curator_escalation	curator escalation
PRJEB42462	SAMEA10331076	isolation_source		blood	curator_escalation	curator escalation
PRJEB42462	SAMEA10331191	isolation_source		blood	curator_escalation	curator escalation
PRJEB42462	SAMEA10331192	isolation_source		blood	curator_escalation	curator escalation
PRJEB42462	SAMEA10331193	isolation_source		blood	curator_escalation	curator escalation
PRJEB42462	SAMEA10331197	isolation_source		blood	curator_escalation	curator escalation
PRJEB42462	SAMEA10331204	isolation_source		blood	curator_escalation	curator escalation
PRJEB42462	SAMEA10331265	isolation_source		blood	curator_escalation	curator escalation
