study_accession	sample_accession	field	ena_value	applied_value	method	evidence
PRJEB56212	SAMEA111380221	country		Democratic Republic of the Congo	whole_field	
PRJEB56212	SAMEA111380225	country		Democratic Republic of the Congo	whole_field	
PRJEB56212	SAMEA111380228	country		Democratic Republic of the Congo	whole_field	
PRJEB56212	SAMEA111380218	country		Democratic Republic of the Congo	whole_field	
PRJEB56212	SAMEA111380219	country		Democratic Republic of the Congo	whole_field	
PRJEB56212	SAMEA111380224	country		Democratic Republic of the Congo	whole_field	
PRJEB56212	SAMEA111380226	country		Democratic Republic of the Congo	whole_field	
PRJEB56212	SAMEA111380227	country		Democratic Republic of the Congo	whole_field	
PRJEB56212	SAMEA111380232	country		Democratic Republic of the Congo	whole_field	
PRJEB56212	SAMEA111380233	country		Democratic Republic of the Congo	whole_field	
PRJEB56212	SAMEA111380239	country		Democratic Republic of the Congo	whole_field	
PRJEB56212	SAMEA111380220	country		Democratic Republic of the Congo	whole_field	
PRJEB56212	SAMEA111380222	country		Democratic Republic of the Congo	whole_field	
PRJEB56212	SAMEA111380223	country		Democratic Republic of the Congo	whole_field	
PRJEB56212	SAMEA111380229	country		Democratic Republic of the Congo	whole_field	
PRJEB56212	SAMEA111380230	country		Democratic Republic of the Congo	whole_field	
PRJEB56212	SAMEA111380231	country		Democratic Republic of the Congo	whole_field	
PRJEB56212	SAMEA111380234	country		Democratic Republic of the Congo	whole_field	
PRJEB56212	SAMEA111380235	country		Democratic Republic of the Congo	whole_field	
PRJEB56212	SAMEA111380237	country		Democratic Republic of the Congo	whole_field	
PRJEB56212	SAMEA111380238	country		Democratic Republic of the Congo	whole_field	
PRJEB56212	SAMEA111380242	country		Democratic Republic of the Congo	whole_field	
PRJEB56212	SAMEA111380245	country		Democratic Republic of the Congo	whole_field	
PRJEB56212	SAMEA111380246	country		Democratic Republic of the Congo	whole_field	
PRJEB56212	SAMEA111380249	country		Democratic Republic of the Congo	whole_field	
PRJEB56212	SAMEA111380240	country		Democratic Republic of the Congo	whole_field	
PRJEB56212	SAMEA111380241	country		Democratic Republic of the Congo	whole_field	
PRJEB56212	SAMEA111380244	country		Democratic Republic of the Congo	whole_field	
PRJEB56212	SAMEA111380243	country		Democratic Republic of the Congo	whole_field	
PRJEB56212	SAMEA111380247	country		Democratic Republic of the Congo	whole_field	
PRJEB56212	SAMEA111380248	country		Democratic Republic of the Congo	whole_field	
PRJEB56212	SAMEA111380250	country		Democratic Republic of the Congo	whole_field	
PRJEB56212	SAMEA111380251	country		Democratic Republic of the Congo	whole_field	
PRJEB56212	SAMEA111380254	country		Democratic Republic of the Congo	whole_field	
PRJEB56212	SAMEA111380252	country		Democratic Republic of the Congo	whole_field	
PRJEB56212	SAMEA111380253	country		Democratic Republic of the Congo	whole_field	
PRJEB60743	SAMEA112785755	country		Denmark	whole_field	
PRJEB60743	SAMEA112785784	country		Denmark	whole_field	
PRJEB60743	SAMEA112785790	country		Denmark	whole_field	
PRJEB60743	SAMEA112785792	country		Denmark	whole_field	
PRJEB60743	SAMEA112785759	country		Denmark	whole_field	
PRJEB60743	SAMEA112785783	country		Denmark	whole_field	
PRJEB60743	SAMEA112785780	country		Denmark	whole_field	
PRJEB60743	SAMEA112785762	country		Denmark	whole_field	
PRJEB60743	SAMEA112785760	country		Denmark	whole_field	
PRJEB60743	SAMEA112785787	country		Denmark	whole_field	
PRJEB60743	SAMEA112785770	country		Denmark	whole_field	
PRJEB60743	SAMEA112785786	country		Denmark	whole_field	
PRJEB60743	SAMEA112785758	country		Denmark	whole_field	
PRJEB60743	SAMEA112785778	country		Denmark	whole_field	
PRJEB60743	SAMEA112785769	country		Denmark	whole_field	
PRJEB60743	SAMEA112785782	country		Denmark	whole_field	
PRJEB60743	SAMEA112785768	country		Denmark	whole_field	
PRJEB60743	SAMEA112785773	country		Denmark	whole_field	
PRJEB60743	SAMEA112785775	country		Denmark	whole_field	
PRJEB60743	SAMEA112785777	country		Denmark	whole_field	
PRJEB60743	SAMEA112785772	country		Denmark	whole_field	
PRJEB60743	SAMEA112785789	country		Denmark	whole_field	
PRJEB60743	SAMEA112785757	country		Denmark	whole_field	
PRJEB60743	SAMEA112785761	country		Denmark	whole_field	
PRJEB60743	SAMEA112785785	country		Denmark	whole_field	
PRJEB60743	SAMEA112785779	country		Denmark	whole_field	
PRJEB60743	SAMEA112785766	country		Denmark	whole_field	
PRJEB60743	SAMEA112785765	country		Denmark	whole_field	
PRJEB60743	SAMEA112785771	country		Denmark	whole_field	
PRJEB60743	SAMEA112785764	country		Denmark	whole_field	
PRJEB60743	SAMEA112785791	country		Denmark	whole_field	
PRJEB60743	SAMEA112785756	country		Denmark	whole_field	
PRJEB60743	SAMEA112785788	country		Denmark	whole_field	
PRJEB60743	SAMEA112785781	country		Denmark	whole_field	
PRJEB60743	SAMEA112785774	country		Denmark	whole_field	
PRJEB60743	SAMEA112785767	country		Denmark	whole_field	
PRJEB60743	SAMEA112785776	country		Denmark	whole_field	
PRJEB60743	SAMEA112785763	country		Denmark	whole_field	
PRJEB21015	SAMEA5882344	country		United Kingdom	whole_field	
PRJEB21015	SAMEA6099618	country		United Kingdom	whole_field	
PRJEB21015	SAMEA5882337	country		United Kingdom	whole_field	
PRJEB21015	SAMEA5882341	country		United Kingdom	whole_field	
PRJEB21015	SAMEA5882345	country		United Kingdom	whole_field	
PRJEB21015	SAMEA6099615	country		United Kingdom	whole_field	
PRJEB21015	SAMEA6099620	country		United Kingdom	whole_field	
PRJEB21015	SAMEA6099622	country		United Kingdom	whole_field	
PRJEB21015	SAMEA6099641	country		United Kingdom	whole_field	
PRJEB21015	SAMEA6099617	country		United Kingdom	whole_field	
PRJEB21015	SAMEA6099621	country		United Kingdom	whole_field	
PRJEB21015	SAMEA6099646	country		United Kingdom	whole_field	
PRJEB21015	SAMEA6099647	country		United Kingdom	whole_field	
PRJEB21015	SAMEA6099650	country		United Kingdom	whole_field	
PRJEB21015	SAMEA5882338	country		United Kingdom	whole_field	
PRJEB21015	SAMEA5882340	country		United Kingdom	whole_field	
PRJEB21015	SAMEA6099626	country		United Kingdom	whole_field	
PRJEB21015	SAMEA6099613	country		United Kingdom	whole_field	
PRJEB21015	SAMEA6099648	country		United Kingdom	whole_field	
PRJNA739636	SAMN19856753	country		USA	whole_field	
PRJNA739636	SAMN19856751	country		USA	whole_field	
PRJNA739636	SAMN19856749	country		USA	whole_field	
PRJNA739636	SAMN19856747	country		USA	whole_field	
PRJNA739636	SAMN19856755	country		USA	whole_field	
PRJNA739636	SAMN19856752	country		USA	whole_field	
PRJNA739636	SAMN19856748	country		USA	whole_field	
PRJNA739636	SAMN19856756	country		USA	whole_field	
PRJNA739636	SAMN19856754	country		USA	whole_field	
PRJNA739636	SAMN19856750	country		USA	whole_field	
PRJNA739636	SAMN19856746	country		USA	whole_field	
PRJEB21015	SAMEA5882336	country		United Kingdom	whole_field	
PRJEB21015	SAMEA5882342	country		United Kingdom	whole_field	
PRJEB21015	SAMEA6099619	country		United Kingdom	whole_field	
PRJEB21015	SAMEA6099644	country		United Kingdom	whole_field	
PRJEB21015	SAMEA6099614	country		United Kingdom	whole_field	
PRJEB21015	SAMEA6099645	country		United Kingdom	whole_field	
PRJEB21015	SAMEA6099649	country		United Kingdom	whole_field	
PRJNA890192	SAMN31269465	country		Switzerland	whole_field	
PRJNA890192	SAMN31269464	country		Switzerland	whole_field	
PRJNA890192	SAMN31269461	country		Switzerland	whole_field	
PRJNA890192	SAMN31269481	country		Switzerland	whole_field	
PRJNA890192	SAMN31269471	country		Switzerland	whole_field	
PRJNA890192	SAMN31269458	country		Switzerland	whole_field	
PRJNA890192	SAMN31269466	country		Switzerland	whole_field	
PRJNA890192	SAMN31269480	country		Switzerland	whole_field	
PRJNA890192	SAMN31269478	country		Switzerland	whole_field	
PRJNA890192	SAMN31269477	country		Switzerland	whole_field	
PRJNA890192	SAMN31269476	country		Switzerland	whole_field	
PRJNA890192	SAMN31269475	country		Switzerland	whole_field	
PRJNA890192	SAMN31269474	country		Switzerland	whole_field	
PRJNA890192	SAMN31269468	country		Switzerland	whole_field	
PRJNA890192	SAMN31269467	country		Switzerland	whole_field	
PRJNA890192	SAMN31269457	country		Switzerland	whole_field	
PRJNA890192	SAMN31269463	country		Switzerland	whole_field	
PRJNA890192	SAMN31269462	country		Switzerland	whole_field	
PRJNA890192	SAMN31269460	country		Switzerland	whole_field	
PRJNA890192	SAMN31269479	country		Switzerland	whole_field	
PRJNA890192	SAMN31269459	country		Switzerland	whole_field	
PRJNA890192	SAMN31269473	country		Switzerland	whole_field	
PRJNA890192	SAMN31269472	country		Switzerland	whole_field	
PRJNA890192	SAMN31269470	country		Switzerland	whole_field	
PRJNA890192	SAMN31269469	country		Switzerland	whole_field	
PRJNA508406	SAMN10523649	country		South Korea	whole_field	
PRJNA508406	SAMN10523646	country		South Korea	whole_field	
PRJNA508406	SAMN10523645	country		South Korea	whole_field	
PRJNA508406	SAMN10523648	country		South Korea	whole_field	
PRJNA508406	SAMN10523653	country		South Korea	whole_field	
PRJNA508406	SAMN10523658	country		South Korea	whole_field	
PRJNA508406	SAMN10523665	country		South Korea	whole_field	
PRJNA508406	SAMN10523664	country		South Korea	whole_field	
PRJNA508406	SAMN10523669	country		South Korea	whole_field	
PRJNA508406	SAMN10523668	country		South Korea	whole_field	
PRJEB21015	SAMEA5882343	country		United Kingdom	whole_field	
PRJEB21015	SAMEA5882339	country		United Kingdom	whole_field	
PRJEB21015	SAMEA6099643	country		United Kingdom	whole_field	
PRJEB21015	SAMEA6099623	country		United Kingdom	whole_field	
PRJNA508406	SAMN10523644	country		South Korea	whole_field	
PRJNA508406	SAMN10523647	country		South Korea	whole_field	
PRJNA508406	SAMN10523659	country		South Korea	whole_field	
PRJNA508406	SAMN10523657	country		South Korea	whole_field	
PRJNA508406	SAMN10523662	country		South Korea	whole_field	
PRJNA508406	SAMN10523663	country		South Korea	whole_field	
PRJNA508406	SAMN10523661	country		South Korea	whole_field	
PRJNA508406	SAMN10523671	country		South Korea	whole_field	
PRJNA508406	SAMN10523667	country		South Korea	whole_field	
PRJNA508406	SAMN10523672	country		South Korea	whole_field	
PRJNA508406	SAMN10523673	country		South Korea	whole_field	
PRJNA508406	SAMN10523650	country		South Korea	whole_field	
PRJNA508406	SAMN10523654	country		South Korea	whole_field	
PRJNA508406	SAMN10523652	country		South Korea	whole_field	
PRJNA508406	SAMN10523656	country		South Korea	whole_field	
PRJNA508406	SAMN10523655	country		South Korea	whole_field	
PRJNA508406	SAMN10523660	country		South Korea	whole_field	
PRJNA508406	SAMN10523670	country		South Korea	whole_field	
PRJNA508406	SAMN10523666	country		South Korea	whole_field	
PRJEB19808	SAMEA103579168	country	not provided	Italy	whole_field	
PRJEB19808	SAMEA103668418	country	not provided	Italy	whole_field	
PRJEB19808	SAMEA103669168	country	not provided	Italy	whole_field	
PRJEB19808	SAMEA103669918	country	not provided	Italy	whole_field	
PRJEB19808	SAMEA103670668	country	not provided	Italy	whole_field	
PRJEB19808	SAMEA103671418	country	not provided	Italy	whole_field	
PRJEB19808	SAMEA103672168	country	not provided	Italy	whole_field	
PRJEB19808	SAMEA103672918	country	not provided	Italy	whole_field	
PRJEB19808	SAMEA103673668	country	not provided	Italy	whole_field	
PRJEB19808	SAMEA103674418	country	not provided	Italy	whole_field	
PRJEB19808	SAMEA103675168	country	not provided	Italy	whole_field	
PRJEB19808	SAMEA103675918	country	not provided	Italy	whole_field	
PRJEB19808	SAMEA103676668	country	not provided	Italy	whole_field	
PRJEB19808	SAMEA103677418	country	not provided	Italy	whole_field	
PRJEB19808	SAMEA103678168	country	not provided	Italy	whole_field	
PRJEB19808	SAMEA103678918	country	not provided	Italy	whole_field	
PRJEB19808	SAMEA103679668	country	not provided	Italy	whole_field	
PRJEB19808	SAMEA103680418	country	not provided	Italy	whole_field	
PRJEB19808	SAMEA103681168	country	not provided	Italy	whole_field	
PRJEB19808	SAMEA103681918	country	not provided	Italy	whole_field	
PRJEB19808	SAMEA103682668	country	not provided	Italy	whole_field	
PRJEB19808	SAMEA103683418	country	not provided	Italy	whole_field	
PRJEB19808	SAMEA103684168	country	not provided	Italy	whole_field	
PRJEB19808	SAMEA103684918	country	not provided	Italy	whole_field	
PRJEB19808	SAMEA103685668	country	not provided	Italy	whole_field	
PRJEB19808	SAMEA103686418	country	not provided	Italy	whole_field	
PRJEB19808	SAMEA103687168	country	not provided	Italy	whole_field	
PRJEB19808	SAMEA103687918	country	not provided	Italy	whole_field	
PRJEB19808	SAMEA103688668	country	not provided	Italy	whole_field	
PRJEB19808	SAMEA103689418	country	not provided	Italy	whole_field	
PRJEB20875	SAMEA104090554	country		Tanzania	whole_field	
PRJEB20875	SAMEA104090555	country		Tanzania	whole_field	
PRJEB20875	SAMEA104090556	country		Tanzania	whole_field	
PRJEB20875	SAMEA104090557	country		Tanzania	whole_field	
PRJEB20875	SAMEA104090558	country		Tanzania	whole_field	
PRJEB20875	SAMEA104090559	country		Tanzania	whole_field	
PRJEB20875	SAMEA104090560	country		Tanzania	whole_field	
PRJEB20875	SAMEA104090561	country		Tanzania	whole_field	
PRJEB20875	SAMEA104090562	country		Tanzania	whole_field	
PRJEB20875	SAMEA104090563	country		Tanzania	whole_field	
PRJEB20875	SAMEA104090564	country		Tanzania	whole_field	
PRJEB20875	SAMEA104090565	country		Tanzania	whole_field	
PRJEB20875	SAMEA104090568	country		Tanzania	whole_field	
PRJEB20875	SAMEA104090569	country		Tanzania	whole_field	
PRJEB20875	SAMEA104090570	country		Tanzania	whole_field	
PRJEB20875	SAMEA104090571	country		Tanzania	whole_field	
PRJEB20875	SAMEA104090572	country		Tanzania	whole_field	
PRJEB20875	SAMEA104090573	country		Tanzania	whole_field	
PRJEB20875	SAMEA104090574	country		Tanzania	whole_field	
PRJEB20875	SAMEA104090575	country		Tanzania	whole_field	
PRJEB20875	SAMEA104090576	country		Tanzania	whole_field	
PRJEB20875	SAMEA104090577	country		Tanzania	whole_field	
PRJEB20875	SAMEA104090578	country		Tanzania	whole_field	
PRJEB20875	SAMEA104090579	country		Tanzania	whole_field	
PRJEB20875	SAMEA104090580	country		Tanzania	whole_field	
PRJEB20875	SAMEA104090581	country		Tanzania	whole_field	
PRJEB20875	SAMEA104090584	country		Tanzania	whole_field	
PRJEB20875	SAMEA104090585	country		Tanzania	whole_field	
PRJEB20875	SAMEA104090589	country		Tanzania	whole_field	
PRJEB20875	SAMEA104090590	country		Tanzania	whole_field	
PRJEB20875	SAMEA104090591	country		Tanzania	whole_field	
PRJEB20875	SAMEA104090594	country		Tanzania	whole_field	
PRJEB20875	SAMEA104090595	country		Tanzania	whole_field	
PRJEB20875	SAMEA104090596	country		Tanzania	whole_field	
PRJEB20875	SAMEA104090598	country		Tanzania	whole_field	
PRJEB20875	SAMEA104090601	country		Tanzania	whole_field	
PRJEB20875	SAMEA104090602	country		Tanzania	whole_field	
PRJEB20875	SAMEA104090604	country		Tanzania	whole_field	
PRJEB25080	SAMEA104605872	country	not provided	Netherlands	whole_field	
PRJEB25080	SAMEA104605873	country	not provided	Netherlands	whole_field	
PRJEB25080	SAMEA104605874	country	not provided	Netherlands	whole_field	
PRJEB25080	SAMEA104605875	country	not provided	Netherlands	whole_field	
PRJEB25080	SAMEA104605876	country	not provided	Netherlands	whole_field	
PRJEB25080	SAMEA104605877	country	not provided	Netherlands	whole_field	
PRJEB25080	SAMEA104605878	country	not provided	Netherlands	whole_field	
PRJEB25080	SAMEA104605879	country	not provided	Netherlands	whole_field	
PRJEB25080	SAMEA104605880	country	not provided	Netherlands	whole_field	
PRJEB25080	SAMEA104605881	country	not provided	Netherlands	whole_field	
PRJEB25080	SAMEA104605882	country	not provided	Netherlands	whole_field	
PRJEB25080	SAMEA104605883	country	not provided	Netherlands	whole_field	
PRJEB25080	SAMEA104605884	country	not provided	Netherlands	whole_field	
PRJEB25080	SAMEA104605885	country	not provided	Netherlands	whole_field	
PRJEB25080	SAMEA104605886	country	not provided	Netherlands	whole_field	
PRJEB25080	SAMEA104605887	country	not provided	Netherlands	whole_field	
PRJEB25080	SAMEA104605888	country	not provided	Netherlands	whole_field	
PRJEB25080	SAMEA104605889	country	not provided	Netherlands	whole_field	
PRJEB25080	SAMEA104605890	country	not provided	Netherlands	whole_field	
PRJEB25080	SAMEA104605891	country	not provided	Netherlands	whole_field	
PRJEB25080	SAMEA104605892	country	not provided	Netherlands	whole_field	
PRJEB25080	SAMEA104605893	country	not provided	Netherlands	whole_field	
PRJEB25080	SAMEA104605894	country	not provided	Netherlands	whole_field	
PRJEB25080	SAMEA104605895	country	not provided	Netherlands	whole_field	
PRJEB25080	SAMEA104605896	country	not provided	Netherlands	whole_field	
PRJEB25080	SAMEA104605897	country	not provided	Netherlands	whole_field	
PRJEB25080	SAMEA104605898	country	not provided	Netherlands	whole_field	
PRJEB25080	SAMEA104605899	country	not provided	Netherlands	whole_field	
PRJEB25080	SAMEA104605900	country	not provided	Netherlands	whole_field	
PRJEB25080	SAMEA104605901	country	not provided	Netherlands	whole_field	
PRJEB25080	SAMEA104605902	country	not provided	Netherlands	whole_field	
PRJEB25080	SAMEA104605903	country	not provided	Netherlands	whole_field	
PRJEB25080	SAMEA104605904	country	not provided	Netherlands	whole_field	
PRJEB14854	SAMEA27166918	country		United Kingdom	whole_field	
PRJEB14854	SAMEA27167668	country		United Kingdom	whole_field	
PRJEB14854	SAMEA27168418	country		United Kingdom	whole_field	
PRJEB14854	SAMEA27169168	country		United Kingdom	whole_field	
PRJEB14854	SAMEA27169918	country		United Kingdom	whole_field	
PRJEB14854	SAMEA27170668	country		United Kingdom	whole_field	
PRJEB14854	SAMEA27171418	country		United Kingdom	whole_field	
PRJEB14854	SAMEA27172168	country		United Kingdom	whole_field	
PRJEB14854	SAMEA27172918	country		United Kingdom	whole_field	
PRJEB14854	SAMEA27173668	country		United Kingdom	whole_field	
PRJEB14854	SAMEA27174418	country		United Kingdom	whole_field	
PRJEB14854	SAMEA27175168	country		United Kingdom	whole_field	
PRJEB8766	SAMEA3303994	country		United Kingdom	whole_field	
PRJEB8766	SAMEA3303996	country		United Kingdom	whole_field	
PRJEB8766	SAMEA3303998	country		United Kingdom	whole_field	
PRJEB8766	SAMEA3303999	country		United Kingdom	whole_field	
PRJEB8766	SAMEA3304000	country		United Kingdom	whole_field	
PRJEB8766	SAMEA3304001	country		United Kingdom	whole_field	
PRJEB8766	SAMEA3304002	country		United Kingdom	whole_field	
PRJEB8766	SAMEA3304004	country		United Kingdom	whole_field	
PRJEB8766	SAMEA3304005	country		United Kingdom	whole_field	
PRJEB8766	SAMEA3304006	country		United Kingdom	whole_field	
PRJEB8766	SAMEA3304007	country		United Kingdom	whole_field	
PRJEB8766	SAMEA3304012	country		United Kingdom	whole_field	
PRJEB8766	SAMEA3304014	country		United Kingdom	whole_field	
PRJEB8766	SAMEA3304015	country		United Kingdom	whole_field	
PRJEB8766	SAMEA3304017	country		United Kingdom	whole_field	
PRJEB8766	SAMEA3304018	country		United Kingdom	whole_field	
PRJEB8766	SAMEA3531568	country		United Kingdom	whole_field	
PRJEB8766	SAMEA3531569	country		United Kingdom	whole_field	
PRJEB8766	SAMEA3531571	country		United Kingdom	whole_field	
PRJEB14854	SAMEA4509452	country		United Kingdom	whole_field	
PRJEB14854	SAMEA4509453	country		United Kingdom	whole_field	
PRJEB14854	SAMEA4509454	country		United Kingdom	whole_field	
PRJEB14854	SAMEA4509455	country		United Kingdom	whole_field	
PRJEB14854	SAMEA4509456	country		United Kingdom	whole_field	
PRJEB14854	SAMEA4509458	country		United Kingdom	whole_field	
PRJEB14854	SAMEA4509459	country		United Kingdom	whole_field	
PRJEB14854	SAMEA4786374	country		United Kingdom	whole_field	
PRJEB14854	SAMEA4786375	country		United Kingdom	whole_field	
PRJEB14854	SAMEA72153418	country		United Kingdom	whole_field	
PRJEB14854	SAMEA72154168	country		United Kingdom	whole_field	
PRJEB14854	SAMEA72154918	country		United Kingdom	whole_field	
PRJEB14854	SAMEA72155668	country		United Kingdom	whole_field	
PRJEB14854	SAMEA72156418	country		United Kingdom	whole_field	
PRJEB14854	SAMEA72157168	country		United Kingdom	whole_field	
PRJEB14854	SAMEA72157918	country		United Kingdom	whole_field	
PRJEB14854	SAMEA72160168	country		United Kingdom	whole_field	
PRJEB14854	SAMEA72160918	country		United Kingdom	whole_field	
PRJEB14854	SAMEA72161668	country		United Kingdom	whole_field	
PRJNA292904	SAMN04014875	country		USA	whole_field	
PRJNA292904	SAMN04014880	country		USA	whole_field	
PRJNA292904	SAMN04014881	country		USA	whole_field	
PRJNA292904	SAMN04014882	country		USA	whole_field	
PRJNA292904	SAMN04014883	country		USA	whole_field	
PRJNA292904	SAMN04014884	country		USA	whole_field	
PRJNA292904	SAMN04014885	country		USA	whole_field	
PRJNA292904	SAMN04014887	country		USA	whole_field	
PRJNA292904	SAMN04014888	country		USA	whole_field	
PRJNA292904	SAMN04014890	country		USA	whole_field	
PRJNA292904	SAMN04014892	country		USA	whole_field	
PRJNA292904	SAMN04014903	country		USA	whole_field	
PRJNA292904	SAMN04014907	country		USA	whole_field	
PRJNA292904	SAMN04014909	country		USA	whole_field	
PRJNA292904	SAMN04014912	country		USA	whole_field	
PRJNA292904	SAMN04014915	country		USA	whole_field	
PRJNA292904	SAMN04014916	country		USA	whole_field	
PRJNA292904	SAMN04014917	country		USA	whole_field	
PRJNA292904	SAMN04014920	country		USA	whole_field	
PRJNA292904	SAMN04014921	country		USA	whole_field	
PRJNA292904	SAMN04014928	country		USA	whole_field	
PRJNA292904	SAMN04014937	country		USA	whole_field	
PRJNA292904	SAMN04014938	country		USA	whole_field	
PRJNA292904	SAMN04014939	country		USA	whole_field	
PRJNA292904	SAMN04014947	country		USA	whole_field	
PRJNA292904	SAMN04014948	country		USA	whole_field	
PRJNA292904	SAMN04014950	country		USA	whole_field	
PRJNA1092272	SAMN40622531	country	NA	United Kingdom	whole_field	
PRJNA1092272	SAMN40622506	country	NA	United Kingdom	whole_field	
PRJNA1092272	SAMN40622500	country	NA	United Kingdom	whole_field	
PRJNA1092662	SAMN40631746	country	NA	USA	whole_field	
PRJNA1000963	SAMN36785156	country	NA	Italy	whole_field	
PRJNA1092272	SAMN40622505	country	NA	United Kingdom	whole_field	
PRJNA1114318	SAMN41500085	country	NA	Fiji	whole_field	
PRJNA1092272	SAMN40622495	country	NA	United Kingdom	whole_field	
PRJNA1071125	SAMN39672647	country	NA	Egypt	whole_field	
PRJNA1092272	SAMN40622510	country	NA	United Kingdom	whole_field	
PRJNA1000963	SAMN36785152	country	NA	Italy	whole_field	
PRJNA1114318	SAMN41500089	country	NA	Fiji	whole_field	
PRJNA1114318	SAMN41500081	country	NA	Fiji	whole_field	
PRJNA1114318	SAMN41500082	country	NA	Fiji	whole_field	
PRJNA1000963	SAMN36787070	country	NA	Italy	whole_field	
PRJNA1071125	SAMN39672640	country	NA	Egypt	whole_field	
PRJNA1000963	SAMN36785159	country	NA	Italy	whole_field	
PRJNA1071125	SAMN39672642	country	NA	Egypt	whole_field	
PRJNA1071125	SAMN39672633	country	NA	Egypt	whole_field	
PRJNA1071125	SAMN39672637	country	NA	Egypt	whole_field	
PRJNA1000963	SAMN36785149	country	NA	Italy	whole_field	
PRJNA1071125	SAMN39672651	country	NA	Egypt	whole_field	
PRJNA1000963	SAMN36787059	country	NA	Italy	whole_field	
PRJNA1092272	SAMN40622492	country	NA	United Kingdom	whole_field	
PRJNA1114318	SAMN41500093	country	NA	Fiji	whole_field	
PRJNA1000963	SAMN36785137	country	NA	Italy	whole_field	
PRJNA1000963	SAMN36785160	country	NA	Italy	whole_field	
PRJNA1071125	SAMN39672652	country	NA	Egypt	whole_field	
PRJNA1071125	SAMN39672638	country	NA	Egypt	whole_field	
PRJNA1092272	SAMN40622494	country	NA	United Kingdom	whole_field	
PRJNA1114318	SAMN41500092	country	NA	Fiji	whole_field	
PRJNA1000963	SAMN36787048	country	NA	Italy	whole_field	
PRJNA1071125	SAMN39672645	country	NA	Egypt	whole_field	
PRJNA1000963	SAMN36787064	country	NA	Italy	whole_field	
PRJNA1000963	SAMN36787049	country	NA	Italy	whole_field	
PRJNA1092272	SAMN40622523	country	NA	United Kingdom	whole_field	
PRJNA1114318	SAMN41500097	country	NA	Fiji	whole_field	
PRJNA1092662	SAMN40631756	country	NA	USA	whole_field	
PRJNA1092272	SAMN40622497	country	NA	United Kingdom	whole_field	
PRJNA1092272	SAMN40622498	country	NA	United Kingdom	whole_field	
PRJNA1000963	SAMN36787062	country	NA	Italy	whole_field	
PRJNA1000963	SAMN36785144	country	NA	Italy	whole_field	
PRJNA1114318	SAMN41500110	country	NA	Fiji	whole_field	
PRJNA1092662	SAMN40631748	country	NA	USA	whole_field	
PRJNA1000963	SAMN36787063	country	NA	Italy	whole_field	
PRJNA1092272	SAMN40622499	country	NA	United Kingdom	whole_field	
PRJNA1071125	SAMN39672658	country	NA	Egypt	whole_field	
PRJNA1000963	SAMN36787051	country	NA	Italy	whole_field	
PRJNA1092272	SAMN40622490	country	NA	United Kingdom	whole_field	
PRJNA1092662	SAMN40631755	country	NA	USA	whole_field	
PRJNA1114318	SAMN41500094	country	NA	Fiji	whole_field	
PRJNA1092272	SAMN40622509	country	NA	United Kingdom	whole_field	
PRJNA1071125	SAMN39672632	country	NA	Egypt	whole_field	
PRJNA1000963	SAMN36787056	country	NA	Italy	whole_field	
PRJNA1092272	SAMN40622513	country	NA	United Kingdom	whole_field	
PRJNA1092662	SAMN41082396	country	NA	USA	whole_field	
PRJNA1092662	SAMN40631749	country	NA	USA	whole_field	
PRJNA1092272	SAMN40622504	country	NA	United Kingdom	whole_field	
PRJNA1092272	SAMN40622530	country	NA	United Kingdom	whole_field	
PRJNA1092662	SAMN40631753	country	NA	USA	whole_field	
PRJNA1071125	SAMN39672650	country	NA	Egypt	whole_field	
PRJNA1071125	SAMN39672649	country	NA	Egypt	whole_field	
PRJNA1092272	SAMN40622525	country	NA	United Kingdom	whole_field	
PRJNA1000963	SAMN36785140	country	NA	Italy	whole_field	
PRJNA1000963	SAMN36785151	country	NA	Italy	whole_field	
PRJNA1114318	SAMN41500098	country	NA	Fiji	whole_field	
PRJNA1071125	SAMN39672643	country	NA	Egypt	whole_field	
PRJNA1092272	SAMN40622516	country	NA	United Kingdom	whole_field	
PRJNA1092272	SAMN40622528	country	NA	United Kingdom	whole_field	
PRJNA1000963	SAMN36785147	country	NA	Italy	whole_field	
PRJNA1092272	SAMN40622491	country	NA	United Kingdom	whole_field	
PRJNA1114318	SAMN41500102	country	NA	Fiji	whole_field	
PRJNA1114318	SAMN41500086	country	NA	Fiji	whole_field	
PRJNA1092272	SAMN40622517	country	NA	United Kingdom	whole_field	
PRJNA1092272	SAMN40622514	country	NA	United Kingdom	whole_field	
PRJNA1114318	SAMN41500095	country	NA	Fiji	whole_field	
PRJNA1000963	SAMN36785143	country	NA	Italy	whole_field	
PRJNA1092662	SAMN40631744	country	NA	USA	whole_field	
PRJNA1114318	SAMN41500103	country	NA	Fiji	whole_field	
PRJNA1071125	SAMN39672644	country	NA	Egypt	whole_field	
PRJNA1092272	SAMN40622508	country	NA	United Kingdom	whole_field	
PRJNA1000963	SAMN36785146	country	NA	Italy	whole_field	
PRJNA1092272	SAMN40622526	country	NA	United Kingdom	whole_field	
PRJNA1114318	SAMN41500105	country	NA	Fiji	whole_field	
PRJNA1071125	SAMN39672636	country	NA	Egypt	whole_field	
PRJNA1114318	SAMN41500112	country	NA	Fiji	whole_field	
PRJNA1071125	SAMN39672634	country	NA	Egypt	whole_field	
PRJNA1092662	SAMN40631757	country	NA	USA	whole_field	
PRJNA1114318	SAMN41500096	country	NA	Fiji	whole_field	
PRJNA1092662	SAMN41082393	country	NA	USA	whole_field	
PRJNA1000963	SAMN36785161	country	NA	Italy	whole_field	
PRJNA1114318	SAMN41500101	country	NA	Fiji	whole_field	
PRJNA1114318	SAMN41500100	country	NA	Fiji	whole_field	
PRJNA1114318	SAMN41500109	country	NA	Fiji	whole_field	
PRJNA1114318	SAMN41500099	country	NA	Fiji	whole_field	
PRJNA1092272	SAMN40622501	country	NA	United Kingdom	whole_field	
PRJNA1092662	SAMN41082395	country	NA	USA	whole_field	
PRJNA1114318	SAMN41500090	country	NA	Fiji	whole_field	
PRJNA1114318	SAMN41500108	country	NA	Fiji	whole_field	
PRJNA1092272	SAMN40622529	country	NA	United Kingdom	whole_field	
PRJNA1092272	SAMN40622521	country	NA	United Kingdom	whole_field	
PRJNA1092272	SAMN40622519	country	NA	United Kingdom	whole_field	
PRJNA1000963	SAMN36787053	country	NA	Italy	whole_field	
PRJNA1092272	SAMN40622518	country	NA	United Kingdom	whole_field	
PRJNA1000963	SAMN36785138	country	NA	Italy	whole_field	
PRJNA1071125	SAMN39672654	country	NA	Egypt	whole_field	
PRJNA1114318	SAMN41500083	country	NA	Fiji	whole_field	
PRJNA1092272	SAMN40622524	country	NA	United Kingdom	whole_field	
PRJNA1000963	SAMN36787060	country	NA	Italy	whole_field	
PRJNA1092272	SAMN40622522	country	NA	United Kingdom	whole_field	
PRJNA1092662	SAMN40631745	country	NA	USA	whole_field	
PRJNA1000963	SAMN36787046	country	NA	Italy	whole_field	
PRJNA1092272	SAMN40622515	country	NA	United Kingdom	whole_field	
PRJNA1114318	SAMN41500107	country	NA	Fiji	whole_field	
PRJNA1000963	SAMN36787058	country	NA	Italy	whole_field	
PRJNA1092662	SAMN40631752	country	NA	USA	whole_field	
PRJNA1092662	SAMN41082394	country	NA	USA	whole_field	
PRJNA1114318	SAMN41500104	country	NA	Fiji	whole_field	
PRJNA1000963	SAMN36787068	country	NA	Italy	whole_field	
PRJNA1114318	SAMN41500080	country	NA	Fiji	whole_field	
PRJNA1071125	SAMN39672646	country	NA	Egypt	whole_field	
PRJNA1071125	SAMN39672656	country	NA	Egypt	whole_field	
PRJNA1000963	SAMN36785158	country	NA	Italy	whole_field	
PRJNA1071125	SAMN39672653	country	NA	Egypt	whole_field	
PRJNA1000963	SAMN36785141	country	NA	Italy	whole_field	
PRJNA1114318	SAMN41500106	country	NA	Fiji	whole_field	
PRJNA1071125	SAMN39672648	country	NA	Egypt	whole_field	
PRJNA1000963	SAMN36785153	country	NA	Italy	whole_field	
PRJNA1092272	SAMN40622520	country	NA	United Kingdom	whole_field	
PRJNA1071125	SAMN39672635	country	NA	Egypt	whole_field	
PRJNA1000963	SAMN36785150	country	NA	Italy	whole_field	
PRJNA1114318	SAMN41500111	country	NA	Fiji	whole_field	
PRJNA1114318	SAMN41500087	country	NA	Fiji	whole_field	
PRJNA1092272	SAMN40622502	country	NA	United Kingdom	whole_field	
PRJNA1000963	SAMN36787071	country	NA	Italy	whole_field	
PRJNA1071125	SAMN39672657	country	NA	Egypt	whole_field	
PRJNA1071125	SAMN39672641	country	NA	Egypt	whole_field	
PRJNA1092272	SAMN40622527	country	NA	United Kingdom	whole_field	
PRJNA1000963	SAMN36787066	country	NA	Italy	whole_field	
PRJNA1000963	SAMN36787055	country	NA	Italy	whole_field	
PRJNA1092272	SAMN40622493	country	NA	United Kingdom	whole_field	
PRJNA1071125	SAMN39672655	country	NA	Egypt	whole_field	
PRJNA1092272	SAMN40622507	country	NA	United Kingdom	whole_field	
PRJNA1092272	SAMN40622512	country	NA	United Kingdom	whole_field	
PRJNA1092662	SAMN41082390	country	NA	USA	whole_field	
PRJNA1114318	SAMN41500088	country	NA	Fiji	whole_field	
PRJNA1092662	SAMN40631747	country	NA	USA	whole_field	
PRJEB21015	SAMEA5145260	country		United Kingdom	whole_field	
PRJEB21015	SAMEA5185637	country		United Kingdom	whole_field	
PRJEB21015	SAMEA5185641	country		United Kingdom	whole_field	
PRJEB21015	SAMEA5419109	country		United Kingdom	whole_field	
PRJEB21015	SAMEA5419114	country		United Kingdom	whole_field	
PRJEB21015	SAMEA5419116	country		United Kingdom	whole_field	
PRJEB21015	SAMEA5419134	country		United Kingdom	whole_field	
PRJEB21015	SAMEA5419143	country		United Kingdom	whole_field	
PRJEB21015	SAMEA5419196	country		United Kingdom	whole_field	
PRJEB32657	SAMEA5694332	country		Malawi	whole_field	
PRJEB32657	SAMEA5694335	country		Malawi	whole_field	
PRJEB32657	SAMEA5694393	country		Malawi	whole_field	
PRJEB32657	SAMEA5694395	country		Malawi	whole_field	
PRJEB32657	SAMEA5694397	country		Malawi	whole_field	
PRJEB32657	SAMEA5694398	country		Malawi	whole_field	
PRJEB32657	SAMEA5694399	country		Malawi	whole_field	
PRJEB32657	SAMEA5694401	country		Malawi	whole_field	
PRJEB32657	SAMEA5694430	country		Malawi	whole_field	
PRJEB32657	SAMEA5694438	country		Malawi	whole_field	
PRJEB32657	SAMEA5694444	country		Malawi	whole_field	
PRJEB32657	SAMEA5694445	country		Malawi	whole_field	
PRJEB32657	SAMEA5694450	country		Malawi	whole_field	
PRJEB32657	SAMEA5694451	country		Malawi	whole_field	
PRJEB32657	SAMEA5694452	country		Malawi	whole_field	
PRJEB32657	SAMEA5694453	country		Malawi	whole_field	
PRJEB32657	SAMEA5694454	country		Malawi	whole_field	
PRJEB32657	SAMEA5694464	country		Malawi	whole_field	
PRJEB32657	SAMEA5694467	country		Malawi	whole_field	
PRJEB32657	SAMEA5694477	country		Malawi	whole_field	
PRJEB21015	SAMEA5882366	country		United Kingdom	whole_field	
PRJEB21015	SAMEA6099624	country		United Kingdom	whole_field	
PRJEB21015	SAMEA6099628	country		United Kingdom	whole_field	
PRJEB21015	SAMEA6099629	country		United Kingdom	whole_field	
PRJEB21015	SAMEA6099635	country		United Kingdom	whole_field	
PRJEB21015	SAMEA6099636	country		United Kingdom	whole_field	
PRJEB34793	SAMEA6372284	country		United Kingdom	whole_field	
PRJEB34793	SAMEA6372287	country		United Kingdom	whole_field	
PRJEB34793	SAMEA6372302	country		United Kingdom	whole_field	
PRJEB34793	SAMEA6372303	country		United Kingdom	whole_field	
PRJEB34793	SAMEA6372304	country		United Kingdom	whole_field	
PRJEB34793	SAMEA6372305	country		United Kingdom	whole_field	
PRJEB34793	SAMEA6372306	country		United Kingdom	whole_field	
PRJEB34793	SAMEA6372307	country		United Kingdom	whole_field	
PRJEB34793	SAMEA6372308	country		United Kingdom	whole_field	
PRJEB34793	SAMEA6372309	country		United Kingdom	whole_field	
PRJEB34793	SAMEA6372310	country		United Kingdom	whole_field	
PRJEB34793	SAMEA6372311	country		United Kingdom	whole_field	
PRJEB34793	SAMEA6372312	country		United Kingdom	whole_field	
PRJEB34793	SAMEA6372313	country		United Kingdom	whole_field	
PRJEB34793	SAMEA6372314	country		United Kingdom	whole_field	
PRJEB34793	SAMEA6372315	country		United Kingdom	whole_field	
PRJEB34793	SAMEA6372316	country		United Kingdom	whole_field	
PRJEB34793	SAMEA6372317	country		United Kingdom	whole_field	
PRJEB34793	SAMEA6372318	country		United Kingdom	whole_field	
PRJEB34793	SAMEA6372319	country		United Kingdom	whole_field	
PRJEB34793	SAMEA6372320	country		United Kingdom	whole_field	
PRJEB34793	SAMEA6372321	country		United Kingdom	whole_field	
PRJEB34793	SAMEA6372322	country		United Kingdom	whole_field	
PRJEB34793	SAMEA6372323	country		United Kingdom	whole_field	
PRJEB34793	SAMEA6372324	country		United Kingdom	whole_field	
PRJEB34793	SAMEA6372325	country		United Kingdom	whole_field	
PRJEB34793	SAMEA6372326	country		United Kingdom	whole_field	
PRJEB34793	SAMEA6372327	country		United Kingdom	whole_field	
PRJEB34793	SAMEA6372328	country		United Kingdom	whole_field	
PRJEB34793	SAMEA6372329	country		United Kingdom	whole_field	
PRJEB34793	SAMEA6372330	country		United Kingdom	whole_field	
PRJEB34793	SAMEA6372331	country		United Kingdom	whole_field	
PRJEB34793	SAMEA6372332	country		United Kingdom	whole_field	
PRJEB34793	SAMEA6372333	country		United Kingdom	whole_field	
PRJEB34793	SAMEA6372334	country		United Kingdom	whole_field	
PRJEB34793	SAMEA6372335	country		United Kingdom	whole_field	
PRJEB34793	SAMEA6372336	country		United Kingdom	whole_field	
PRJEB34793	SAMEA6372337	country		United Kingdom	whole_field	
PRJEB34793	SAMEA6372338	country		United Kingdom	whole_field	
PRJEB34793	SAMEA6372339	country		United Kingdom	whole_field	
PRJEB34793	SAMEA6372340	country		United Kingdom	whole_field	
PRJEB34793	SAMEA6372341	country		United Kingdom	whole_field	
PRJEB34793	SAMEA6372342	country		United Kingdom	whole_field	
PRJEB34793	SAMEA6372343	country		United Kingdom	whole_field	
PRJEB34793	SAMEA6372344	country		United Kingdom	whole_field	
PRJEB34793	SAMEA6372345	country		United Kingdom	whole_field	
PRJEB34793	SAMEA6372346	country		United Kingdom	whole_field	
PRJEB34793	SAMEA6372347	country		United Kingdom	whole_field	
PRJEB34793	SAMEA6372348	country		United Kingdom	whole_field	
PRJEB21015	SAMEA6511031	country		United Kingdom	whole_field	
PRJEB21015	SAMEA6511050	country		United Kingdom	whole_field	
PRJEB32657	SAMEA9435989	country		Malawi	whole_field	
PRJEB32657	SAMEA9435991	country		Malawi	whole_field	
PRJEB32657	SAMEA9436147	country		Malawi	whole_field	
PRJEB32657	SAMEA9436151	country		Malawi	whole_field	
PRJEB32657	SAMEA9436160	country		Malawi	whole_field	
PRJEB32657	SAMEA9436164	country		Malawi	whole_field	
PRJEB32657	SAMEA9436541	country		Malawi	whole_field	
PRJNA1000963	SAMN36785139	country		Italy	whole_field	
PRJNA1000963	SAMN36785145	country		Italy	whole_field	
PRJNA1000963	SAMN36785157	country		Italy	whole_field	
PRJNA1000963	SAMN36787061	country		Italy	whole_field	
PRJNA1000963	SAMN36787067	country		Italy	whole_field	
PRJNA1071125	SAMN39672639	country		Egypt	whole_field	
PRJNA1092272	SAMN40622496	country		United Kingdom	whole_field	
PRJNA1092272	SAMN40622503	country		United Kingdom	whole_field	
PRJNA1092272	SAMN40622511	country		United Kingdom	whole_field	
PRJNA1092662	SAMN40631750	country		USA	whole_field	
PRJNA1092662	SAMN40631751	country		USA	whole_field	
PRJNA1092662	SAMN40631754	country		USA	whole_field	
PRJNA1092662	SAMN41082391	country		USA	whole_field	
PRJNA1092662	SAMN41082392	country		USA	whole_field	
PRJNA1114318	SAMN41500084	country		Fiji	whole_field	
PRJNA1114318	SAMN41500091	country		Fiji	whole_field	
PRJDB11603	SAMD00320781	collection_date		2020-07-30	whole_field	
PRJDB11603	SAMD00320783	collection_date		2020-07-30	whole_field	
PRJDB11603	SAMD00320793	collection_date		2020-07-30	whole_field	
PRJDB11603	SAMD00320870	collection_date		2020-07-30	whole_field	
PRJDB11603	SAMD00320890	collection_date		2020-07-30	whole_field	
PRJDB11603	SAMD00320927	collection_date		2020-07-30	whole_field	
PRJDB11603	SAMD00320874	collection_date		2020-07-30	whole_field	
PRJDB11603	SAMD00320880	collection_date		2020-07-30	whole_field	
PRJDB11603	SAMD00320883	collection_date		2020-07-30	whole_field	
PRJDB11603	SAMD00320922	collection_date		2020-07-30	whole_field	
PRJDB11603	SAMD00320773	collection_date		2020-07-30	whole_field	
PRJDB11603	SAMD00320780	collection_date		2020-07-30	whole_field	
PRJDB11603	SAMD00320844	collection_date		2020-07-30	whole_field	
PRJDB11603	SAMD00320864	collection_date		2020-07-30	whole_field	
PRJDB11603	SAMD00320879	collection_date		2020-07-30	whole_field	
PRJDB11603	SAMD00320884	collection_date		2020-07-30	whole_field	
PRJDB11603	SAMD00320889	collection_date		2020-07-30	whole_field	
PRJEB59858	SAMEA112638260	collection_date	not provided	2017-12-31	whole_field	
PRJEB59858	SAMEA112638265	collection_date	not provided	2017-12-31	whole_field	
PRJEB59858	SAMEA112638269	collection_date	not provided	2017-12-31	whole_field	
PRJEB59858	SAMEA112638270	collection_date	not provided	2017-12-31	whole_field	
PRJEB59858	SAMEA112638275	collection_date	not provided	2017-12-31	whole_field	
PRJEB59858	SAMEA112638280	collection_date	not provided	2017-12-31	whole_field	
PRJEB59858	SAMEA112638282	collection_date	not provided	2017-12-31	whole_field	
PRJEB59858	SAMEA112638285	collection_date	not provided	2017-12-31	whole_field	
PRJEB59858	SAMEA112638286	collection_date	not provided	2017-12-31	whole_field	
PRJEB59858	SAMEA112638261	collection_date	not provided	2017-12-31	whole_field	
PRJEB59858	SAMEA112638262	collection_date	not provided	2017-12-31	whole_field	
PRJEB59858	SAMEA112638263	collection_date	not provided	2017-12-31	whole_field	
PRJEB59858	SAMEA112638268	collection_date	not provided	2017-12-31	whole_field	
PRJEB59858	SAMEA112638271	collection_date	not provided	2017-12-31	whole_field	
PRJEB59858	SAMEA112638276	collection_date	not provided	2017-12-31	whole_field	
PRJEB59858	SAMEA112638279	collection_date	not provided	2017-12-31	whole_field	
PRJEB59858	SAMEA112638284	collection_date	not provided	2017-12-31	whole_field	
PRJEB59858	SAMEA112638259	collection_date	not provided	2017-12-31	whole_field	
PRJEB59858	SAMEA112638264	collection_date	not provided	2017-12-31	whole_field	
PRJEB59858	SAMEA112638266	collection_date	not provided	2017-12-31	whole_field	
PRJEB59858	SAMEA112638267	collection_date	not provided	2017-12-31	whole_field	
PRJEB59858	SAMEA112638272	collection_date	not provided	2017-12-31	whole_field	
PRJEB59858	SAMEA112638273	collection_date	not provided	2017-12-31	whole_field	
PRJEB59858	SAMEA112638274	collection_date	not provided	2017-12-31	whole_field	
PRJEB59858	SAMEA112638277	collection_date	not provided	2017-12-31	whole_field	
PRJEB59858	SAMEA112638278	collection_date	not provided	2017-12-31	whole_field	
PRJEB59858	SAMEA112638281	collection_date	not provided	2017-12-31	whole_field	
PRJEB59858	SAMEA112638283	collection_date	not provided	2017-12-31	whole_field	
PRJEB60743	SAMEA112785755	collection_date		2022-08-09	whole_field	
PRJEB60743	SAMEA112785784	collection_date		2022-08-09	whole_field	
PRJEB60743	SAMEA112785790	collection_date		2022-08-09	whole_field	
PRJEB60743	SAMEA112785792	collection_date		2022-08-09	whole_field	
PRJEB60743	SAMEA112785759	collection_date		2022-08-09	whole_field	
PRJEB60743	SAMEA112785783	collection_date		2022-08-09	whole_field	
PRJEB60743	SAMEA112785780	collection_date		2022-08-09	whole_field	
PRJEB60743	SAMEA112785762	collection_date		2022-08-09	whole_field	
PRJEB60743	SAMEA112785760	collection_date		2022-08-09	whole_field	
PRJEB60743	SAMEA112785787	collection_date		2022-08-09	whole_field	
PRJEB60743	SAMEA112785770	collection_date		2022-08-09	whole_field	
PRJEB60743	SAMEA112785786	collection_date		2022-08-09	whole_field	
PRJEB60743	SAMEA112785758	collection_date		2022-08-09	whole_field	
PRJEB60743	SAMEA112785778	collection_date		2022-08-09	whole_field	
PRJEB60743	SAMEA112785769	collection_date		2022-08-09	whole_field	
PRJEB60743	SAMEA112785782	collection_date		2022-08-09	whole_field	
PRJEB60743	SAMEA112785768	collection_date		2022-08-09	whole_field	
PRJEB60743	SAMEA112785773	collection_date		2022-08-09	whole_field	
PRJEB60743	SAMEA112785775	collection_date		2022-08-09	whole_field	
PRJEB60743	SAMEA112785777	collection_date		2022-08-09	whole_field	
PRJEB60743	SAMEA112785772	collection_date		2022-08-09	whole_field	
PRJEB60743	SAMEA112785789	collection_date		2022-08-09	whole_field	
PRJEB60743	SAMEA112785757	collection_date		2022-08-09	whole_field	
PRJEB60743	SAMEA112785761	collection_date		2022-08-09	whole_field	
PRJEB60743	SAMEA112785785	collection_date		2022-08-09	whole_field	
PRJEB60743	SAMEA112785779	collection_date		2022-08-09	whole_field	
PRJEB60743	SAMEA112785766	collection_date		2022-08-09	whole_field	
PRJEB60743	SAMEA112785765	collection_date		2022-08-09	whole_field	
PRJEB60743	SAMEA112785771	collection_date		2022-08-09	whole_field	
PRJEB60743	SAMEA112785764	collection_date		2022-08-09	whole_field	
PRJEB60743	SAMEA112785791	collection_date		2022-08-09	whole_field	
PRJEB60743	SAMEA112785756	collection_date		2022-08-09	whole_field	
PRJEB60743	SAMEA112785788	collection_date		2022-08-09	whole_field	
PRJEB60743	SAMEA112785781	collection_date		2022-08-09	whole_field	
PRJEB60743	SAMEA112785774	collection_date		2022-08-09	whole_field	
PRJEB60743	SAMEA112785767	collection_date		2022-08-09	whole_field	
PRJEB60743	SAMEA112785776	collection_date		2022-08-09	whole_field	
PRJEB60743	SAMEA112785763	collection_date		2022-08-09	whole_field	
PRJEB27508	SAMEA4764263	collection_date	not provided	2012-07-01	whole_field	
PRJEB27508	SAMEA4764264	collection_date	not provided	2012-07-01	whole_field	
PRJEB27508	SAMEA4764265	collection_date	not provided	2012-07-01	whole_field	
PRJEB27508	SAMEA4764269	collection_date	not provided	2012-07-01	whole_field	
PRJEB27508	SAMEA4764270	collection_date	not provided	2012-07-01	whole_field	
PRJEB27508	SAMEA4764271	collection_date	not provided	2012-07-01	whole_field	
PRJEB27508	SAMEA4764272	collection_date	not provided	2012-07-01	whole_field	
PRJEB27508	SAMEA4764273	collection_date	not provided	2012-07-01	whole_field	
PRJEB27508	SAMEA4764280	collection_date	not provided	2012-07-01	whole_field	
PRJEB27508	SAMEA4764283	collection_date	not provided	2012-07-01	whole_field	
PRJEB27508	SAMEA4764284	collection_date	not provided	2012-07-01	whole_field	
PRJEB27508	SAMEA4764286	collection_date	not provided	2012-07-01	whole_field	
PRJEB27508	SAMEA4764287	collection_date	not provided	2012-07-01	whole_field	
PRJEB27508	SAMEA4764289	collection_date	not provided	2012-07-01	whole_field	
PRJEB27508	SAMEA4764290	collection_date	not provided	2012-07-01	whole_field	
PRJEB27508	SAMEA4764292	collection_date	not provided	2012-07-01	whole_field	
PRJEB27508	SAMEA4764293	collection_date	not provided	2012-07-01	whole_field	
PRJEB27508	SAMEA4764295	collection_date	not provided	2012-07-01	whole_field	
PRJEB27508	SAMEA4764297	collection_date	not provided	2012-07-01	whole_field	
PRJEB27508	SAMEA4764298	collection_date	not provided	2012-07-01	whole_field	
PRJEB27508	SAMEA4764266	collection_date	not provided	2012-07-01	whole_field	
PRJEB27508	SAMEA4764267	collection_date	not provided	2012-07-01	whole_field	
PRJEB27508	SAMEA4764268	collection_date	not provided	2012-07-01	whole_field	
PRJEB27508	SAMEA4764275	collection_date	not provided	2012-07-01	whole_field	
PRJEB27508	SAMEA4764281	collection_date	not provided	2012-07-01	whole_field	
PRJEB27508	SAMEA4764282	collection_date	not provided	2012-07-01	whole_field	
PRJEB27508	SAMEA4764288	collection_date	not provided	2012-07-01	whole_field	
PRJEB27508	SAMEA4764291	collection_date	not provided	2012-07-01	whole_field	
PRJEB27508	SAMEA4764296	collection_date	not provided	2012-07-01	whole_field	
PRJEB27508	SAMEA4764262	collection_date	not provided	2012-07-01	whole_field	
PRJEB27508	SAMEA4764274	collection_date	not provided	2012-07-01	whole_field	
PRJEB27508	SAMEA4764276	collection_date	not provided	2012-07-01	whole_field	
PRJEB27508	SAMEA4764277	collection_date	not provided	2012-07-01	whole_field	
PRJEB27508	SAMEA4764278	collection_date	not provided	2012-07-01	whole_field	
PRJEB27508	SAMEA4764279	collection_date	not provided	2012-07-01	whole_field	
PRJEB27508	SAMEA4764285	collection_date	not provided	2012-07-01	whole_field	
PRJEB27508	SAMEA4764294	collection_date	not provided	2012-07-01	whole_field	
PRJEB21015	SAMEA5882344	collection_date		2016-12-31	whole_field	
PRJEB21015	SAMEA6099618	collection_date		2016-12-31	whole_field	
PRJEB21015	SAMEA5882337	collection_date		2016-12-31	whole_field	
PRJEB21015	SAMEA5882341	collection_date		2016-12-31	whole_field	
PRJEB21015	SAMEA5882345	collection_date		2016-12-31	whole_field	
PRJEB21015	SAMEA6099615	collection_date		2016-12-31	whole_field	
PRJEB21015	SAMEA6099620	collection_date		2016-12-31	whole_field	
PRJEB21015	SAMEA6099622	collection_date		2016-12-31	whole_field	
PRJEB21015	SAMEA6099641	collection_date		2016-12-31	whole_field	
PRJEB21015	SAMEA6099617	collection_date		2016-12-31	whole_field	
PRJEB21015	SAMEA6099621	collection_date		2016-12-31	whole_field	
PRJEB21015	SAMEA6099646	collection_date		2016-12-31	whole_field	
PRJEB21015	SAMEA6099647	collection_date		2016-12-31	whole_field	
PRJEB21015	SAMEA6099650	collection_date		2016-12-31	whole_field	
PRJEB21015	SAMEA5882338	collection_date		2016-12-31	whole_field	
PRJEB21015	SAMEA5882340	collection_date		2016-12-31	whole_field	
PRJEB21015	SAMEA6099626	collection_date		2016-12-31	whole_field	
PRJEB21015	SAMEA6099613	collection_date		2016-12-31	whole_field	
PRJEB21015	SAMEA6099648	collection_date		2016-12-31	whole_field	
PRJNA728968	SAMN19581991	collection_date		2020-12-30	whole_field	
PRJNA728968	SAMN19581988	collection_date		2020-12-30	whole_field	
PRJNA728968	SAMN19581986	collection_date		2020-12-30	whole_field	
PRJNA728968	SAMN19582004	collection_date		2020-12-30	whole_field	
PRJNA728968	SAMN19582002	collection_date		2020-12-30	whole_field	
PRJNA728968	SAMN19581997	collection_date		2020-12-30	whole_field	
PRJNA728968	SAMN19581996	collection_date		2020-12-30	whole_field	
PRJNA728968	SAMN19581995	collection_date		2020-12-30	whole_field	
PRJNA728968	SAMN19581994	collection_date		2020-12-30	whole_field	
PRJNA728968	SAMN19581993	collection_date		2020-12-30	whole_field	
PRJNA728968	SAMN19581992	collection_date		2020-12-30	whole_field	
PRJNA728968	SAMN19581983	collection_date		2020-12-30	whole_field	
PRJNA728968	SAMN19581982	collection_date		2020-12-30	whole_field	
PRJNA728968	SAMN19581987	collection_date		2020-12-30	whole_field	
PRJNA728968	SAMN19582003	collection_date		2020-12-30	whole_field	
PRJNA728968	SAMN19581984	collection_date		2020-12-30	whole_field	
PRJNA728968	SAMN19581998	collection_date		2020-12-30	whole_field	
PRJNA728968	SAMN19581990	collection_date		2020-12-30	whole_field	
PRJNA728968	SAMN19581989	collection_date		2020-12-30	whole_field	
PRJNA728968	SAMN19581985	collection_date		2020-12-30	whole_field	
PRJNA728968	SAMN19582006	collection_date		2020-12-30	whole_field	
PRJNA728968	SAMN19582005	collection_date		2020-12-30	whole_field	
PRJNA728968	SAMN19582001	collection_date		2020-12-30	whole_field	
PRJNA728968	SAMN19582000	collection_date		2020-12-30	whole_field	
PRJNA728968	SAMN19581999	collection_date		2020-12-30	whole_field	
PRJEB21015	SAMEA5882336	collection_date		2016-12-31	whole_field	
PRJEB21015	SAMEA5882342	collection_date		2016-12-31	whole_field	
PRJEB21015	SAMEA6099619	collection_date		2016-12-31	whole_field	
PRJEB21015	SAMEA6099644	collection_date		2016-12-31	whole_field	
PRJEB21015	SAMEA6099614	collection_date		2016-12-31	whole_field	
PRJEB21015	SAMEA6099645	collection_date		2016-12-31	whole_field	
PRJEB21015	SAMEA6099649	collection_date		2016-12-31	whole_field	
PRJEB21015	SAMEA5882343	collection_date		2016-12-31	whole_field	
PRJEB21015	SAMEA5882339	collection_date		2016-12-31	whole_field	
PRJEB21015	SAMEA6099643	collection_date		2016-12-31	whole_field	
PRJEB21015	SAMEA6099623	collection_date		2016-12-31	whole_field	
PRJEB19808	SAMEA103579168	collection_date		2015-10-16	whole_field	
PRJEB19808	SAMEA103668418	collection_date		2015-10-16	whole_field	
PRJEB19808	SAMEA103669168	collection_date		2015-10-16	whole_field	
PRJEB19808	SAMEA103669918	collection_date		2015-10-16	whole_field	
PRJEB19808	SAMEA103670668	collection_date		2015-10-16	whole_field	
PRJEB19808	SAMEA103671418	collection_date		2015-10-16	whole_field	
PRJEB19808	SAMEA103672168	collection_date		2015-10-16	whole_field	
PRJEB19808	SAMEA103672918	collection_date		2015-10-16	whole_field	
PRJEB19808	SAMEA103673668	collection_date		2015-10-16	whole_field	
PRJEB19808	SAMEA103674418	collection_date		2015-10-16	whole_field	
PRJEB19808	SAMEA103675168	collection_date		2015-10-16	whole_field	
PRJEB19808	SAMEA103675918	collection_date		2015-10-16	whole_field	
PRJEB19808	SAMEA103676668	collection_date		2015-10-16	whole_field	
PRJEB19808	SAMEA103677418	collection_date		2015-10-16	whole_field	
PRJEB19808	SAMEA103678168	collection_date		2015-10-16	whole_field	
PRJEB19808	SAMEA103678918	collection_date		2015-10-16	whole_field	
PRJEB19808	SAMEA103679668	collection_date		2015-10-16	whole_field	
PRJEB19808	SAMEA103680418	collection_date		2015-10-16	whole_field	
PRJEB19808	SAMEA103681168	collection_date		2015-10-16	whole_field	
PRJEB19808	SAMEA103681918	collection_date		2015-10-16	whole_field	
PRJEB19808	SAMEA103682668	collection_date		2015-10-16	whole_field	
PRJEB19808	SAMEA103683418	collection_date		2015-10-16	whole_field	
PRJEB19808	SAMEA103684168	collection_date		2015-10-16	whole_field	
PRJEB19808	SAMEA103684918	collection_date		2015-10-16	whole_field	
PRJEB19808	SAMEA103685668	collection_date		2015-10-16	whole_field	
PRJEB19808	SAMEA103686418	collection_date		2015-10-16	whole_field	
PRJEB19808	SAMEA103687168	collection_date		2015-10-16	whole_field	
PRJEB19808	SAMEA103687918	collection_date		2015-10-16	whole_field	
PRJEB19808	SAMEA103688668	collection_date		2015-10-16	whole_field	
PRJEB19808	SAMEA103689418	collection_date		2015-10-16	whole_field	
PRJEB20875	SAMEA104090554	collection_date		2016-09-30	whole_field	
PRJEB20875	SAMEA104090555	collection_date		2016-09-30	whole_field	
PRJEB20875	SAMEA104090556	collection_date		2016-09-30	whole_field	
PRJEB20875	SAMEA104090557	collection_date		2016-09-30	whole_field	
PRJEB20875	SAMEA104090558	collection_date		2016-09-30	whole_field	
PRJEB20875	SAMEA104090559	collection_date		2016-09-30	whole_field	
PRJEB20875	SAMEA104090560	collection_date		2016-09-30	whole_field	
PRJEB20875	SAMEA104090561	collection_date		2016-09-30	whole_field	
PRJEB20875	SAMEA104090562	collection_date		2016-09-30	whole_field	
PRJEB20875	SAMEA104090563	collection_date		2016-09-30	whole_field	
PRJEB20875	SAMEA104090564	collection_date		2016-09-30	whole_field	
PRJEB20875	SAMEA104090565	collection_date		2016-09-30	whole_field	
PRJEB20875	SAMEA104090568	collection_date		2016-09-30	whole_field	
PRJEB20875	SAMEA104090569	collection_date		2016-09-30	whole_field	
PRJEB20875	SAMEA104090570	collection_date		2016-09-30	whole_field	
PRJEB20875	SAMEA104090571	collection_date		2016-09-30	whole_field	
PRJEB20875	SAMEA104090572	collection_date		2016-09-30	whole_field	
PRJEB20875	SAMEA104090573	collection_date		2016-09-30	whole_field	
PRJEB20875	SAMEA104090574	collection_date		2016-09-30	whole_field	
PRJEB20875	SAMEA104090575	collection_date		2016-09-30	whole_field	
PRJEB20875	SAMEA104090576	collection_date		2016-09-30	whole_field	
PRJEB20875	SAMEA104090577	collection_date		2016-09-30	whole_field	
PRJEB20875	SAMEA104090578	collection_date		2016-09-30	whole_field	
PRJEB20875	SAMEA104090579	collection_date		2016-09-30	whole_field	
PRJEB20875	SAMEA104090580	collection_date		2016-09-30	whole_field	
PRJEB20875	SAMEA104090581	collection_date		2016-09-30	whole_field	
PRJEB20875	SAMEA104090584	collection_date		2016-09-30	whole_field	
PRJEB20875	SAMEA104090585	collection_date		2016-09-30	whole_field	
PRJEB20875	SAMEA104090589	collection_date		2016-09-30	whole_field	
PRJEB20875	SAMEA104090590	collection_date		2016-09-30	whole_field	
PRJEB20875	SAMEA104090591	collection_date		2016-09-30	whole_field	
PRJEB20875	SAMEA104090594	collection_date		2016-09-30	whole_field	
PRJEB20875	SAMEA104090595	collection_date		2016-09-30	whole_field	
PRJEB20875	SAMEA104090596	collection_date		2016-09-30	whole_field	
PRJEB20875	SAMEA104090598	collection_date		2016-09-30	whole_field	
PRJEB20875	SAMEA104090601	collection_date		2016-09-30	whole_field	
PRJEB20875	SAMEA104090602	collection_date		2016-09-30	whole_field	
PRJEB20875	SAMEA104090604	collection_date		2016-09-30	whole_field	
PRJEB21292	SAMEA104124532	collection_date		2016-01-01	whole_field	
PRJEB21292	SAMEA104124533	collection_date		2016-01-01	whole_field	
PRJEB21292	SAMEA104124534	collection_date		2016-01-01	whole_field	
PRJEB21292	SAMEA104124535	collection_date		2016-01-01	whole_field	
PRJEB21292	SAMEA104124536	collection_date		2016-01-01	whole_field	
PRJEB21292	SAMEA104124537	collection_date		2016-01-01	whole_field	
PRJEB21292	SAMEA104124538	collection_date		2016-01-01	whole_field	
PRJEB21292	SAMEA104124540	collection_date		2016-01-01	whole_field	
PRJEB21292	SAMEA104124541	collection_date		2016-01-01	whole_field	
PRJEB21292	SAMEA104124542	collection_date		2016-01-01	whole_field	
PRJEB21292	SAMEA104124543	collection_date		2016-01-01	whole_field	
PRJEB21292	SAMEA104124544	collection_date		2016-01-01	whole_field	
PRJEB21292	SAMEA104124545	collection_date		2016-01-01	whole_field	
PRJEB21292	SAMEA104124546	collection_date		2016-01-01	whole_field	
PRJEB21292	SAMEA104124547	collection_date		2016-01-01	whole_field	
PRJEB21292	SAMEA104124551	collection_date		2016-01-01	whole_field	
PRJEB21292	SAMEA104124552	collection_date		2016-01-01	whole_field	
PRJEB21292	SAMEA104124555	collection_date		2016-01-01	whole_field	
PRJEB21292	SAMEA104124556	collection_date		2016-01-01	whole_field	
PRJEB21292	SAMEA104124558	collection_date		2016-01-01	whole_field	
PRJEB21292	SAMEA104124560	collection_date		2016-01-01	whole_field	
PRJEB21292	SAMEA104124563	collection_date		2016-01-01	whole_field	
PRJEB21292	SAMEA104124565	collection_date		2016-01-01	whole_field	
PRJEB21292	SAMEA104124566	collection_date		2016-01-01	whole_field	
PRJEB21292	SAMEA104124567	collection_date		2016-01-01	whole_field	
PRJEB21292	SAMEA104124568	collection_date		2016-01-01	whole_field	
PRJEB21292	SAMEA104124569	collection_date		2016-01-01	whole_field	
PRJEB21292	SAMEA104124570	collection_date		2016-01-01	whole_field	
PRJEB21292	SAMEA104124571	collection_date		2016-01-01	whole_field	
PRJEB21292	SAMEA104124572	collection_date		2016-01-01	whole_field	
PRJEB21292	SAMEA104124573	collection_date		2016-01-01	whole_field	
PRJEB21292	SAMEA104124574	collection_date		2016-01-01	whole_field	
PRJEB21292	SAMEA104124575	collection_date		2016-01-01	whole_field	
PRJEB6688	SAMEA2633703	collection_date		2008-01-01	whole_field	
PRJEB6688	SAMEA2633704	collection_date		2008-01-01	whole_field	
PRJEB6688	SAMEA2633705	collection_date		2008-01-01	whole_field	
PRJEB6688	SAMEA2633706	collection_date		2008-01-01	whole_field	
PRJEB6688	SAMEA2633707	collection_date		2008-01-01	whole_field	
PRJEB6688	SAMEA2633709	collection_date		2008-01-01	whole_field	
PRJEB6688	SAMEA2633710	collection_date		2008-01-01	whole_field	
PRJEB6688	SAMEA2633711	collection_date		2008-01-01	whole_field	
PRJEB6688	SAMEA2633712	collection_date		2008-01-01	whole_field	
PRJEB6688	SAMEA2633713	collection_date		2008-01-01	whole_field	
PRJEB6688	SAMEA2633714	collection_date		2008-01-01	whole_field	
PRJEB6688	SAMEA2633715	collection_date		2008-01-01	whole_field	
PRJEB6688	SAMEA2633716	collection_date		2008-01-01	whole_field	
PRJEB6688	SAMEA2633717	collection_date		2008-01-01	whole_field	
PRJEB6688	SAMEA2633718	collection_date		2008-01-01	whole_field	
PRJEB6688	SAMEA2633719	collection_date		2008-01-01	whole_field	
PRJEB6688	SAMEA2633720	collection_date		2008-01-01	whole_field	
PRJEB6688	SAMEA2633721	collection_date		2008-01-01	whole_field	
PRJEB6688	SAMEA2633722	collection_date		2008-01-01	whole_field	
PRJEB6688	SAMEA2633723	collection_date		2008-01-01	whole_field	
PRJEB6688	SAMEA2633724	collection_date		2008-01-01	whole_field	
PRJEB6688	SAMEA2633725	collection_date		2008-01-01	whole_field	
PRJEB6688	SAMEA2633726	collection_date		2008-01-01	whole_field	
PRJEB6688	SAMEA2633727	collection_date		2008-01-01	whole_field	
PRJEB6688	SAMEA2633728	collection_date		2008-01-01	whole_field	
PRJEB6688	SAMEA2633729	collection_date		2008-01-01	whole_field	
PRJEB6688	SAMEA2637218	collection_date		2008-01-01	whole_field	
PRJEB6688	SAMEA2637220	collection_date		2008-01-01	whole_field	
PRJEB6688	SAMEA2637221	collection_date		2008-01-01	whole_field	
PRJEB6688	SAMEA2637222	collection_date		2008-01-01	whole_field	
PRJEB6688	SAMEA2637223	collection_date		2008-01-01	whole_field	
PRJEB6688	SAMEA2637224	collection_date		2008-01-01	whole_field	
PRJEB6688	SAMEA2637226	collection_date		2008-01-01	whole_field	
PRJEB6688	SAMEA2637227	collection_date		2008-01-01	whole_field	
PRJEB6688	SAMEA2637229	collection_date		2008-01-01	whole_field	
PRJEB6688	SAMEA2637230	collection_date		2008-01-01	whole_field	
PRJEB6688	SAMEA2637231	collection_date		2008-01-01	whole_field	
PRJEB6688	SAMEA2656894	collection_date		2008-01-01	whole_field	
PRJEB8766	SAMEA3303994	collection_date		2015-03-17	whole_field	
PRJEB8766	SAMEA3303996	collection_date		2015-03-17	whole_field	
PRJEB8766	SAMEA3303998	collection_date		2015-03-17	whole_field	
PRJEB8766	SAMEA3303999	collection_date		2015-03-17	whole_field	
PRJEB8766	SAMEA3304000	collection_date		2015-03-17	whole_field	
PRJEB8766	SAMEA3304001	collection_date		2015-03-17	whole_field	
PRJEB8766	SAMEA3304002	collection_date		2015-03-17	whole_field	
PRJEB8766	SAMEA3304004	collection_date		2015-03-17	whole_field	
PRJEB8766	SAMEA3304005	collection_date		2015-03-17	whole_field	
PRJEB8766	SAMEA3304006	collection_date		2015-03-17	whole_field	
PRJEB8766	SAMEA3304007	collection_date		2015-03-17	whole_field	
PRJEB8766	SAMEA3304012	collection_date		2015-03-17	whole_field	
PRJEB8766	SAMEA3304014	collection_date		2015-03-17	whole_field	
PRJEB8766	SAMEA3304015	collection_date		2015-03-17	whole_field	
PRJEB8766	SAMEA3304017	collection_date		2015-03-17	whole_field	
PRJEB8766	SAMEA3304018	collection_date		2015-03-17	whole_field	
PRJEB8766	SAMEA3531568	collection_date		2015-03-17	whole_field	
PRJEB8766	SAMEA3531569	collection_date		2015-03-17	whole_field	
PRJEB8766	SAMEA3531571	collection_date		2015-03-17	whole_field	
PRJNA1092272	SAMN40622531	collection_date	NA	2016-07-05	whole_field	
PRJNA1092272	SAMN40622506	collection_date	NA	2016-07-05	whole_field	
PRJNA1092272	SAMN40622500	collection_date	NA	2016-07-05	whole_field	
PRJNA1092272	SAMN40622505	collection_date	NA	2016-07-05	whole_field	
PRJNA1092272	SAMN40622495	collection_date	NA	2016-07-05	whole_field	
PRJNA1071125	SAMN39672647	collection_date	NA	2020-06-30	whole_field	
PRJNA1092272	SAMN40622510	collection_date	NA	2016-07-05	whole_field	
PRJNA1071125	SAMN39672640	collection_date	NA	2020-06-30	whole_field	
PRJNA1071125	SAMN39672642	collection_date	NA	2020-06-30	whole_field	
PRJNA1071125	SAMN39672633	collection_date	NA	2020-06-30	whole_field	
PRJNA1071125	SAMN39672637	collection_date	NA	2020-06-30	whole_field	
PRJNA1071125	SAMN39672651	collection_date	NA	2020-06-30	whole_field	
PRJNA1092272	SAMN40622492	collection_date	NA	2016-07-05	whole_field	
PRJNA1071125	SAMN39672652	collection_date	NA	2020-06-30	whole_field	
PRJNA1071125	SAMN39672638	collection_date	NA	2020-06-30	whole_field	
PRJNA1092272	SAMN40622494	collection_date	NA	2016-07-05	whole_field	
PRJNA1071125	SAMN39672645	collection_date	NA	2020-06-30	whole_field	
PRJNA1092272	SAMN40622523	collection_date	NA	2016-07-05	whole_field	
PRJNA1092272	SAMN40622497	collection_date	NA	2016-07-05	whole_field	
PRJNA1092272	SAMN40622498	collection_date	NA	2016-07-05	whole_field	
PRJNA1092272	SAMN40622499	collection_date	NA	2016-07-05	whole_field	
PRJNA1071125	SAMN39672658	collection_date	NA	2020-06-30	whole_field	
PRJNA1092272	SAMN40622490	collection_date	NA	2016-07-05	whole_field	
PRJNA1092272	SAMN40622509	collection_date	NA	2016-07-05	whole_field	
PRJNA1071125	SAMN39672632	collection_date	NA	2020-06-30	whole_field	
PRJNA1092272	SAMN40622513	collection_date	NA	2016-07-05	whole_field	
PRJNA1092272	SAMN40622504	collection_date	NA	2016-07-05	whole_field	
PRJNA1092272	SAMN40622530	collection_date	NA	2016-07-05	whole_field	
PRJNA1071125	SAMN39672650	collection_date	NA	2020-06-30	whole_field	
PRJNA1071125	SAMN39672649	collection_date	NA	2020-06-30	whole_field	
PRJNA1092272	SAMN40622525	collection_date	NA	2016-07-05	whole_field	
PRJNA1071125	SAMN39672643	collection_date	NA	2020-06-30	whole_field	
PRJNA1092272	SAMN40622516	collection_date	NA	2016-07-05	whole_field	
PRJNA1092272	SAMN40622528	collection_date	NA	2016-07-05	whole_field	
PRJNA1092272	SAMN40622491	collection_date	NA	2016-07-05	whole_field	
PRJNA1092272	SAMN40622517	collection_date	NA	2016-07-05	whole_field	
PRJNA1092272	SAMN40622514	collection_date	NA	2016-07-05	whole_field	
PRJNA1071125	SAMN39672644	collection_date	NA	2020-06-30	whole_field	
PRJNA1092272	SAMN40622508	collection_date	NA	2016-07-05	whole_field	
PRJNA1092272	SAMN40622526	collection_date	NA	2016-07-05	whole_field	
PRJNA1071125	SAMN39672636	collection_date	NA	2020-06-30	whole_field	
PRJNA1071125	SAMN39672634	collection_date	NA	2020-06-30	whole_field	
PRJNA1092272	SAMN40622501	collection_date	NA	2016-07-05	whole_field	
PRJNA1092272	SAMN40622529	collection_date	NA	2016-07-05	whole_field	
PRJNA1092272	SAMN40622521	collection_date	NA	2016-07-05	whole_field	
PRJNA1092272	SAMN40622519	collection_date	NA	2016-07-05	whole_field	
PRJNA1092272	SAMN40622518	collection_date	NA	2016-07-05	whole_field	
PRJNA1071125	SAMN39672654	collection_date	NA	2020-06-30	whole_field	
PRJNA1092272	SAMN40622524	collection_date	NA	2016-07-05	whole_field	
PRJNA1092272	SAMN40622522	collection_date	NA	2016-07-05	whole_field	
PRJNA1092272	SAMN40622515	collection_date	NA	2016-07-05	whole_field	
PRJNA1071125	SAMN39672646	collection_date	NA	2020-06-30	whole_field	
PRJNA1071125	SAMN39672656	collection_date	NA	2020-06-30	whole_field	
PRJNA1071125	SAMN39672653	collection_date	NA	2020-06-30	whole_field	
PRJNA1071125	SAMN39672648	collection_date	NA	2020-06-30	whole_field	
PRJNA1092272	SAMN40622520	collection_date	NA	2016-07-05	whole_field	
PRJNA1071125	SAMN39672635	collection_date	NA	2020-06-30	whole_field	
PRJNA1092272	SAMN40622502	collection_date	NA	2016-07-05	whole_field	
PRJNA1071125	SAMN39672657	collection_date	NA	2020-06-30	whole_field	
PRJNA1071125	SAMN39672641	collection_date	NA	2020-06-30	whole_field	
PRJNA1092272	SAMN40622527	collection_date	NA	2016-07-05	whole_field	
PRJNA1092272	SAMN40622493	collection_date	NA	2016-07-05	whole_field	
PRJNA1071125	SAMN39672655	collection_date	NA	2020-06-30	whole_field	
PRJNA1092272	SAMN40622507	collection_date	NA	2016-07-05	whole_field	
PRJNA1092272	SAMN40622512	collection_date	NA	2016-07-05	whole_field	
PRJDB11603	SAMD00320757	collection_date		2020-07-30	whole_field	
PRJDB11603	SAMD00320777	collection_date		2020-07-30	whole_field	
PRJDB11603	SAMD00320782	collection_date		2020-07-30	whole_field	
PRJDB11603	SAMD00320785	collection_date		2020-07-30	whole_field	
PRJDB11603	SAMD00320786	collection_date		2020-07-30	whole_field	
PRJDB11603	SAMD00320787	collection_date		2020-07-30	whole_field	
PRJDB11603	SAMD00320792	collection_date		2020-07-30	whole_field	
PRJDB11603	SAMD00320798	collection_date		2020-07-30	whole_field	
PRJDB11603	SAMD00320821	collection_date		2020-07-30	whole_field	
PRJDB11603	SAMD00320838	collection_date		2020-07-30	whole_field	
PRJDB11603	SAMD00320842	collection_date		2020-07-30	whole_field	
PRJDB11603	SAMD00320865	collection_date		2020-07-30	whole_field	
PRJDB11603	SAMD00320867	collection_date		2020-07-30	whole_field	
PRJDB11603	SAMD00320872	collection_date		2020-07-30	whole_field	
PRJDB11603	SAMD00320875	collection_date		2020-07-30	whole_field	
PRJDB11603	SAMD00320888	collection_date		2020-07-30	whole_field	
PRJDB11603	SAMD00320894	collection_date		2020-07-30	whole_field	
PRJDB11603	SAMD00320899	collection_date		2020-07-30	whole_field	
PRJDB11603	SAMD00320921	collection_date		2020-07-30	whole_field	
PRJDB11603	SAMD00320942	collection_date		2020-07-30	whole_field	
PRJDB11603	SAMD00320943	collection_date		2020-07-30	whole_field	
PRJDB11603	SAMD00320945	collection_date		2020-07-30	whole_field	
PRJDB11603	SAMD00320947	collection_date		2020-07-30	whole_field	
PRJDB11603	SAMD00320960	collection_date		2020-07-30	whole_field	
PRJDB11603	SAMD00320964	collection_date		2020-07-30	whole_field	
PRJDB11603	SAMD00320977	collection_date		2020-07-30	whole_field	
PRJDB11603	SAMD00321050	collection_date		2020-07-30	whole_field	
PRJDB11603	SAMD00321076	collection_date		2020-07-30	whole_field	
PRJEB21015	SAMEA5145260	collection_date		2016-12-31	whole_field	
PRJEB21015	SAMEA5185637	collection_date		2016-12-31	whole_field	
PRJEB21015	SAMEA5185641	collection_date		2016-12-31	whole_field	
PRJEB21015	SAMEA5419109	collection_date		2016-12-31	whole_field	
PRJEB21015	SAMEA5419114	collection_date		2016-12-31	whole_field	
PRJEB21015	SAMEA5419116	collection_date		2016-12-31	whole_field	
PRJEB21015	SAMEA5419134	collection_date		2016-12-31	whole_field	
PRJEB21015	SAMEA5419143	collection_date		2016-12-31	whole_field	
PRJEB21015	SAMEA5419196	collection_date		2016-12-31	whole_field	
PRJEB32657	SAMEA5694332	collection_date		2019-06-03	whole_field	
PRJEB32657	SAMEA5694335	collection_date		2019-06-03	whole_field	
PRJEB32657	SAMEA5694393	collection_date		2019-06-03	whole_field	
PRJEB32657	SAMEA5694395	collection_date		2019-06-03	whole_field	
PRJEB32657	SAMEA5694397	collection_date		2019-06-03	whole_field	
PRJEB32657	SAMEA5694398	collection_date		2019-06-03	whole_field	
PRJEB32657	SAMEA5694399	collection_date		2019-06-03	whole_field	
PRJEB32657	SAMEA5694401	collection_date		2019-06-03	whole_field	
PRJEB32657	SAMEA5694430	collection_date		2019-06-03	whole_field	
PRJEB32657	SAMEA5694438	collection_date		2019-06-03	whole_field	
PRJEB32657	SAMEA5694444	collection_date		2019-06-03	whole_field	
PRJEB32657	SAMEA5694445	collection_date		2019-06-03	whole_field	
PRJEB32657	SAMEA5694450	collection_date		2019-06-03	whole_field	
PRJEB32657	SAMEA5694451	collection_date		2019-06-03	whole_field	
PRJEB32657	SAMEA5694452	collection_date		2019-06-03	whole_field	
PRJEB32657	SAMEA5694453	collection_date		2019-06-03	whole_field	
PRJEB32657	SAMEA5694454	collection_date		2019-06-03	whole_field	
PRJEB32657	SAMEA5694464	collection_date		2019-06-03	whole_field	
PRJEB32657	SAMEA5694467	collection_date		2019-06-03	whole_field	
PRJEB32657	SAMEA5694477	collection_date		2019-06-03	whole_field	
PRJEB21015	SAMEA5882366	collection_date		2016-12-31	whole_field	
PRJEB21015	SAMEA6099624	collection_date		2016-12-31	whole_field	
PRJEB21015	SAMEA6099628	collection_date		2016-12-31	whole_field	
PRJEB21015	SAMEA6099629	collection_date		2016-12-31	whole_field	
PRJEB21015	SAMEA6099635	collection_date		2016-12-31	whole_field	
PRJEB21015	SAMEA6099636	collection_date		2016-12-31	whole_field	
PRJEB34793	SAMEA6372284	collection_date		2013-12-15	whole_field	
PRJEB34793	SAMEA6372287	collection_date		2013-12-15	whole_field	
PRJEB34793	SAMEA6372302	collection_date		2013-12-15	whole_field	
PRJEB34793	SAMEA6372303	collection_date		2013-12-15	whole_field	
PRJEB34793	SAMEA6372304	collection_date		2013-12-15	whole_field	
PRJEB34793	SAMEA6372305	collection_date		2013-12-15	whole_field	
PRJEB34793	SAMEA6372306	collection_date		2013-12-15	whole_field	
PRJEB34793	SAMEA6372307	collection_date		2013-12-15	whole_field	
PRJEB34793	SAMEA6372308	collection_date		2013-12-15	whole_field	
PRJEB34793	SAMEA6372309	collection_date		2013-12-15	whole_field	
PRJEB34793	SAMEA6372310	collection_date		2013-12-15	whole_field	
PRJEB34793	SAMEA6372311	collection_date		2013-12-15	whole_field	
PRJEB34793	SAMEA6372312	collection_date		2013-12-15	whole_field	
PRJEB34793	SAMEA6372313	collection_date		2013-12-15	whole_field	
PRJEB34793	SAMEA6372314	collection_date		2013-12-15	whole_field	
PRJEB34793	SAMEA6372315	collection_date		2013-12-15	whole_field	
PRJEB34793	SAMEA6372316	collection_date		2013-12-15	whole_field	
PRJEB34793	SAMEA6372317	collection_date		2013-12-15	whole_field	
PRJEB34793	SAMEA6372318	collection_date		2013-12-15	whole_field	
PRJEB34793	SAMEA6372319	collection_date		2013-12-15	whole_field	
PRJEB34793	SAMEA6372320	collection_date		2013-12-15	whole_field	
PRJEB34793	SAMEA6372321	collection_date		2013-12-15	whole_field	
PRJEB34793	SAMEA6372322	collection_date		2013-12-15	whole_field	
PRJEB34793	SAMEA6372323	collection_date		2013-12-15	whole_field	
PRJEB34793	SAMEA6372324	collection_date		2013-12-15	whole_field	
PRJEB34793	SAMEA6372325	collection_date		2013-12-15	whole_field	
PRJEB34793	SAMEA6372326	collection_date		2013-12-15	whole_field	
PRJEB34793	SAMEA6372327	collection_date		2013-12-15	whole_field	
PRJEB34793	SAMEA6372328	collection_date		2013-12-15	whole_field	
PRJEB34793	SAMEA6372329	collection_date		2013-12-15	whole_field	
PRJEB34793	SAMEA6372330	collection_date		2013-12-15	whole_field	
PRJEB34793	SAMEA6372331	collection_date		2013-12-15	whole_field	
PRJEB34793	SAMEA6372332	collection_date		2013-12-15	whole_field	
PRJEB34793	SAMEA6372333	collection_date		2013-12-15	whole_field	
PRJEB34793	SAMEA6372334	collection_date		2013-12-15	whole_field	
PRJEB34793	SAMEA6372335	collection_date		2013-12-15	whole_field	
PRJEB34793	SAMEA6372336	collection_date		2013-12-15	whole_field	
PRJEB34793	SAMEA6372337	collection_date		2013-12-15	whole_field	
PRJEB34793	SAMEA6372338	collection_date		2013-12-15	whole_field	
PRJEB34793	SAMEA6372339	collection_date		2013-12-15	whole_field	
PRJEB34793	SAMEA6372340	collection_date		2013-12-15	whole_field	
PRJEB34793	SAMEA6372341	collection_date		2013-12-15	whole_field	
PRJEB34793	SAMEA6372342	collection_date		2013-12-15	whole_field	
PRJEB34793	SAMEA6372343	collection_date		2013-12-15	whole_field	
PRJEB34793	SAMEA6372344	collection_date		2013-12-15	whole_field	
PRJEB34793	SAMEA6372345	collection_date		2013-12-15	whole_field	
PRJEB34793	SAMEA6372346	collection_date		2013-12-15	whole_field	
PRJEB34793	SAMEA6372347	collection_date		2013-12-15	whole_field	
PRJEB34793	SAMEA6372348	collection_date		2013-12-15	whole_field	
PRJEB21015	SAMEA6511031	collection_date		2016-12-31	whole_field	
PRJEB21015	SAMEA6511050	collection_date		2016-12-31	whole_field	
PRJEB32657	SAMEA9435989	collection_date		2019-06-03	whole_field	
PRJEB32657	SAMEA9435991	collection_date		2019-06-03	whole_field	
PRJEB32657	SAMEA9436147	collection_date		2019-06-03	whole_field	
PRJEB32657	SAMEA9436151	collection_date		2019-06-03	whole_field	
PRJEB32657	SAMEA9436160	collection_date		2019-06-03	whole_field	
PRJEB32657	SAMEA9436164	collection_date		2019-06-03	whole_field	
PRJEB32657	SAMEA9436541	collection_date		2019-06-03	whole_field	
PRJNA1071125	SAMN39672639	collection_date		2020-06-30	whole_field	
PRJNA1092272	SAMN40622496	collection_date		2016-07-05	whole_field	
PRJNA1092272	SAMN40622503	collection_date		2016-07-05	whole_field	
PRJNA1092272	SAMN40622511	collection_date		2016-07-05	whole_field	
PRJDB6565	SAMD00108714	isolation_source		rectal swab	whole_field	
PRJDB6565	SAMD00108716	isolation_source		rectal swab	whole_field	
PRJDB6565	SAMD00108717	isolation_source		rectal swab	whole_field	
PRJDB6565	SAMD00108720	isolation_source		rectal swab	whole_field	
PRJDB6565	SAMD00108730	isolation_source		rectal swab	whole_field	
PRJDB6565	SAMD00108731	isolation_source		rectal swab	whole_field	
PRJDB6565	SAMD00108737	isolation_source		rectal swab	whole_field	
PRJDB6565	SAMD00108742	isolation_source		rectal swab	whole_field	
PRJDB6565	SAMD00108750	isolation_source		rectal swab	whole_field	
PRJDB6565	SAMD00108711	isolation_source		rectal swab	whole_field	
PRJDB6565	SAMD00108722	isolation_source		rectal swab	whole_field	
PRJDB6565	SAMD00108740	isolation_source		rectal swab	whole_field	
PRJDB6565	SAMD00108745	isolation_source		rectal swab	whole_field	
PRJDB6565	SAMD00108751	isolation_source		rectal swab	whole_field	
PRJDB6565	SAMD00108753	isolation_source		rectal swab	whole_field	
PRJDB6565	SAMD00108713	isolation_source		rectal swab	whole_field	
PRJDB6565	SAMD00108721	isolation_source		rectal swab	whole_field	
PRJDB6565	SAMD00108723	isolation_source		rectal swab	whole_field	
PRJDB6565	SAMD00108724	isolation_source		rectal swab	whole_field	
PRJDB6565	SAMD00108727	isolation_source		rectal swab	whole_field	
PRJDB6565	SAMD00108736	isolation_source		rectal swab	whole_field	
PRJDB6565	SAMD00108738	isolation_source		rectal swab	whole_field	
PRJDB6565	SAMD00108739	isolation_source		rectal swab	whole_field	
PRJDB6565	SAMD00108748	isolation_source		rectal swab	whole_field	
PRJDB6565	SAMD00108758	isolation_source		rectal swab	whole_field	
PRJDB6565	SAMD00172645	isolation_source		rectal swab	whole_field	
PRJDB6565	SAMD00186849	isolation_source		rectal swab	whole_field	
PRJDB6565	SAMD00186859	isolation_source		rectal swab	whole_field	
PRJDB6565	SAMD00186869	isolation_source		rectal swab	whole_field	
PRJDB6565	SAMD00186888	isolation_source		rectal swab	whole_field	
PRJDB6565	SAMD00108741	isolation_source		rectal swab	whole_field	
PRJDB6565	SAMD00108744	isolation_source		rectal swab	whole_field	
PRJDB9036	SAMD00195887	isolation_source		hospital sewage	whole_field	
PRJDB9036	SAMD00195986	isolation_source		hospital sewage	whole_field	
PRJDB6565	SAMD00186857	isolation_source		rectal swab	whole_field	
PRJDB6565	SAMD00186856	isolation_source		rectal swab	whole_field	
PRJDB6565	SAMD00186858	isolation_source		rectal swab	whole_field	
PRJDB6565	SAMD00186862	isolation_source		rectal swab	whole_field	
PRJDB6565	SAMD00186863	isolation_source		rectal swab	whole_field	
PRJDB6565	SAMD00186864	isolation_source		rectal swab	whole_field	
PRJDB6565	SAMD00186865	isolation_source		rectal swab	whole_field	
PRJDB9036	SAMD00195882	isolation_source		hospital sewage	whole_field	
PRJDB9036	SAMD00196015	isolation_source		hospital sewage	whole_field	
PRJDB9036	SAMD00196016	isolation_source		hospital sewage	whole_field	
PRJDB9036	SAMD00195879	isolation_source		hospital sewage	whole_field	
PRJDB9036	SAMD00195884	isolation_source		hospital sewage	whole_field	
PRJDB9036	SAMD00195889	isolation_source		hospital sewage	whole_field	
PRJDB9036	SAMD00195904	isolation_source		hospital sewage	whole_field	
PRJDB9036	SAMD00196002	isolation_source		hospital sewage	whole_field	
PRJDB9036	SAMD00196009	isolation_source		hospital sewage	whole_field	
PRJDB6565	SAMD00254100	isolation_source		rectal swab	whole_field	
PRJDB6565	SAMD00254102	isolation_source		rectal swab	whole_field	
PRJDB6565	SAMD00254105	isolation_source		rectal swab	whole_field	
PRJDB6565	SAMD00254101	isolation_source		rectal swab	whole_field	
PRJDB9036	SAMD00492895	isolation_source		hospital sewage	whole_field	
PRJEB21015	SAMEA5882344	isolation_source		faeces	whole_field	
PRJEB21015	SAMEA6099618	isolation_source		faeces	whole_field	
PRJEB21015	SAMEA5882337	isolation_source		faeces	whole_field	
PRJEB21015	SAMEA5882341	isolation_source		faeces	whole_field	
PRJEB21015	SAMEA5882345	isolation_source		faeces	whole_field	
PRJEB21015	SAMEA6099615	isolation_source		faeces	whole_field	
PRJEB21015	SAMEA6099620	isolation_source		faeces	whole_field	
PRJEB21015	SAMEA6099622	isolation_source		faeces	whole_field	
PRJEB21015	SAMEA6099641	isolation_source		faeces	whole_field	
PRJEB21015	SAMEA6099617	isolation_source		faeces	whole_field	
PRJEB21015	SAMEA6099621	isolation_source		faeces	whole_field	
PRJEB21015	SAMEA6099646	isolation_source		faeces	whole_field	
PRJEB21015	SAMEA6099647	isolation_source		faeces	whole_field	
PRJEB21015	SAMEA6099650	isolation_source		faeces	whole_field	
PRJEB21015	SAMEA5882338	isolation_source		faeces	whole_field	
PRJEB21015	SAMEA5882340	isolation_source		faeces	whole_field	
PRJEB21015	SAMEA6099626	isolation_source		faeces	whole_field	
PRJEB21015	SAMEA6099613	isolation_source		faeces	whole_field	
PRJEB21015	SAMEA6099648	isolation_source		faeces	whole_field	
PRJNA646592	SAMN15547542	isolation_source		faeces	whole_field	
PRJNA646592	SAMN15547533	isolation_source		faeces	whole_field	
PRJNA646592	SAMN15547538	isolation_source		faeces	whole_field	
PRJNA646592	SAMN15547569	isolation_source		faeces	whole_field	
PRJNA646592	SAMN15547567	isolation_source		faeces	whole_field	
PRJNA646592	SAMN15547565	isolation_source		faeces	whole_field	
PRJNA646592	SAMN15547564	isolation_source		faeces	whole_field	
PRJNA646592	SAMN15547536	isolation_source		faeces	whole_field	
PRJNA646592	SAMN15547562	isolation_source		faeces	whole_field	
PRJNA646592	SAMN15547561	isolation_source		faeces	whole_field	
PRJNA646592	SAMN15547560	isolation_source		faeces	whole_field	
PRJNA646592	SAMN15547559	isolation_source		faeces	whole_field	
PRJNA646592	SAMN15547556	isolation_source		faeces	whole_field	
PRJNA646592	SAMN15547555	isolation_source		faeces	whole_field	
PRJNA646592	SAMN15547535	isolation_source		faeces	whole_field	
PRJNA646592	SAMN15547540	isolation_source		faeces	whole_field	
PRJNA646592	SAMN15547544	isolation_source		faeces	whole_field	
PRJNA646592	SAMN15547571	isolation_source		faeces	whole_field	
PRJNA646592	SAMN15547570	isolation_source		faeces	whole_field	
PRJNA646592	SAMN15547568	isolation_source		faeces	whole_field	
PRJNA646592	SAMN15547563	isolation_source		faeces	whole_field	
PRJNA646592	SAMN15547552	isolation_source		faeces	whole_field	
PRJNA646592	SAMN15547546	isolation_source		faeces	whole_field	
PRJNA646592	SAMN15547541	isolation_source		faeces	whole_field	
PRJNA646592	SAMN15547543	isolation_source		faeces	whole_field	
PRJNA646592	SAMN15547534	isolation_source		faeces	whole_field	
PRJNA646592	SAMN15547539	isolation_source		faeces	whole_field	
PRJNA646592	SAMN15547537	isolation_source		faeces	whole_field	
PRJNA646592	SAMN15547566	isolation_source		faeces	whole_field	
PRJNA646592	SAMN15547558	isolation_source		faeces	whole_field	
PRJNA646592	SAMN15547557	isolation_source		faeces	whole_field	
PRJNA646592	SAMN15547554	isolation_source		faeces	whole_field	
PRJNA646592	SAMN15547553	isolation_source		faeces	whole_field	
PRJNA646592	SAMN15547551	isolation_source		faeces	whole_field	
PRJNA646592	SAMN15547550	isolation_source		faeces	whole_field	
PRJNA646592	SAMN15547549	isolation_source		faeces	whole_field	
PRJNA646592	SAMN15547548	isolation_source		faeces	whole_field	
PRJNA646592	SAMN15547547	isolation_source		faeces	whole_field	
PRJNA646592	SAMN15547545	isolation_source		faeces	whole_field	
PRJEB21015	SAMEA5882336	isolation_source		faeces	whole_field	
PRJEB21015	SAMEA5882342	isolation_source		faeces	whole_field	
PRJEB21015	SAMEA6099619	isolation_source		faeces	whole_field	
PRJEB21015	SAMEA6099644	isolation_source		faeces	whole_field	
PRJEB21015	SAMEA6099614	isolation_source		faeces	whole_field	
PRJEB21015	SAMEA6099645	isolation_source		faeces	whole_field	
PRJEB21015	SAMEA6099649	isolation_source		faeces	whole_field	
PRJNA925315	SAMN32923603	isolation_source		hospital sink drain (drain biofilm and waste trap water)	whole_field	
PRJNA925315	SAMN32923635	isolation_source		hospital sink drain (drain biofilm and waste trap water)	whole_field	
PRJNA925315	SAMN32923628	isolation_source		hospital sink drain (drain biofilm and waste trap water)	whole_field	
PRJNA925315	SAMN32923621	isolation_source		hospital sink drain (drain biofilm and waste trap water)	whole_field	
PRJNA925315	SAMN32923615	isolation_source		hospital sink drain (drain biofilm and waste trap water)	whole_field	
PRJNA925315	SAMN32923569	isolation_source		hospital sink drain (drain biofilm and waste trap water)	whole_field	
PRJNA925315	SAMN32923568	isolation_source		hospital sink drain (drain biofilm and waste trap water)	whole_field	
PRJNA925315	SAMN32923564	isolation_source		hospital sink drain (drain biofilm and waste trap water)	whole_field	
PRJNA925315	SAMN32923553	isolation_source		hospital sink drain (drain biofilm and waste trap water)	whole_field	
PRJNA925315	SAMN32923599	isolation_source		hospital sink drain (drain biofilm and waste trap water)	whole_field	
PRJNA925315	SAMN32923597	isolation_source		hospital sink drain (drain biofilm and waste trap water)	whole_field	
PRJNA925315	SAMN32923596	isolation_source		hospital sink drain (drain biofilm and waste trap water)	whole_field	
PRJNA925315	SAMN32923595	isolation_source		hospital sink drain (drain biofilm and waste trap water)	whole_field	
PRJNA925315	SAMN32923594	isolation_source		hospital sink drain (drain biofilm and waste trap water)	whole_field	
PRJNA925315	SAMN32923513	isolation_source		hospital sink drain (drain biofilm and waste trap water)	whole_field	
PRJNA925315	SAMN32923533	isolation_source		hospital sink drain (drain biofilm and waste trap water)	whole_field	
PRJNA925315	SAMN32923532	isolation_source		hospital sink drain (drain biofilm and waste trap water)	whole_field	
PRJNA925315	SAMN32923626	isolation_source		hospital sink drain (drain biofilm and waste trap water)	whole_field	
PRJNA925315	SAMN32923618	isolation_source		hospital sink drain (drain biofilm and waste trap water)	whole_field	
PRJNA925315	SAMN32923614	isolation_source		hospital sink drain (drain biofilm and waste trap water)	whole_field	
PRJNA925315	SAMN32923574	isolation_source		hospital sink drain (drain biofilm and waste trap water)	whole_field	
PRJNA925315	SAMN32923586	isolation_source		hospital sink drain (drain biofilm and waste trap water)	whole_field	
PRJNA925315	SAMN32923585	isolation_source		hospital sink drain (drain biofilm and waste trap water)	whole_field	
PRJNA925315	SAMN32923538	isolation_source		hospital sink drain (drain biofilm and waste trap water)	whole_field	
PRJNA925315	SAMN32923522	isolation_source		hospital sink drain (drain biofilm and waste trap water)	whole_field	
PRJNA925315	SAMN32923630	isolation_source		hospital sink drain (drain biofilm and waste trap water)	whole_field	
PRJNA925315	SAMN32923629	isolation_source		hospital sink drain (drain biofilm and waste trap water)	whole_field	
PRJNA925315	SAMN32923572	isolation_source		hospital sink drain (drain biofilm and waste trap water)	whole_field	
PRJNA925315	SAMN32923563	isolation_source		hospital sink drain (drain biofilm and waste trap water)	whole_field	
PRJEB21015	SAMEA5882343	isolation_source		faeces	whole_field	
PRJEB21015	SAMEA5882339	isolation_source		faeces	whole_field	
PRJEB21015	SAMEA6099643	isolation_source		faeces	whole_field	
PRJEB21015	SAMEA6099623	isolation_source		faeces	whole_field	
PRJDB6565	SAMD00112597	isolation_source		rectal swab	whole_field	
PRJEB25080	SAMEA104605871	isolation_source		bean sprouts	whole_field	
PRJEB25080	SAMEA104605872	isolation_source		bean sprouts	whole_field	
PRJEB25080	SAMEA104605873	isolation_source		bean sprouts	whole_field	
PRJEB25080	SAMEA104605874	isolation_source		bean sprouts	whole_field	
PRJEB25080	SAMEA104605875	isolation_source		bean sprouts	whole_field	
PRJEB25080	SAMEA104605876	isolation_source		bean sprouts	whole_field	
PRJEB25080	SAMEA104605877	isolation_source		bean sprouts	whole_field	
PRJEB25080	SAMEA104605878	isolation_source		bean sprouts	whole_field	
PRJEB25080	SAMEA104605879	isolation_source		bean sprouts	whole_field	
PRJEB25080	SAMEA104605880	isolation_source		bean sprouts	whole_field	
PRJEB25080	SAMEA104605881	isolation_source		bean sprouts	whole_field	
PRJEB25080	SAMEA104605882	isolation_source		bean sprouts	whole_field	
PRJEB25080	SAMEA104605883	isolation_source		bean sprouts	whole_field	
PRJEB25080	SAMEA104605884	isolation_source		bean sprouts	whole_field	
PRJEB25080	SAMEA104605885	isolation_source		bean sprouts	whole_field	
PRJEB25080	SAMEA104605886	isolation_source		bean sprouts	whole_field	
PRJEB25080	SAMEA104605887	isolation_source		bean sprouts	whole_field	
PRJEB25080	SAMEA104605888	isolation_source		bean sprouts	whole_field	
PRJEB25080	SAMEA104605889	isolation_source		bean sprouts	whole_field	
PRJEB25080	SAMEA104605890	isolation_source		bean sprouts	whole_field	
PRJEB25080	SAMEA104605891	isolation_source		bean sprouts	whole_field	
PRJEB25080	SAMEA104605892	isolation_source		bean sprouts	whole_field	
PRJEB25080	SAMEA104605893	isolation_source		bean sprouts	whole_field	
PRJEB25080	SAMEA104605894	isolation_source		bean sprouts	whole_field	
PRJEB25080	SAMEA104605895	isolation_source		bean sprouts	whole_field	
PRJEB25080	SAMEA104605896	isolation_source		bean sprouts	whole_field	
PRJEB25080	SAMEA104605897	isolation_source		bean sprouts	whole_field	
PRJEB25080	SAMEA104605898	isolation_source		bean sprouts	whole_field	
PRJEB25080	SAMEA104605899	isolation_source		bean sprouts	whole_field	
PRJEB25080	SAMEA104605900	isolation_source		bean sprouts	whole_field	
PRJEB25080	SAMEA104605901	isolation_source		bean sprouts	whole_field	
PRJEB25080	SAMEA104605902	isolation_source		bean sprouts	whole_field	
PRJEB25080	SAMEA104605903	isolation_source		bean sprouts	whole_field	
PRJEB25080	SAMEA104605904	isolation_source		bean sprouts	whole_field	
PRJNA984451	SAMN35769049	isolation_source	missing	faeces	whole_field	
PRJEB64775	SAMEA114236666	isolation_source		wastewater	whole_field	
PRJNA984451	SAMN35769006	isolation_source	missing	faeces	whole_field	
PRJNA984451	SAMN35768967	isolation_source	missing	faeces	whole_field	
PRJEB64775	SAMEA114236677	isolation_source		wastewater	whole_field	
PRJEB64775	SAMEA114236679	isolation_source		wastewater	whole_field	
PRJNA984451	SAMN35769059	isolation_source	missing	faeces	whole_field	
PRJEB64775	SAMEA114236671	isolation_source		wastewater	whole_field	
PRJNA984451	SAMN35768961	isolation_source	missing	faeces	whole_field	
PRJNA984451	SAMN35769077	isolation_source	missing	faeces	whole_field	
PRJEB64775	SAMEA114236680	isolation_source		wastewater	whole_field	
PRJEB64775	SAMEA114236669	isolation_source		wastewater	whole_field	
PRJNA984451	SAMN35768942	isolation_source	missing	faeces	whole_field	
PRJEB64775	SAMEA114236659	isolation_source		wastewater	whole_field	
PRJNA984451	SAMN35768993	isolation_source	missing	faeces	whole_field	
PRJNA984451	SAMN35769061	isolation_source	missing	faeces	whole_field	
PRJNA984451	SAMN35768992	isolation_source	missing	faeces	whole_field	
PRJNA984451	SAMN35768971	isolation_source	missing	faeces	whole_field	
PRJEB64775	SAMEA114236682	isolation_source		wastewater	whole_field	
PRJEB64775	SAMEA114236661	isolation_source		wastewater	whole_field	
PRJEB64775	SAMEA114236664	isolation_source		wastewater	whole_field	
PRJEB64775	SAMEA114236683	isolation_source		wastewater	whole_field	
PRJEB64775	SAMEA114236665	isolation_source		wastewater	whole_field	
PRJEB64775	SAMEA114236662	isolation_source		wastewater	whole_field	
PRJEB64775	SAMEA114236675	isolation_source		wastewater	whole_field	
PRJNA984451	SAMN35768944	isolation_source	missing	faeces	whole_field	
PRJEB64775	SAMEA114236674	isolation_source		wastewater	whole_field	
PRJNA984451	SAMN35768978	isolation_source	missing	faeces	whole_field	
PRJEB64775	SAMEA114236663	isolation_source		wastewater	whole_field	
PRJNA984451	SAMN35769060	isolation_source	missing	faeces	whole_field	
PRJEB64775	SAMEA114236670	isolation_source		wastewater	whole_field	
PRJNA984451	SAMN35768966	isolation_source	missing	faeces	whole_field	
PRJNA984451	SAMN35769087	isolation_source	missing	faeces	whole_field	
PRJNA984451	SAMN35768965	isolation_source	missing	faeces	whole_field	
PRJNA984451	SAMN35768968	isolation_source	missing	faeces	whole_field	
PRJNA984451	SAMN35769000	isolation_source	missing	faeces	whole_field	
PRJNA984451	SAMN35769078	isolation_source	missing	faeces	whole_field	
PRJEB64775	SAMEA114236681	isolation_source		wastewater	whole_field	
PRJEB64775	SAMEA114236678	isolation_source		wastewater	whole_field	
PRJNA984451	SAMN35769014	isolation_source	missing	faeces	whole_field	
PRJEB64775	SAMEA114236676	isolation_source		wastewater	whole_field	
PRJNA984451	SAMN35768975	isolation_source	missing	faeces	whole_field	
PRJEB64775	SAMEA114236672	isolation_source		wastewater	whole_field	
PRJNA984451	SAMN35768969	isolation_source	missing	faeces	whole_field	
PRJEB64775	SAMEA114236667	isolation_source		wastewater	whole_field	
PRJEB64775	SAMEA114236660	isolation_source		wastewater	whole_field	
PRJNA984451	SAMN35769005	isolation_source	missing	faeces	whole_field	
PRJEB64775	SAMEA114236673	isolation_source		wastewater	whole_field	
PRJEB64775	SAMEA114236668	isolation_source		wastewater	whole_field	
PRJNA984451	SAMN35768977	isolation_source	missing	faeces	whole_field	
PRJNA984451	SAMN35768955	isolation_source	missing	faeces	whole_field	
PRJNA984451	SAMN35769079	isolation_source	missing	faeces	whole_field	
PRJNA984451	SAMN35769001	isolation_source	missing	faeces	whole_field	
PRJDB9036	SAMD00195896	isolation_source		hospital sewage	whole_field	
PRJDB9036	SAMD00492892	isolation_source		hospital sewage	whole_field	
PRJDB9036	SAMD00492898	isolation_source		hospital sewage	whole_field	
PRJDB9036	SAMD00492899	isolation_source		hospital sewage	whole_field	
PRJDB9036	SAMD00492900	isolation_source		hospital sewage	whole_field	
PRJDB9036	SAMD00492909	isolation_source		hospital sewage	whole_field	
PRJDB9036	SAMD00492912	isolation_source		hospital sewage	whole_field	
PRJDB9036	SAMD00492913	isolation_source		hospital sewage	whole_field	
PRJDB9036	SAMD00492915	isolation_source		hospital sewage	whole_field	
PRJDB9036	SAMD00492916	isolation_source		hospital sewage	whole_field	
PRJDB9036	SAMD00492917	isolation_source		hospital sewage	whole_field	
PRJDB9036	SAMD00492918	isolation_source		hospital sewage	whole_field	
PRJDB9036	SAMD00492922	isolation_source		hospital sewage	whole_field	
PRJDB9036	SAMD00492923	isolation_source		hospital sewage	whole_field	
PRJDB9036	SAMD00492926	isolation_source		hospital sewage	whole_field	
PRJDB9036	SAMD00492927	isolation_source		hospital sewage	whole_field	
PRJDB9036	SAMD00492928	isolation_source		hospital sewage	whole_field	
PRJDB9036	SAMD00492934	isolation_source		hospital sewage	whole_field	
PRJDB9036	SAMD00492935	isolation_source		hospital sewage	whole_field	
PRJDB9036	SAMD00492936	isolation_source		hospital sewage	whole_field	
PRJDB9036	SAMD00492937	isolation_source		hospital sewage	whole_field	
PRJDB9036	SAMD00492940	isolation_source		hospital sewage	whole_field	
PRJEB21015	SAMEA5145260	isolation_source		faeces	whole_field	
PRJEB21015	SAMEA5185637	isolation_source		faeces	whole_field	
PRJEB21015	SAMEA5185641	isolation_source		faeces	whole_field	
PRJEB21015	SAMEA5419109	isolation_source		faeces	whole_field	
PRJEB21015	SAMEA5419114	isolation_source		faeces	whole_field	
PRJEB21015	SAMEA5419116	isolation_source		faeces	whole_field	
PRJEB21015	SAMEA5419134	isolation_source		faeces	whole_field	
PRJEB21015	SAMEA5419143	isolation_source		faeces	whole_field	
PRJEB21015	SAMEA5419196	isolation_source		faeces	whole_field	
PRJEB21015	SAMEA5882366	isolation_source		faeces	whole_field	
PRJEB21015	SAMEA6099624	isolation_source		faeces	whole_field	
PRJEB21015	SAMEA6099628	isolation_source		faeces	whole_field	
PRJEB21015	SAMEA6099629	isolation_source		faeces	whole_field	
PRJEB21015	SAMEA6099635	isolation_source		faeces	whole_field	
PRJEB21015	SAMEA6099636	isolation_source		faeces	whole_field	
PRJEB34793	SAMEA6372284	isolation_source		water-filled tree hole	whole_field	
PRJEB34793	SAMEA6372287	isolation_source		water-filled tree hole	whole_field	
PRJEB34793	SAMEA6372302	isolation_source		water-filled tree hole	whole_field	
PRJEB34793	SAMEA6372303	isolation_source		water-filled tree hole	whole_field	
PRJEB34793	SAMEA6372304	isolation_source		water-filled tree hole	whole_field	
PRJEB34793	SAMEA6372305	isolation_source		water-filled tree hole	whole_field	
PRJEB34793	SAMEA6372306	isolation_source		water-filled tree hole	whole_field	
PRJEB34793	SAMEA6372307	isolation_source		water-filled tree hole	whole_field	
PRJEB34793	SAMEA6372308	isolation_source		water-filled tree hole	whole_field	
PRJEB34793	SAMEA6372309	isolation_source		water-filled tree hole	whole_field	
PRJEB34793	SAMEA6372310	isolation_source		water-filled tree hole	whole_field	
PRJEB34793	SAMEA6372311	isolation_source		water-filled tree hole	whole_field	
PRJEB34793	SAMEA6372312	isolation_source		water-filled tree hole	whole_field	
PRJEB34793	SAMEA6372313	isolation_source		water-filled tree hole	whole_field	
PRJEB34793	SAMEA6372314	isolation_source		water-filled tree hole	whole_field	
PRJEB34793	SAMEA6372315	isolation_source		water-filled tree hole	whole_field	
PRJEB34793	SAMEA6372316	isolation_source		water-filled tree hole	whole_field	
PRJEB34793	SAMEA6372317	isolation_source		water-filled tree hole	whole_field	
PRJEB34793	SAMEA6372318	isolation_source		water-filled tree hole	whole_field	
PRJEB34793	SAMEA6372319	isolation_source		water-filled tree hole	whole_field	
PRJEB34793	SAMEA6372320	isolation_source		water-filled tree hole	whole_field	
PRJEB34793	SAMEA6372321	isolation_source		water-filled tree hole	whole_field	
PRJEB34793	SAMEA6372322	isolation_source		water-filled tree hole	whole_field	
PRJEB34793	SAMEA6372323	isolation_source		water-filled tree hole	whole_field	
PRJEB34793	SAMEA6372324	isolation_source		water-filled tree hole	whole_field	
PRJEB34793	SAMEA6372325	isolation_source		water-filled tree hole	whole_field	
PRJEB34793	SAMEA6372326	isolation_source		water-filled tree hole	whole_field	
PRJEB34793	SAMEA6372327	isolation_source		water-filled tree hole	whole_field	
PRJEB34793	SAMEA6372328	isolation_source		water-filled tree hole	whole_field	
PRJEB34793	SAMEA6372329	isolation_source		water-filled tree hole	whole_field	
PRJEB34793	SAMEA6372330	isolation_source		water-filled tree hole	whole_field	
PRJEB34793	SAMEA6372331	isolation_source		water-filled tree hole	whole_field	
PRJEB34793	SAMEA6372332	isolation_source		water-filled tree hole	whole_field	
PRJEB34793	SAMEA6372333	isolation_source		water-filled tree hole	whole_field	
PRJEB34793	SAMEA6372334	isolation_source		water-filled tree hole	whole_field	
PRJEB34793	SAMEA6372335	isolation_source		water-filled tree hole	whole_field	
PRJEB34793	SAMEA6372336	isolation_source		water-filled tree hole	whole_field	
PRJEB34793	SAMEA6372337	isolation_source		water-filled tree hole	whole_field	
PRJEB34793	SAMEA6372338	isolation_source		water-filled tree hole	whole_field	
PRJEB34793	SAMEA6372339	isolation_source		water-filled tree hole	whole_field	
PRJEB34793	SAMEA6372340	isolation_source		water-filled tree hole	whole_field	
PRJEB34793	SAMEA6372341	isolation_source		water-filled tree hole	whole_field	
PRJEB34793	SAMEA6372342	isolation_source		water-filled tree hole	whole_field	
PRJEB34793	SAMEA6372343	isolation_source		water-filled tree hole	whole_field	
PRJEB34793	SAMEA6372344	isolation_source		water-filled tree hole	whole_field	
PRJEB34793	SAMEA6372345	isolation_source		water-filled tree hole	whole_field	
PRJEB34793	SAMEA6372346	isolation_source		water-filled tree hole	whole_field	
PRJEB34793	SAMEA6372347	isolation_source		water-filled tree hole	whole_field	
PRJEB34793	SAMEA6372348	isolation_source		water-filled tree hole	whole_field	
PRJEB21015	SAMEA6511031	isolation_source		faeces	whole_field	
PRJEB21015	SAMEA6511050	isolation_source		faeces	whole_field	
PRJDB9036	SAMD00195887	host		wastewater	whole_field	
PRJDB9036	SAMD00195986	host		wastewater	whole_field	
PRJDB9036	SAMD00195882	host		wastewater	whole_field	
PRJDB9036	SAMD00195879	host		wastewater	whole_field	
PRJDB9036	SAMD00195884	host		wastewater	whole_field	
PRJDB9036	SAMD00195889	host		wastewater	whole_field	
PRJDB9036	SAMD00195904	host		wastewater	whole_field	
PRJDB9036	SAMD00492895	host		wastewater	whole_field	
PRJDB14712	SAMD00553966	host		wastewater	whole_field	
PRJDB14712	SAMD00553972	host		wastewater	whole_field	
PRJDB14712	SAMD00554002	host		wastewater	whole_field	
PRJDB14712	SAMD00554016	host		wastewater	whole_field	
PRJDB14712	SAMD00554018	host		wastewater	whole_field	
PRJDB14712	SAMD00554020	host		wastewater	whole_field	
PRJDB14712	SAMD00554022	host		wastewater	whole_field	
PRJDB14712	SAMD00554025	host		wastewater	whole_field	
PRJDB14712	SAMD00553985	host		wastewater	whole_field	
PRJDB14712	SAMD00553993	host		wastewater	whole_field	
PRJDB14712	SAMD00554003	host		wastewater	whole_field	
PRJDB14712	SAMD00554014	host		wastewater	whole_field	
PRJDB14712	SAMD00554030	host		wastewater	whole_field	
PRJDB14712	SAMD00554035	host		wastewater	whole_field	
PRJDB14712	SAMD00553991	host		wastewater	whole_field	
PRJDB14712	SAMD00554010	host		wastewater	whole_field	
PRJDB14712	SAMD00554026	host		wastewater	whole_field	
PRJDB14712	SAMD00554031	host		wastewater	whole_field	
PRJEB56212	SAMEA111380221	host		human	whole_field	
PRJEB56212	SAMEA111380225	host		human	whole_field	
PRJEB56212	SAMEA111380228	host		human	whole_field	
PRJEB56212	SAMEA111380218	host		human	whole_field	
PRJEB56212	SAMEA111380219	host		human	whole_field	
PRJEB56212	SAMEA111380224	host		human	whole_field	
PRJEB56212	SAMEA111380226	host		human	whole_field	
PRJEB56212	SAMEA111380227	host		human	whole_field	
PRJEB56212	SAMEA111380232	host		human	whole_field	
PRJEB56212	SAMEA111380233	host		human	whole_field	
PRJEB56212	SAMEA111380239	host		human	whole_field	
PRJEB56212	SAMEA111380220	host		human	whole_field	
PRJEB56212	SAMEA111380222	host		human	whole_field	
PRJEB56212	SAMEA111380223	host		human	whole_field	
PRJEB56212	SAMEA111380229	host		human	whole_field	
PRJEB56212	SAMEA111380230	host		human	whole_field	
PRJEB56212	SAMEA111380231	host		human	whole_field	
PRJEB56212	SAMEA111380234	host		human	whole_field	
PRJEB56212	SAMEA111380235	host		human	whole_field	
PRJEB56212	SAMEA111380237	host		human	whole_field	
PRJEB56212	SAMEA111380238	host		human	whole_field	
PRJEB56212	SAMEA111380242	host		human	whole_field	
PRJEB56212	SAMEA111380245	host		human	whole_field	
PRJEB56212	SAMEA111380246	host		human	whole_field	
PRJEB56212	SAMEA111380249	host		human	whole_field	
PRJEB56212	SAMEA111380240	host		human	whole_field	
PRJEB56212	SAMEA111380241	host		human	whole_field	
PRJEB56212	SAMEA111380244	host		human	whole_field	
PRJEB56212	SAMEA111380243	host		human	whole_field	
PRJEB56212	SAMEA111380247	host		human	whole_field	
PRJEB59013	SAMEA112330313	host		human	whole_field	
PRJEB59013	SAMEA112330324	host		human	whole_field	
PRJEB59013	SAMEA112330329	host		human	whole_field	
PRJEB59013	SAMEA112330341	host		human	whole_field	
PRJEB59013	SAMEA112330342	host		human	whole_field	
PRJEB59013	SAMEA112330343	host		human	whole_field	
PRJEB59013	SAMEA112330377	host		human	whole_field	
PRJEB59013	SAMEA112330391	host		human	whole_field	
PRJEB59013	SAMEA112330392	host		human	whole_field	
PRJEB59013	SAMEA112330430	host		human	whole_field	
PRJEB59013	SAMEA112330431	host		human	whole_field	
PRJEB59013	SAMEA112330432	host		human	whole_field	
PRJEB59013	SAMEA112330446	host		human	whole_field	
PRJEB59013	SAMEA112330460	host		human	whole_field	
PRJEB59013	SAMEA112330478	host		human	whole_field	
PRJEB56212	SAMEA111380248	host		human	whole_field	
PRJEB56212	SAMEA111380250	host		human	whole_field	
PRJEB56212	SAMEA111380251	host		human	whole_field	
PRJEB59858	SAMEA112638260	host		human	whole_field	
PRJEB59858	SAMEA112638265	host		human	whole_field	
PRJEB59858	SAMEA112638269	host		human	whole_field	
PRJEB59858	SAMEA112638270	host		human	whole_field	
PRJEB59858	SAMEA112638275	host		human	whole_field	
PRJEB59858	SAMEA112638280	host		human	whole_field	
PRJEB59858	SAMEA112638282	host		human	whole_field	
PRJEB59858	SAMEA112638285	host		human	whole_field	
PRJEB59858	SAMEA112638286	host		human	whole_field	
PRJEB56212	SAMEA111380254	host		human	whole_field	
PRJEB56212	SAMEA111380252	host		human	whole_field	
PRJEB56212	SAMEA111380253	host		human	whole_field	
PRJEB59013	SAMEA112330299	host		human	whole_field	
PRJEB59013	SAMEA112330300	host		human	whole_field	
PRJEB59013	SAMEA112330306	host		human	whole_field	
PRJEB59013	SAMEA112330308	host		human	whole_field	
PRJEB59013	SAMEA112330310	host		human	whole_field	
PRJEB59013	SAMEA112330337	host		human	whole_field	
PRJEB59013	SAMEA112330340	host		human	whole_field	
PRJEB59013	SAMEA112330370	host		human	whole_field	
PRJEB59013	SAMEA112330378	host		human	whole_field	
PRJEB59013	SAMEA112330390	host		human	whole_field	
PRJEB59013	SAMEA112330414	host		human	whole_field	
PRJEB59013	SAMEA112330439	host		human	whole_field	
PRJEB59013	SAMEA112330440	host		human	whole_field	
PRJEB59013	SAMEA112330453	host		human	whole_field	
PRJEB59013	SAMEA112330469	host		human	whole_field	
PRJEB59013	SAMEA112330470	host		human	whole_field	
PRJEB59013	SAMEA112330496	host		human	whole_field	
PRJEB59013	SAMEA112330501	host		human	whole_field	
PRJEB59013	SAMEA112330502	host		human	whole_field	
PRJEB59013	SAMEA112330307	host		human	whole_field	
PRJEB59013	SAMEA112330309	host		human	whole_field	
PRJEB59013	SAMEA112330311	host		human	whole_field	
PRJEB59013	SAMEA112330312	host		human	whole_field	
PRJEB59013	SAMEA112330328	host		human	whole_field	
PRJEB59013	SAMEA112330374	host		human	whole_field	
PRJEB59013	SAMEA112330388	host		human	whole_field	
PRJEB59013	SAMEA112330389	host		human	whole_field	
PRJEB59858	SAMEA112638261	host		human	whole_field	
PRJEB59858	SAMEA112638262	host		human	whole_field	
PRJEB59858	SAMEA112638263	host		human	whole_field	
PRJEB59858	SAMEA112638268	host		human	whole_field	
PRJEB59858	SAMEA112638271	host		human	whole_field	
PRJEB59858	SAMEA112638276	host		human	whole_field	
PRJEB59858	SAMEA112638279	host		human	whole_field	
PRJEB59858	SAMEA112638284	host		human	whole_field	
PRJEB59858	SAMEA112638259	host		human	whole_field	
PRJEB59858	SAMEA112638264	host		human	whole_field	
PRJEB59858	SAMEA112638266	host		human	whole_field	
PRJEB59858	SAMEA112638267	host		human	whole_field	
PRJEB59858	SAMEA112638272	host		human	whole_field	
PRJEB59858	SAMEA112638273	host		human	whole_field	
PRJEB59858	SAMEA112638274	host		human	whole_field	
PRJEB59858	SAMEA112638277	host		human	whole_field	
PRJEB59858	SAMEA112638278	host		human	whole_field	
PRJEB59858	SAMEA112638281	host		human	whole_field	
PRJEB59858	SAMEA112638283	host		human	whole_field	
PRJEB60478	SAMEA112763563	host		human	whole_field	
PRJEB60478	SAMEA112763564	host		human	whole_field	
PRJEB60478	SAMEA112763569	host		human	whole_field	
PRJEB60478	SAMEA112763571	host		human	whole_field	
PRJEB60478	SAMEA112763576	host		human	whole_field	
PRJEB60478	SAMEA112763577	host		human	whole_field	
PRJEB60478	SAMEA112763578	host		human	whole_field	
PRJEB60478	SAMEA112763580	host		human	whole_field	
PRJEB60478	SAMEA112763582	host		human	whole_field	
PRJEB60478	SAMEA112763593	host		human	whole_field	
PRJEB60478	SAMEA112763597	host		human	whole_field	
PRJEB60743	SAMEA112785755	host		human	whole_field	
PRJEB60743	SAMEA112785784	host		human	whole_field	
PRJEB60743	SAMEA112785790	host		human	whole_field	
PRJEB60743	SAMEA112785792	host		human	whole_field	
PRJEB60743	SAMEA112785759	host		human	whole_field	
PRJEB60743	SAMEA112785783	host		human	whole_field	
PRJEB60743	SAMEA112785780	host		human	whole_field	
PRJEB60743	SAMEA112785762	host		human	whole_field	
PRJEB60743	SAMEA112785760	host		human	whole_field	
PRJEB60743	SAMEA112785787	host		human	whole_field	
PRJEB60478	SAMEA112763562	host		human	whole_field	
PRJEB60478	SAMEA112763566	host		human	whole_field	
PRJEB60478	SAMEA112763572	host		human	whole_field	
PRJEB60478	SAMEA112763574	host		human	whole_field	
PRJEB60478	SAMEA112763579	host		human	whole_field	
PRJEB60478	SAMEA112763581	host		human	whole_field	
PRJEB60478	SAMEA112763587	host		human	whole_field	
PRJEB60478	SAMEA112763589	host		human	whole_field	
PRJEB60478	SAMEA112763591	host		human	whole_field	
PRJEB60478	SAMEA112763594	host		human	whole_field	
PRJEB60478	SAMEA112763595	host		human	whole_field	
PRJEB60478	SAMEA112763598	host		human	whole_field	
PRJEB60478	SAMEA112763601	host		human	whole_field	
PRJEB60478	SAMEA112763603	host		human	whole_field	
PRJEB60478	SAMEA112763604	host		human	whole_field	
PRJEB60478	SAMEA112763561	host		human	whole_field	
PRJEB60478	SAMEA112763565	host		human	whole_field	
PRJEB60478	SAMEA112763567	host		human	whole_field	
PRJEB60478	SAMEA112763568	host		human	whole_field	
PRJEB60478	SAMEA112763570	host		human	whole_field	
PRJEB60478	SAMEA112763573	host		human	whole_field	
PRJEB60478	SAMEA112763575	host		human	whole_field	
PRJEB60478	SAMEA112763586	host		human	whole_field	
PRJEB60478	SAMEA112763588	host		human	whole_field	
PRJEB60478	SAMEA112763590	host		human	whole_field	
PRJEB60478	SAMEA112763599	host		human	whole_field	
PRJEB60478	SAMEA112763600	host		human	whole_field	
PRJEB60478	SAMEA112763602	host		human	whole_field	
PRJEB60743	SAMEA112785770	host		human	whole_field	
PRJEB60743	SAMEA112785786	host		human	whole_field	
PRJEB60743	SAMEA112785758	host		human	whole_field	
PRJEB60743	SAMEA112785778	host		human	whole_field	
PRJEB60743	SAMEA112785769	host		human	whole_field	
PRJEB60743	SAMEA112785782	host		human	whole_field	
PRJEB60743	SAMEA112785768	host		human	whole_field	
PRJEB60743	SAMEA112785773	host		human	whole_field	
PRJEB60743	SAMEA112785775	host		human	whole_field	
PRJEB60743	SAMEA112785777	host		human	whole_field	
PRJEB60743	SAMEA112785772	host		human	whole_field	
PRJEB60743	SAMEA112785789	host		human	whole_field	
PRJEB60743	SAMEA112785757	host		human	whole_field	
PRJEB60743	SAMEA112785761	host		human	whole_field	
PRJEB60743	SAMEA112785785	host		human	whole_field	
PRJEB60743	SAMEA112785779	host		human	whole_field	
PRJEB60743	SAMEA112785766	host		human	whole_field	
PRJEB60743	SAMEA112785765	host		human	whole_field	
PRJEB60743	SAMEA112785771	host		human	whole_field	
PRJEB60743	SAMEA112785764	host		human	whole_field	
PRJEB60743	SAMEA112785791	host		human	whole_field	
PRJEB60743	SAMEA112785756	host		human	whole_field	
PRJEB60743	SAMEA112785788	host		human	whole_field	
PRJEB60743	SAMEA112785781	host		human	whole_field	
PRJEB60743	SAMEA112785774	host		human	whole_field	
PRJEB60743	SAMEA112785767	host		human	whole_field	
PRJEB60743	SAMEA112785776	host		human	whole_field	
PRJEB60743	SAMEA112785763	host		human	whole_field	
PRJEB27508	SAMEA4764263	host		human	whole_field	
PRJEB27508	SAMEA4764264	host		human	whole_field	
PRJEB27508	SAMEA4764265	host		human	whole_field	
PRJEB27508	SAMEA4764269	host		human	whole_field	
PRJEB27508	SAMEA4764270	host		human	whole_field	
PRJEB27508	SAMEA4764271	host		human	whole_field	
PRJEB27508	SAMEA4764272	host		human	whole_field	
PRJEB27508	SAMEA4764273	host		human	whole_field	
PRJEB27508	SAMEA4764280	host		human	whole_field	
PRJEB27508	SAMEA4764283	host		human	whole_field	
PRJEB27508	SAMEA4764284	host		human	whole_field	
PRJEB27508	SAMEA4764286	host		human	whole_field	
PRJEB27508	SAMEA4764287	host		human	whole_field	
PRJEB27508	SAMEA4764289	host		human	whole_field	
PRJEB27508	SAMEA4764290	host		human	whole_field	
PRJEB27508	SAMEA4764292	host		human	whole_field	
PRJEB27508	SAMEA4764293	host		human	whole_field	
PRJEB27508	SAMEA4764295	host		human	whole_field	
PRJEB27508	SAMEA4764297	host		human	whole_field	
PRJEB27508	SAMEA4764298	host		human	whole_field	
PRJEB27508	SAMEA4764266	host		human	whole_field	
PRJEB27508	SAMEA4764267	host		human	whole_field	
PRJEB27508	SAMEA4764268	host		human	whole_field	
PRJEB27508	SAMEA4764275	host		human	whole_field	
PRJEB27508	SAMEA4764281	host		human	whole_field	
PRJEB27508	SAMEA4764282	host		human	whole_field	
PRJEB27508	SAMEA4764288	host		human	whole_field	
PRJEB27508	SAMEA4764291	host		human	whole_field	
PRJEB27508	SAMEA4764296	host		human	whole_field	
PRJEB27508	SAMEA4764262	host		human	whole_field	
PRJEB27508	SAMEA4764274	host		human	whole_field	
PRJEB27508	SAMEA4764276	host		human	whole_field	
PRJEB27508	SAMEA4764277	host		human	whole_field	
PRJEB27508	SAMEA4764278	host		human	whole_field	
PRJEB27508	SAMEA4764279	host		human	whole_field	
PRJEB27508	SAMEA4764285	host		human	whole_field	
PRJEB27508	SAMEA4764294	host		human	whole_field	
PRJEB32863	SAMEA5700091	host		human	whole_field	
PRJEB32863	SAMEA5700094	host		human	whole_field	
PRJEB32863	SAMEA5700105	host		human	whole_field	
PRJEB32863	SAMEA5700110	host		human	whole_field	
PRJEB32863	SAMEA5700113	host		human	whole_field	
PRJEB32863	SAMEA5700115	host		human	whole_field	
PRJEB32863	SAMEA5700118	host		human	whole_field	
PRJEB32863	SAMEA5700096	host		human	whole_field	
PRJEB32863	SAMEA5700100	host		human	whole_field	
PRJEB32863	SAMEA5700101	host		human	whole_field	
PRJEB32863	SAMEA5700102	host		human	whole_field	
PRJEB32863	SAMEA5700103	host		human	whole_field	
PRJEB32863	SAMEA5700108	host		human	whole_field	
PRJEB32863	SAMEA5700109	host		human	whole_field	
PRJEB32863	SAMEA5700112	host		human	whole_field	
PRJEB32863	SAMEA5700114	host		human	whole_field	
PRJEB32863	SAMEA5700116	host		human	whole_field	
PRJEB32863	SAMEA5700117	host		human	whole_field	
PRJEB32863	SAMEA5700120	host		human	whole_field	
PRJEB32863	SAMEA5700121	host		human	whole_field	
PRJEB32863	SAMEA5700122	host		human	whole_field	
PRJEB32863	SAMEA5700123	host		human	whole_field	
PRJEB32863	SAMEA5700124	host		human	whole_field	
PRJEB32863	SAMEA5700092	host		human	whole_field	
PRJEB32863	SAMEA5700093	host		human	whole_field	
PRJEB32863	SAMEA5700095	host		human	whole_field	
PRJEB32863	SAMEA5700097	host		human	whole_field	
PRJEB32863	SAMEA5700098	host		human	whole_field	
PRJEB32863	SAMEA5700099	host		human	whole_field	
PRJEB32863	SAMEA5700104	host		human	whole_field	
PRJEB32863	SAMEA5700106	host		human	whole_field	
PRJEB32863	SAMEA5700107	host		human	whole_field	
PRJEB32863	SAMEA5700111	host		human	whole_field	
PRJEB32863	SAMEA5700119	host		human	whole_field	
PRJEB32863	SAMEA6087992	host		human	whole_field	
PRJEB32863	SAMEA6087993	host		human	whole_field	
PRJEB32863	SAMEA6087994	host		human	whole_field	
PRJEB36171	SAMEA6474129	host		human	whole_field	
PRJEB36171	SAMEA6474130	host		human	whole_field	
PRJEB36171	SAMEA6474132	host		human	whole_field	
PRJEB36171	SAMEA6474142	host		human	whole_field	
PRJEB36171	SAMEA6474145	host		human	whole_field	
PRJEB36171	SAMEA6474149	host		human	whole_field	
PRJEB36171	SAMEA6474151	host		human	whole_field	
PRJEB36171	SAMEA6474157	host		human	whole_field	
PRJEB36171	SAMEA6474162	host		human	whole_field	
PRJEB36171	SAMEA6474165	host		human	whole_field	
PRJEB36171	SAMEA6474167	host		human	whole_field	
PRJEB36171	SAMEA6474168	host		human	whole_field	
PRJEB36171	SAMEA6474169	host		human	whole_field	
PRJEB36171	SAMEA6474173	host		human	whole_field	
PRJEB36171	SAMEA6474131	host		human	whole_field	
PRJEB36171	SAMEA6474135	host		human	whole_field	
PRJEB36171	SAMEA6474137	host		human	whole_field	
PRJEB36171	SAMEA6474139	host		human	whole_field	
PRJEB36171	SAMEA6474141	host		human	whole_field	
PRJEB36171	SAMEA6474146	host		human	whole_field	
PRJEB36171	SAMEA6474152	host		human	whole_field	
PRJEB36171	SAMEA6474154	host		human	whole_field	
PRJEB36171	SAMEA6474155	host		human	whole_field	
PRJEB36171	SAMEA6474156	host		human	whole_field	
PRJEB36171	SAMEA6474158	host		human	whole_field	
PRJEB36171	SAMEA6474159	host		human	whole_field	
PRJEB36171	SAMEA6474161	host		human	whole_field	
PRJEB36171	SAMEA6474163	host		human	whole_field	
PRJEB36171	SAMEA6474164	host		human	whole_field	
PRJEB36171	SAMEA6474166	host		human	whole_field	
PRJEB36171	SAMEA6474172	host		human	whole_field	
PRJEB36171	SAMEA6474133	host		human	whole_field	
PRJEB36171	SAMEA6474134	host		human	whole_field	
PRJEB36171	SAMEA6474136	host		human	whole_field	
PRJEB36171	SAMEA6474138	host		human	whole_field	
PRJEB36171	SAMEA6474140	host		human	whole_field	
PRJEB36171	SAMEA6474144	host		human	whole_field	
PRJEB36171	SAMEA6474150	host		human	whole_field	
PRJEB36171	SAMEA6474170	host		human	whole_field	
PRJEB40571	SAMEA7461677	host		human	whole_field	
PRJEB40571	SAMEA7461683	host		human	whole_field	
PRJEB40571	SAMEA7461729	host		human	whole_field	
PRJEB40571	SAMEA7461737	host		human	whole_field	
PRJEB40571	SAMEA7461678	host		human	whole_field	
PRJEB40571	SAMEA7461679	host		human	whole_field	
PRJEB40571	SAMEA7461680	host		human	whole_field	
PRJEB40571	SAMEA7461681	host		human	whole_field	
PRJEB40571	SAMEA7461684	host		human	whole_field	
PRJEB40571	SAMEA7461685	host		human	whole_field	
PRJEB40571	SAMEA7461686	host		human	whole_field	
PRJEB40571	SAMEA7461688	host		human	whole_field	
PRJEB40571	SAMEA7461689	host		human	whole_field	
PRJEB40571	SAMEA7461690	host		human	whole_field	
PRJEB40571	SAMEA7461691	host		human	whole_field	
PRJEB40571	SAMEA7461736	host		human	whole_field	
PRJEB40571	SAMEA7461682	host		human	whole_field	
PRJEB40571	SAMEA7461687	host		human	whole_field	
PRJEB40571	SAMEA7461728	host		human	whole_field	
PRJEB40571	SAMEA7461730	host		human	whole_field	
PRJEB40571	SAMEA7461731	host		human	whole_field	
PRJEB40571	SAMEA7461732	host		human	whole_field	
PRJEB40571	SAMEA7461733	host		human	whole_field	
PRJEB40571	SAMEA7461734	host		human	whole_field	
PRJEB40571	SAMEA7461735	host		human	whole_field	
PRJEB40571	SAMEA7461738	host		human	whole_field	
PRJEB40571	SAMEA7461739	host		human	whole_field	
PRJEB21015	SAMEA5882344	host		pig	whole_field	
PRJEB21015	SAMEA6099618	host		pig	whole_field	
PRJEB21015	SAMEA5882337	host		pig	whole_field	
PRJEB21015	SAMEA5882341	host		pig	whole_field	
PRJEB21015	SAMEA5882345	host		pig	whole_field	
PRJEB21015	SAMEA6099615	host		pig	whole_field	
PRJEB21015	SAMEA6099620	host		pig	whole_field	
PRJEB21015	SAMEA6099622	host		pig	whole_field	
PRJEB21015	SAMEA6099641	host		pig	whole_field	
PRJEB21015	SAMEA6099617	host		pig	whole_field	
PRJEB21015	SAMEA6099621	host		pig	whole_field	
PRJEB21015	SAMEA6099646	host		pig	whole_field	
PRJEB21015	SAMEA6099647	host		pig	whole_field	
PRJEB21015	SAMEA6099650	host		pig	whole_field	
PRJEB21015	SAMEA5882338	host		pig	whole_field	
PRJEB21015	SAMEA5882340	host		pig	whole_field	
PRJEB21015	SAMEA6099626	host		pig	whole_field	
PRJEB21015	SAMEA6099613	host		pig	whole_field	
PRJEB41225	SAMEA7556442	host		human	whole_field	
PRJEB41225	SAMEA7556443	host		human	whole_field	
PRJEB41225	SAMEA7556449	host		human	whole_field	
PRJEB41225	SAMEA7556460	host		human	whole_field	
PRJEB41225	SAMEA7556464	host		human	whole_field	
PRJEB41225	SAMEA7556466	host		human	whole_field	
PRJEB41225	SAMEA7556472	host		human	whole_field	
PRJEB41225	SAMEA7556475	host		human	whole_field	
PRJEB41225	SAMEA7556476	host		human	whole_field	
PRJEB41225	SAMEA7556477	host		human	whole_field	
PRJEB41225	SAMEA7556478	host		human	whole_field	
PRJEB41225	SAMEA7556480	host		human	whole_field	
PRJEB41225	SAMEA7556444	host		human	whole_field	
PRJEB41225	SAMEA7556451	host		human	whole_field	
PRJEB41225	SAMEA7556454	host		human	whole_field	
PRJEB41225	SAMEA7556455	host		human	whole_field	
PRJEB41225	SAMEA7556457	host		human	whole_field	
PRJEB41225	SAMEA7556458	host		human	whole_field	
PRJEB41225	SAMEA7556461	host		human	whole_field	
PRJEB41225	SAMEA7556462	host		human	whole_field	
PRJEB41225	SAMEA7556463	host		human	whole_field	
PRJEB41225	SAMEA7556469	host		human	whole_field	
PRJEB41225	SAMEA7556471	host		human	whole_field	
PRJEB41225	SAMEA7556473	host		human	whole_field	
PRJEB41225	SAMEA7556481	host		human	whole_field	
PRJEB41225	SAMEA7556482	host		human	whole_field	
PRJEB41225	SAMEA7556483	host		human	whole_field	
PRJEB41225	SAMEA7556484	host		human	whole_field	
PRJEB41225	SAMEA7556445	host		human	whole_field	
PRJEB41225	SAMEA7556446	host		human	whole_field	
PRJEB41225	SAMEA7556447	host		human	whole_field	
PRJEB41225	SAMEA7556448	host		human	whole_field	
PRJEB41225	SAMEA7556450	host		human	whole_field	
PRJEB41225	SAMEA7556452	host		human	whole_field	
PRJEB41225	SAMEA7556453	host		human	whole_field	
PRJEB41225	SAMEA7556456	host		human	whole_field	
PRJEB41225	SAMEA7556465	host		human	whole_field	
PRJEB41225	SAMEA7556467	host		human	whole_field	
PRJEB41225	SAMEA7556468	host		human	whole_field	
PRJEB41225	SAMEA7556470	host		human	whole_field	
PRJEB41225	SAMEA7556474	host		human	whole_field	
PRJEB41225	SAMEA7556479	host		human	whole_field	
PRJEB41225	SAMEA7556485	host		human	whole_field	
PRJEB41225	SAMEA7556486	host		human	whole_field	
PRJEB41225	SAMEA7556487	host		human	whole_field	
PRJEB21015	SAMEA6099648	host		pig	whole_field	
PRJEB43549	SAMEA8217940	host		human	whole_field	
PRJEB43549	SAMEA8217941	host		human	whole_field	
PRJEB43549	SAMEA8217946	host		human	whole_field	
PRJEB43549	SAMEA8217947	host		human	whole_field	
PRJEB43549	SAMEA8217949	host		human	whole_field	
PRJEB43549	SAMEA8217954	host		human	whole_field	
PRJEB43549	SAMEA8217956	host		human	whole_field	
PRJEB43549	SAMEA8217988	host		human	whole_field	
PRJEB43549	SAMEA8217998	host		human	whole_field	
PRJEB43549	SAMEA8218013	host		human	whole_field	
PRJEB43549	SAMEA8218015	host		human	whole_field	
PRJEB43549	SAMEA8218017	host		human	whole_field	
PRJEB42370	SAMEA8218048	host		human	whole_field	
PRJEB42370	SAMEA8218052	host		human	whole_field	
PRJEB42370	SAMEA8218058	host		human	whole_field	
PRJEB42370	SAMEA8218060	host		human	whole_field	
PRJEB42370	SAMEA8218066	host		human	whole_field	
PRJEB42370	SAMEA8218100	host		human	whole_field	
PRJEB42370	SAMEA8218101	host		human	whole_field	
PRJEB42370	SAMEA8218139	host		human	whole_field	
PRJEB42370	SAMEA8218148	host		human	whole_field	
PRJEB42370	SAMEA8218184	host		human	whole_field	
PRJEB42370	SAMEA8218185	host		human	whole_field	
PRJEB42370	SAMEA8218209	host		human	whole_field	
PRJEB42370	SAMEA8218210	host		human	whole_field	
PRJEB42370	SAMEA8218211	host		human	whole_field	
PRJEB42370	SAMEA8218212	host		human	whole_field	
PRJEB43550	SAMEA8218310	host		human	whole_field	
PRJEB43550	SAMEA8218311	host		human	whole_field	
PRJEB43550	SAMEA8218315	host		human	whole_field	
PRJEB43550	SAMEA8218339	host		human	whole_field	
PRJEB43550	SAMEA8218340	host		human	whole_field	
PRJEB43550	SAMEA8218343	host		human	whole_field	
PRJEB43550	SAMEA8218351	host		human	whole_field	
PRJEB43550	SAMEA8218352	host		human	whole_field	
PRJEB43550	SAMEA8218360	host		human	whole_field	
PRJEB43550	SAMEA8218363	host		human	whole_field	
PRJEB43550	SAMEA8218392	host		human	whole_field	
PRJEB43550	SAMEA8218398	host		human	whole_field	
PRJEB43550	SAMEA8218433	host		human	whole_field	
PRJEB43549	SAMEA8217942	host		human	whole_field	
PRJEB43549	SAMEA8217943	host		human	whole_field	
PRJEB43549	SAMEA8217944	host		human	whole_field	
PRJEB43549	SAMEA8217964	host		human	whole_field	
PRJEB35248	SAMEA8664719	host		human	whole_field	
PRJEB43549	SAMEA8217967	host		human	whole_field	
PRJEB43549	SAMEA8217974	host		human	whole_field	
PRJEB43549	SAMEA8217975	host		human	whole_field	
PRJEB35248	SAMEA8664726	host		human	whole_field	
PRJEB35248	SAMEA8664731	host		human	whole_field	
PRJEB43549	SAMEA8217982	host		human	whole_field	
PRJEB43549	SAMEA8217984	host		human	whole_field	
PRJEB43549	SAMEA8217991	host		human	whole_field	
PRJEB43549	SAMEA8217999	host		human	whole_field	
PRJEB43549	SAMEA8218018	host		human	whole_field	
PRJEB43549	SAMEA8218021	host		human	whole_field	
PRJEB42370	SAMEA8218047	host		human	whole_field	
PRJEB42370	SAMEA8218051	host		human	whole_field	
PRJEB42370	SAMEA8218061	host		human	whole_field	
PRJEB42370	SAMEA8218070	host		human	whole_field	
PRJEB42370	SAMEA8218137	host		human	whole_field	
PRJEB42370	SAMEA8218138	host		human	whole_field	
PRJEB42370	SAMEA8218152	host		human	whole_field	
PRJEB42370	SAMEA8218175	host		human	whole_field	
PRJEB42370	SAMEA8218202	host		human	whole_field	
PRJEB42370	SAMEA8218217	host		human	whole_field	
PRJEB43550	SAMEA8218291	host		human	whole_field	
PRJEB43550	SAMEA8218297	host		human	whole_field	
PRJEB43550	SAMEA8218338	host		human	whole_field	
PRJEB43550	SAMEA8218422	host		human	whole_field	
PRJEB43550	SAMEA8218428	host		human	whole_field	
PRJEB43550	SAMEA8218429	host		human	whole_field	
PRJEB43550	SAMEA8218440	host		human	whole_field	
PRJEB43550	SAMEA8218446	host		human	whole_field	
PRJEB43550	SAMEA8218448	host		human	whole_field	
PRJEB43549	SAMEA8217939	host		human	whole_field	
PRJEB43549	SAMEA8217948	host		human	whole_field	
PRJEB43549	SAMEA8217961	host		human	whole_field	
PRJEB43549	SAMEA8217968	host		human	whole_field	
PRJEB43549	SAMEA8218014	host		human	whole_field	
PRJEB43549	SAMEA8218016	host		human	whole_field	
PRJEB42370	SAMEA8218039	host		human	whole_field	
PRJEB42370	SAMEA8218049	host		human	whole_field	
PRJEB42370	SAMEA8218065	host		human	whole_field	
PRJEB42370	SAMEA8218071	host		human	whole_field	
PRJEB42370	SAMEA8218084	host		human	whole_field	
PRJEB42370	SAMEA8218136	host		human	whole_field	
PRJEB42370	SAMEA8218153	host		human	whole_field	
PRJEB42370	SAMEA8218154	host		human	whole_field	
PRJEB42370	SAMEA8218186	host		human	whole_field	
PRJEB43550	SAMEA8218276	host		human	whole_field	
PRJEB43550	SAMEA8218284	host		human	whole_field	
PRJEB43550	SAMEA8218313	host		human	whole_field	
PRJEB43550	SAMEA8218314	host		human	whole_field	
PRJEB43550	SAMEA8218349	host		human	whole_field	
PRJEB43550	SAMEA8218362	host		human	whole_field	
PRJEB43550	SAMEA8218430	host		human	whole_field	
PRJEB43550	SAMEA8218445	host		human	whole_field	
PRJEB44864	SAMEA8720029	host		human	whole_field	
PRJEB44864	SAMEA8720032	host		human	whole_field	
PRJEB44864	SAMEA8720033	host		human	whole_field	
PRJEB44864	SAMEA8720037	host		human	whole_field	
PRJEB44864	SAMEA8720038	host		human	whole_field	
PRJEB44864	SAMEA8720042	host		human	whole_field	
PRJEB44864	SAMEA8720043	host		human	whole_field	
PRJEB44864	SAMEA8720044	host		human	whole_field	
PRJEB44864	SAMEA8720021	host		human	whole_field	
PRJEB44864	SAMEA8720024	host		human	whole_field	
PRJEB35248	SAMEA8664721	host		human	whole_field	
PRJEB35248	SAMEA8664722	host		human	whole_field	
PRJEB35248	SAMEA8664723	host		human	whole_field	
PRJEB35248	SAMEA8664727	host		human	whole_field	
PRJEB35248	SAMEA8664734	host		human	whole_field	
PRJEB35248	SAMEA8664732	host		human	whole_field	
PRJEB35248	SAMEA8664742	host		human	whole_field	
PRJEB35248	SAMEA8664745	host		human	whole_field	
PRJEB44852	SAMEA9124610	host		human	whole_field	
PRJEB44852	SAMEA9124818	host		human	whole_field	
PRJEB35248	SAMEA8664720	host		human	whole_field	
PRJEB35248	SAMEA8664724	host		human	whole_field	
PRJEB35248	SAMEA8664725	host		human	whole_field	
PRJEB35248	SAMEA8664728	host		human	whole_field	
PRJEB35248	SAMEA8664729	host		human	whole_field	
PRJEB35248	SAMEA8664730	host		human	whole_field	
PRJEB35248	SAMEA8664735	host		human	whole_field	
PRJEB35248	SAMEA8664736	host		human	whole_field	
PRJEB35248	SAMEA8664737	host		human	whole_field	
PRJEB35248	SAMEA8664738	host		human	whole_field	
PRJEB35248	SAMEA8664739	host		human	whole_field	
PRJEB35248	SAMEA8664740	host		human	whole_field	
PRJEB35248	SAMEA8664741	host		human	whole_field	
PRJEB35248	SAMEA8664733	host		human	whole_field	
PRJEB35248	SAMEA8664746	host		human	whole_field	
PRJEB35248	SAMEA8664743	host		human	whole_field	
PRJEB35248	SAMEA8664744	host		human	whole_field	
PRJEB44864	SAMEA8720018	host		human	whole_field	
PRJEB44864	SAMEA8720031	host		human	whole_field	
PRJEB44864	SAMEA8720036	host		human	whole_field	
PRJEB44864	SAMEA8720019	host		human	whole_field	
PRJEB44864	SAMEA8720039	host		human	whole_field	
PRJEB44864	SAMEA8720041	host		human	whole_field	
PRJEB44864	SAMEA8720045	host		human	whole_field	
PRJEB44864	SAMEA8720020	host		human	whole_field	
PRJEB44864	SAMEA8720047	host		human	whole_field	
PRJEB44864	SAMEA8720023	host		human	whole_field	
PRJEB44864	SAMEA8720025	host		human	whole_field	
PRJEB47075	SAMEA9552189	host		human	whole_field	
PRJEB47075	SAMEA9552190	host		human	whole_field	
PRJEB47075	SAMEA9552174	host		human	whole_field	
PRJEB47075	SAMEA9552197	host		human	whole_field	
PRJEB47075	SAMEA9552129	host		human	whole_field	
PRJEB47075	SAMEA9552192	host		human	whole_field	
PRJEB44864	SAMEA8720027	host		human	whole_field	
PRJEB44864	SAMEA8720028	host		human	whole_field	
PRJEB44864	SAMEA8720030	host		human	whole_field	
PRJEB44864	SAMEA8720034	host		human	whole_field	
PRJEB44864	SAMEA8720040	host		human	whole_field	
PRJEB44864	SAMEA8720046	host		human	whole_field	
PRJEB44864	SAMEA8720026	host		human	whole_field	
PRJEB44852	SAMEA9124611	host		human	whole_field	
PRJEB44852	SAMEA9124613	host		human	whole_field	
PRJEB44852	SAMEA9124796	host		human	whole_field	
PRJEB44852	SAMEA9124816	host		human	whole_field	
PRJEB44852	SAMEA9124819	host		human	whole_field	
PRJEB44852	SAMEA9124614	host		human	whole_field	
PRJEB47075	SAMEA9552178	host		human	whole_field	
PRJEB47075	SAMEA9552183	host		human	whole_field	
PRJEB47075	SAMEA9552185	host		human	whole_field	
PRJEB47075	SAMEA9552188	host		human	whole_field	
PRJEB47075	SAMEA9552175	host		human	whole_field	
PRJEB47075	SAMEA9552176	host		human	whole_field	
PRJEB47075	SAMEA9552128	host		human	whole_field	
PRJEB47075	SAMEA9552179	host		human	whole_field	
PRJEB47075	SAMEA9552180	host		human	whole_field	
PRJEB47075	SAMEA9552181	host		human	whole_field	
PRJEB47075	SAMEA9552182	host		human	whole_field	
PRJEB47075	SAMEA9552184	host		human	whole_field	
PRJEB47075	SAMEA9552177	host		human	whole_field	
PRJEB47075	SAMEA9552186	host		human	whole_field	
PRJEB47075	SAMEA9552187	host		human	whole_field	
PRJEB47075	SAMEA9552191	host		human	whole_field	
PRJEB47075	SAMEA9552193	host		human	whole_field	
PRJEB47075	SAMEA9552194	host		human	whole_field	
PRJEB47075	SAMEA9552195	host		human	whole_field	
PRJEB47075	SAMEA9552196	host		human	whole_field	
PRJEB54568	SAMEA110350086	host		human	whole_field	
PRJEB54568	SAMEA110350088	host		human	whole_field	
PRJEB54568	SAMEA110350090	host		human	whole_field	
PRJEB54568	SAMEA110350093	host		human	whole_field	
PRJEB54568	SAMEA110350095	host		human	whole_field	
PRJEB54568	SAMEA110350097	host		human	whole_field	
PRJEB54568	SAMEA110350098	host		human	whole_field	
PRJEB54568	SAMEA110350099	host		human	whole_field	
PRJEB54568	SAMEA110350101	host		human	whole_field	
PRJEB54568	SAMEA110350102	host		human	whole_field	
PRJEB54568	SAMEA110350105	host		human	whole_field	
PRJEB54568	SAMEA110350107	host		human	whole_field	
PRJEB54568	SAMEA110350112	host		human	whole_field	
PRJEB54568	SAMEA110350091	host		human	whole_field	
PRJEB54568	SAMEA110350092	host		human	whole_field	
PRJEB54568	SAMEA110350103	host		human	whole_field	
PRJEB54568	SAMEA110350109	host		human	whole_field	
PRJEB54568	SAMEA110350110	host		human	whole_field	
PRJEB54568	SAMEA110350087	host		human	whole_field	
PRJEB54568	SAMEA110350094	host		human	whole_field	
PRJEB54568	SAMEA110350096	host		human	whole_field	
PRJEB54568	SAMEA110350100	host		human	whole_field	
PRJEB54568	SAMEA110350104	host		human	whole_field	
PRJEB54568	SAMEA110350106	host		human	whole_field	
PRJEB54568	SAMEA110350108	host		human	whole_field	
PRJEB54568	SAMEA110350111	host		human	whole_field	
PRJNA497126	SAMN10248967	host		hospital surface	whole_field	
PRJNA497126	SAMN10249146	host		hospital surface	whole_field	
PRJNA497126	SAMN10249030	host		hospital surface	whole_field	
PRJNA497126	SAMN10249172	host		hospital surface	whole_field	
PRJNA497126	SAMN10249009	host		hospital surface	whole_field	
PRJNA497126	SAMN10249138	host		hospital surface	whole_field	
PRJNA497126	SAMN10248935	host		hospital surface	whole_field	
PRJNA497126	SAMN10249170	host		hospital surface	whole_field	
PRJNA497126	SAMN10248999	host		hospital surface	whole_field	
PRJNA497126	SAMN10249080	host		hospital surface	whole_field	
PRJNA497126	SAMN10249081	host		hospital surface	whole_field	
PRJNA497126	SAMN10249192	host		hospital surface	whole_field	
PRJNA497126	SAMN10248982	host		hospital surface	whole_field	
PRJNA497126	SAMN10249038	host		hospital surface	whole_field	
PRJNA497126	SAMN10249007	host		hospital surface	whole_field	
PRJNA497126	SAMN10248952	host		hospital surface	whole_field	
PRJNA497126	SAMN10248951	host		hospital surface	whole_field	
PRJNA497126	SAMN10249156	host		hospital surface	whole_field	
PRJNA497126	SAMN10248966	host		hospital surface	whole_field	
PRJNA497126	SAMN10249153	host		hospital surface	whole_field	
PRJNA497126	SAMN10249050	host		hospital surface	whole_field	
PRJNA497126	SAMN10249123	host		hospital surface	whole_field	
PRJNA497126	SAMN10249082	host		hospital surface	whole_field	
PRJNA497126	SAMN10249165	host		hospital surface	whole_field	
PRJNA497126	SAMN10249141	host		hospital surface	whole_field	
PRJNA497126	SAMN10249090	host		hospital surface	whole_field	
PRJNA497126	SAMN10249119	host		hospital surface	whole_field	
PRJNA497126	SAMN10249000	host		hospital surface	whole_field	
PRJNA497126	SAMN10249056	host		hospital surface	whole_field	
PRJNA497126	SAMN10249225	host		hospital surface	whole_field	
PRJNA497126	SAMN10249108	host		hospital surface	whole_field	
PRJNA497126	SAMN10249207	host		hospital surface	whole_field	
PRJNA497126	SAMN10249025	host		hospital surface	whole_field	
PRJNA497126	SAMN10249092	host		hospital surface	whole_field	
PRJNA497126	SAMN10249193	host		hospital surface	whole_field	
PRJNA744405	SAMN20090363	host		human	whole_field	
PRJNA744405	SAMN20090361	host		human	whole_field	
PRJNA744405	SAMN20090391	host		human	whole_field	
PRJNA744405	SAMN20090390	host		human	whole_field	
PRJNA744405	SAMN20090387	host		human	whole_field	
PRJNA744405	SAMN20090386	host		human	whole_field	
PRJNA744405	SAMN20090385	host		human	whole_field	
PRJNA744405	SAMN20090382	host		human	whole_field	
PRJNA744405	SAMN20090370	host		human	whole_field	
PRJNA744405	SAMN20090357	host		human	whole_field	
PRJNA744405	SAMN20090362	host		human	whole_field	
PRJNA744405	SAMN20090360	host		human	whole_field	
PRJNA744405	SAMN20090359	host		human	whole_field	
PRJNA744405	SAMN20090384	host		human	whole_field	
PRJNA744405	SAMN20090383	host		human	whole_field	
PRJNA744405	SAMN20090380	host		human	whole_field	
PRJNA744405	SAMN20090379	host		human	whole_field	
PRJNA744405	SAMN20090378	host		human	whole_field	
PRJNA744405	SAMN20090377	host		human	whole_field	
PRJNA744405	SAMN20090373	host		human	whole_field	
PRJNA744405	SAMN20090372	host		human	whole_field	
PRJNA744405	SAMN20090371	host		human	whole_field	
PRJNA744405	SAMN20090366	host		human	whole_field	
PRJNA744405	SAMN20090356	host		human	whole_field	
PRJNA744405	SAMN20090365	host		human	whole_field	
PRJNA261540	SAMN03074820	host		human	whole_field	
PRJNA744405	SAMN20090364	host		human	whole_field	
PRJNA744405	SAMN20090389	host		human	whole_field	
PRJNA744405	SAMN20090388	host		human	whole_field	
PRJNA744405	SAMN20090381	host		human	whole_field	
PRJNA744405	SAMN20090376	host		human	whole_field	
PRJNA744405	SAMN20090375	host		human	whole_field	
PRJNA744405	SAMN20090374	host		human	whole_field	
PRJNA744405	SAMN20090369	host		human	whole_field	
PRJNA744405	SAMN20090368	host		human	whole_field	
PRJNA744405	SAMN20090367	host		human	whole_field	
PRJNA261540	SAMN03074818	host		human	whole_field	
PRJNA261540	SAMN03074802	host		human	whole_field	
PRJNA261540	SAMN03074819	host		human	whole_field	
PRJNA715470	SAMN25184307	host		companion animal	whole_field	
PRJEB36171	SAMEA6474143	host		human	whole_field	
PRJEB36171	SAMEA6474160	host		human	whole_field	
PRJEB21015	SAMEA5882336	host		pig	whole_field	
PRJNA715470	SAMN25184306	host		companion animal	whole_field	
PRJEB21015	SAMEA5882342	host		pig	whole_field	
PRJEB21015	SAMEA6099619	host		pig	whole_field	
PRJEB21015	SAMEA6099644	host		pig	whole_field	
PRJEB21015	SAMEA6099614	host		pig	whole_field	
PRJEB21015	SAMEA6099645	host		pig	whole_field	
PRJEB21015	SAMEA6099649	host		pig	whole_field	
PRJNA715470	SAMN32130556	host		companion animal	whole_field	
PRJNA715470	SAMN30595839	host		companion animal	whole_field	
PRJNA868296	SAMN30525287	host		environment	whole_field	
PRJNA868296	SAMN30525280	host		environment	whole_field	
PRJNA868296	SAMN30525254	host		environment	whole_field	
PRJNA868296	SAMN30525239	host		environment	whole_field	
PRJNA868296	SAMN30525618	host		environment	whole_field	
PRJNA868296	SAMN30525553	host		environment	whole_field	
PRJNA868296	SAMN30525494	host		environment	whole_field	
PRJNA868296	SAMN30525193	host		environment	whole_field	
PRJNA868296	SAMN30525491	host		environment	whole_field	
PRJNA868296	SAMN30525479	host		environment	whole_field	
PRJNA868296	SAMN30525259	host		environment	whole_field	
PRJNA868296	SAMN30525258	host		environment	whole_field	
PRJNA868296	SAMN30525455	host		environment	whole_field	
PRJNA868296	SAMN30525380	host		environment	whole_field	
PRJNA868296	SAMN30525368	host		environment	whole_field	
PRJNA715470	SAMN31819812	host		companion animal	whole_field	
PRJNA868296	SAMN30525251	host		environment	whole_field	
PRJNA868296	SAMN30525245	host		environment	whole_field	
PRJNA868296	SAMN30525567	host		environment	whole_field	
PRJNA868296	SAMN30525548	host		environment	whole_field	
PRJNA868296	SAMN30525513	host		environment	whole_field	
PRJNA868296	SAMN30525162	host		environment	whole_field	
PRJNA868296	SAMN30525151	host		environment	whole_field	
PRJNA868296	SAMN30525577	host		environment	whole_field	
PRJNA868296	SAMN30525133	host		environment	whole_field	
PRJNA868296	SAMN30525374	host		environment	whole_field	
PRJNA868296	SAMN30525361	host		environment	whole_field	
PRJNA868296	SAMN30525350	host		environment	whole_field	
PRJNA868296	SAMN30525343	host		environment	whole_field	
PRJNA868296	SAMN30525339	host		environment	whole_field	
PRJNA715470	SAMN32543587	host		companion animal	whole_field	
PRJNA925315	SAMN32923603	host		hospital sink	whole_field	
PRJNA925315	SAMN32923635	host		hospital sink	whole_field	
PRJNA925315	SAMN32923628	host		hospital sink	whole_field	
PRJNA925315	SAMN32923621	host		hospital sink	whole_field	
PRJNA925315	SAMN32923615	host		hospital sink	whole_field	
PRJNA925315	SAMN32923569	host		hospital sink	whole_field	
PRJNA925315	SAMN32923568	host		hospital sink	whole_field	
PRJNA925315	SAMN32923564	host		hospital sink	whole_field	
PRJNA925315	SAMN32923553	host		hospital sink	whole_field	
PRJNA715470	SAMN32973309	host		companion animal	whole_field	
PRJNA715470	SAMN33902377	host		companion animal	whole_field	
PRJNA715470	SAMN33902376	host		companion animal	whole_field	
PRJNA715470	SAMN33902374	host		companion animal	whole_field	
PRJNA868296	SAMN30525242	host		environment	whole_field	
PRJNA868296	SAMN30525149	host		environment	whole_field	
PRJNA868296	SAMN30525487	host		environment	whole_field	
PRJNA868296	SAMN30525276	host		environment	whole_field	
PRJNA868296	SAMN30525267	host		environment	whole_field	
PRJNA868296	SAMN30525541	host		environment	whole_field	
PRJNA868296	SAMN30525535	host		environment	whole_field	
PRJNA868296	SAMN30525526	host		environment	whole_field	
PRJNA715470	SAMN32543589	host		companion animal	whole_field	
PRJNA925315	SAMN32923599	host		hospital sink	whole_field	
PRJNA925315	SAMN32923597	host		hospital sink	whole_field	
PRJNA925315	SAMN32923596	host		hospital sink	whole_field	
PRJNA925315	SAMN32923595	host		hospital sink	whole_field	
PRJNA925315	SAMN32923594	host		hospital sink	whole_field	
PRJNA925315	SAMN32923513	host		hospital sink	whole_field	
PRJNA925315	SAMN32923533	host		hospital sink	whole_field	
PRJNA925315	SAMN32923532	host		hospital sink	whole_field	
PRJNA925315	SAMN32923626	host		hospital sink	whole_field	
PRJNA925315	SAMN32923618	host		hospital sink	whole_field	
PRJNA925315	SAMN32923614	host		hospital sink	whole_field	
PRJNA925315	SAMN32923574	host		hospital sink	whole_field	
PRJNA715470	SAMN32973307	host		companion animal	whole_field	
PRJNA925315	SAMN32923586	host		hospital sink	whole_field	
PRJNA925315	SAMN32923585	host		hospital sink	whole_field	
PRJNA925315	SAMN32923538	host		hospital sink	whole_field	
PRJNA925315	SAMN32923522	host		hospital sink	whole_field	
PRJNA925315	SAMN32923630	host		hospital sink	whole_field	
PRJNA925315	SAMN32923629	host		hospital sink	whole_field	
PRJNA925315	SAMN32923572	host		hospital sink	whole_field	
PRJNA925315	SAMN32923563	host		hospital sink	whole_field	
PRJNA715470	SAMN34234177	host		companion animal	whole_field	
PRJNA508406	SAMN10523649	host		human	whole_field	
PRJNA508406	SAMN10523646	host		human	whole_field	
PRJNA508406	SAMN10523645	host		human	whole_field	
PRJNA508406	SAMN10523648	host		human	whole_field	
PRJNA508406	SAMN10523653	host		human	whole_field	
PRJNA508406	SAMN10523658	host		human	whole_field	
PRJNA508406	SAMN10523665	host		human	whole_field	
PRJNA508406	SAMN10523664	host		human	whole_field	
PRJNA508406	SAMN10523669	host		human	whole_field	
PRJNA508406	SAMN10523668	host		human	whole_field	
PRJEB60478	SAMEA112763592	host		human	whole_field	
PRJEB60478	SAMEA112763596	host		human	whole_field	
PRJEB36171	SAMEA6474147	host		human	whole_field	
PRJEB36171	SAMEA6474148	host		human	whole_field	
PRJEB36171	SAMEA6474153	host		human	whole_field	
PRJEB36171	SAMEA6474171	host		human	whole_field	
PRJEB21015	SAMEA5882343	host		pig	whole_field	
PRJEB21015	SAMEA5882339	host		pig	whole_field	
PRJEB21015	SAMEA6099643	host		pig	whole_field	
PRJEB21015	SAMEA6099623	host		pig	whole_field	
PRJNA715470	SAMN34571357	host		companion animal	whole_field	
PRJNA508406	SAMN10523644	host		human	whole_field	
PRJNA508406	SAMN10523647	host		human	whole_field	
PRJNA508406	SAMN10523659	host		human	whole_field	
PRJNA508406	SAMN10523657	host		human	whole_field	
PRJNA508406	SAMN10523662	host		human	whole_field	
PRJNA508406	SAMN10523663	host		human	whole_field	
PRJNA508406	SAMN10523661	host		human	whole_field	
PRJNA508406	SAMN10523671	host		human	whole_field	
PRJNA508406	SAMN10523667	host		human	whole_field	
PRJNA508406	SAMN10523672	host		human	whole_field	
PRJNA508406	SAMN10523673	host		human	whole_field	
PRJNA508406	SAMN10523650	host		human	whole_field	
PRJNA508406	SAMN10523654	host		human	whole_field	
PRJNA508406	SAMN10523652	host		human	whole_field	
PRJNA508406	SAMN10523656	host		human	whole_field	
PRJNA508406	SAMN10523655	host		human	whole_field	
PRJNA508406	SAMN10523660	host		human	whole_field	
PRJNA508406	SAMN10523670	host		human	whole_field	
PRJNA508406	SAMN10523666	host		human	whole_field	
PRJEB19808	SAMEA103579168	host		human	whole_field	
PRJEB19808	SAMEA103668418	host		human	whole_field	
PRJEB19808	SAMEA103669168	host		human	whole_field	
PRJEB19808	SAMEA103669918	host		human	whole_field	
PRJEB19808	SAMEA103670668	host		human	whole_field	
PRJEB19808	SAMEA103671418	host		human	whole_field	
PRJEB19808	SAMEA103672168	host		human	whole_field	
PRJEB19808	SAMEA103672918	host		human	whole_field	
PRJEB19808	SAMEA103673668	host		human	whole_field	
PRJEB19808	SAMEA103674418	host		human	whole_field	
PRJEB19808	SAMEA103675168	host		human	whole_field	
PRJEB19808	SAMEA103675918	host		human	whole_field	
PRJEB19808	SAMEA103676668	host		human	whole_field	
PRJEB19808	SAMEA103677418	host		human	whole_field	
PRJEB19808	SAMEA103678168	host		human	whole_field	
PRJEB19808	SAMEA103678918	host		human	whole_field	
PRJEB19808	SAMEA103679668	host		human	whole_field	
PRJEB19808	SAMEA103680418	host		human	whole_field	
PRJEB19808	SAMEA103681168	host		human	whole_field	
PRJEB19808	SAMEA103681918	host		human	whole_field	
PRJEB19808	SAMEA103682668	host		human	whole_field	
PRJEB19808	SAMEA103683418	host		human	whole_field	
PRJEB19808	SAMEA103684168	host		human	whole_field	
PRJEB19808	SAMEA103684918	host		human	whole_field	
PRJEB19808	SAMEA103685668	host		human	whole_field	
PRJEB19808	SAMEA103686418	host		human	whole_field	
PRJEB19808	SAMEA103687168	host		human	whole_field	
PRJEB19808	SAMEA103687918	host		human	whole_field	
PRJEB19808	SAMEA103688668	host		human	whole_field	
PRJEB19808	SAMEA103689418	host		human	whole_field	
PRJEB20875	SAMEA104090554	host		human	whole_field	
PRJEB20875	SAMEA104090555	host		human	whole_field	
PRJEB20875	SAMEA104090556	host		human	whole_field	
PRJEB20875	SAMEA104090557	host		human	whole_field	
PRJEB20875	SAMEA104090558	host		human	whole_field	
PRJEB20875	SAMEA104090559	host		human	whole_field	
PRJEB20875	SAMEA104090560	host		human	whole_field	
PRJEB20875	SAMEA104090561	host		human	whole_field	
PRJEB20875	SAMEA104090562	host		human	whole_field	
PRJEB20875	SAMEA104090563	host		human	whole_field	
PRJEB20875	SAMEA104090564	host		human	whole_field	
PRJEB20875	SAMEA104090565	host		human	whole_field	
PRJEB20875	SAMEA104090568	host		human	whole_field	
PRJEB20875	SAMEA104090569	host		human	whole_field	
PRJEB20875	SAMEA104090570	host		human	whole_field	
PRJEB20875	SAMEA104090571	host		human	whole_field	
PRJEB20875	SAMEA104090572	host		human	whole_field	
PRJEB20875	SAMEA104090573	host		human	whole_field	
PRJEB20875	SAMEA104090574	host		human	whole_field	
PRJEB20875	SAMEA104090575	host		human	whole_field	
PRJEB20875	SAMEA104090576	host		human	whole_field	
PRJEB20875	SAMEA104090577	host		human	whole_field	
PRJEB20875	SAMEA104090578	host		human	whole_field	
PRJEB20875	SAMEA104090579	host		human	whole_field	
PRJEB20875	SAMEA104090580	host		human	whole_field	
PRJEB20875	SAMEA104090581	host		human	whole_field	
PRJEB20875	SAMEA104090584	host		human	whole_field	
PRJEB20875	SAMEA104090585	host		human	whole_field	
PRJEB20875	SAMEA104090589	host		human	whole_field	
PRJEB20875	SAMEA104090590	host		human	whole_field	
PRJEB20875	SAMEA104090591	host		human	whole_field	
PRJEB20875	SAMEA104090594	host		human	whole_field	
PRJEB20875	SAMEA104090595	host		human	whole_field	
PRJEB20875	SAMEA104090596	host		human	whole_field	
PRJEB20875	SAMEA104090598	host		human	whole_field	
PRJEB20875	SAMEA104090601	host		human	whole_field	
PRJEB20875	SAMEA104090602	host		human	whole_field	
PRJEB20875	SAMEA104090604	host		human	whole_field	
PRJEB21292	SAMEA104124532	host		human	whole_field	
PRJEB21292	SAMEA104124533	host		human	whole_field	
PRJEB21292	SAMEA104124534	host		human	whole_field	
PRJEB21292	SAMEA104124535	host		human	whole_field	
PRJEB21292	SAMEA104124536	host		human	whole_field	
PRJEB21292	SAMEA104124537	host		human	whole_field	
PRJEB21292	SAMEA104124538	host		human	whole_field	
PRJEB21292	SAMEA104124540	host		human	whole_field	
PRJEB21292	SAMEA104124541	host		human	whole_field	
PRJEB21292	SAMEA104124542	host		human	whole_field	
PRJEB21292	SAMEA104124543	host		human	whole_field	
PRJEB21292	SAMEA104124544	host		human	whole_field	
PRJEB21292	SAMEA104124545	host		human	whole_field	
PRJEB21292	SAMEA104124546	host		human	whole_field	
PRJEB21292	SAMEA104124547	host		human	whole_field	
PRJEB21292	SAMEA104124551	host		human	whole_field	
PRJEB21292	SAMEA104124552	host		human	whole_field	
PRJEB21292	SAMEA104124555	host		human	whole_field	
PRJEB21292	SAMEA104124556	host		human	whole_field	
PRJEB21292	SAMEA104124558	host		human	whole_field	
PRJEB21292	SAMEA104124560	host		human	whole_field	
PRJEB21292	SAMEA104124563	host		human	whole_field	
PRJEB21292	SAMEA104124565	host		human	whole_field	
PRJEB21292	SAMEA104124566	host		human	whole_field	
PRJEB21292	SAMEA104124567	host		human	whole_field	
PRJEB21292	SAMEA104124568	host		human	whole_field	
PRJEB21292	SAMEA104124569	host		human	whole_field	
PRJEB21292	SAMEA104124570	host		human	whole_field	
PRJEB21292	SAMEA104124571	host		human	whole_field	
PRJEB21292	SAMEA104124572	host		human	whole_field	
PRJEB21292	SAMEA104124573	host		human	whole_field	
PRJEB21292	SAMEA104124574	host		human	whole_field	
PRJEB21292	SAMEA104124575	host		human	whole_field	
PRJEB25080	SAMEA104605871	host		bean sprouts	whole_field	
PRJEB25080	SAMEA104605872	host		bean sprouts	whole_field	
PRJEB25080	SAMEA104605873	host		bean sprouts	whole_field	
PRJEB25080	SAMEA104605874	host		bean sprouts	whole_field	
PRJEB25080	SAMEA104605875	host		bean sprouts	whole_field	
PRJEB25080	SAMEA104605876	host		bean sprouts	whole_field	
PRJEB25080	SAMEA104605877	host		bean sprouts	whole_field	
PRJEB25080	SAMEA104605878	host		bean sprouts	whole_field	
PRJEB25080	SAMEA104605879	host		bean sprouts	whole_field	
PRJEB25080	SAMEA104605880	host		bean sprouts	whole_field	
PRJEB25080	SAMEA104605881	host		bean sprouts	whole_field	
PRJEB25080	SAMEA104605882	host		bean sprouts	whole_field	
PRJEB25080	SAMEA104605883	host		bean sprouts	whole_field	
PRJEB25080	SAMEA104605884	host		bean sprouts	whole_field	
PRJEB25080	SAMEA104605885	host		bean sprouts	whole_field	
PRJEB25080	SAMEA104605886	host		bean sprouts	whole_field	
PRJEB25080	SAMEA104605887	host		bean sprouts	whole_field	
PRJEB25080	SAMEA104605888	host		bean sprouts	whole_field	
PRJEB25080	SAMEA104605889	host		bean sprouts	whole_field	
PRJEB25080	SAMEA104605890	host		bean sprouts	whole_field	
PRJEB25080	SAMEA104605891	host		bean sprouts	whole_field	
PRJEB25080	SAMEA104605892	host		bean sprouts	whole_field	
PRJEB25080	SAMEA104605893	host		bean sprouts	whole_field	
PRJEB25080	SAMEA104605894	host		bean sprouts	whole_field	
PRJEB25080	SAMEA104605895	host		bean sprouts	whole_field	
PRJEB25080	SAMEA104605896	host		bean sprouts	whole_field	
PRJEB25080	SAMEA104605897	host		bean sprouts	whole_field	
PRJEB25080	SAMEA104605898	host		bean sprouts	whole_field	
PRJEB25080	SAMEA104605899	host		bean sprouts	whole_field	
PRJEB25080	SAMEA104605900	host		bean sprouts	whole_field	
PRJEB25080	SAMEA104605901	host		bean sprouts	whole_field	
PRJEB25080	SAMEA104605902	host		bean sprouts	whole_field	
PRJEB25080	SAMEA104605903	host		bean sprouts	whole_field	
PRJEB25080	SAMEA104605904	host		bean sprouts	whole_field	
PRJEB3255	SAMEA1572905	host		human	whole_field	
PRJEB3255	SAMEA1572908	host		human	whole_field	
PRJEB3255	SAMEA1711397	host		human	whole_field	
PRJEB3255	SAMEA1711398	host		human	whole_field	
PRJEB3255	SAMEA1711406	host		human	whole_field	
PRJEB3255	SAMEA1711408	host		human	whole_field	
PRJEB3255	SAMEA1711409	host		human	whole_field	
PRJEB3255	SAMEA1711411	host		human	whole_field	
PRJEB3255	SAMEA1711424	host		human	whole_field	
PRJEB3255	SAMEA1711435	host		human	whole_field	
PRJEB3255	SAMEA1711439	host		human	whole_field	
PRJEB3255	SAMEA1711441	host		human	whole_field	
PRJEB3255	SAMEA1711461	host		human	whole_field	
PRJEB3255	SAMEA1711463	host		human	whole_field	
PRJEB3255	SAMEA1903564	host		human	whole_field	
PRJEB3255	SAMEA1903566	host		human	whole_field	
PRJEB3255	SAMEA1903567	host		human	whole_field	
PRJEB3255	SAMEA1903568	host		human	whole_field	
PRJEB3255	SAMEA1903569	host		human	whole_field	
PRJEB3255	SAMEA1903589	host		human	whole_field	
PRJEB3255	SAMEA1903591	host		human	whole_field	
PRJEB3255	SAMEA1903597	host		human	whole_field	
PRJEB3255	SAMEA1903608	host		human	whole_field	
PRJEB3255	SAMEA1903614	host		human	whole_field	
PRJEB3255	SAMEA1903617	host		human	whole_field	
PRJEB3255	SAMEA1903618	host		human	whole_field	
PRJEB3255	SAMEA1903620	host		human	whole_field	
PRJEB3255	SAMEA1964881	host		human	whole_field	
PRJEB3255	SAMEA1968457	host		human	whole_field	
PRJEB3255	SAMEA2003024	host		human	whole_field	
PRJEB3255	SAMEA2004061	host		human	whole_field	
PRJEB3255	SAMEA2004150	host		human	whole_field	
PRJEB3255	SAMEA2004151	host		human	whole_field	
PRJEB3255	SAMEA2004869	host		human	whole_field	
PRJEB3255	SAMEA2004870	host		human	whole_field	
PRJEB3255	SAMEA2004976	host		human	whole_field	
PRJEB3255	SAMEA2004977	host		human	whole_field	
PRJEB3255	SAMEA2004978	host		human	whole_field	
PRJEB3255	SAMEA2046735	host		human	whole_field	
PRJEB3255	SAMEA2056910	host		human	whole_field	
PRJEB3255	SAMEA2059653	host		human	whole_field	
PRJEB6688	SAMEA2633703	host		human	whole_field	
PRJEB6688	SAMEA2633704	host		human	whole_field	
PRJEB6688	SAMEA2633705	host		human	whole_field	
PRJEB6688	SAMEA2633706	host		human	whole_field	
PRJEB6688	SAMEA2633707	host		human	whole_field	
PRJEB6688	SAMEA2633709	host		human	whole_field	
PRJEB6688	SAMEA2633710	host		human	whole_field	
PRJEB6688	SAMEA2633711	host		human	whole_field	
PRJEB6688	SAMEA2633712	host		human	whole_field	
PRJEB6688	SAMEA2633713	host		human	whole_field	
PRJEB6688	SAMEA2633714	host		human	whole_field	
PRJEB6688	SAMEA2633715	host		human	whole_field	
PRJEB6688	SAMEA2633716	host		human	whole_field	
PRJEB6688	SAMEA2633717	host		human	whole_field	
PRJEB6688	SAMEA2633718	host		human	whole_field	
PRJEB6688	SAMEA2633719	host		human	whole_field	
PRJEB6688	SAMEA2633720	host		human	whole_field	
PRJEB6688	SAMEA2633721	host		human	whole_field	
PRJEB6688	SAMEA2633722	host		human	whole_field	
PRJEB6688	SAMEA2633723	host		human	whole_field	
PRJEB6688	SAMEA2633724	host		human	whole_field	
PRJEB6688	SAMEA2633725	host		human	whole_field	
PRJEB6688	SAMEA2633726	host		human	whole_field	
PRJEB6688	SAMEA2633727	host		human	whole_field	
PRJEB6688	SAMEA2633728	host		human	whole_field	
PRJEB6688	SAMEA2633729	host		human	whole_field	
PRJEB6688	SAMEA2637218	host		human	whole_field	
PRJEB6688	SAMEA2637220	host		human	whole_field	
PRJEB6688	SAMEA2637221	host		human	whole_field	
PRJEB6688	SAMEA2637222	host		human	whole_field	
PRJEB6688	SAMEA2637223	host		human	whole_field	
PRJEB6688	SAMEA2637224	host		human	whole_field	
PRJEB6688	SAMEA2637226	host		human	whole_field	
PRJEB6688	SAMEA2637227	host		human	whole_field	
PRJEB6688	SAMEA2637229	host		human	whole_field	
PRJEB6688	SAMEA2637230	host		human	whole_field	
PRJEB6688	SAMEA2637231	host		human	whole_field	
PRJEB6688	SAMEA2656894	host		human	whole_field	
PRJEB8766	SAMEA3303992	host		wastewater	whole_field	
PRJEB8766	SAMEA3303994	host		wastewater	whole_field	
PRJEB8766	SAMEA3303996	host		wastewater	whole_field	
PRJEB8766	SAMEA3303998	host		wastewater	whole_field	
PRJEB8766	SAMEA3303999	host		wastewater	whole_field	
PRJEB8766	SAMEA3304000	host		wastewater	whole_field	
PRJEB8766	SAMEA3304001	host		wastewater	whole_field	
PRJEB8766	SAMEA3304002	host		wastewater	whole_field	
PRJEB8766	SAMEA3304004	host		wastewater	whole_field	
PRJEB8766	SAMEA3304005	host		wastewater	whole_field	
PRJEB8766	SAMEA3304006	host		wastewater	whole_field	
PRJEB8766	SAMEA3304007	host		wastewater	whole_field	
PRJEB8766	SAMEA3304012	host		wastewater	whole_field	
PRJEB8766	SAMEA3304014	host		wastewater	whole_field	
PRJEB8766	SAMEA3304015	host		wastewater	whole_field	
PRJEB8766	SAMEA3304017	host		wastewater	whole_field	
PRJEB8766	SAMEA3304018	host		wastewater	whole_field	
PRJEB8766	SAMEA3531568	host		wastewater	whole_field	
PRJEB8766	SAMEA3531569	host		wastewater	whole_field	
PRJEB8766	SAMEA3531571	host		wastewater	whole_field	
PRJNA261540	SAMN03074796	host		human	whole_field	
PRJNA261540	SAMN03074797	host		human	whole_field	
PRJNA261540	SAMN03074798	host		human	whole_field	
PRJNA261540	SAMN03074799	host		human	whole_field	
PRJNA261540	SAMN03074800	host		human	whole_field	
PRJNA261540	SAMN03074801	host		human	whole_field	
PRJNA261540	SAMN03074803	host		human	whole_field	
PRJNA261540	SAMN03074804	host		human	whole_field	
PRJNA261540	SAMN03074805	host		human	whole_field	
PRJNA261540	SAMN03074806	host		human	whole_field	
PRJNA261540	SAMN03074807	host		human	whole_field	
PRJNA261540	SAMN03074808	host		human	whole_field	
PRJNA261540	SAMN03074809	host		human	whole_field	
PRJNA261540	SAMN03074810	host		human	whole_field	
PRJNA261540	SAMN03074811	host		human	whole_field	
PRJNA261540	SAMN03074812	host		human	whole_field	
PRJNA261540	SAMN03074813	host		human	whole_field	
PRJNA261540	SAMN03074814	host		human	whole_field	
PRJNA261540	SAMN03074815	host		human	whole_field	
PRJNA261540	SAMN03074816	host		human	whole_field	
PRJNA261540	SAMN03074817	host		human	whole_field	
PRJNA261540	SAMN03074821	host		human	whole_field	
PRJNA261540	SAMN03074822	host		human	whole_field	
PRJNA261540	SAMN03074823	host		human	whole_field	
PRJNA261540	SAMN03074824	host		human	whole_field	
PRJNA261540	SAMN03074825	host		human	whole_field	
PRJNA261540	SAMN03074827	host		human	whole_field	
PRJNA261540	SAMN03074830	host		human	whole_field	
PRJNA261540	SAMN03074832	host		human	whole_field	
PRJNA261540	SAMN03074833	host		human	whole_field	
PRJNA261540	SAMN03074836	host		human	whole_field	
PRJNA261540	SAMN03074939	host		human	whole_field	
PRJNA261540	SAMN03074941	host		human	whole_field	
PRJNA261540	SAMN03074943	host		human	whole_field	
PRJNA261540	SAMN03074945	host		human	whole_field	
PRJNA292904	SAMN04014875	host		human	whole_field	
PRJNA292904	SAMN04014880	host		human	whole_field	
PRJNA292904	SAMN04014881	host		human	whole_field	
PRJNA292904	SAMN04014882	host		human	whole_field	
PRJNA292904	SAMN04014883	host		human	whole_field	
PRJNA292904	SAMN04014884	host		human	whole_field	
PRJNA292904	SAMN04014885	host		human	whole_field	
PRJNA292904	SAMN04014887	host		human	whole_field	
PRJNA292904	SAMN04014888	host		human	whole_field	
PRJNA292904	SAMN04014890	host		human	whole_field	
PRJNA292904	SAMN04014892	host		human	whole_field	
PRJNA292904	SAMN04014903	host		human	whole_field	
PRJNA292904	SAMN04014907	host		human	whole_field	
PRJNA292904	SAMN04014909	host		human	whole_field	
PRJNA292904	SAMN04014912	host		human	whole_field	
PRJNA292904	SAMN04014915	host		human	whole_field	
PRJNA292904	SAMN04014916	host		human	whole_field	
PRJNA292904	SAMN04014917	host		human	whole_field	
PRJNA292904	SAMN04014920	host		human	whole_field	
PRJNA292904	SAMN04014921	host		human	whole_field	
PRJNA292904	SAMN04014928	host		human	whole_field	
PRJNA292904	SAMN04014937	host		human	whole_field	
PRJNA292904	SAMN04014938	host		human	whole_field	
PRJNA292904	SAMN04014939	host		human	whole_field	
PRJNA292904	SAMN04014947	host		human	whole_field	
PRJNA292904	SAMN04014948	host		human	whole_field	
PRJNA292904	SAMN04014950	host		human	whole_field	
PRJNA292902	SAMN04014953	host		human	whole_field	
PRJNA292902	SAMN04014954	host		human	whole_field	
PRJNA292902	SAMN04014956	host		human	whole_field	
PRJNA292902	SAMN04014958	host		human	whole_field	
PRJNA292902	SAMN04014961	host		human	whole_field	
PRJNA292902	SAMN04014966	host		human	whole_field	
PRJNA292902	SAMN04014967	host		human	whole_field	
PRJNA292902	SAMN04014970	host		human	whole_field	
PRJNA292902	SAMN04014976	host		human	whole_field	
PRJNA292902	SAMN04014979	host		human	whole_field	
PRJNA292902	SAMN04014980	host		human	whole_field	
PRJNA292902	SAMN04014981	host		human	whole_field	
PRJNA292902	SAMN04014982	host		human	whole_field	
PRJNA292902	SAMN04014983	host		human	whole_field	
PRJNA292902	SAMN04014984	host		human	whole_field	
PRJNA292902	SAMN04014986	host		human	whole_field	
PRJNA292902	SAMN04014987	host		human	whole_field	
PRJNA292902	SAMN04014988	host		human	whole_field	
PRJNA292902	SAMN04014989	host		human	whole_field	
PRJNA292902	SAMN04014993	host		human	whole_field	
PRJNA292902	SAMN04014994	host		human	whole_field	
PRJNA292902	SAMN04014999	host		human	whole_field	
PRJNA292902	SAMN04015001	host		human	whole_field	
PRJNA292902	SAMN04015002	host		human	whole_field	
PRJEB76496	SAMEA115720038	host	NA	human	whole_field	
PRJEB64632	SAMEA115287304	host	NA	surface water	whole_field	
PRJEB64632	SAMEA115287309	host	NA	surface water	whole_field	
PRJEB76496	SAMEA115720034	host	NA	human	whole_field	
PRJEB76496	SAMEA115720007	host	NA	human	whole_field	
PRJNA1000963	SAMN36785156	host	NA	human	whole_field	
PRJEB64775	SAMEA114236666	host	NA	wastewater	whole_field	
PRJNA1114318	SAMN41500085	host	NA	human	whole_field	
PRJEB76496	SAMEA115720012	host	NA	human	whole_field	
PRJNA715470	SAMN42123160	host	NA	companion animal	whole_field	
PRJNA1071125	SAMN39672647	host	NA	human	whole_field	
PRJEB64775	SAMEA114236677	host	NA	wastewater	whole_field	
PRJNA715470	SAMN41130367	host	NA	companion animal	whole_field	
PRJEB76496	SAMEA115720041	host	NA	human	whole_field	
PRJEB64775	SAMEA114236679	host	NA	wastewater	whole_field	
PRJEB76496	SAMEA115720040	host	NA	human	whole_field	
PRJEB64632	SAMEA115287302	host	NA	surface water	whole_field	
PRJNA1000963	SAMN36785152	host	NA	human	whole_field	
PRJNA1114318	SAMN41500089	host	NA	human	whole_field	
PRJNA1114318	SAMN41500081	host	NA	human	whole_field	
PRJNA1114318	SAMN41500082	host	NA	human	whole_field	
PRJEB64632	SAMEA115287307	host	NA	surface water	whole_field	
PRJNA1000963	SAMN36787070	host	NA	human	whole_field	
PRJNA1071125	SAMN39672640	host	NA	human	whole_field	
PRJNA1000963	SAMN36785159	host	NA	human	whole_field	
PRJEB76496	SAMEA115720017	host	NA	human	whole_field	
PRJEB64632	SAMEA115287321	host	NA	surface water	whole_field	
PRJNA715470	SAMN40717016	host	NA	companion animal	whole_field	
PRJNA1071125	SAMN39672642	host	NA	human	whole_field	
PRJNA1071125	SAMN39672633	host	NA	human	whole_field	
PRJNA1071125	SAMN39672637	host	NA	human	whole_field	
PRJNA715470	SAMN38336115	host	NA	companion animal	whole_field	
PRJNA1000963	SAMN36785149	host	NA	human	whole_field	
PRJEB64632	SAMEA115287313	host	NA	surface water	whole_field	
PRJNA1071125	SAMN39672651	host	NA	human	whole_field	
PRJNA1000963	SAMN36787059	host	NA	human	whole_field	
PRJNA715470	SAMN39324484	host	NA	companion animal	whole_field	
PRJNA715470	SAMN39324482	host	NA	companion animal	whole_field	
PRJNA1114318	SAMN41500093	host	NA	human	whole_field	
PRJNA1000963	SAMN36785137	host	NA	human	whole_field	
PRJEB76496	SAMEA115720015	host	NA	human	whole_field	
PRJNA1000963	SAMN36785160	host	NA	human	whole_field	
PRJNA1071125	SAMN39672652	host	NA	human	whole_field	
PRJNA1071125	SAMN39672638	host	NA	human	whole_field	
PRJEB64775	SAMEA114236671	host	NA	wastewater	whole_field	
PRJEB76496	SAMEA115720006	host	NA	human	whole_field	
PRJNA1114318	SAMN41500092	host	NA	human	whole_field	
PRJNA1000963	SAMN36787048	host	NA	human	whole_field	
PRJEB64632	SAMEA115287311	host	NA	surface water	whole_field	
PRJNA1071125	SAMN39672645	host	NA	human	whole_field	
PRJNA1000963	SAMN36787064	host	NA	human	whole_field	
PRJNA1000963	SAMN36787049	host	NA	human	whole_field	
PRJNA1114318	SAMN41500097	host	NA	human	whole_field	
PRJEB76496	SAMEA115720028	host	NA	human	whole_field	
PRJEB76496	SAMEA115720016	host	NA	human	whole_field	
PRJEB64775	SAMEA114236680	host	NA	wastewater	whole_field	
PRJNA1000963	SAMN36787062	host	NA	human	whole_field	
PRJEB76496	SAMEA115720048	host	NA	human	whole_field	
PRJNA1000963	SAMN36785144	host	NA	human	whole_field	
PRJNA1114318	SAMN41500110	host	NA	human	whole_field	
PRJNA1000963	SAMN36787063	host	NA	human	whole_field	
PRJEB76496	SAMEA115720045	host	NA	human	whole_field	
PRJEB64775	SAMEA114236669	host	NA	wastewater	whole_field	
PRJNA1071125	SAMN39672658	host	NA	human	whole_field	
PRJEB64632	SAMEA115287318	host	NA	surface water	whole_field	
PRJNA715470	SAMN38336101	host	NA	companion animal	whole_field	
PRJNA715470	SAMN38336110	host	NA	companion animal	whole_field	
PRJEB64632	SAMEA115287298	host	NA	surface water	whole_field	
PRJNA1000963	SAMN36787051	host	NA	human	whole_field	
PRJEB76496	SAMEA115720023	host	NA	human	whole_field	
PRJEB64632	SAMEA115287316	host	NA	surface water	whole_field	
PRJNA1114318	SAMN41500094	host	NA	human	whole_field	
PRJEB76496	SAMEA115720022	host	NA	human	whole_field	
PRJEB64632	SAMEA115287325	host	NA	surface water	whole_field	
PRJNA1071125	SAMN39672632	host	NA	human	whole_field	
PRJNA1000963	SAMN36787056	host	NA	human	whole_field	
PRJEB64632	SAMEA115287314	host	NA	surface water	whole_field	
PRJEB76496	SAMEA115720004	host	NA	human	whole_field	
PRJEB64632	SAMEA115287326	host	NA	surface water	whole_field	
PRJEB64775	SAMEA114236659	host	NA	wastewater	whole_field	
PRJEB76496	SAMEA115720014	host	NA	human	whole_field	
PRJNA715470	SAMN39324492	host	NA	companion animal	whole_field	
PRJEB64632	SAMEA115287301	host	NA	surface water	whole_field	
PRJNA1071125	SAMN39672650	host	NA	human	whole_field	
PRJNA1071125	SAMN39672649	host	NA	human	whole_field	
PRJEB76496	SAMEA115720020	host	NA	human	whole_field	
PRJNA715470	SAMN40717015	host	NA	companion animal	whole_field	
PRJEB64632	SAMEA115287312	host	NA	surface water	whole_field	
PRJEB64632	SAMEA115287320	host	NA	surface water	whole_field	
PRJEB76496	SAMEA115720025	host	NA	human	whole_field	
PRJEB64632	SAMEA115287315	host	NA	surface water	whole_field	
PRJNA1000963	SAMN36785140	host	NA	human	whole_field	
PRJNA1000963	SAMN36785151	host	NA	human	whole_field	
PRJNA1114318	SAMN41500098	host	NA	human	whole_field	
PRJEB64775	SAMEA114236682	host	NA	wastewater	whole_field	
PRJNA1071125	SAMN39672643	host	NA	human	whole_field	
PRJEB76496	SAMEA115720037	host	NA	human	whole_field	
PRJEB76496	SAMEA115720013	host	NA	human	whole_field	
PRJEB64632	SAMEA115287300	host	NA	surface water	whole_field	
PRJNA1000963	SAMN36785147	host	NA	human	whole_field	
PRJEB64775	SAMEA114236661	host	NA	wastewater	whole_field	
PRJNA1114318	SAMN41500102	host	NA	human	whole_field	
PRJEB64775	SAMEA114236664	host	NA	wastewater	whole_field	
PRJEB64775	SAMEA114236683	host	NA	wastewater	whole_field	
PRJEB76496	SAMEA115720018	host	NA	human	whole_field	
PRJEB64775	SAMEA114236665	host	NA	wastewater	whole_field	
PRJNA1114318	SAMN41500086	host	NA	human	whole_field	
PRJNA715470	SAMN38336117	host	NA	companion animal	whole_field	
PRJEB64775	SAMEA114236662	host	NA	wastewater	whole_field	
PRJEB64775	SAMEA114236675	host	NA	wastewater	whole_field	
PRJNA1114318	SAMN41500095	host	NA	human	whole_field	
PRJNA1000963	SAMN36785143	host	NA	human	whole_field	
PRJNA1114318	SAMN41500103	host	NA	human	whole_field	
PRJEB64632	SAMEA115287299	host	NA	surface water	whole_field	
PRJNA1071125	SAMN39672644	host	NA	human	whole_field	
PRJNA715470	SAMN39324480	host	NA	companion animal	whole_field	
PRJNA1000963	SAMN36785146	host	NA	human	whole_field	
PRJEB64632	SAMEA115287308	host	NA	surface water	whole_field	
PRJEB64632	SAMEA115287322	host	NA	surface water	whole_field	
PRJEB64632	SAMEA115287319	host	NA	surface water	whole_field	
PRJNA1114318	SAMN41500105	host	NA	human	whole_field	
PRJNA1071125	SAMN39672636	host	NA	human	whole_field	
PRJNA1114318	SAMN41500112	host	NA	human	whole_field	
PRJEB64775	SAMEA114236674	host	NA	wastewater	whole_field	
PRJNA1071125	SAMN39672634	host	NA	human	whole_field	
PRJNA1114318	SAMN41500096	host	NA	human	whole_field	
PRJEB76496	SAMEA115720049	host	NA	human	whole_field	
PRJNA1000963	SAMN36785161	host	NA	human	whole_field	
PRJNA1114318	SAMN41500101	host	NA	human	whole_field	
PRJNA1114318	SAMN41500100	host	NA	human	whole_field	
PRJNA1114318	SAMN41500109	host	NA	human	whole_field	
PRJEB64775	SAMEA114236663	host	NA	wastewater	whole_field	
PRJEB64775	SAMEA114236670	host	NA	wastewater	whole_field	
PRJNA1114318	SAMN41500099	host	NA	human	whole_field	
PRJNA292902	SAMN40752437	host	NA	human	whole_field	
PRJEB76496	SAMEA115720033	host	NA	human	whole_field	
PRJEB76496	SAMEA115720046	host	NA	human	whole_field	
PRJEB76496	SAMEA115720019	host	NA	human	whole_field	
PRJEB64632	SAMEA115287323	host	NA	surface water	whole_field	
PRJEB76496	SAMEA115720008	host	NA	human	whole_field	
PRJNA715470	SAMN40190957	host	NA	companion animal	whole_field	
PRJEB64632	SAMEA115287303	host	NA	surface water	whole_field	
PRJNA1114318	SAMN41500090	host	NA	human	whole_field	
PRJEB76496	SAMEA115720005	host	NA	human	whole_field	
PRJNA715470	SAMN38336109	host	NA	companion animal	whole_field	
PRJNA1114318	SAMN41500108	host	NA	human	whole_field	
PRJEB64632	SAMEA115287317	host	NA	surface water	whole_field	
PRJEB76496	SAMEA115720030	host	NA	human	whole_field	
PRJNA1000963	SAMN36787053	host	NA	human	whole_field	
PRJEB76496	SAMEA115720024	host	NA	human	whole_field	
PRJEB76496	SAMEA115720039	host	NA	human	whole_field	
PRJNA1000963	SAMN36785138	host	NA	human	whole_field	
PRJEB64632	SAMEA115287305	host	NA	surface water	whole_field	
PRJEB64775	SAMEA114236681	host	NA	wastewater	whole_field	
PRJEB64775	SAMEA114236678	host	NA	wastewater	whole_field	
PRJNA1071125	SAMN39672654	host	NA	human	whole_field	
PRJNA1114318	SAMN41500083	host	NA	human	whole_field	
PRJNA1000963	SAMN36787060	host	NA	human	whole_field	
PRJEB76496	SAMEA115720042	host	NA	human	whole_field	
PRJNA1000963	SAMN36787046	host	NA	human	whole_field	
PRJNA1114318	SAMN41500107	host	NA	human	whole_field	
PRJNA1000963	SAMN36787058	host	NA	human	whole_field	
PRJEB76496	SAMEA115720031	host	NA	human	whole_field	
PRJNA1114318	SAMN41500104	host	NA	human	whole_field	
PRJEB64632	SAMEA115287306	host	NA	surface water	whole_field	
PRJEB64775	SAMEA114236676	host	NA	wastewater	whole_field	
PRJNA1000963	SAMN36787068	host	NA	human	whole_field	
PRJEB64775	SAMEA114236672	host	NA	wastewater	whole_field	
PRJEB64632	SAMEA115287327	host	NA	surface water	whole_field	
PRJNA1114318	SAMN41500080	host	NA	human	whole_field	
PRJEB76496	SAMEA115720032	host	NA	human	whole_field	
PRJNA1071125	SAMN39672646	host	NA	human	whole_field	
PRJNA1071125	SAMN39672656	host	NA	human	whole_field	
PRJEB76496	SAMEA115720021	host	NA	human	whole_field	
PRJNA1000963	SAMN36785158	host	NA	human	whole_field	
PRJNA1071125	SAMN39672653	host	NA	human	whole_field	
PRJEB76496	SAMEA115720036	host	NA	human	whole_field	
PRJNA1000963	SAMN36785141	host	NA	human	whole_field	
PRJNA1114318	SAMN41500106	host	NA	human	whole_field	
PRJEB64775	SAMEA114236667	host	NA	wastewater	whole_field	
PRJNA1071125	SAMN39672648	host	NA	human	whole_field	
PRJNA1000963	SAMN36785153	host	NA	human	whole_field	
PRJEB64775	SAMEA114236660	host	NA	wastewater	whole_field	
PRJEB76496	SAMEA115720044	host	NA	human	whole_field	
PRJEB64775	SAMEA114236673	host	NA	wastewater	whole_field	
PRJEB64775	SAMEA114236668	host	NA	wastewater	whole_field	
PRJNA1071125	SAMN39672635	host	NA	human	whole_field	
PRJNA1000963	SAMN36785150	host	NA	human	whole_field	
PRJNA1114318	SAMN41500111	host	NA	human	whole_field	
PRJNA1114318	SAMN41500087	host	NA	human	whole_field	
PRJEB64632	SAMEA115287324	host	NA	surface water	whole_field	
PRJNA1000963	SAMN36787071	host	NA	human	whole_field	
PRJNA1071125	SAMN39672657	host	NA	human	whole_field	
PRJNA1071125	SAMN39672641	host	NA	human	whole_field	
PRJEB76496	SAMEA115720009	host	NA	human	whole_field	
PRJEB76496	SAMEA115720047	host	NA	human	whole_field	
PRJNA1000963	SAMN36787066	host	NA	human	whole_field	
PRJNA1000963	SAMN36787055	host	NA	human	whole_field	
PRJNA715470	SAMN38336119	host	NA	companion animal	whole_field	
PRJEB76496	SAMEA115720035	host	NA	human	whole_field	
PRJNA1071125	SAMN39672655	host	NA	human	whole_field	
PRJEB76496	SAMEA115720011	host	NA	human	whole_field	
PRJEB76496	SAMEA115720043	host	NA	human	whole_field	
PRJEB64632	SAMEA115287310	host	NA	surface water	whole_field	
PRJNA1114318	SAMN41500088	host	NA	human	whole_field	
PRJEB76496	SAMEA115720029	host	NA	human	whole_field	
PRJNA715470	SAMN38501005	host	NA	companion animal	whole_field	
PRJEB76496	SAMEA115720010	host	NA	human	whole_field	
PRJDB9036	SAMD00195896	host		wastewater	whole_field	
PRJDB9036	SAMD00492892	host		wastewater	whole_field	
PRJDB9036	SAMD00492898	host		wastewater	whole_field	
PRJDB9036	SAMD00492899	host		wastewater	whole_field	
PRJDB9036	SAMD00492900	host		wastewater	whole_field	
PRJDB9036	SAMD00492909	host		wastewater	whole_field	
PRJDB9036	SAMD00492912	host		wastewater	whole_field	
PRJDB9036	SAMD00492913	host		wastewater	whole_field	
PRJDB9036	SAMD00492915	host		wastewater	whole_field	
PRJDB9036	SAMD00492916	host		wastewater	whole_field	
PRJDB9036	SAMD00492917	host		wastewater	whole_field	
PRJDB9036	SAMD00492918	host		wastewater	whole_field	
PRJDB9036	SAMD00492922	host		wastewater	whole_field	
PRJDB9036	SAMD00492923	host		wastewater	whole_field	
PRJDB9036	SAMD00492926	host		wastewater	whole_field	
PRJDB9036	SAMD00492927	host		wastewater	whole_field	
PRJDB9036	SAMD00492928	host		wastewater	whole_field	
PRJDB9036	SAMD00492934	host		wastewater	whole_field	
PRJDB9036	SAMD00492935	host		wastewater	whole_field	
PRJDB9036	SAMD00492936	host		wastewater	whole_field	
PRJDB9036	SAMD00492937	host		wastewater	whole_field	
PRJDB9036	SAMD00492940	host		wastewater	whole_field	
PRJDB14712	SAMD00553967	host		wastewater	whole_field	
PRJDB14712	SAMD00553992	host		wastewater	whole_field	
PRJDB14712	SAMD00553995	host		wastewater	whole_field	
PRJDB14712	SAMD00553996	host		wastewater	whole_field	
PRJDB14712	SAMD00554001	host		wastewater	whole_field	
PRJDB14712	SAMD00554007	host		wastewater	whole_field	
PRJDB14712	SAMD00554015	host		wastewater	whole_field	
PRJDB14712	SAMD00554021	host		wastewater	whole_field	
PRJDB14712	SAMD00554027	host		wastewater	whole_field	
PRJDB14712	SAMD00554034	host		wastewater	whole_field	
PRJEB3255	SAMEA2046730	host		human	whole_field	
PRJEB21015	SAMEA5145260	host		pig	whole_field	
PRJEB21015	SAMEA5185637	host		pig	whole_field	
PRJEB21015	SAMEA5185641	host		pig	whole_field	
PRJEB21015	SAMEA5419109	host		pig	whole_field	
PRJEB21015	SAMEA5419114	host		pig	whole_field	
PRJEB21015	SAMEA5419116	host		pig	whole_field	
PRJEB21015	SAMEA5419134	host		pig	whole_field	
PRJEB21015	SAMEA5419143	host		pig	whole_field	
PRJEB21015	SAMEA5419196	host		pig	whole_field	
PRJEB21015	SAMEA5882366	host		pig	whole_field	
PRJEB21015	SAMEA6099624	host		pig	whole_field	
PRJEB21015	SAMEA6099628	host		pig	whole_field	
PRJEB21015	SAMEA6099629	host		pig	whole_field	
PRJEB21015	SAMEA6099635	host		pig	whole_field	
PRJEB21015	SAMEA6099636	host		pig	whole_field	
PRJEB34793	SAMEA6372284	host		freshwater	whole_field	
PRJEB34793	SAMEA6372287	host		freshwater	whole_field	
PRJEB34793	SAMEA6372302	host		freshwater	whole_field	
PRJEB34793	SAMEA6372303	host		freshwater	whole_field	
PRJEB34793	SAMEA6372304	host		freshwater	whole_field	
PRJEB34793	SAMEA6372305	host		freshwater	whole_field	
PRJEB34793	SAMEA6372306	host		freshwater	whole_field	
PRJEB34793	SAMEA6372307	host		freshwater	whole_field	
PRJEB34793	SAMEA6372308	host		freshwater	whole_field	
PRJEB34793	SAMEA6372309	host		freshwater	whole_field	
PRJEB34793	SAMEA6372310	host		freshwater	whole_field	
PRJEB34793	SAMEA6372311	host		freshwater	whole_field	
PRJEB34793	SAMEA6372312	host		freshwater	whole_field	
PRJEB34793	SAMEA6372313	host		freshwater	whole_field	
PRJEB34793	SAMEA6372314	host		freshwater	whole_field	
PRJEB34793	SAMEA6372315	host		freshwater	whole_field	
PRJEB34793	SAMEA6372316	host		freshwater	whole_field	
PRJEB34793	SAMEA6372317	host		freshwater	whole_field	
PRJEB34793	SAMEA6372318	host		freshwater	whole_field	
PRJEB34793	SAMEA6372319	host		freshwater	whole_field	
PRJEB34793	SAMEA6372320	host		freshwater	whole_field	
PRJEB34793	SAMEA6372321	host		freshwater	whole_field	
PRJEB34793	SAMEA6372322	host		freshwater	whole_field	
PRJEB34793	SAMEA6372323	host		freshwater	whole_field	
PRJEB34793	SAMEA6372324	host		freshwater	whole_field	
PRJEB34793	SAMEA6372325	host		freshwater	whole_field	
PRJEB34793	SAMEA6372326	host		freshwater	whole_field	
PRJEB34793	SAMEA6372327	host		freshwater	whole_field	
PRJEB34793	SAMEA6372328	host		freshwater	whole_field	
PRJEB34793	SAMEA6372329	host		freshwater	whole_field	
PRJEB34793	SAMEA6372330	host		freshwater	whole_field	
PRJEB34793	SAMEA6372331	host		freshwater	whole_field	
PRJEB34793	SAMEA6372332	host		freshwater	whole_field	
PRJEB34793	SAMEA6372333	host		freshwater	whole_field	
PRJEB34793	SAMEA6372334	host		freshwater	whole_field	
PRJEB34793	SAMEA6372335	host		freshwater	whole_field	
PRJEB34793	SAMEA6372336	host		freshwater	whole_field	
PRJEB34793	SAMEA6372337	host		freshwater	whole_field	
PRJEB34793	SAMEA6372338	host		freshwater	whole_field	
PRJEB34793	SAMEA6372339	host		freshwater	whole_field	
PRJEB34793	SAMEA6372340	host		freshwater	whole_field	
PRJEB34793	SAMEA6372341	host		freshwater	whole_field	
PRJEB34793	SAMEA6372342	host		freshwater	whole_field	
PRJEB34793	SAMEA6372343	host		freshwater	whole_field	
PRJEB34793	SAMEA6372344	host		freshwater	whole_field	
PRJEB34793	SAMEA6372345	host		freshwater	whole_field	
PRJEB34793	SAMEA6372346	host		freshwater	whole_field	
PRJEB34793	SAMEA6372347	host		freshwater	whole_field	
PRJEB34793	SAMEA6372348	host		freshwater	whole_field	
PRJEB21015	SAMEA6511031	host		pig	whole_field	
PRJEB21015	SAMEA6511050	host		pig	whole_field	
PRJEB43549	SAMEA8217986	host		human	whole_field	
PRJNA261540	SAMN03074834	host		human	whole_field	
PRJNA261540	SAMN03074837	host		human	whole_field	
PRJNA292902	SAMN04014975	host		human	whole_field	
PRJEB76496	SAMEA115720026	host		human	whole_field	
PRJEB76496	SAMEA115720027	host		human	whole_field	
PRJNA1000963	SAMN36785139	host		human	whole_field	
PRJNA1000963	SAMN36785145	host		human	whole_field	
PRJNA1000963	SAMN36785157	host		human	whole_field	
PRJNA1000963	SAMN36787061	host		human	whole_field	
PRJNA1000963	SAMN36787067	host		human	whole_field	
PRJNA1071125	SAMN39672639	host		human	whole_field	
PRJNA1114318	SAMN41500084	host		human	whole_field	
PRJNA1114318	SAMN41500091	host		human	whole_field	
